Time|Id|Quote time|Quote|Title|Author|SFW|Source locale|Draft
00:00|0000-000|منتصف الليل|"بينما كانوا يشربون من النافورة، بدأت ساعات الكنيسة تدق منتصف الليل. قالت الآنسة بسعادة: ""يا بونغو، غدًا! سنكون مع جراءنا اليوم!"""|The 101 Dalmatians|Dodie Smith|true|en|true
00:00|0000-001|منتصف الليل|عند منتصف الليل، فُتحت الأبواب على مصراعيها، واندفع الحشد إلى الداخل، واحتلوا الأماكن المخصصة لهم، والتي لم يكن ليُطردوا منها إلا زلزال أو جيش بالرماح. قضوا الليل في غفوة على المقاعد، وتناولوا فطورهم هناك؛ وهناك وجدهم انتهاء التدريبات، صبورين ومتشوقين للمشاهدة كما كانوا في البداية.|Ben-Hur|Lew Wallace|true|en|true
00:00|0000-002|منتصف الليل|"""ظننتك نائمًا""، قال بعد قليل.<br>""النوم لكبار السن والأطفال الصغار، وخرجت لأنظر إلى أصدقائي، النجوم في الجنوب - تلك التي تُلقي الآن ستائر منتصف الليل على النيل. لكن اعترف بدهشتك!"""|Ben-Hur|Lew Wallace|true|en|true
00:00|0000-003|منتصف ليلة|"قال رين: ""إذا ذهبت إلى ملعب كرة القدم في منتصف ليلة الهالوين وقلت اسمه ثلاث مرات، فمن المفترض أن يظهر شبحه."""|Copper River|William Kent Krueger|true|en|false
00:00|0000-004|منتصف الليل|" قال القس فريتز بهدوء: ""يا ويلي، يا صديقي، أنت الذي تجلس في ظلام منتصف الليل في منتصف النهار، هل يسوع المسيح هو قرن الخلاص، نور في ظلامك؟"""|Bright Valley of Love|Edna Hong|true|en|true
00:00|0000-005|منتصف الليل| تأخذ قطًا أسود - أليس كذلك؟ - ليس لديه شعرة بيضاء واحدة (أنت تعلم هذا)، وتربط قوائمه الأربع، ثم تأخذه عند منتصف الليل إلى مفترق طرق وتصرخ بصوت عالٍ:|The Name of the Rose|Umberto Eco|true|en|true
00:00|0000-006|منتصف الليل|وكنتُ الأسد الذي لا تتذكره، الذي دفع القارب الذي كنتَ فيه، طفلاً على وشك الموت، حتى وصل إلى الشاطئ حيث كان يجلس رجلٌ، مستيقظًا في منتصف الليل، ليستقبلك.|The Horse and His Boy|C.S. Lewis|true|en|true
00:00|0000-007|منتصف الليل|لو كانت جيل أكثر اعتيادًا على المغامرات، لربما شككت في كلام البومة، لكن هذا لم يخطر ببالها أبدًا؛ وفي فكرة الهروب المثيرة في منتصف الليل، نسيت نعاسها.|The Silver Chair|C.S. Lewis|true|en|true
00:00|0000-008|منتصف الليل|"""وعند منتصف الليل تقريبًا، كوفئ صبر الكونت. فبحسب التعليمات التي كتبها لريتشارد، بدأت جميع الهواتف في الطابق الأول من فندق متروبول بالرنين."""|A Gentleman in Moscow|Amor Towles|true|en|true
00:00|0000-009|منتصف الليل|" قال السيد هوبرت: ""فازت سيبي، اللعنة! فازت سيبي! ما الذي سنظل نتجادل بشأنه حتى منتصف الليل؟"""|Go Down Moses|William Faulkner|false|en|true
00:00|0000-010|منتصف الليل|منتصف الليل، وكان الصقيع يغطي الحقول وبقعًا من الجليد الأسود على طريق مشهور بحوادثه - كانت هناك باقات من الزهور الذابلة مربوطة بأعمدة السياج وأعمدة التلغراف، وفجوات ممزقة في التحوطات، مثل نوع من المحاصيل الفاشلة.|The Body Lies|Jo Baker|true|en|true
00:00|0000-011|منتصف الليل|ساحة سانت سولبيس، هادئة ومهجورة، حيث كانت تأتي كل ليلة قرب منتصف الليل امرأة تحمل مظلة مكسورة وحجابًا غريبًا. كل ليلة كانت تنام هناك على مقعد تحت مظلتها الممزقة، أضلاعها متدلية، وفستانها يتحول إلى اللون الأخضر، وأصابعها العظمية ورائحة العفن تنبعث من جسدها؛ وفي الصباح كنت أجلس هناك بنفسي، أغفو بهدوء في ضوء الشمس، وألعن الحمام اللعين الذي يجمع الفتات في كل مكان.|Tropic of Cancer|Henry Miller|false|en|true
00:00|0000-012|منتصف الليل|المنزل خالٍ، لكن يوجين يغني كما لو كان جمهوره جميع ملوك أوروبا. باب الحديقة مفتوح، ورائحة الأوراق المبللة تتسرب إلى الداخل، ويمتزج صوت المطر مع <em>قلق</em> يوجين و<em>حزنه</em>. عند منتصف الليل، وبعد أن يملأ المتفرجون القاعة بالعرق والأنفاس الكريهة، أعود للنوم على مقعد. ضوء الخروج، يسبح في هالة من دخان التبغ، يلقي ضوءًا خافتًا على الزاوية السفلية من ستارة الأسبستوس؛ أغمض عيني كل ليلة على عين اصطناعية...|Tropic of Cancer|Henry Miller|true|en|true
00:00|0000-013|منتصف الليل|كان تريفور يرتدي زيًا مستوحى من آندي وارهول: شعر مستعار أشقر قصير، ونظارات سوداء سميكة، وقميص مخطط ضيق. انطباعي الأول عنه أنه شخص حر الروح، ذكي، ومرح. لكن تبين أن هذا غير صحيح تمامًا. غادرنا الحفلة معًا وتجولنا لساعات، وكذبنا على بعضنا البعض بشأن حياتنا السعيدة، وتناولنا البيتزا في منتصف الليل، وركبنا عبّارة جزيرة ستاتن ذهابًا وإيابًا، وشاهدنا شروق الشمس.|My Year of Rest and Relaxation|Ottessa Moshfegh|true|en|true
00:00|0000-014|منتصف الليل|جاءت ج. إلى فراشي عند منتصف الليل، وأثناء لعبنا، اقتحم أحدهم بابي. يا للهول! الحمد لله أن ج. كانت قد أغلقته عند دخولها. اهتز مقبض الباب، وبدأ طرقٌ مُلحّ. الخوف قد يُصفّي الذهن كما قد يُشوّشه، وتذكرتُ <em>دون جوان</em> خاصتي، فأخفيتُ ج. في كومة من الأغطية والملاءات في سريري المُتهالك، وتركتُ الستارة نصف مفتوحة لأُظهر أنه ليس لديّ ما أخفيه.|Cloud Atlas|David Mitchell|false|en|true
00:00|0000-015|منتصف الليل|كان الأمر أشبه بشيء حيواني. شيء بري. لم يكن شيء فيها ينتمي إلى ذاتها السابقة في تلك اللحظة. وخاصة صوتها. كان من الممكن أن يكون هذا صراخ صقر حاد، أو عواء ذئب يطارد الروح، أو صرخة ثعلب أحمر أجشّة في منتصف الليل. كان من الممكن أن يكون أيًا منها، لكن ليس صراخ تلميذة في السادسة عشرة من عمرها.|The Island of Missing Trees|Elif Shafak|true|en|true
00:00|0000-016|منتصف ليلة|في منتصف ليلة حارة من ليالي يوليو، اقتحم أوليفر دوبوا باب منزله الأمامي بشاحنة صغيرة، في نهاية حفل صاخب أقيم في الحي.<br>لم تكن شاحنته، وكان الشارع مغلقًا أمام حركة المرور، لذا فإن ظهور السيارة من الظلام وهديرها البطيء في شارع أوك درايف تسبب في تشتيت الجيران والضيوف على حد سواء إلى مجموعات مرتبكة على المروج المضاءة بالشموع.|Behind the Lie|Emilya Naymark|true|en|false
00:00|0000-017|منتصف الليل| نظرت إلى شاشة ساعتها الرقمية.<br>00:00:00<br>منتصف الليل، كما أشارت الساعة.<br>انتظرت الثانية التالية، لكنها لم تأتِ.|The Midnight Library|Matt Haig|true|en|true
00:00|0000-018|منتصف ليل|وداعًا يا رفيق اللعب العزيز: صلِّ من أجلنا؛<br>وليهبكِ الحظ ديمتريوسَ!<br>احفظ وعدك يا ليساندر: علينا أن نحرم أبصارنا<br>من غذاء العشاق حتى منتصف ليل الغد.|A Midsummer Night’s Dream|William Shakespeare|true|en|false
00:00|0000-019|منتصف الليل|كانت أمامي مساحة شاسعة فارغة: الباب المغلق وأنا فقط، والنجوم المتناثرة في سماء منتصف الليل تراقب ما سأفعله بعد ذلك. هل كانت تلك الأضواء الباردة البعيدة تراقب بأي أثر للبشرية التي كانت عليها في يوم من الأيام، أولئك المميزين، المختارين، المفضلين الذين اقتربوا كثيرًا من الإلهي؟|Ariadne|Jennifer Saint|true|en|true
00:00|0000-020|منتصف الليل|هل أغرتها إغراءات الدم والنشوة في غابات منتصف الليل لتبحر فوق المياه الزرقاء المتلألئة؟ تساءلتُ لماذا هي هنا الآن، في الكرم.|Ariadne|Jennifer Saint|true|en|true
00:00|0000-021|منتصف الليل|استدعت الشرطة، وعندما حضر الرجال متعاطفين، أدلت بشهادتها عند منتصف الليل. لقد وفرت مأوى للذئب ومأوى للكلب المسعور.|The Power|Naomi Alderman|true|en|true
00:00|0000-022|منتصف الليل|في إحدى ليالي عيد الميلاد، عند منتصف الليل تمامًا، في ذلك المكان القديم، انفتح باب الجناح فجأةً بصوتٍ عالٍ، ودخل رجلٌ سمينٌ ذو لحية، وعيناه محمرتان من البرد، وأنفه بلون الكرز.|One Flew Over the Cuckoo’s Nest|Ken Kesey|true|en|true
00:00|0000-023|منتصف الليل|في منتصف الليل، كانت أضواء مطبخ المقهى قاسية للغاية. وبدون راحة ضوء النهار المتدفق عبر النافذة الزجاجية الملونة، بدا كل شيء في الغرفة كئيبًا وعمليًا.|Pomegranate Soup|Marsha Mehran|true|en|true
00:00|0000-024|منتصف ليل|أحيانًا لا يوجد مكان أشد ظلمة من أفكارنا؛ منتصف ليل العقل بلا قمر.|Fear Nothing: A Novel|Dean Koontz|true|en|false
00:00|0000-025|منتصف الليل|"""يبدأ عند منتصف الليل."""|Catching Fire|Suzanne Collins|true|en|true
00:00|0000-026|منتصف الليل|بدا أن الفجر يتبع منتصف الليل بسرعة غير لائقة.|Harry Potter and the Deathly Hallows|J.K. Rowling|true|en|true
00:00|0000-027|الساعة الثانية عشرة|"""لن أنسى أبدًا تحليقه طائرة هنري الورقية له في ذلك اليوم العاصف من عيد الفصح الماضي، ومنذ لطفه الخاص في سبتمبر الماضي بكتابة تلك الرسالة في الساعة الثانية عشرة ليلًا ليؤكد لي عدم وجود حمى قرمزية في كوبام، اقتنعت بأنه لا يوجد قلب أكثر حساسية ولا رجل أفضل منه في الوجود. إذا كان هناك من يستحقه، فلا بد أن تكون الآنسة تايلور."""|Emma|Jane Austen|true|en|true
00:00|0000-028|الساعة الثانية عشرة|في الليلة التي تلت رحلته إلى لورنسفيل، انطلق حشدٌ إلى نيويورك بحثًا عن المغامرة، وعادوا إلى برينستون حوالي الساعة الثانية عشرة في مركبتين. لقد كانت حفلةً صاخبةً، ومثّلت مراحل مختلفة من الرصانة.|This Side of Paradise|F. Scott Fitzgerald|true|en|true
00:00|0000-029|منتصف الليل|بينما كان منتصف الليل يدق دقات برونزية على الهواء الخافت، تسلل دوريان غراي، مرتدياً ملابس عادية، ووشاحاً ملفوفاً حول عنقه، بهدوء خارج منزله.|The Picture of Dorian Gray|Oscar Wilde|true|en|true
00:00|0000-030|منتصف الليل|" قال: ""انتظر حتى أخبرك، لقد تناولنا غداء منتصف الليل أيضًا بعد كل الاحتفالات، وعندما خرجنا كانت الساعة قد بلغت الصفر في صباح اليوم التالي لليلة السابقة."""|Ulysses|James Joyce|true|en|true
00:00|0000-031|منتصف الليل|قلتَ منتصف الليل. ما هو منتصف الليل بالنسبة للشباب؟ وفجأةً، اشتعلت نارٌ احتفاليةٌ عبر خمسة جذوع أرز، وظهرت بقعٌ من الثلج، وتوقفت سيارة دورية على طريقنا الوعر فجأةً. استعادة، استعادة!|Pale Fire|Vladimir Nabokov|true|en|true
12:00|0000-032|12:00|"إن توظيف رجل بالكاد يرى شيئًا على بُعد أكثر من قدمين منه كحارس أمن، أوحى لي بأن وظيفتنا ليست تأمين أي شيء، بل الحضور إلى العمل كل ليلة، وملء السجل الضخم بملاحظات مبهمة مثل ""تمت مراقبة المحيط الساعة 12:00 ظهرًا، لا حوادث""، والذهاب إلى المكتب كل أسبوعين لاستلام رواتبنا والاستماع إلى السيدة إلغاسير الثرثارة."|A Squatter’s Tale|Ike Oguine|true|en|false
00:00|0000-033|منتصف ليل| إنه منتصف ليل العام، وهو منتصف ليل اليوم، يوم لوسي، الذي لا يكشف عن وجهه إلا سبع ساعات؛ لقد نفدت قوة الشمس، والآن تُرسل قواريرها ومضات خفيفة، لا أشعة ثابتة؛|A Nocturnal upon St Lucy’s Day|John Donne|true|en|false
00:00|0000-034|منتصف الليل|في منتصف الليل، ربما كانت زوجته وابنته لا تزالان منشغلتين في المطبخ، تُحضّران أشهى أطباق العيد، أو تُرتّبان المنزل، أو ربما تُجهّزان الكيمونو أو تُنسّقان الزهور. كان أوكي يجلس في غرفة المعيشة ويستمع إلى الراديو. ومع دقات الأجراس، كان يسترجع ذكريات العام المنصرم. لطالما وجدها تجربة مؤثرة.|Beauty and Sadness|Yasunari Kawabata|true|en|true
00:00|0000-035|الثانية عشرة|برناردو: لقد دقت الساعة الثانية عشرة الآن؛ اذهب إلى فراشك يا فرانسيسكو.|Hamlet|William Shakespeare|true|en|false
00:00|0000-036|منتصف الليل|لكن، والأغرب من ذلك، أن ساعة بيغ بن قد دقت منتصف الليل مرة أخرى. كان الوقت في الخارج لا يزال مطابقًا للوقت المسجل على الساعة المذهبة المتوقفة في الداخل. تطابق الداخل والخارج تمامًا، لكن كلاهما كان خاطئًا بشكل كبير. همم.|Nights at the Circus|Angela Carter|true|en|true
00:00|0000-037|منتصف الليل|لكن في النهاية فهمت هذه اللغة. فهمتها، فهمتها، ربما بشكل خاطئ تمامًا. ليس هذا هو المهم. لقد طلبت مني كتابة التقرير. هل هذا يعني أنني أكثر حرية الآن مما كنت عليه؟ لا أعرف. سأتعلم. ثم عدت إلى المنزل وكتبت: إنها منتصف الليل. المطر يضرب النوافذ. لم تكن منتصف الليل. لم تكن تمطر.|Molloy|Samuel Beckett|true|en|true
00:00|0000-038|٠٠:٠٠|ممنوع استخدام الخراطيش بعد الساعة ٠٠:٠٠ لتشجيع النوم.|Infinite Jest|David Foster Wallace|true|en|false
00:00|0000-039|00:00|يستطيع غيتلي سماع أبواق السيارات والأصوات المرتفعة وصرير الانعطافات على شكل حرف U في الأسفل في واش. هذا يشير إلى أنها حوالي الساعة 00:00، ساعة التبديل.|Infinite Jest|David Foster Wallace|true|en|false
00:00|0000-040|الثانية عشرة|هاملت: ما الساعة الآن؟ هوراشيو: أظن أنها لم تبلغ الثانية عشرة بعد. مارسيليوس: لا، لقد دقت.|Hamlet|William Shakespeare|true|en|false
00:00|0000-041|منتصف الليل|هو متأكد من أنه سمع خطوات أقدام: تقترب، ثم تتلاشى. انطفأ شعاع الضوء أسفل بابه. منتصف الليل؛ قام أحدهم بإطفاء الغاز؛ ذهب آخر خادم إلى فراشه، وعليه أن يرقد طوال الليل في عذاب دون أن يأتيه أحد للمساعدة.|Swann’s Way|Marcel Proust|true|en|true
00:00|0000-042|منتصف الليل|وُلدتُ على دقات منتصف الليل على ساعة المدفأة في الغرفة المقابلة. كانت الساعة ملكًا لجدتي الكبرى (امرأة تُدعى أليس)، ودقاتها الخافتة تُعلن قدومي إلى هذا العالم.|Behind the Scenes at the Museum|Kate Atkinson|true|en|true
00:00|0000-043|الثانية عشرة|أمسكتُ بيدها، وطلبتُ منها أن تهدأ؛ فقد هزّت جسدها سلسلة من الارتعاشات، وظلّت تُحدّق في المرآة.<br>«لا أحد هنا!» أصررتُ. «كنتِ <em>أنتِ</em> يا سيدتي لينتون: لقد عرفتِ ذلك منذ فترة.»<br>«أنا!» شهقت، «والساعة تدق الثانية عشرة! هذا صحيح إذن! إنه لأمرٌ مُرعب!»|Wuthering Heights|Emily Brontë|true|en|false
00:00|0000-044|منتصف الليل|وُلدتُ في مدينة بومباي... عند منتصف الليل تمامًا. تصافحت عقارب الساعة في تحيةٍ مهيبةٍ عند قدومي. أوه، وضحها، وضحها: في اللحظة التي نالت فيها الهند استقلالها، انطلقتُ إلى العالم.|Midnight’s Children|Salman Rushdie|true|en|true
00:00|0000-045|منتصف الليل| منتصف الليل. المطر يضرب النوافذ. أنا هادئ. الجميع نائم. ومع ذلك، نهضت وذهبت إلى مكتبي. لا أستطيع النوم.|Molloy|Samuel Beckett|true|en|true
00:00|0000-046|منتصف الليل| حلّ منتصف الليل على المدينة المزدحمة. القصر، قبو الليل، السجن، المصحة العقلية؛ غرف الولادة والموت، الصحة والمرض؛ وجه الجثة الجامد ونوم الطفل الهادئ - حلّ منتصف الليل عليها جميعًا.|Oliver Twist|Charles Dickens|true|en|true
00:00|0000-047|منتصف الليل|"في ليلةٍ كئيبةٍ من ليالي منتصف الليل،<br>بينما كنتُ غارقًا في التفكير، منهكًا ومرهقًا،<br>أقرأ العديد من المجلدات الغريبة والنادرة للمعرفة المنسية،<br>وبينما كنتُ أومئ برأسي، أكاد أغفو، سمعتُ فجأةً طرقًا خفيفًا،<br>كأن أحدهم يطرق برفق، يطرق باب غرفتي.<br>تمتمتُ قائلًا: ""إنه زائرٌ ما، يطرق باب غرفتي - لا شيء أكثر من هذا."""|The Raven|Edgar Allan Poe|true|en|true
00:00|0000-048|الثانية عشرة| تدق الساعة الثانية عشرة، آه، تدق، تدق! الآن أيها الجسد، تحول إلى هواء، وإلا سيحملك لوسيفر سريعًا إلى الجحيم. أيتها الروح، تحولي إلى قطرات ماء صغيرة، واسقطي في المحيط، ولن يُعثر عليكِ أبدًا. يا إلهي، يا إلهي، لا تنظر إليّ بهذه القسوة!|Dr. Faustus|Christopher Marlowe|true|en|false
00:00|0000-049|منتصف الليل|في الليلة الأولى، ما إن اصطحب العريف عمي توبي إلى الطابق العلوي، حوالي الساعة العاشرة، حتى ألقت السيدة وادمان بنفسها على كرسيها، ووضعت ركبتها اليسرى فوق اليمنى التي شكلت مسندًا لمرفقها، وأسندت خدها على راحة يدها، وانحنت إلى الأمام، وظلت تفكر مليًا حتى منتصف الليل في كلا جانبي المسألة.|The Life and Opinions of Tristram Shandy, Gentleman|Laurence Sterne|true|en|true
00:00|0000-050|الساعة الثانية عشرة|لأبدأ حياتي من بدايتها، أسجل أنني ولدت (كما أُخبرت وأعتقد) يوم جمعة، في تمام الساعة الثانية عشرة ليلًا. وقد لوحظ أن الساعة بدأت تدق، وبدأتُ بالبكاء، في الوقت نفسه.|David Copperfield|Charles Dickens|true|en|true
00:00|0000-051|منتصف الليل|سمعنا دقات الساعة عند منتصف الليل.|Henry IV|William Shakespeare|true|en|true
00:00|0000-052|منتصف الليل| لا شك أن منتصف الليل قد حلّ الآن. نعق طائر وحيد، وتداخلت الأشجار في كتلة واحدة مهيبة وغير ودودة. بدت هذه الأشجار لسافونيوس وكأنها تجسد هذه المغامرة الكئيبة التي فُرضت عليه رغماً عنه. في مكان ما في هذه الغابة الكثيفة يرقد هذا الرجل المختل الذي كان من المفترض أن يحاول مواساته وتهدئته.|The Hammer of God|Bo Giertz|true|en|true
00:00|0000-053|منتصف الليل|كانت هناك نزهة منتصف الليل مع الأولاد إلى نهاية الممشى والجدال الكبير حول انتخاب مشرف على السكن. ماذا حل بالمسؤولية والخدمة؟ والمحبة الأخوية؟|The Hammer of God|Bo Giertz|true|en|true
00:00|0000-054|منتصف الليل|" أجاب دون كيخوته: ""منك وإليك أسأل، فأنا لستُ مصنوعًا من رخام ولا أنت مصنوع من برونز، وليست الساعة الآن العاشرة صباحًا، بل منتصف الليل."""|Don Quijote de la Mancha|Miguel de Cervantes|true|es-ES|true
00:00|0000-055|منتصف الليل|" أجاب سانشو: ""سأضبط نفسي، ولكن كيف لي أن أتحمل بصبر انتظارك لي، بعد أن رأيت منزل سيدتنا مرة واحدة فقط، أن أعرفه للأبد وأجده في منتصف الليل، بينما أنت عاجز عن إيجاده بنفسك، رغم أنك لا بد أنك رأيته آلاف المرات؟"""|Don Quijote de la Mancha|Miguel de Cervantes|true|es-ES|true
00:00|0000-056|منتصف الليل|كانت الساعة تقارب منتصف الليل بقليل، عندما غادر دون كيخوتي وسانشو الغابة ودخلا إل توبوسو.|Don Quijote de la Mancha|Miguel de Cervantes|true|es-ES|true
00:00|0000-057|منتصف الليل|"""هل تشعر بالملل الشديد؟""<br>""إلى حد ما. لقد نظمت حياتي مثل رجل أعمال. كل يوم أنام عند منتصف الليل وأستيقظ في التاسعة صباحًا."""|Los siete locos|Roberto Arlt|true|es-AR|true
00:00|0000-058|قلب الليل|هي، المنحوتة في قلب الليل<br>بقلق عينيّ المهلوستين:<br>هي، المحفورة في أخشاب الغابة<br>بسكاكين يديّ|El hondero entusiasta|Pablo Neruda|true|es-CL|true
00:01|0001-000|دقيقة واحدة بعد منتصف الليل|"""ربما. لكن قد يكون من الحكمة تحذيرهم بأنني شعرتُ أنه من واجبي إبلاغ سلطات الضرائب بوجودك في بريستول، لذا لا تتفاجأ إذا صعدت الشرطة على متن يختك بعد مرور دقيقة واحدة بعد منتصف الليل وصادرته."""|This Was a Man|Jeffrey Archer|true|en|false
00:01|0001-001|بعد دقيقة تقريبًا من منتصف الليل| كانت ترتدي ساعة. ليست ساعة رقمية، في هذه الحياة. ساعة أنيقة، رفيعة، تناظرية، بأرقام رومانية. كانت الساعة بعد دقيقة تقريبًا من منتصف الليل.<br>كيف يحدث هذا؟|The Midnight Library|Matt Haig|true|en|false
00:01|0001-002|دقيقة واحدة بعد منتصف الليل|مع اقتراب موعد الإعدام المحدد، دقيقة واحدة بعد منتصف الليل، طرقتُ الباب المعدني مرتين. انفتح القفل وانفتح الباب بسرعة.|Death at Midnight|Donald A. Cabana|true|en|true
00:01|0001-003|دقيقة واحدة بعد منتصف الليل|"وكانت الساعات تحيط بك من كل جانب. لاحظها كونراد على الفور، عند كل زاوية شارع، وفوق كل قوس، وعلى ثلاثة أرباع ارتفاع جوانب المباني، تغطي كل زاوية يمكن الوصول إليها. كان معظمها مرتفعًا جدًا عن الأرض بحيث لا يمكن الوصول إليه إلا بسلم رجل إطفاء، ومع ذلك احتفظت بعقاربها. جميعها سجلت نفس الوقت: 12:01. نظر كونراد إلى ساعته، ولاحظ أنها كانت 2:45 فقط.<br>قالت له ستايسي: ""كانت تُدار بواسطة رصيف رئيسي. عندما توقف، توقفت جميعها في نفس اللحظة. دقيقة واحدة بعد منتصف الليل، قبل سبعة وثلاثين عامًا."""|Chronopolis|J.G. Ballard|true|en|true
00:02|0002-000|الثانية عشرة ودقيقتين|في الساعة الثانية عشرة ودقيقتين، فُتح الباب ودخل رجلان إلى الردهة. أحدهما طويل القامة بشعر أسود مُصفف على طريقة الخمسينيات. والآخر قصير القامة ويرتدي نظارة. كلاهما يرتديان بدلات.|Billy Summers|Stephen King|true|en|false
00:02|0002-001|دقيقتان بعد منتصف الليل|دقيقتان بعد منتصف الليل. انطلق الرجال الأربعة عشر الآخرون من الفرق الأصفر والأبيض والأحمر، وأنا في المقدمة، من الساحة وتفرقوا إلى نقاط على طول الجدار حيث سيعبرون إلى أرض المعركة.|Night of the Krait|Shashi Warrier|true|en|true
00:03|0003-000|بعد منتصف الليل بثلاث دقائق|في الساعات الأولى من صباح اليوم، 1 يناير 2021، بعد منتصف الليل بثلاث دقائق، قُتل آخر إنسان وُلد على وجه الأرض في شجارٍ في حانةٍ بضاحيةٍ من ضواحي بوينس آيرس، عن عمرٍ قدره 25 عامًا وشهرين و12 يومًا.|The Children of Men|P.D. James|true|en|true
00:03|0003-001|منتصف الليل بثلاث دقائق|كانت الساعة قد تجاوزت منتصف الليل بثلاث دقائق عندما رأيت آرتشر هاريسون آخر مرة على قيد الحياة. أتذكر ذلك جيدًا، لأنني قلت إنها دقيقتان، فنظر إلى ساعته وقال إنها ثلاث دقائق.|Since Ibsen|George Jean Nathan|true|en|true
00:03|0003-002| بعد منتصف الليل بثلاث دقائق.| فجأةً شعرتُ بسكونٍ عظيمٍ في الهواء، ثمّ بتوترٍ مفاجئ. نظرتُ إلى ساعتي. بعد منتصف الليل بثلاث دقائق. كنتُ أتنفس بشكلٍ طبيعيّ، وكان قلمي يتحرك بحريةٍ على الصفحة. مهما كان ما يتربص بي، لم يكن ذكيًا كما كنتُ أخشى، فكرتُ، حريصًا على عدم التوقف عن عملي.|The Historian|Elizabeth Kostova|true|en|true
00:04|0004-000|الثانية عشرة وأربع دقائق|في تمام الساعة الثانية عشرة وأربع دقائق، دخل فرانك ماكنتوش وبولي لوغان إلى الردهة مرتدين بذلتيهما. تبادل الجميع المصافحات. بدا أن تسريحة شعر فرانك قد خضعت لتغيير زيت.|Billy Summers|Stephen King|true|en|true
00:04|0004-001|بعد منتصف الليل بأربع دقائق|بعد منتصف الليل بأربع دقائق، يوم 22 يناير، وصل أسطول الأدميرال لوري، الذي يضم أكثر من 250 سفينة، إلى منطقة النقل قبالة أنزيو. كان البحر هادئًا، والليل حالك السواد.|Anzio: Epic of Bravery|Fred Sheehan|true|en|false
00:05|0005-000|بعد الثانية عشرة|كان ذلك بعد الثانية عشرة عندما عاد إيستون إلى المنزل. تعرفت روث على خطواته قبل أن يصل إلى المنزل، وشعرت وكأن قلبها توقف عن النبض عندما سمعت صوت إغلاق البوابة بعد مروره.|The Ragged Trousered Philanthropists|Robert Tressell|true|en|true
00:05|0005-001|00:05| أمن إي. إم.، الذين عادةً ما يكونون دقيقين للغاية مع شاحناتهم اللعينة في الساعة 00:05، غير موجودين في أي مكان، مما يُعزز فكرة مبتذلة أخرى. لو سألت غيتلي عما يشعر به في هذه اللحظة، لما كان لديه أدنى فكرة.|Infinite Jest|David Foster Wallace|false|en|false
00:06|0006-000|الدقيقة السادسة بعد منتصف الليل|في الدقيقة السادسة بعد منتصف الليل، أراح الموتُ المتألمَ.|West of Hell’s Fringe|Glenn Shirley|true|en|false
00:07|0007-000|منتصف الليل بسبع دقائق| كانت الساعة قد تجاوزت منتصف الليل بسبع دقائق. كان الكلب مستلقيًا على العشب في منتصف الحديقة أمام منزل السيدة شيرز. كانت عيناه مغمضتين. بدا وكأنه يركض على جانبه، كما تركض الكلاب عندما تعتقد أنها تطارد قطة في حلم.|The Curious Incident of the Dog in the Night-Time|Mark Haddon|true|en|false
00:08|0008-000|منتصف الليل وثماني دقائق|" صرخ الكاهن: ""يا لها من ساعة في الليل! إنه النهار، وليس الليل، والساعة منتصف الليل وثماني دقائق!"""|The Brigantine|James Pascoe|true|en|true
00:09|0009-000|12:09 صباحًا|في تمام الساعة 12:09 صباحًا من يوم 18 أكتوبر، وصل الموكب إلى جسر كارساز، على بُعد عشرة كيلومترات من وجهتها.|The Bhutto Murder Trail: From Waziristan to GHQ|Amir Mir|true|en|false
00:10|0010-000|بعد منتصف الليل بعشر دقائق|أخبرني مونستر أنه كان في خزانة العرض عندما أغلقها الليلة الماضية. كان ذلك بعد منتصف الليل بعشر دقائق. فتحها هذا الصباح بعد السادسة بقليل لكنه لم ينظر إلى خزانة العرض، على الرغم من أنه يعتقد أنه ربما كان سيلاحظ لو اختفت الذراع. لكنه لا يستطيع التأكد.|The Skull Beneath the Skin|P.D. James|true|en|false
00:10|0010-001|بعد منتصف الليل بعشر دقائق|كان ذلك بعد منتصف الليل بعشر دقائق. وصلت ثلاث سيارات شرطة وكلاب من نوع ألزاس وعربة لنقل السجناء إلى المزرعة. رفض المزارع، الذي كان يرتدي حزامًا واقيًا رياضيًا فقط، دخولهم.|The Queue|Jonathan Barrow|true|en|false
00:10|0010-002|بعد منتصف الليل بعشر دقائق|بعد منتصف الليل بعشر دقائق، اتصل غاري آش بالشرطة من منزل عمته ليخبرهم أنه عاد من نزهة ليجد جثتها.|A Certain Justice|P.D. James|true|en|false
00:11|0011-000|12:11|كان عليها مغادرة حفل الاستقبال بأسرع ما يمكن والعودة إلى غرفتها لتغيير ملابسها. في تمام الساعة 12:11، سيحدث انقطاع آخر للتيار الكهربائي، وخلاله ستسلك الدرج الخارجي إلى الطابق الأرضي وتنتظر عند المخرج شاحنة طعام تابعة لفندق برودمور.|The Enclave|Karen Hancock|true|en|true
00:11|0011-001|منتصف الليل وإحدى عشرة دقيقة|" تناثرت أولى القنابل الحارقة التي أصابت مستشفى سانت توماس في منزل ريدل في منتصف الليل وإحدى عشرة دقيقة، حيث ألقى رئيس أساقفة كانتربري قبل ساعات قليلة ""خطابًا مُلهمًا""."|The Longest Night|Gavin Mortimer|true|en|true
00:12|0012-000|0 ساعات، 12 دقيقة| الوقت الحالي هو 0 ساعات، 12 دقيقة، 0 ثانية. بعد 23 دقيقة، رأوا كوكب الزهرة لأول مرة. كل منهم مستلقٍ وعينه مثبتة على فوهة عاكس غريغوري متطابق بطول قدمين ونصف صنعه السيد شورت، مع فوهات تعتيم من صنع السيد بيرد.|Mason & Dixon|Thomas Pynchon|true|en|true
00:12|0012-001|منتصف الليل باثنتي عشرة دقيقة|كانت الساعة قد تجاوزت منتصف الليل باثنتي عشرة دقيقة عندما رأت الأم وابنتها أول ضربة برق. ضربت الضربة الحظيرة الرئيسية بقوةٍ جعلت الأرض ترتجف تحت أقدامهما.|Kentucky Heat|Fern Michaels|true|en|false
00:13|0013-000|منتصف الليل بثلاث عشرة دقيقة|إنها منتصف الليل بثلاث عشرة دقيقة. نحن على متن طائرة أخرى، هذه المرة من سان دييغو إلى بوسطن عبر شيكاغو. الناس من حولي نائمون.|Madlands|Anna Rose|true|en|true
00:14|0014-000|منتصف الليل بأربع عشرة دقيقة|كانت الساعة قد تجاوزت منتصف الليل بأربع عشرة دقيقة بالضبط عندما أنهى مكالمته الأخيرة. كان من بين الرجال الذين تواصل معهم رجالٌ شرفاء. ستُسمع أصواتهم من قبل الرئيس.|The Matarese Circle|Robert Ludlum|true|en|false
00:15|0015-000|الثانية عشرة وخمس عشرة دقيقة|في تمام الساعة الثانية عشرة وخمس عشرة دقيقة، نزل من الشاحنة. وضع المسدس تحت حزام بنطاله وعبر الشارع الصامت المهجور إلى منزل هدستون.|Watchers|Dean Koontz|true|en|false
00:15|0015-001|الثانية عشرة والربع|"انتهى الحفل بعد العشاء حوالي الثانية عشرة والربع. وقفت أولغا ميخالوفنا عند الباب وهي تودع ضيوفها قائلة:<br>""يجب أن تأخذوا شالًا! الجو بدأ يبرد قليلًا. يا رب، لا تصابوا بالبرد!"""|The Party and Other Stories|Anton Pavlovich Chekhov|true|en|false
00:16|0016-000|بعد منتصف الليل بست عشرة دقيقة|بعد منتصف الليل بست عشرة دقيقة، تعرض المبنى رقم 4 لهجوم واشتعلت النيران في سقفه.|The Longest Night|Gavin Mortimer|true|en|false
00:17|0017-000|الثانية عشرة وسبع عشرة دقيقة صباحًا|إذن تستنتج أنني وصلت إلى الشجرة الساقطة بعد الساعة الثانية عشرة وسبع عشرة دقيقة صباحًا. ربما كان ذلك صحيحًا. ولأنني لم أكن أختلق عذرًا، لم أتحقق من الوقت كل دقيقتين.|Shroud for a Nightingale|P.D. James|true|en|true
00:17|0017-001|بعد الثانية عشرة بسبع عشرة دقيقة| طلب كافا كوبين من القهوة له ولحبيبته وبعض الكعك. عندما غادر الاثنان، بعد الثانية عشرة بسبع عشرة دقيقة بالضبط، بدأ النادي يضج بالإثارة.|Vanvild Kava|Isaac Bashevis Singer|true|en|true
00:18|0018-000|منتصف الليل وثماني عشرة دقيقة|في لحظة، تحوّل الشكل المستطيل إلى مربع؛ ثم اختفى هو الآخر. كانت توينتون غرانج تقع، شكلًا باهتًا محفورًا في الظلام على الرأس الصخري الصامت. نظر إلى ساعته بفضول. كانت الساعة تشير إلى منتصف الليل وثماني عشرة دقيقة.|The Black Tower|P.D. James|true|en|true
00:18|0018-001|12:18 صباحًا|21 ديسمبر 1985، 12:18 صباحًا<br>[في السرير]<br>مايكل لا يؤمن بالجنة أو النار. لقد اقترب من الموت أكثر من معظم الأحياء، ويخبرني أنه لم يكن هناك نفق من النور أو ملائكة راقصة. بصراحة، أشعر بخيبة أمل بعض الشيء.|The Book of Lies|Mary Horlock|true|en|true
00:19|0019-000|منتصف الليل وتسع عشرة دقيقة| قفزتُ من السرير، وركضتُ إلى أسفل الدرج ودخلتُ المطبخ عبر ذلك الضوء القاسي الحارق. كانت الساعة على الحائط تُشير إلى منتصف الليل وتسع عشرة دقيقة. أمسكتُ معطفي الأسود الواقي من المطر من الخطاف بجوار الباب الخلفي، وارتديتُ حذائي المطاطي، الذي كان من المستحيل تقريبًا إدخال قدمي في أحدهما، وهرعتُ إلى الخارج.|After the Fire|Henning Mankell|true|en|true
00:20|0020-000|الثانية عشرة وعشرين دقيقة|عندما وصلت الشرطة في تمام الساعة الثانية عشرة وعشرين دقيقة، وجدوا السيدة أوكيف مستلقية على أريكة منفردة في غرفة جلوسها الأمامية، شبه عارية.|A Certain Justice|P.D. James|false|en|false
00:20|0020-001|الثانية عشرة وعشرون دقيقة|" قال صديقي: ""لكن بحلول الوقت الذي وصل فيه إلى قمة التل، كان جسد المرأة قد التهمته الذباب تقريبًا، أليس كذلك؟""<br>أجابت صديقته: ""إلى حد ما.""<br>قال صديقي: ""إلى حد ما، أن تأكلها الذباب يجعلها قصة حزينة، أليس كذلك؟""<br>قالت بعد تفكير: ""نعم، أعتقد ذلك."" ثم سألتني: ""ما رأيك؟""<br>أجبت: ""تبدو لي قصة حزينة.""<br>كانت الساعة الثانية عشرة وعشرون دقيقة عندما عاد ابن عمي."|Blind Willow, Sleeping Woman|Haruki Murakami|false|en|false
00:20|0020-002|الثانية عشرة وعشرين دقيقة| كانت تعجن الآن كرة العجين الساخنة الصغيرة على الحافة المحدبة للوعاء، واستطعت أن أشم رائحة الأفيون. لا توجد رائحة مثلها. بجانب السرير، كانت ساعة المنبه تشير إلى الثانية عشرة وعشرين دقيقة، لكن توتري قد زال بالفعل. لقد خفّ بايل.|The Quiet American|Graham Greene|false|en|false
00:21|0021-000|12:21| أقلعت الطائرة في تمام الساعة 12:21، وبينما كان باقي أفراد العائلة يغطون في نوم عميق، راجع ساشا الخطاب الذي سيلقيه عند وصولهم إلى المطار. كان عليه أيضًا تحضير تأبين لجنازة عمه، لكن ذلك سيؤجل حتى وصولهم إلى الفندق.|Heads You Win|Jeffrey Archer|true|en|true
00:21|0021-001|12:21 صباحًا|12:21 صباحًا<br>يا إلهي! شعر فانس باهتزاز القضبان فجأة. ثم، مع ما بدا وكأنه احتكاك مؤلم بين معدن وآخر، بدأت الرافعة بالتحرك مرة أخرى. لقد قرروا تجاوز نظام الإيقاف الآمن.|Project Cyclops|Thomas Hoover|true|en|true
00:21|0021-002|12:21 صباحًا|كان نوبودي أحد أهم عملاء مايكروفت وارد، ولمدة ستين ثانية يوميًا، بين الساعة 12:21 صباحًا و12:22 صباحًا، كان يُسمح لجهاز الكمبيوتر المحمول الخاص به بالاتصال مباشرةً بقاعدة البيانات الضخمة على الإنترنت الخاصة بذاته، والتي كانت عقل مايكروفت وارد.|The Raw Shark Texts|Steven Hall|true|en|true
00:22|0022-000|12:22 صباحًا| كان نوبودي أحد أهم عملاء مايكروفت وارد، ولمدة ستين ثانية يوميًا، بين الساعة 12:21 صباحًا و12:22 صباحًا، كان يُسمح لجهاز الكمبيوتر المحمول الخاص به بالاتصال مباشرةً بقاعدة البيانات الضخمة على الإنترنت الخاصة بذاته، والتي كانت عقل مايكروفت وارد.|The Raw Shark Texts|Steven Hall|true|en|true
00:23|0023-000|منتصف الليل بثلاث وعشرين دقيقة|" وزن أوسكار ساعة اليد في يده، ثم أعطى القطعة الأنيقة ذات الميناء المضيء الذي يُشير إلى منتصف الليل بثلاث وعشرين دقيقة إلى بينشكول الصغير. نظر بينشكول إلى رئيسه متسائلاً. أومأ ستورتيبكر بالموافقة. وقال أوسكار، وهو يُعدّل طبلته بإحكام استعدادًا لرحلة العودة إلى المنزل: ""سيقودنا يسوع. اتبعني!"""|The Tin Drum|Günter Grass|true|en|true
00:24|0024-000|12:24 صباحًا| بدأ ساندرز، برفقة ساتون كمدفعي، دوريتهما في تمام الساعة 12:24 صباحًا، متجهين جنوبًا نحو بيتشي هيد على ارتفاع 10000 قدم.|The Longest Night|Gavin Mortimer|true|en|true
00:25|0025-000|12:25|بعد لحظة، عادت الحقيقة إلى نصابها، وأدركت أنها لم تكن تهلوس، بل كانت تحلم. كانت الساعة على المكتب تشير إلى 12:55. لقد بدأوا جلستهم التي تستغرق عشر دقائق في الساعة 12:25، لذلك من الواضح أن عليها أن تُفسر عشرين دقيقة.|The Enclave|Karen Hancock|true|en|true
00:25|0025-001|بعد منتصف الليل بخمس وعشرين دقيقة| تذكرت شارلوت أنها سمعت غريغوار ينزل إلى الطابق السفلي مرة أخرى، بعد دخوله غرفة نومه مباشرة، وقبل أن يغلق الخدم أبواب المنزل ليلًا. من المؤكد أنه هرع للانضمام إلى تيريز في غابة صغيرة، ومنها انطلقا مسرعين إلى محطة فيو بورغ التي غادرها آخر قطار إلى باريس بعد منتصف الليل بخمس وعشرين دقيقة. وهذا ما حدث بالفعل.|Fruitfulness|Emile Zola|true|en|false
00:25|0025-002|منتصف الليل وخمس وعشرون دقيقة|انظروا إلى الوقت! منتصف الليل وخمس وعشرون دقيقة! لقد كان انتصارًا، حقًا!|The Soldier’s Wife|Joanna Trollope|true|en|true
00:26|0026-000|12:26 صباحًا|اتصل بي السيد دوتا من كينغز كروس وأخبرني أنك في طريقك. قال إنك تريد مشاهدة وصول قطار الساعة 12:26 صباحًا من يوم أمس. سيستغرق الأمر مني بضع دقائق لتشغيل اللقطات. حارس الأمن المعتاد لدينا ليس هنا اليوم؛ إنه يمثل أمام محكمة هارينجي الجزئية بتهمة ارتكاب فعل فاضح أمام مقر فرقة داغينهام جيرل بايبرز.|Bryant & May Off the Rails|Christopher Fowler|true|en|false
00:27|0027-000|منتصف الليل وسبع وعشرين دقيقة| نزل بليك من الحافلة خلف امرأة ممتلئة تحمل طفلاً نائماً بين ذراعيها. كان سائق الحافلة يتحدث إلى فتاة صغيرة أنيقة. لم يلتفت حتى لينظر إلى المرأة وطفلها. أمسكها بليك وهي تتعثر. التفتت إليه وابتسمت بتعب. أومأ بليك لها ونظر إلى ساعة المحطة. كانت الساعة حينها منتصف الليل وسبع وعشرين دقيقة.|Mourn the Hangman|Harry Whittington|true|en|false
00:28|0028-000|12.28|" ساعة الحائط ""اشرب قهوة للتشجيع"" تشير إلى 12.28."|11/22/63|Stephen King|true|en|true
00:29|0029-000|الثانية عشرة وتسع وعشرون دقيقة|"سأل تيني-بيتس: ""كم الساعة؟""<br>أخرج موظف المحطة ساعته الفضية الكبيرة، ونظر إليها بتمعن، ثم أعلن: ""الثانية عشرة وتسع وعشرون دقيقة.""<br>كرر تيني-بيتس: ""بعد الثانية عشرة! لا يُعقل."""|The Mark of the Knife|Clayton H. Ernst|true|en|false
00:30|0030-000|الثانية عشرة والنصف|حلت الثانية عشرة والنصف؛ بدأ وجه الديك الرومي يحمر، وقلب محبرته، وأصبح صاخبًا بشكل عام؛ هدأ نيبرز إلى الهدوء واللطف؛ قضم جينجر نات تفاحته وقت الظهيرة؛ وبقي بارتلبي واقفًا عند نافذته في واحدة من أعمق أحلامه التأملية.|Bartleby, the Scrivener|Herman Melville|true|en|true
00:30|0030-001|منتصف الليل والنصف|"""أحبك أكثر مما تتخيل.""<br>""وأنا أحبك أيضًا."" ابتسمتُ، وظلت شفتاه تلامس خدي. وبينما كان يمشي في الردهة، لاحظتُ الوقت: منتصف الليل والنصف."|Bath Haus|P.J. Vernon|true|en|false
00:30|0030-002|الثانية عشرة والنصف|كانت الساعة الثانية عشرة والنصف عندما عدت إلى ألباني كملاذ أخير يائس. كان مشهد كارثتي كما تركته. لا تزال رقائق الباكارات مبعثرة على الطاولة، مع الكؤوس الفارغة ومنافض السجائر الممتلئة. فُتحت نافذة لإخراج الدخان، لكنها كانت تسمح بدخول الضباب بدلاً من ذلك.|The Amateur Cracksman|E.W. Hornung|true|en|false
00:31|0031-000|00:31|يقترب شخص ثالث دون أن يلاحظه أحد ودون حذر. وبمجرد أن يصبح في متناول اليد، يمد يده نحو الأشخاص. ينتهي التسجيل: رمز الوقت: 00:31:02.|Zombie Apocalypse! Fightback|Stephen Jones|true|en|true
00:32|0032-000|12:32|"دوّن بدقة الوقت من ساعة الحائط فوق المدفأة وسجله في دفتره. ""12:32 السيد كورتني-بريجز يُبلغ عن سقوط شجرة على طريق وينشستر رود."""|Shroud for a Nightingale|P.D. James|true|en|true
00:32|0032-001|منتصف الليل واثنتان وثلاثون دقيقة|منتصف الليل واثنتان وثلاثون دقيقة؛ على هذا المنوال، قد أبقى على هذا الحال طوال الليل. قبل أن أبدأ بحثًا جديدًا تمامًا على القرص، خطرت لي فكرة: ربما لا يُفتح هذا الخزنة عند الصفر كما في الطرازات القديمة، بل عند رقم مُحدد مسبقًا من المصنع.|Ixtapa|Everette Howard Hunt|true|en|true
00:33|0033-000|الثانية عشرة وثلاث وثلاثون دقيقة|" نظر ستيفن ماكسي إليه مباشرة في عينيه وقال ببرود تقريبًا: ""كانت الثانية عشرة وثلاث وثلاثون دقيقة حسب ساعتي."""|Cover Her Face|P.D. James|true|en|true
00:34|0034-000|منتصف الليل وأربع وثلاثون دقيقة|"منتصف الليل وأربع وثلاثون دقيقة. قال: ""أمامنا عشر دقائق للعودة إلى هنا"". لم يجادل إل تي. كان سكولبوي يعرف مهنته السابقة. تجولت عينا إل تي بقلق على المتحف. ""ألا تزال قلقًا بشأن الأمن، أليس كذلك، لأنه لا يوجد أي أمن."""|Killer Tune|Dreda Say Mitchell|true|en|true
00:35|0035-000|منتصف الليل وخمس وثلاثون دقيقة| نظرت السيدة جنتري إلى الساعة. كانت الساعة تشير إلى منتصف الليل وخمس وثلاثون دقيقة.|The Case of the Empty Tin|Erle Stanley Gardner|true|en|true
00:35|0035-001|منتصف الليل وخمس وثلاثون دقيقة| كانت الساعة تشير إلى منتصف الليل وخمس وثلاثون دقيقة. كنتُ في حالة ذهول من عمق النوم. من قد يتصل بي في هذه الساعة؟|A Cat on the Cutting Edge|Lydia Adamson|true|en|true
00:36|0036-000|منتصف الليل بعد ست وثلاثين دقيقة|نظرت المدعية العامة إلى ساعتها الذهبية. منتصف الليل بعد ست وثلاثين دقيقة.|The Frozen Dead|Bernard Minier|true|en|true
00:37|0037-000|سبع وثلاثون دقيقة بعد منتصف الليل|أظهرت نظرة سريعة على ميناء ساعته المضيء أنها سبع وثلاثون دقيقة بعد منتصف الليل.|Not a Marrying Man|Dixie Browning|true|en|true
00:37|0037-001|12:37 صباحًا| نظر ستيفن إلى ساعة منبهه. 12:37 صباحًا.<br>ذهب إلى المطبخ، وأخذ علبة كوكاكولا بالفانيليا من الثلاجة. في غرفة المعيشة، فتح خزانة أقراص DVD، وألقى نظرة سريعة على مئات العناوين.|Warrior Monk|Ray Keating|true|en|true
00:38|0038-000|الثانية عشرة وثمانية وثلاثون دقيقة صباحًا|غادرتَ مبنى المستشفى الرئيسي حوالي منتصف الليل. تحدثتَ إلى البواب عند البوابة الرئيسية في الثانية عشرة وثمانية وثلاثون دقيقة صباحًا. أين كنتَ بين هذين الوقتين؟|Shroud for a Nightingale|P.D. James|true|en|true
00:38|0038-001|بعد منتصف الليل بثمان وثلاثين دقيقة|في مكان ما، فقد ثلاثة أيام؛ لأنه دخل الحجاب المشتعل يوم الخميس، بعد منتصف الليل بثمان وثلاثين دقيقة. أجل. لكن حافظ على هدوئك. هناك ما هو أكثر على المحك من ثلاثة أيام ضائعة. لا بد من ذلك؛ وإلا فلماذا تدخل الشرطة؟|Redemolished|Alfred Bester|true|en|false
00:38|0038-002|12:38 صباحًا|أضاء جاستن النور ونظر بنعاس إلى راديو ساعة سوني الذي كان يشير إلى الساعة 12:38 صباحًا. كانت الصرخات في حلمه حقيقية بشكل مؤلم ومخيف، لكنه لم يستطع تذكر مصدرها.|Crow’s Nest|G.V. Miller|true|en|true
00:39|0039-000|12:39 صباحًا|كانت الساعة 12:39 صباحًا، وشاهدت القمر يقع فريسة لمجموعة من الغيوم الداكنة المتسارعة ذات المظهر الشرير.|Monastery Nightmare|Ross H. Spencer|true|en|true
00:40|0040-000|الثانية عشرة وأربعين دقيقة| نظر حوله في العربة التي كان يجلس فيها. كانت مليئة بالناس الذين يسهرون ليلاً، والنُدُل، والممرضات، والعائدين من الحفلات، والسكارى - حتى شرطي مرور. وصل القطار أخيرًا إلى محطته في تمام الساعة الثانية عشرة وأربعين دقيقة.|A Matter of Honor|Jeffrey Archer|true|en|false
00:40|0040-001|الثانية عشرة وأربعون دقيقة|كان رأي الطبيب الشرعي الذي عاين الجثة في الساعة الثانية عشرة وأربعون دقيقة أن السيدة أوكيف قد توفيت بعد وقت قصير جدًا من عودتها إلى المنزل.|A Certain Justice|P.D. James|true|en|false
00:40|0040-002|الواحدة إلا عشرون دقيقة|"صرخت هيلين: ""الواحدة إلا عشرون دقيقة؟ ستظن أمي بالتأكيد أننا تائهتان. لكنني أكره الذهاب. إنه مكان رائع، حتى وإن كان مروعًا."""|White Ashes|Sidney R. Kennedy|true|en|true
00:41|0041-000|12:41 صباحًا|عندما عاد إلى سيارته، كانت الساعة 12:41 صباحًا. كنتُ واقفًا خارج سيارتي، أنتظر فقط، ولاحظني.|Blood Ties|Geraldo Cruz|true|en|true
00:42|0042-000|الواحدة إلا ثماني عشرة دقيقة| كانت عقب السيجارة تسخن بين أصابعها، والآن يلسع طرفها المتوهج جلدها. أطفأت السيجارة ووقفت، تنفض الرماد عن تنورتها السوداء. كانت الواحدة إلا ثماني عشرة دقيقة. ذهبت إلى هاتف المنزل واتصلت بغرفته. رن الهاتف مرارًا وتكرارًا، لكن لم يكن هناك رد.|Marjorie Morningstar|Herman Wouk|true|en|true
00:43|0043-000|اثنا عشر وثلاث وأربعون دقيقة|"سأل: ""تقول إنك مت قبل خمس دقائق؟"". ثم نظر إلى ساعته على معصمه. وكتب على الورقة: ""اثنا عشر وثلاث وأربعون دقيقة""."|A Pocket Full of Rye|Agatha Christie|true|en|true
00:44|0044-000|12:44 صباحًا|كانت الساعة 12:44 صباحًا عندما انعطفت عند زاوية بروليه إلى طريق ستاتلاين. انتظرت القطار القادم.|Burning Embers|Wayne Pearson|true|en|true
00:45|0045-000|الواحدة إلا الربع| أيقظني صوت طرق مصراع نافذة ما في الطابق السفلي. التقطت ساعتي من على الطاولة بجانب السرير ورأيت أنها الواحدة إلا الربع. لم أظن أنني سأنام حتى يتوقف هذا الطرق، فارتديت ملابسي، وخرجت من الباب، ثم عدت إلى الخزانة لأحضر معطفي الواقي من المطر. عندما وصلت إلى الطابق السفلي، توقفت. من غرفة النوم الكبيرة في نهاية الممر من غرفة الجلوس، كنت أسمع السيدة س. تقطع الخشب بضربات طويلة وصاخبة. لن يزعجها أي طرق مصراع نافذة.|Joyland|Stephen King|true|en|true
00:45|0045-001|12:45|في تمام الساعة 12:45، خلال فترة هدوء، أخبرني السيد يوشوجي أنه بسبب الحرب، أصبح عدد النساء في إنجلترا الآن يفوق عدد الرجال بكثير.|Pig and Pepper: A Comedy of Youth|David Footman|true|en|false
00:45|0045-002|الربع الثالث بعد منتصف الليل| عند هذه الفكرة، قفز واقفًا وأخذ من علاّقة المعطف الذي ترك فيه رسالة الآنسة فاينر. كانت الساعة تشير إلى الربع الثالث بعد منتصف الليل، وكان يعلم أنه لن يفرق إن ذهب إلى صندوق البريد الآن أو في الصباح الباكر من اليوم التالي؛ لكنه أراد أن يريح ضميره، وبعد أن وجد الرسالة، ذهب إلى الباب.|The Reef|Edith Wharton|true|en|true
00:46|0046-000|12:46 صباحًا|كتب تيدي أن سجلات الهاتف تؤكد رواية الآنسة لوتون. اتصلت في الساعة 12:46 صباحًا.|Dial M for Mischief|Kasey Michaels|true|en|true
00:47|0047-000|12:47 صباحًا|في تمام الساعة 12:47 صباحًا، رحل عنا العم هو إلى الأبد.|Last Night I Dreamed of Peace|Andrew X. Pham|true|en|true
00:48|0048-000|12:48 صباحًا| أطفأت ستانتون الضوء، وألقت نظرة سريعة على أرقام الساعة الحمراء؛ كانت الساعة 12:48 صباحًا. حاولت أن تتذكر أي يوم هو.|The Moriah Ruse|Marvin Wiebener|true|en|true
00:49|0049-000|12:49 صباحًا| عندها بدأوا بالصراخ طلبًا للمساعدة. سمع حارس أمن في مبنى شاهق قريب صرخاتهم واتصل بالشرطة. كانت الساعة 12:49 صباحًا. وصل ضابط شرطة مترو-ديد، بارت كوهين، وشريكه بعد دقيقة واحدة.|Never Let Them See You Cry|Edna Buchanan|true|en|true
00:50|0050-000|12:50|انتهت التعبئة في الساعة 12:50؛ وجلس هاريس على السلة الكبيرة، وقال إنه يأمل ألا يجد شيئًا مكسورًا. قال جورج إنه إذا كان هناك أي شيء مكسور فقد كُسر، وهو ما بدا أنه يريحه. وقال أيضًا إنه مستعد للنوم.|Three Men in a Boat|Jerome K. Jerome|true|en|false
00:51|0051-000|12:51|اختفت ابتسامتي فجأة عندما أدركت الوقت. كانت الساعة 12:51، وعادةً ما يتم تفتيشنا في الواحدة صباحًا. حاولت الركض بأقصى سرعة للوصول إلى المصعد حتى وصلت.|All the Stars Above Us|Jyerrmou|true|en|true
00:52|0052-000|12:52 صباحًا|ليلة رأس السنة، أو بالأحرى فجر رأس السنة، 1998<br>لنكن دقيقين: لنقل أنها كانت الساعة 12:52 صباحًا.<br>اكتشفت ما أريد:<br>انتباه.|The Year of Lovemaking & Crying|Kenneth Robinson|true|en|true
00:53|0053-000|12:53 صباحًا| لكنه استعاد وعيه ببطء شديد هذه المرة لدرجة أن جاكلين كانت قد التقطت الهاتف وقالت مرحبًا قبل أن يستيقظ تمامًا. كانت الساعة تشير إلى 12:53 صباحًا. وقت مبكر بعض الشيء لمتصل ميد، ولكن من عساه يكون غيره؟|Impulse|Michael Weaver|true|en|true
00:54|0054-000|الواحدة إلا ست دقائق|كان الجميع سعداء، والجميع يتبادلون المجاملات، وسرعان ما انكسر الجليد، وتوالت الأغاني والقصص والمزيد من المشروبات، ومرت الدقائق المنتظرة سريعًا. عند الواحدة إلا ست دقائق، عندما كانت البهجة في أوجها - دوى صمتٌ مفاجئ!|A Double Barrelled Detective Story|Mark Twain|true|en|true
00:55|0055-000|12:55|بعد لحظة، عادت إلى الواقع، وأدركت أنها لم تكن تهلوس، بل كانت تحلم. كانت الساعة على المكتب تشير إلى 12:55. لقد بدأوا جلستهم التي تستغرق عشر دقائق في الساعة 12:25، لذلك من الواضح أن عليها أن تُفسر عشرين دقيقة.|The Enclave|Karen Hancock|true|en|true
00:55|0055-001|الواحدة إلا خمس دقائق| في الساعة الواحدة إلا خمس دقائق، خرجت مقدمة البرنامج من خيمة دافئة وسط تصفيق حار من الجمهور. كانت ترتدي معطفًا فوشيًا، وكنزة سوداء برقبة عالية، وتنورة تصل إلى الركبة، وجوارب سوداء طويلة، وحذاءً يصل إلى الركبة.|The First Phone Call From Heaven|Mitch Albom|true|en|false
00:55|0055-002|الواحدة إلا خمس دقائق| تدحرج في اتجاه، ثم تدحرج في الاتجاه الآخر، واستمع إلى دقات الساعة العالية، وغط في النوم بعد دقيقة. الواحدة إلا خمس دقائق صباحًا. بقي واحد وخمسون ساعة.|61 Hours|Lee Child|true|en|true
00:56|0056-000|الثانية عشرة وست وخمسون دقيقة صباحًا|في تمام الساعة الثانية عشرة وست وخمسون دقيقة صباحًا، استسلمت جو أوكونور أخيرًا لفكرة النوم. فقد ظلت مستيقظة لساعات وهي قلقة بشأن لويس وستورمي وسارة تو نايفز. وبشأن كورك.|Boundary Waters|William Kent Krueger|true|en|true
00:56|0056-001|12:56 صباحًا|كانت الساعة 12:56 صباحًا عندما قاد جيرالد سيارته الليموزين إلى العشب وأوقفها بجوار المقبرة مباشرةً.|Extremely Loud and Incredibly Close|Jonathan Safran Foer|true|en|true
00:56|0056-002|12:56|اعتاد المعلم أن يسهر ليلاً مواجهاً تلك الساعة، يرمش بعينيه على غطاء وسادته مقلداً صوت سقوطها. في إحدى الليالي، وهذه الليلة الأولى ضاعت في غمرة ليالٍ لا تُحصى من الدهشة المتراكمة، اكتشف لعبة. لنفترض أن الساعة كانت 12:56.|Lessons in Essence|Dana Standridge|true|en|true
00:57|0057-000|12:57|مرت دقيقة، وأسقطت الأسطوانة ورقة جديدة. 12:57. 12 + 57 = 69؛ 6 + 9 = 15؛ 1 + 5 = 6. 712 + 5 = 717؛ 71 + 7 = 78؛ 7 + 8 = 15؛ 1 + 5 = 6 مرة أخرى.|Lessons in Essence|Dana Standridge|true|en|true
00:58|0058-000|تقريبًا الواحدة صباحًا| كان من الوقاحة بمكان أن يأتي لزيارتهم، خاصة في الليل، تقريبًا الواحدة صباحًا، بعد كل ما حدث.|The Idiot|Fyodor Dostoyevsky|true|en|true
00:58|0058-001|00:58 بتوقيت وسط أوروبا|"00:58 بتوقيت وسط أوروبا<br>""كل شيء جاهز. الآن كل ما علينا فعله هو...""<br>لم يحرك ويليام ساكنًا حتى تلاشى الصوت. المزيد من الكلمات، لكنها تلاشت في الريح. رفع الغطاء قليلًا، واستقرت عيناه على مجموعة من أربعة رجال يقفون على بعد أمتار قليلة من قارب النجاة."|Nothing Ventured|Jeffrey Archer|true|en|true
00:59|0059-000|الواحدة إلا دقيقة واحدة| لم يقطع الصمت سوى صوت بوق سيارة متأخرة خافتًا.<br>نظرت إلى ساعتي. كانت تشير إلى الواحدة إلا دقيقة واحدة. وبينما رفعت عيني، أكدت ساعة أخرى نائمة ما حدث.<br>تثاءبتُ وأنا أحاول تنويم الكلب الصغير، ثم مددت يدي إلى المفتاح.<br>وبينما كنت أفعل ذلك، زمجر مرة أخرى.|Berry and Co.|Dornford Yates|true|en|true
00:59|0059-001|حوالي الواحدة|" قالت: ""كم الساعة الآن؟""<br>""حوالي الواحدة.""<br>""في الصباح؟""<br>نظرت إليها صديقة هيريرا نظرة ساخرة. ""لا، هناك كسوف كلي للشمس."""|Freedom|Jonathan Franzen|true|en|true
00:59|0059-002|تقارب الواحدة|كانت الساعة تقارب الواحدة عندما عاد شرلوك هولمز من رحلته. كان يحمل في يده ورقة زرقاء، عليها ملاحظات وأرقام مكتوبة بخط اليد.|The Adventures of Sherlock Holmes|Sir Arthur Conan Doyle|true|en|false
00:59|0059-003|تقارب الواحدة| نظرتُ إليها بانتباه، بينما كانت تطرح عليّ ذلك السؤال الغريب. كانت الساعة حينها تقارب الواحدة. كل ما استطعت تمييزه بوضوح في ضوء القمر كان وجهًا شابًا شاحبًا، نحيلًا وحادًا عند الخدين والذقن؛ وعينين كبيرتين، جادتين، متأملتين بشوق؛ وشفتين متوترتين، مترددتين؛ وشعر فاتح اللون، بني مصفر باهت.|The Woman in White|Wilkie Collins|true|en|false
01:00|0100-000|الواحدة صباحًا|إذا كنت ترغب في الخروج من منزل دون أن يراك أحد، فإن منتصف الظهيرة يُعدّ، من بعض النواحي، وقتًا أفضل للمحاولة من منتصف الليل. فمن المرجح أن تكون الأبواب والنوافذ مفتوحة؛ وإذا تم القبض عليك، يمكنك دائمًا التظاهر بأنك لم تكن تنوي الذهاب بعيدًا ولم تكن لديك خطط محددة. (من الصعب جدًا إقناع العمالقة أو الكبار بهذا إذا تم العثور عليك تتسلق من نافذة غرفة نوم في الساعة الواحدة صباحًا.)|The Silver Chair|C.S. Lewis|true|en|true
01:00|0100-001|الساعة الواحدة|أغلق على نفسه في تمام الساعة الواحدة. كان قد كتب صفحتين، وأصبح من الصعب عليه التخلص من شعوره بأنه يعود إلى الرجل العصبي والمضطرب الذي كاد أن يحرق منزله قبل ثلاث سنوات.|If It Bleeds|Stephen King|true|en|true
01:00|0100-002|الواحدة صباحًا|قبل الساعة الواحدة صباحًا بقليل، أجاب على طرق الباب الخلفي وسمح بدخول خمسة رجال، اثنان منهم نجاران ماهران.|The Nameless Ones|John Connolly|true|en|false
01:00|0100-003|الواحدة صباحًا|أريد أن أصرخ وأعوي، لكنني سأصرخ في وجه جدار. أركض إلى غرفة نومي. بعد ثلاثين دقيقة، تغادر المنزل مع غبوييغا.<br>لا تعود حتى الساعة الواحدة صباحًا.<br>لا أنام حتى الساعة الواحدة صباحًا.|My Sister, the Serial Killer|Oyinkan Braithwaite|true|en|false
01:00|0100-004|الساعة الواحدة| كانت الساعة الواحدة عندما غادرنا المنزل رقم 3 في حدائق لوريستون. قادني شرلوك هولمز إلى أقرب مكتب بريد، ومن هناك أرسل برقية طويلة. ثم أوقف سيارة أجرة، وأمر السائق أن يأخذنا إلى العنوان الذي أعطانا إياه ليستراد|A Study in Scarlet|Sir Arthur Conan Doyle|true|en|true
01:00|0100-005|الساعة الواحدة|"""ألم يلاحظ أحد أنه نزل من اللعبة بدون مرافقته؟""<br>""لا. كان ذلك في منتصف يوليو، ذروة الموسم، وكان المكان أشبه بمستشفى مجانين. لم يعثروا على الجثة إلا في الساعة الواحدة من صباح اليوم التالي، بعد وقت طويل من إغلاق المنتزه وتشغيل أضواء العمل في بيت الرعب. كما تعلم، هذا ما يفعله العاملون في نوبة العمل الليلية."""|Joyland|Stephen King|true|en|true
01:00|0100-006|الواحدة|كانت الساعة تقارب الواحدة عندما عاد شرلوك هولمز من رحلته. كان يحمل في يده ورقة زرقاء، عليها ملاحظات وأرقام مكتوبة بخط اليد.|The Adventures of Sherlock Holmes|Sir Arthur Conan Doyle|true|en|false
01:00|0100-007|الساعة الواحدة|"""لا أستطيع يا فيندل، أنا مع شخص آخر! اتصل بي غدًا حوالي الساعة الواحدة!"""|This Side of Paradise|F. Scott Fitzgerald|true|en|true
01:00|0100-008|الساعة الواحدة|"""حوالي الساعة الواحدة انتقلوا إلى ماكسيم، ووجدهم اثنان في ديفينيير. كان سلون يشرب بشكل متواصل وكان في حالة من النشوة غير المستقرة، لكن أموري كان رصينًا بشكل ممل للغاية؛ لم يصادفوا أيًا من أولئك المشترين الفاسدين القدامى للشمبانيا الذين عادة ما يحضرون حفلاتهم في نيويورك."""|This Side of Paradise|F. Scott Fitzgerald|true|en|true
01:00|0100-009|دقت الساعة الواحدة| كلما فكّر في الأمر ازداد حيرته... لم يفهم أمر المسدس<br>هذا...<br>شخص ما في المنزل حصل على ذلك المسدس...<br>في الطابق السفلي، دقت الساعة الواحدة.|And Then There Were None|Agatha Christie|true|en|false
01:00|0100-010|1:00 صباحًا|1:00 صباحًا. شعرتُ بالهدوء المحيط يخنقني.|Sister|Rosamund Lupton|true|en|true
01:00|0100-011|الساعة الواحدة| لم يكن يعلم ما في نهاية المنزلق. كانت الفتحة ضيقة (مع أنها كبيرة بما يكفي لأخذ الكناري). حلم أن المنزلق يفتح على صناديق قمامة ضخمة مليئة بفلاتر قهوة قديمة، ورافيولي بصلصة طماطم، وأعضاء تناسلية ممزقة. ديدان ضخمة، بحجم الكناري، مسلحة بمناقير مرعبة، ستهاجم الجسد. تمزق القدمين، وتنتزع الأمعاء، وتفجر مقل العيون. استيقظ وهو يرتجف؛ كانت الساعة الواحدة فقط. ابتلع ثلاث حبات زاناكس. وهكذا انتهت ليلته الأولى من الحرية.|Atomised|Michel Houellebecq|false|en|true
01:00|0100-012|الواحدة صباحًا|أنا الوحيد المستيقظ في هذا المنزل في هذه الليلة التي تسبق اليوم الذي سيغير حياتنا جميعًا. مع أنه قد حلّ ذلك اليوم بالفعل: عقارب ساعة المنبه الصغيرة المضيئة (التي لم أضبطها) تشير إلى الواحدة صباحًا.|Tomorrow|Graham Swift|true|en|true
01:00|0100-013|الواحدة صباحًا|كان ذلك في الثلاثين من مايو. الواحدة صباحًا من يوم الثلاثين من مايو عام 1940. يا له من تاريخ شهير للاستيقاظ فيه والتحديق في السقف. كانت قوارب النزهة والبواخر ذات العجلات تُلقي مراسيها بالفعل في الخلجان ومصبات الأنهار المدية في إنجلترا استعدادًا للرحلة اليومية إلى دونكيرك. وعلى الجانب الآخر، كان لدى تيد فرصة جيدة مثل أي شخص آخر.|London Belongs to Me|Norman Collins|true|en|true
01:00|0100-014|دق الجرس مرة واحدة| الليلة الماضية، عندما شقّ ذلك النجم نفسه، المتجه غربًا من القطب، طريقه لينير ذلك الجزء من السماء حيث يحترق الآن، أنا ومارسيلوس، ودق الجرس مرة واحدة.|Hamlet|William Shakespeare|true|en|true
01:00|0100-015|الواحدة صباحًا| كانت المحطة أكثر ازدحامًا مما توقع - ما هي الساعة؟ نظر إلى الساعة - الواحدة صباحًا. ما الذي يفعله بحق الله في محطة كينغز كروس في الواحدة صباحًا، بلا سيجارة ولا منزل يمكنه أن يتوقع دخوله دون أن يقطّعه طائر قاتل حتى الموت؟|The Long Dark Tea-Time of the Soul|Douglas Adams|true|en|true
01:01|0101-000|حوالي الساعة الواحدة|" قالت: ""كم الساعة الآن؟""<br>""حوالي الساعة الواحدة.""<br>""في الصباح؟""<br>نظرت إليها صديقة هيريرا نظرة ساخرة. ""لا، هناك كسوف كلي للشمس."""|Freedom|Jonathan Franzen|true|en|true
01:01|0101-001|الساعة الواحدة ودقيقة واحدة|"وهكذا، في تمام الساعة الواحدة ودقيقة واحدة، عندما تأكد البواب، الذي يتمتع باحترام ذاتي غير طبيعي، بهدوء من أنه لن يُطلب منه شيء حتى الصباح، وأغلق على نفسه بعيدًا عن أنظارها، جلست الفتاة على حافة سرير فاخر لدرجة أنه يستحق بجدارة وصف ""دي لوكس""، ووجهها متورد ومرتجف من الإثارة (الآن وقد تجرأت مرة أخرى على أن تكون على طبيعتها) وبكل دهشة تتناسب مع الموقف، حدقت في الشابة التي حدقت بها ببرود من مرآة طويلة مثبتة في الباب."|Nobody|Louis Joseph Vance|true|en|true
01:02|0102-000|الواحدة ودقيقتين|اقترب فالون من البوابة في الساعة الواحدة ودقيقتين، وكانت مشيته المتبخترة دليلاً على رضاه عن مجريات الأحداث.|Blood Before Sunrise|Amanda Bonilla|true|en|false
01:02|0102-001|بعد الواحدة صباحًا بقليل|بعد الواحدة صباحًا بقليل، وصلت بيرينا لويتز إلى المطار وتوجهت إلى لاني ويلتس. بدت الأضواء الكاشفة وكأنها تُضخّم الشكل الضخم المنتفخ لسفينة الشحن من سلسلة Q.|The Dark Foundations|Chris Walley|true|en|true
01:03|0103-000|01:03|سلمت كليفلاند الطائرة إلى تورنتو في تمام الساعة 01:03 بتوقيت شرق الولايات المتحدة؛ أي قبل سبع دقائق. في الوقت الحالي، أفاد مركز تورنتو أن موقع الطائرة بالقرب من لندن، أونتاريو. لدي المزيد من المعلومات - المسار والارتفاع والسرعة - إذا كنت ترغب في ذلك.|Airport|Arthur Hailey|true|en|true
01:04|0104-000|الواحدة وأربع دقائق| كانت الساعات الكهربائية على الأسطح تُشير إلى الواحدة وأربع دقائق وهي تمر. كان معظم الناس الذين ما زالوا مستيقظين داخل نوافذ المطاعم اللامعة، وكان الحمالون الضخام يتكئون بنعاس على قوائم أبواب نُزُلهم. في سيارة الأجرة، تساءل رالستون عما سيقوله الرئيس لو رآه حينها، وهو يطارد في جميع أنحاء المدينة امرأة شابة ومرافقها.|Mortmain|Arthur Cheney Train|true|en|true
01:04|0104-001|1:04|اتصلت مرتين خلال الأربع والعشرين ساعة التي تلت جلطة والدها العجوز، عندما أصبح من الواضح أنه سيموت. لم يُجب أحد على الهاتف في المرتين.<br>اتصلت مرة أخرى بعد وفاة والدها - هذه المرة في الساعة 1:04 من صباح يوم 2 أغسطس. أجاب على الهاتف شخص ثمل.|The Tommyknockers|Stephen King|false|en|true
01:05|0105-000|الواحدة وخمس دقائق|"بالتأكيد يا سيدي. كانت الساعة الواحدة وخمس دقائق بالضبط عندما دخلتُ إلى إسطبلاتنا.<br>""حسنًا، انتبه لهذا يا ماونتن. أريد أن أعرف بالضبط ما حدث عندما وصلتَ إلى المنزل. أخبرنا بطريقتك.""<br>نظر سائق العربة حوله بين المستمعين كما لو كان مرتبكًا بعض الشيء. ""لماذا يا سيدي،"" أجاب، وهو يلتفت إلى بارثورب، ""لم يحدث شيء!"""|The Herapath Property|J.S. Fletcher|true|en|true
01:06|0106-000|الواحدة وست دقائق|خرجنا من الكنيسة معًا بعد قداس منتصف الليل، ورأينا الضوء المزعج على الفور، كما رأى معظم المصلين. ونظر بيل، المعروف بدقته، إلى ساعته. كان اتصاله بالقصر في تمام الساعة الواحدة وست دقائق.|The Murder of Santa Claus|P.D. James|true|en|true
01:06|0106-001|الواحدة وست دقائق| عندما استيقظ، كانت الساعة تشير إلى الواحدة وست دقائق على الساعة الرقمية على الطاولة بجانب السرير. استلقى هناك ينظر إلى السقف، حيث كان وهج مصباح البخار الخارجي يغمر غرفة النوم بضوء بارد مائل للزرقة. كقمر شتوي.|No Country for Old Men|Cormac McCarthy|true|en|false
01:07|0107-000|01:07 بتوقيت غرينتش|01:07 بتوقيت غرينتش<br>سمع لامونت صوت سيارة قادمة من خلفه. وبعد لحظات، مرت سيارة جاكوار خضراء وسارت على طول الممر، وأضواؤها مضاءة بالكامل. وتوقفت أمام المنزل.|Nothing Ventured|Jeffrey Archer|true|en|true
01:07|0107-001|1:07 صباحًا|"لكن الاختلاف الأبرز كان وقت النهار. خارج نوافذ القبو، حلّ الليل. كانت أضواء الشوارع مضاءة وكان القمر بدرًا.<br>""يا إلهي!"" سمعت نفسي أهمس. ألقيت نظرة على ساعة المنبه الرقمية الموضوعة فوق أحد رفوف الكتب. كانت شاشتها الزرقاء المتوهجة تشير إلى أن التوقيت المحلي الآن هو 1:07 صباحًا."|Ready Player Two|Ernest Cline|true|en|true
01:08|0108-000|1:08 صباحًا|كانت الساعة 1:08 صباحًا، لكنه ترك الكرة في نفس الوقت الذي تركتها فيه، وكان عليه أن يقطع مسافة أطول.|The Rosie Project|Graeme Simsion|true|en|false
01:08|0108-001|01:08|يضيء جهاز الإنذار الخاص بي في تمام الساعة 01:08 عندما أسمع خطوات على الدرج، ثم توقفًا، ثم طرقًا خفيفًا على بابي الخارجي.|The Bone Clocks|David Mitchell|true|en|true
01:09|0109-000|1:09 صباحًا|"الأربعاء 1:09 صباحًا<br>""عزيزي، هل تعتقد أنهم سيكتشفون أنها كانت خدعة؟""<br>""من يدري."" رفع نظره عن موقد النار، حيث لم يتبق سوى الجمر. ""قد يكون تانزان مينو عبقريًا، لكن بقية رجال الياكوزا التابعين له ليسوا علماء صواريخ."""|Project Daedalus|Thomas Hoover|true|en|true
01:09|0109-001|الواحدة وتسع دقائق| خرجوا بهدوء من عربتهم، ليجدوا أنفسهم، بعد أن انطلق القطار السريع غربًا، على رصيف محطة في مدينة أجنبية في تمام الساعة الواحدة وتسع دقائق صباحًا - ولكن أخيرًا بدون ظلهم.|The Black Bag|Louis Joseph Vance|true|en|true
01:10|0110-000|الواحدة وعشر دقائق|كان الباب الخلفي مفتوحًا يا سيدي، بينما كان كالدويل والآنسة ماكبيس يتفقدان الأضواء. كان ذلك في حوالي الواحدة وعشر دقائق.|The Murder of Santa Claus|P.D. James|true|en|true
01:10|0110-001|الواحدة وعشر دقائق|في تمام الساعة الواحدة وعشر دقائق حسب ساعة بوند، تغير مسار اللعب بالكامل فجأة على الطاولة الرئيسية.|Casino Royale|Ian Fleming|true|en|true
01:10|0110-002|1.10 صباحًا|26 فبراير، السبت — خرج ريتشاردز في الساعة 1.10 صباحًا ووجد أن الجو بدأ يتحسن قليلًا، لذلك انطلقنا في أسرع وقت ممكن، أي في الساعة 2:10 صباحًا.|South: The Endurance Expedition|Ernest Shackleton|true|en|true
01:11|0111-000|أقرب إلى الواحدة منها إلى الواحدة والنصف|يُصرّح بأن أحد النُدُل كان ثملاً، وأنه كان يُوبّخه. كما يُصرّح بأن الوقت كان أقرب إلى الواحدة منها إلى الواحدة والنصف.|The Affair at the Victory Ball|Agatha Christie|true|en|true
01:11|0111-001|الواحدة وإحدى عشرة دقيقة|تركتُ بابي مواربًا، وفي تمام الساعة الواحدة وإحدى عشرة دقيقة، سمعتُ هارفي يمشي عبر غرفة المعيشة. سمعتُ صوت قرقرة وهو يرتشف رشفة من إحدى الزجاجات على العربة. خرج من الباب الأمامي بهدوء قدر الإمكان. راقبته من النافذة؛ كان وحيدًا.|Billion-Dollar Brain|Len Deighton|true|en|true
01:12|0112-000|1:12 صباحًا|كان ذلك تحت غطاء الصمت الرعوي. ربما سأتمكن من إخبار جين بالمزيد في وقت لاحق. لكن ليس الآن.<br>نظر إلى الساعة. كانت تشير إلى 1:12 صباحًا.|Vatican Shadows|Ray Keating|true|en|true
01:12|0112-001|1:12 صباحًا|" كانت الساعة 1:12 صباحًا عندما وصل أبي إلى مركز الشرطة. لم أره حتى الساعة 1:28 صباحًا، لكنني كنت أعلم أنه هناك لأنني سمعته.<br>كان يصرخ: ""أريد أن أرى ابني!""، و""لماذا بحق الجحيم هو محتجز؟""، و""بالطبع أنا غاضب جدًا!""."|The Curious Incident of the Dog in the Night-Time|Mark Haddon|false|en|true
01:13|0113-000|الواحدة وثلاث عشرة دقيقة|"أخرج دفتر ملاحظاته وقرأ بصوت عالٍ ما قاله له بائع الشموع الغامض: ""كانت الساعة الواحدة وثلاث عشرة دقيقة بالضبط في الرابع والعشرين من يناير عندما لفظت أنفاسي الأخيرة."""|Atlantis|Gerhart Hauptmann|true|en|true
01:14|0114-000|واحدة وأربعة عشر|"سال هنا، هذا صديقي القديم من نيويورك، هذه ليلته الأولى في دنفر، ومن الضروري جدًا أن آخذه في نزهة وأعرّفه على فتاة.<br>""لكن متى ستعود؟""<br>""إنها الآن،"" (ينظر إلى ساعته) ""الواحدة وأربعة عشر بالضبط."""|On the Road|Jack Kerouac|true|en|true
01:15|0115-000|1:15|" كان ضعيفًا بعض الشيء، فكر روبن، لكنه أفضل ما يمكنه فعله في الساعة 1:15 صباحًا.<br>""هل أنت متأكد أنها لم تكن فتاة جميلة؟"" قالت ماري.<br>""أخشى أنه لا يمكن وصف جيم وفريد بالجمال، حتى من قبل زوجاتهم المحبات."""|Not a Penny More, Not a Penny Less|Jeffrey Archer|true|en|true
01:15|0115-001|1:15| غطت إيما في نوم عميق، لتستيقظ فجأة على صوت صفارة إنذار الشرطة غير المألوفة القادمة من الشارع بالأسفل. الآن فهمت سبب ارتفاع أسعار الغرف في الطوابق العليا. نظرت إلى ساعتها. كانت الساعة 1:15.|The Sins of the Father|Jeffrey Archer|true|en|true
01:15|0115-002|الواحدة والربع|لذلك، كما قلت، أنا آسف لأنني انتبهت يومًا إلى وقع الأقدام. لقد بدأت حوالي الساعة الواحدة والربع صباحًا، وهي عبارة عن خطوات سريعة وإيقاعية حول طاولة غرفة الطعام.|My Life and Hard Times: “The Night the Ghost Got In”|James Thurber|true|en|true
01:15|0115-003|1:15 صباحًا| كانت ليلي تشين تُعدّ دائمًا وجبة خفيفة مسائية لزوجها ليتناولها عند عودته في الساعة 1:15 صباحًا.|Sour Sweet|Timothy Mo|true|en|true
01:16|0116-000|الواحدة وست عشرة دقيقة|في تمام الساعة الواحدة وست عشرة دقيقة، دخلوا غرفة المقابلة.|Nothing Gold Can Stay|Dana Stabenow|true|en|true
01:16|0116-001|1:16 صباحًا|من الساعة 1 صباحًا إلى 1:16 صباحًا، بشهادة اثنين من الموصلين الآخرين.|Murder on the Orient Express|Agatha Christie|true|en|true
01:17|0117-000|الواحدة وسبع عشرة دقيقة|" قال تيد وهو يغلق باب المطبخ: ""لا أعرف كيف تشعرين، لكنني مُرهَق"".<br>نظرت هيزل إلى ساعتها. كانت الواحدة وسبع عشرة دقيقة."|Shoeshine Boy|Jeffrey Archer|true|en|true
01:17|0117-001|1:17 صباحًا|الجمعة 1:17 صباحًا<br>كانت الغرفة باردة. باردة جدًا. كان هذا أول ما لاحظه عندما دفعوه إليها. ولا تزال كذلك. لمدة تسع ساعات، كان يجلس على سرير سوفيتي صلب مغطى بالقماش، يرتجف.|Project Daedalus|Thomas Hoover|true|en|true
01:17|0117-002|الواحدة وسبع عشرة دقيقة|في تلك اللحظة (كانت الساعة الواحدة وسبع عشرة دقيقة صباحًا)، كان الملازم برونسفيلد يستعد لمغادرة نوبته والعودة إلى مقصورته، عندما لفت انتباهه صوت أزيز بعيد.|Around the Moon|Jules Verne|true|en|true
01:17|0117-003|1:17|"توقفت الساعات عند الساعة 1:17. ومضة ضوء طويلة تلتها سلسلة من الارتجاجات الخفيفة. نهض واتجه نحو النافذة. ""ما الأمر؟"" سألت. لم يُجب. دخل الحمام وأضاء مفتاح الإضاءة، لكن الكهرباء كانت قد انقطعت. توهج وردي خافت على زجاج النافذة. جثا على ركبة واحدة ورفع ذراع صنبور حوض الاستحمام لإيقافه، ثم فتح الصنبورين على آخرهما."|The Road|Cormac McCarthy|true|en|true
01:18|0118-000|الواحدة وثماني عشرة دقيقة|كانت ليلة السبت، أو صباح الأحد تحديدًا. كانت الساعة الواحدة وثماني عشرة دقيقة.|Summerland|Elin Hilderbrand|true|en|true
01:19|0119-000|الواحدة وتسع عشرة دقيقة|" ""اذهبي إلى الفراش قبل أن يعود""، أمرت نفسها للمرة الألف. مع ذلك، جلست تنظر إلى الساعة. تحرك عقرب الدقائق إلى الواحدة وتسع عشرة دقيقة، وازدادت أعصابها توترًا."|Haunted Husband|Elizabeth August|true|en|true
01:20|0120-000|الواحدة وعشرون دقيقة|استيقظتُ وألقيتُ نظرةً خاطفةً على ساعتي على الطاولة بجانب سريري. كانت الواحدة وعشرون دقيقة. كان قلبي يخفق بشدة. انزلقتُ من السرير إلى السجادة، وجلستُ متربعةً، وأخذتُ أنفاسًا عميقة. ثم حبستُ أنفاسي، وأرخيتُ كتفيّ، وجلستُ منتصبةً، وحاولتُ التركيز. لا بد أنني سبحتُ كثيرًا، كما قررتُ، أو أنني تعرضتُ للشمس كثيرًا.|Blind Willow, Sleeping Woman|Haruki Murakami|true|en|true
01:20|0120-001|الواحدة وعشرون دقيقة|" قالت، وهي تبدو كأنها نبية صغيرة على وشك أن تلعن خطايا الناس: ""حسنًا! هل لي أن أقتطع من وقتك الثمين لأسألك، يا بيرتي ذو الوجه الممتلئ، ما الذي تظن نفسك تفعله بحق كل شيء دموي؟ إنها الآن الواحدة وعشرون دقيقة صباحًا، ولم تفعل شيئًا يُذكر."""|Jeeves and the Feudal Spirit|P.G. Wodehouse|true|en|true
01:20|0120-002|1:20 صباحًا| ثم أصبحت الساعة 1:20 صباحًا، لكنني لم أسمع أبي يصعد إلى غرفته للنوم. تساءلت عما إذا كان نائمًا في الطابق السفلي أم أنه ينتظر الدخول ليقتلني. لذلك أخرجت سكين الجيش السويسري وفتحت شفرة المنشار لأتمكن من الدفاع عن نفسي.|The Curious Incident of the Dog in the Night-Time|Mark Haddon|false|en|true
01:21|0121-000|1:21 صباحًا|"الجمعة 1:21 صباحًا<br>""اسمك فانس؟"" كان الصوت الروسي، بلغته الإنجليزية غير الواضحة، آخر ما توقعه.<br>""من أنت؟""<br>""أنا مدير نظام الدفع لهذه المركبة،"" أجاب رسميًا، وبفخر، وهو يشدّ معطفه الأبيض. ""يجب أن أتحدث إليك. من فضلك."""|Project Daedalus|Thomas Hoover|true|en|true
01:22|0122-000|1:22|كانت الساعة 1:22 عندما وجدنا قبر أبي.|Extremely Loud and Incredibly Close|Jonathan Safran Foer|true|en|true
01:23|0123-000|1:23 صباحًا|أُعلن فوز حزب المحافظين في دائرة كرويدون المركزية في تمام الساعة 1:23 صباحًا، مع تحول بنسبة 1.8% لصالح حزب المحافظين.|This Was a Man|Jeffrey Archer|true|en|true
01:23|0123-001|الواحدة وثلاث وعشرين دقيقة| كانت الساعة تشير إلى الواحدة وثلاث وعشرين دقيقة. شعر فجأةً بقلقٍ شديد، ولكنه كان لا يزال متفائلاً. لقد أتت! من يدري ماذا ستقول؟ ربما تقدم التفسير الأكثر طبيعية لتأخرها.|A Mummer’s Tale|Anatole France|true|en|false
01:24|0124-000|1.24 صباحًا|"توفي لاركين في الساعة 1.24 صباحًا، والتفت إلى الممرضة التي كانت معه، وضغط على يدها، وقال بصوت خافت: ""أنا ذاهب إلى ما لا مفر منه""."|Body Parts: Essays on Life-Writing|Hermione Lee|true|en|true
01:25|0125-000|الواحدة وخمس وعشرين دقيقة|بذل جهدًا أخيرًا؛ حاول النهوض، لكنه سقط للخلف. سقط رأسه على وسائد الأريكة. كانت الساعة حينها الواحدة وخمس وعشرين دقيقة.|The Moonstone|Wilkie Collins|true|en|false
01:26|0126-000|الواحدة وست وعشرون دقيقة صباحًا|عندما وصلت إلى المحطة ونزلتُ، كانت الساعة الواحدة وست وعشرون دقيقة صباحًا بالفعل حسب ساعة الحافلة. لقد غبتُ لأكثر من عشر ساعات.|The Silver Metal Lover|Tanith Lee|true|en|true
01:27|0127-000|1:27 صباحًا| كان إيصالًا لشراء 13.6 جالونًا من البنزين، وهي معاملة ببطاقة ائتمان تحمل توقيع سودربيرغ. تم إصداره في متجر Food ’N Fuel في الساعة 1:27 صباحًا يوم 1 يناير.|Blood Hollow|William Kent Krueger|true|en|true
01:27|0127-001|الواحدة وسبع وعشرين دقيقة|في تمام الساعة الواحدة وسبع وعشرين دقيقة، شعرت وكأنها تطفو خارج جسدها.|Trackers|Deon Meyer|true|en|false
01:28|0128-000|1:28 صباحًا|" كانت الساعة 1:12 صباحًا عندما وصل أبي إلى مركز الشرطة. لم أره حتى الساعة 1:28 صباحًا، لكنني كنت أعلم أنه هناك لأنني سمعته.<br>كان يصرخ: ""أريد أن أرى ابني!""، و""لماذا بحق الجحيم هو محتجز؟""، و""بالطبع أنا غاضب جدًا!""."|The Curious Incident of the Dog in the Night-Time|Mark Haddon|false|en|false
01:29|0129-000|الواحدة وتسع وعشرين دقيقة صباحًا|خرج من دورة المياه في تمام الساعة الواحدة وتسع وعشرين دقيقة صباحًا|The Narc|William Edmund Butterworth|true|en|false
01:30|0130-000|الواحدة والنصف| ألقت نظرة خاطفة على ساعة منضدة سريرها. الواحدة والنصف. تحت عقاربها، قفزت خراف صغيرة مرصعة بالعاج فوق سياج. كان والدها قد صممه لها، ووجدت نفسها تعد المخلوقات الآن، محاولة تجاهل دوي عقلها وهي تغمض عينيها وتغفو في نوم مضطرب مليء برجال ذوي عيون فضية وعصي ذات رؤوس جماجم.|Cogheart|Peter Bunzl|true|en|true
01:30|0130-001|الواحدة والنصف| واصلت روز تأملاتها حتى الواحدة والنصف من صباح يوم الاثنين. كان باقي أفراد ترو (باستثناء آبرون آني وبيغ مو، اللذين كانا يراقبان الجد فليك) نائمين نومًا عميقًا عندما قررت أنها مستعدة.|Doctor Sleep|Stephen King|true|en|false
01:30|0130-002|الواحدة والنصف|في اليوم التالي، في تمام الساعة الواحدة والنصف، زرت فان نوردن. كان يوم إجازته، أو بالأحرى ليلته. لقد ترك عمله مع كارل لأساعده في الانتقال اليوم.<br>وجدته في حالة اكتئاب غير عادية. أخبرني أنه لم ينم طوال الليل. هناك شيء يشغل باله، شيء ينهشه.|Tropic of Cancer|Henry Miller|true|en|true
01:30|0130-003|الواحدة والنصف|"الواحدة والنصف، أضاء مصباح الشارع، تمتم مصباح الشارع، قال مصباح الشارع: ""انظر إلى تلك المرأة..."""|Rhapsody on a Windy Night|T.S. Eliot|true|en|true
01:30|0130-004|1:30 صباحًا| حوالي الساعة 1:30 صباحًا، فُتح الباب، وظننتُ أنها كارلا، لكنه كان باج، يقول إن كارلا ولورا خرجتا في حفلة توديع عزوبية بعد أن نفد منهما الطلاء.|Microserfs|Douglas Coupland|true|en|true
01:30|0130-005|الواحدة والنصف|ساعد الوقت المتأخر. لقد بسّط الأمور. صنّف السكان. كان معظم المارة الأبرياء في منازلهم نائمين. مشيت لمدة نصف ساعة، لكن لم يحدث شيء. حتى الواحدة والنصف صباحًا. حتى عدت إلى شارع 22 وبرودواي.|Gone Tomorrow|Lee Child|true|en|true
01:30|0130-006|1:30 صباحًا|أضاءت ساعة المنبه الراديوية الساعة 1:30 صباحًا. دوى صوت كاريوكي رديء عبر الجدران. كنت مستيقظًا تمامًا، مقيدًا بملاءاتي المتعرقة. غرز صداع في صدغيّ. نبضت معدتي بتداخل أشعة جاما: اندفعت إلى المرحاض.|Ghostwritten|David Mitchell|true|en|true
01:31|0131-000|الواحدة وإحدى وثلاثين دقيقة|كانت الساعة الواحدة وإحدى وثلاثين دقيقة صباحًا. صبّ كأسًا آخر من مشروب كراون. شربه دفعة واحدة وكرر العملية مرتين أخريين.|Westerly|Michael E. Newell|true|en|false
01:32|0132-000|واحدة واثنان وثلاثون دقيقة| جلست على الأريكة مجدداً ونظرت إلى ساعتي. كانت الواحدة واثنان وثلاثون دقيقة. أغمضت عيني وركزت على نقطة في رأسي. كان ذهني فارغاً تماماً، استسلمت لرمال الزمن وتركت التيار يأخذني حيثما يشاء.|Blind Willow, Sleeping Woman|Haruki Murakami|true|en|true
01:32|0132-001|واحدة واثنان وثلاثون دقيقة|ابتسمت له بمرحٍ خبيث، كاشفةً عن أسنانها المربعة الكبيرة، ثم ركضت نحو الدرج. الواحدة واثنان وثلاثون دقيقة. ظنت أنها سمعت صفارة، فخطت الدرجات الثلاث الأخيرة بخطوة واحدة.|Stamboul Train|Graham Greene|true|en|true
01:33|0133-000|الواحدة وثلاث وثلاثون دقيقة صباحًا|نظر إلى ساعته. الواحدة وثلاث وثلاثون دقيقة صباحًا. لقد كان نائمًا على هذا المقعد لأكثر من ساعة ونصف.|Skeletons|Kat Fox|true|en|true
01:34|0134-000|1:34|لم تستطع ميرتل النوم. أخبرتها أرقام ساعتها الرقمية المضيئة أنها الساعة 1:34 صباحًا، وهو وقت متأخر لم تستيقظ فيه قط في حياتها. لكن الأسئلة كانت كثيرة وملحة لدرجة أنها لم تتركها وشأنها.|Drowned Hopes|Donald E. Westlake|true|en|false
01:35|0135-000|واحدة وخمسة وثلاثون دقيقة|بعد يومين، أيقظ رنين مذكراته ميرال في منتصف الليل. نفض نفسه ونظر إلى الساعة على شاشة المذكرات.<br>واحدة وخمسة وثلاثون دقيقة. وقت غير عادي لرسالة. هل رُصدت السفينة؟|The Dark Foundations|Chris Walley|true|en|true
01:36|0136-000|الواحدة وست وثلاثون دقيقة|في الجانب الشمالي الشرقي من الشارع، في منتصف المسافة تقريبًا بين سوقي السمك واللحوم في مدينة فالموث الساحلية، وفي حوالي الساعة الواحدة وست وثلاثون دقيقة الهادئة والمهيبة، بحسب ساعة والدي، صباح يوم 28 ديسمبر، وكان جلالة الملك جورج الثاني ملك بريطانيا العظمى وأيرلندا (من الضروري في الأمور المهمة أن نكون دقيقين)، تم تقديمي، وفقًا للأشكال والاحتفالات المعتادة، إلى عائلة هاري العريقة، بصفتي الابن/الابنة غير المشكوك فيها لوالدي ريتشارد ووالدتي جوان، التاسع، وكما ثبت لاحقًا، الأخير من نسلهما الواعد.|Hurricane Hurry|W.H.G. Kingston|true|en|true
01:37|0137-000|1:37|"ظهر الرائد يون بجانب الجنرال كاسلتون، وسلمه جهازًا. أخذه الجنرال كاسلتون، وتجهم وجهه وعقد حاجبيه وهو يقرأه.<br>سألته عندما رفع رأسه: ""ما هذا؟"". ""في الساعة 1:37 من صباح اليوم، تم إرسال رسالة مشفرة من داخل القاعدة."""|Outcasts|Gail Delaney|true|en|false
01:38|0138-000|الواحدة وثمانية وثلاثين دقيقة|في تمام الساعة الواحدة وثمانية وثلاثين دقيقة صباحًا، غادر المشتبه به السينما المكشوفة وتوجه بسيارته إلى المنزل رقم 723 في شارع وولنت الشمالي، خلف المنزل، وأوقفها.|The Narc|William Edmund Butterworth|true|en|false
01:39|0139-000|01:39|"أنت تشاهد مدونة blueeyedboy المنشورة على: badguysrock@webjournal.com<br>تاريخ النشر: 01:39 يوم الجمعة، 22 فبراير<br>الحالة: عام<br>المزاج: سيء<br>أستمع إلى: غلوريا غاينور: ""سأنجو"""|Blueeyedboy|Joanne Harris|true|en|true
01:40|0140-000|الواحدة وأربعون دقيقة صباحًا|في الثاني عشر من مارس، الساعة الواحدة وأربعون دقيقة صباحًا، تغادر مجموعة من أصدقائها الذين يشربون الخمر لتلحق بحافلة إلى منزلها. لكنها لا تصل أبدًا.|Bones to Ashes|Kathy Reichs|true|en|true
01:41|0141-000|الثانية إلا تسع عشرة دقيقة| رافلز، عارياً تماماً، يحمل قارورة زجاجية مسدودة بقطعة قطن بين أسنانه، ومفك براغي صغير خلف أذنه، تسلل بقدميه أولاً عبر فتحة التهوية فوق سريره؛ وعندما كانت الساعة الثانية إلا تسع عشرة دقيقة، عاد، رأسه أولاً، والقارورة لا تزال بين أسنانه وقطعة القطن محشورة بإحكام لإسكات صوت ما بداخلها الذي يشبه حبة فاصولياء رمادية كبيرة.|The Amateur Cracksman|E.W. Hornung|false|en|true
01:42|0142-000|01:42|في تمام الساعة 01:42 و26 ثانية، اصطدمت الطائرة بجانب تل نيميتز، وهو جبل كثيف النباتات يقع على بعد ثلاثة أميال جنوب غرب المطار - حيث ارتطمت 60 مليون دولار و212 ألف كيلوغرام من الفولاذ بأرض صخرية بسرعة 100 ميل في الساعة.|Outliers: The Story of Success|Malcolm Gladwell|true|en|true
01:43|0143-000|1:43 صباحًا|في تمام الساعة 1:43 صباحًا، تعالت الهتافات عندما فاز المحافظون بدائرة باسيلدون، وهو ما يشير في مخطط إيما إلى أغلبية للمحافظين تبلغ حوالي 30 مقعدًا.|This Was a Man|Jeffrey Archer|true|en|true
01:43|0143-001|01:43|تم توقيتها في الساعة 01:43 صباح يوم الهجوم على كيني ستوكس.|Trophies|David Evans|true|en|true
01:44|0144-000|الثانية إلا ست عشرة دقيقة|أدركت أن السبب هو التوتر، يومان طويلان من التوتر، فنظرت إلى ساعتها، الثانية إلا ست عشرة دقيقة، وكادت تقفز من الخوف، موجة صدمة تجتاح جسدها، أين ذهب الوقت؟|Trackers|Deon Meyer|true|en|true
01:45|0145-000|1:45|"في النهاية قبلتُ كأسًا من النبيذ الأحمر. بدا لي من الوقاحة والانتقاد أن أتركه يشرب وحده. توقفت ساعة العربة عند 1:45 قبل أن يستفيق ويقول: ""آسف يا ابن عمي. أنا ثمل بعض الشيء. اشكر الله على رفقتك. إلى الفراش، إلى النوم، وربما إلى الحلم."""|The Mistletoe Murder|P.D. James|true|en|true
01:45|0145-001|الثانية إلا عشر دقائق أو خمس عشرة دقيقة|"عندما كانت الساعة الثانية إلا عشر دقائق أو خمس عشرة دقيقة، كان الشماس يدخل؛ كان شابًا نحيلًا في الثانية والعشرين من عمره، ذو شعر طويل، بلا لحية ولا شارب يُذكر. دخل غرفة الرسم، ورسم إشارة الصليب أمام الأيقونة، وابتسم، ومد يده إلى فون كورين.<br>قال عالم الحيوان ببرود: ""صباح الخير. أين كنت؟"""|The Duel|Anton Pavlovich Chekhov|true|en|false
01:45|0145-002|1:45 صباحًا| بدا كابلان في حالة يرثى لها أكثر من المعتاد. كانت بشرة أعلى خديه وحول عينيه متقرحة من قضمة الصقيع. يشير عرجه إلى أنه ربما أصيب بقضمة صقيع في بعض أصابع قدميه أيضًا. كان آخر اتصال منه في الليلة السابقة في الساعة 1:45 صباحًا، عندما اتصل لاسلكيًا ليُبلغ القسم بأنه قد استسلم أخيرًا.|Corpus Delicti|William Kent Krueger|false|en|true
01:46|0146-000|واحدة وست وأربعون دقيقة صباحًا| أيقظت تلك الظاهرة بريستو في تمام الساعة الواحدة وست وأربعون دقيقة صباحًا؛ فقام بصمت بطلاء وجهه وجسده العاري بطلاء التمويه. فتح باب غرفته وخرج إلى الردهة المشتركة.|Fardnock’s Revenge|J.W. Stockton|false|en|true
01:47|0147-000|1:47 صباحًا| في تلك الليلة، استيقظ كورك، ونظر إلى الساعة على المنضدة بجانب السرير - 1:47 صباحًا - وأدرك أنه وحيد.|Mercy Falls|William Kent Krueger|true|en|true
01:47|0147-001|1:47 صباحًا|الجمعة 1:47 صباحًا<br>«هل سيساعد؟» نظر يوري أندروف إلى الرجال الأحد عشر في غرفة التحكم المظلمة. كان الجدار على الجانب الأيسر مصنوعًا بالكامل من زجاج سميك يطل على المحطة رقم واحد. نفق الرياح، وشاشات الفيديو، ولوحات الأجهزة، كل شيء كان خامدًا الآن.|Project Daedalus|Thomas Hoover|true|en|true
01:48|0148-000|01:48|السيد بيريبارت، غادرتَ على الفور بموجب تصريح خاص من الحكومة في سايغون، وعدتَ إلى هنا في الساعة 01:48 بالتوقيت المحلي.|Finity|John Barnes|true|en|true
01:49|0149-000|01.49| لم يتناول السيد بامبلموس جرعة واحدة، بل عدة جرعات كبيرة من المنشطات قبل أن يخلد إلى النوم. ونتيجة لذلك، استغرق وقتًا أطول من المعتاد ليستعيد وعيه عندما رن الهاتف للمرة الثانية. أغمض عينيه، واستغرق الأمر لحظة أو اثنتين قبل أن يتمكن من فك شفرة الرقمين 01.49 على ساعة السرير الرقمية، ثم استغرق الأمر عدة لحظات أخرى قبل أن يفهم أخيرًا ما يُقال.|Monsieur Pamplemousse and the Militant Midwives|Michael Bond|true|en|true
01:50|0150-000|الثانية إلا عشر دقائق|كان عليها الخروج من هذه العربة اللعينة. قد تكون الأكبر والأكثر فخامة في العالم، لكنها الآن تبدو بحجم نعش. اتجهت نحو الباب، متمسكة بأشياء لتحافظ على توازنها. ألقت نظرة على الساعة على لوحة القيادة قبل أن تخرج. الثانية إلا عشر دقائق. كل شيء حدث في غضون عشرين دقيقة فقط. أمر لا يُصدق.|Doctor Sleep|Stephen King|false|en|true
01:50|0150-001|قبل عشر دقائق من الثانية صباحًا|لا، فكرت: كل سكرتيرة قانونية عزباء، ونادلة، وطبيبة تقويم أسنان لديها قطة أو اثنتان - ولم تستطع تحمل ذلك (ولا حتى على سبيل المزاح، ولا حتى للحظة واحدة قبل عشر دقائق من الثانية صباحًا)، تجسيدًا للابتذال.|Dog|Michelle Herman|true|en|true
01:51|0151-000|الثانية إلا تسع دقائق|في تمام الساعة الثانية إلا تسع دقائق، وصلت المركبة الأخرى. في البداية، لم تصدق ميلا عينيها: ذلك الشكل، تلك العلامات.|Trackers|Deon Meyer|true|en|true
01:52|0152-000|الثانية إلا ثماني دقائق|أكد لينك بالتخاطر أن الساعة كانت الثانية إلا ثماني دقائق صباحًا. لم يتبق لي سوى ثماني دقائق قبل ظهور الشذوذ مرة أخرى. كان الوقت في القرن السادس والعشرين ينفد بسرعة بالنسبة لي.|A Timeless Journey|Elliot Sacchi|true|en|true
01:53|0153-000|الثانية إلا سبع دقائق| تناول بوني رشفة أخرى، ثم أخذ الكأس، وطلب من الرجل العجوز أن ينام، وغادر الغرفة، سائرًا بهدوء إلى نافذة غرفة نومه. لم يمضِ على وجوده في غرفته سوى دقيقة واحدة عندما سمع صوت سيارة بويك عائدة. كانت الساعة حينها الثانية إلا سبع دقائق.|The Mountains Have a Secret|Arthur Upfield|true|en|true
01:54|0154-000|الثانية إلا ست دقائق|الثانية إلا ست دقائق. راقبت جانينا مينتز الشاشة، حيث كانت نافذة البرنامج الصغيرة تومض بملفات تتصفح بسرعة كبيرة يصعب قراءتها، باحثةً عن الكلمة المفتاحية.|Trackers|Dean Koontz|true|en|true
01:55|0155-000|1:55 صباحًا|1:55 صباحًا، بايسيد، كوينز<br>يؤدي درجان إلى شقة الطابق السفلي التي يتشاركها راندال الحكيم وعبد الدين - أحدهما من الفناء الخلفي الصغير والآخر من داخل المنزل.|Warrior Monk|Ray Keating|true|en|true
01:56|0156-000|01:56|سيدي السيد بيريبارت، في تمام الساعة 01:56 أمرتني بالعودة إلى وضع الإيقاف.|Finity|John Barnes|true|en|true
01:57|0157-000|واحدة وسبع وخمسون دقيقة| ثم فتحت عيني ونظرت إلى ساعتي. كانت الواحدة وسبع وخمسون دقيقة. خمس وعشرون دقيقة قد ضاعت. ليس سيئًا، قلت لنفسي. طريقة عبثية لتضييع الوقت. ليس سيئًا على الإطلاق.|Blind Willow, Sleeping Woman|Haruki Murakami|true|en|true
01:58|0158-000|الثانية إلا دقيقتين| كانت الساعة الثانية إلا دقيقتين. تفقدت مصباحي اليدوي وظرفي، وتركت باطن ذراعي يلامس صلابة حافظة مسدسي من خلال سترتي. كان ذلك مطمئنًا.|Bullet for a Star|Stuart M. Kaminsky|true|en|false
01:58|0158-001|الساعة تقارب الثانية صباحًا|استيقظت على نباح الكلاب. سمعت صوت إغلاق باب، وصوت خطواته نحو المطبخ. انطفأت النار، ولم يحترق الحطب الجديد، لكن المصباح كان لا يزال مضاءً. نظرت إلى ساعتي؛ كانت الساعة تقارب الثانية صباحًا. شعرت بالبرد والغثيان. نهضت ومررت يدي على شعري. نكزت كارين بإصبع قدمي؛ فاستيقظت وهي ترمش.|The Body Lies|Jo Baker|true|en|true
01:59|0159-000|واحد … تسعة وخمسون|" جلس لمدة عشرين دقيقة يراقب الفجوة بين السفينة وإيبون وهي تتقلص، بينما كان حاسوب السفينة يُلاعب ويُحلل الأرقام التي ستجعلها تدور حول القمر الصغير، ثم يُغلق الحلقة ويُبقيها هناك، تدور في غموض أبدي. ""واحد … تسعة وخمسون …"""|So Long, and Thanks for All the Fish|Douglas Adams|true|en|true
02:00|0200-000|الثانية صباحًا|" لذلك عندما طرق دوم، وهو يبدو مضطربًا ويائسًا، باب توم في الثانية صباحًا وقال إنه سيمحو جزءًا من الدين مقابل ""مهمة""، عرف توم أنه لا خيار أمامه. علاوة على ذلك، لم يكن هذا عرضًا في الحقيقة؛ بل كان أمرًا."|The Ambition|Lee Strobel|true|en|true
02:00|0200-001|الساعة الثانية|"""في تلك الليلة، استيقظتُ حوالي الساعة الثانية على صوت رعد بعيد، وأدركتُ من جديد أن السيد هاريجان قد مات.<br>كنتُ في سريري، وكان هو في التراب."""|If It Bleeds|Stephen King|true|en|true
02:00|0200-002|2:00 صباحًا| ثم في صباح أمس، أحضرت والدة الطالبة إيمي تشان ابنتها إلى محطة توين فولز. زعمت إيمي أنها رأت لينا تتعثر وهي ثملة على رصيف جسر الشيطان حوالي الساعة 2:00 صباحًا يوم السبت 15 نوفمبر.|Beneath Devil’s Bridge|Loreth Anne White|true|en|true
02:00|0200-003|الثانية صباحًا|"""دقت الساعة في منتصف جدار المقهى معلنةً أنها الثانية صباحًا. في منتصف الليل، كان كل شيء صامتًا."""|Before the Coffee Gets Cold: Tales from the Cafe|Toshikazu Kawaguchi|true|en|true
02:00|0200-004|الساعة الثانية|"""إنه رسام واهم من ينهي لوحته في الساعة الثانية ويتوقع تحولًا مجتمعيًا جذريًا بحلول الساعة الرابعة. حتى عندما يكتب الفنانون بيانات، فإنهم (نأمل) يدركون أن لهجتهم المتسرعة، في نهاية المطاف، مستعارة، لا تعدو كونها صدى ومحاكاة لإلحاح مطالب الثوار، أو احتجاجات النشطاء، بدلًا من تجسيدها فعليًا. يطالب الناس أحيانًا بالتغيير. نادرًا ما يطالبون بالفن."""|Intimations|Zadie Smith|true|en|true
02:00|0200-005|الثانية صباحًا|سمعت جيسيكا الضجة في القاعة الكبرى، فأضاءت الضوء بجانب سريرها. لم تكن الساعة مضبوطة بشكل صحيح على التوقيت المحلي، واضطرت إلى طرح 21 دقيقة لتحديد أن الساعة كانت حوالي الثانية صباحًا.|Dune|Frank Herbert|true|en|true
02:00|0200-006|الثانية صباحًا|"""عزيزي السيد شرلوك هولمز:<br>حدث أمرٌ مريبٌ خلال الليل في المنزل رقم 3، حدائق لوريستون، قبالة طريق بريكستون. رأى رجلنا المناوب ضوءًا هناك حوالي الساعة الثانية صباحًا، ولأن المنزل كان خاليًا، اشتبه في وجود خطبٍ ما."""|A Study in Scarlet|Sir Arthur Conan Doyle|true|en|true
02:00|0200-007|الثانية|بعد أن انتهى من تصفيف شعره المستعار، وضع أحد دفاتر ستابلز الفارغة بجانب حاسوبه المحمول وبدأ جولة افتراضية للمنازل والشقق المعروضة للإيجار. وجد عددًا من الخيارات المحتملة، لكن أي تحقيق ميداني سيضطر للانتظار حتى يستلم بضاعته من أمازون.<br>لم تكن الساعة قد تجاوزت الثانية إلا عندما انتهى من بحثه الافتراضي عن منزل، ما زال الوقت مبكرًا جدًا لإنهاء يومه. لقد حان وقت الكتابة بالفعل.|Billy Summers|Stephen King|true|en|true
02:00|0200-008|الثانية صباحًا|"وفقًا لساعته من نوع تايمكس، كانت الساعة الثانية صباحًا. كانت الغرفة باردة، لكن ذراعيه وصدره كانا غارقين بالعرق.<br>هل تريد بعض النصائح يا عزيزي؟<br>قال: ""لا، ليس منك."""|Doctor Sleep|Stephen King|true|en|true
02:00|0200-009|الثانية صباحًا|على الرغم من أنها كانت الثانية صباحًا، أجابت مومو على الرنة الثانية. كانت تبلغ من العمر 85 عامًا، وكان نومها رقيقًا كجلدها.|Doctor Sleep|Stephen King|true|en|true
02:00|0200-010|الساعة الثانية|" قلتُ باقتضاب: ""سأجرب دواء إنفرميتيرول"".<br>""جيد. وتناول وجبة غنية بالألبان كل يوم. هل تعلم أن الأبقار يمكنها اختيار النوم واقفة أو مستلقية؟ لو خُيّرت، أعرف ما <em>سأختاره أنا</em>. هل سبق لك أن صنعت الزبادي على الموقد؟ لا تجب على هذا السؤال. سنؤجل درس الطبخ إلى اجتماعنا القادم. الآن اكتب هذا لأنني أشعر أنك مصاب بالذهان لدرجة أنك لن تتذكره: السبت، 20 يناير، الساعة الثانية. وجرّب دواء إنفرميتيرول. مع السلامة."""|My Year of Rest and Relaxation|Ottessa Moshfegh|true|en|true
02:00|0200-011|الساعة الثانية|عندما عدت إلى منزلي في ويست إيغ تلك الليلة، خشيت للحظة أن يكون منزلي يحترق. كانت الساعة الثانية، وكانت زاوية شبه الجزيرة بأكملها تتوهج بالضوء، الذي سقط بشكل غير واقعي على الشجيرات وأحدث ومضات رقيقة ممتدة على أسلاك جانب الطريق.|The Great Gatsby|F. Scott Fitzgerald|true|en|true
02:00|0200-012|الساعة الثانية|مدّ هنري يده ليأخذ الرسالة، فأعطتها له فيكتوريا مقابل مشروب سويت كابورال. لم تكن هناك سوى أربع كلمات: «<em>غدًا صباحًا، الساعة الثانية</em>».|Full Dark, No Stars|Stephen King|true|en|true
02:00|0200-013|الثانية صباحًا| كانت تعلم أنه لا بد أن لديه تاريخًا خاصًا بها، بدءًا من مرطب الشفاه بنكهة القرفة الذي كانت تستخدمه على شفتيها في الشتاء، مرورًا برائحة الشامبو عندما كان يُقبّل مؤخرة رقبتها (لم يعد هذا التقبيل يحدث كثيرًا الآن، ولكنه كان لا يزال يحدث)، وصولًا إلى صوت نقرة جهاز الكمبيوتر الخاص بها في الثانية صباحًا في تلك الليلتين أو الثلاث ليالٍ من الشهر عندما يعجزها النوم لسبب ما.|Full Dark, No Stars|Stephen King|true|en|true
02:00|0200-014|الثانية صباحًا|أغلقت حاسوبها وصعدت إلى الطابق الثاني بخطى بطيئة. خفف الاستحمام من ألم ظهرها، وربما يخفف تناول حبتين من تايلينول الألم أكثر بحلول الساعة الثانية صباحًا تقريبًا؛ كانت متأكدة من أنها ستستيقظ لتكتشف ذلك.|Full Dark, No Stars|Stephen King|true|en|true
02:00|0200-015|الساعة الثانية صباحًا| في تمام الساعة الثانية صباحًا، بلغت الليلة ذروتها، وقرر الثلاثة العودة إلى منزل كليو وفرانك. كانت زوي تجلس مع أودري على سلم النجاة الكبير تتعلمان كيفية لف سيجارة حشيش مثالية عندما خرجت كليو مسرعةً، وذراعاها محملتان بمصاصات مثلجة ملونة.|Cleopatra and Frankenstein|Coco Mellors|false|en|true
02:00|0200-016|الساعة الثانية|" سألت: ""بعد ظهر يوم السبت؟""<br>غمز لبيلي وضغط على رأس الفتاة بين ذراعيه. ""لا، الساعة الثانية من مساء السبت. تسللي واطرقي نفس النافذة التي كنتِ عندها هذا الصباح. سأقنع عاملة المناوبة الليلية بالسماح لكِ بالدخول."""|One Flew Over the Cuckoo’s Nest|Ken Kesey|true|en|true
02:00|0200-017|الثانية صباحًا|" قال شون: ""لقد انتظرت هنا طوال الليل. أخبريني بكل شيء.""<br>قالت: ""شون، كل شيء مذهل. من أين أبدأ؟...""<br>تحدثا حتى الثانية صباحًا."|Reprieve|James Han Mattson|true|en|true
02:00|0200-018|الثانية صباحًا|بعد مرور ما يقارب أربعة أشهر على زواجها من حسين، وبعد ثلاثة أيام من مجزرة الجمعة السوداء المروعة في ساحة جاله، تسللت بهار إلى شقة شقيقاتها في طهران في تمام الساعة الثانية صباحًا. انزلقت بهدوء شديد إلى السرير الفردي الذي كانت تتقاسمه ذات مرة مع ليلى الصغيرة، لدرجة أن مرجان لم تلاحظها حتى بزوغ الفجر.|Pomegranate Soup|Marsha Mehran|true|en|true
02:00|0200-019|الساعة الثانية|في تمام الساعة الثانية، سألت سالي إيزابيل، العائدة إلى منزل عائلة ويذربي، عما إذا كانت قد قضت هي وأموري وقتًا ممتعًا في غرفة المعيشة. التفتت إيزابيل إليها بهدوء. كان في عينيها بريق المثالية، وبريق الحالمة التي لا تُمس، والتي تحلم بأحلام تشبه أحلام جوان.|This Side of Paradise|F. Scott Fitzgerald|true|en|true
02:00|0200-020|الساعة الثانية|مع دقات جرس الكاتدرائية معلنةً الساعة الثانية، استيقظ جان فالجان.|Les Misérables|Victor Hugo|true|en|true
02:00|0200-021|الساعة الثانية صباحًا|اصعد إلى الطائرة في الساعة الثانية صباحًا، وسط حزم الأمتعة والدجاج والغجر، واجلس مقابل اثنين من العرافين البدينين اللذين يتأوهان ويتقيآن (بشكل سري للغاية) طوال الطريق إلى تبليسي.|Bech: A Book|J. Updike|true|en|true
02:00|0200-022|اثنان|ليدي ماكبث: اخرجي، أيتها البقعة اللعينة؛ اخرجي، أقول. واحد، اثنان، - حسنًا، حان وقت التنفيذ. الجحيم مظلم. تباً لك يا سيدي، تباً لك، جندي خائف؟ ما الذي نخافه ونحن نعلم أنه لا أحد يستطيع محاسبتنا على قوتنا؟ ومع ذلك، من كان يظن أن الرجل العجوز كان يحمل كل هذا الدم في عروقه؟|Macbeth|William Shakespeare|false|en|true
02:00|0200-023| دقت الساعة الثانية.| من مكان ما خلف شاشة، بدأت ساعة تصدر أزيزًا، كما لو كانت مثقلة بشيء ما، كما لو أن أحدهم يخنقها. بعد أزيز مطول بشكل غير طبيعي، تبعه رنين حاد، مزعج، وسريع بشكل غير متوقع - كما لو أن أحدهم يقفز فجأة إلى الأمام. دقت الساعة الثانية. استيقظت، على الرغم من أنني لم أكن نائمًا في الواقع، بل كنت شبه فاقد للوعي.|Notes from the Underground|Fyodor Dostoyevsky|true|en|true
02:00|0200-024|الساعة الثانية|عندما ساد الهدوء وذهب فيودور بافلوفيتش إلى فراشه حوالي الساعة الثانية، ذهب إيفان فيودوروفيتش أيضًا إلى فراشه عازمًا على النوم سريعًا، لأنه كان يشعر بإرهاق شديد.|The Brothers Karamazov|Fyodor Dostoyevsky|true|en|true
02:00|0200-025|ساعتين تقريبًا|لم يمضِ على الليل سوى ساعتين تقريبًا حتى كنا جميعًا في القارب، حيث فُكّت يدا والد زورايدا وأُزيل القماش عن فمه|Don Quijote de la Mancha|Miguel de Cervantes|true|es-ES|true
02:01|0201-000|2.01 صباحًا| نظرت إلى ساعتي. 2.01 صباحًا. وجبة هابي ميل بالتشيز برجر أصبحت الآن مجرد ذكرى بعيدة. لعنت نفسي لعدم طلبي شطيرة إفطار أيضًا لهذا الصباح.|The Selected Works of T.S. Spivet|Reif Larsen|true|en|true
02:02|0202-000|حوالي الثانية. بعد الثانية بقليل.|"سأل أليك بحدة: ""منتصف الليل؟ هل يمكنكِ أن تكوني أكثر تحديدًا؟""<br>""حوالي الثانية. بعد الثانية بقليل."" لاحظت ديزي أنه لم يُبدِ أي قلق على سلامتها."|Dead in the Water|Carola Dunn|true|en|true
02:03|0203-000|الثانية وثلاث دقائق|في تمام الساعة الثانية وثلاث دقائق، تذبذبت أضواء ممر الموتيل ثم انطفأت، تاركةً الممر الطويل في ظلام شبه دامس، ولم يبقَ سوى ضوء خافت من الدرج كمصدر وحيد للإضاءة.|The Bourne Identity|Robert Ludlum|true|en|true
02:03|0203-001|تقريبًا 2:04|"استيقظ.<br>""كنتَ تحلم بأسوأ كابوس.""<br>""بالتأكيد كنتَ كذلك.""<br>""كان الأمر مروعًا. استمرّ بلا نهاية.""<br>""هززتك مرارًا وتكرارًا.""<br>""حان الوقت.""<br>""إنها تقريبًا - تقريبًا 2:04."""|Oblivion|David Foster Wallace|true|en|true
02:04|0204-000|2:04|"استيقظ.<br>""كنتَ تحلم بأسوأ كابوس.""<br>""بالتأكيد كنتَ كذلك.""<br>""كان الأمر مروعًا. استمرّ بلا نهاية.""<br>""هززتك مرارًا وتكرارًا.""<br>""حان الوقت.""<br>""إنها تقريبًا - تقريبًا 2:04."""|Oblivion|David Foster Wallace|true|en|true
02:05|0205-000|2:05 صباحًا|2:05 صباحًا، فلاشينغ، كوينز<br>كان هاتفها المحمول، مضبوطًا على وضع الاهتزاز، موضوعًا على الطاولة بجانب السرير.|Warrior Monk|Ray Keating|true|en|true
02:05|0205-001|2:05|في الدقيقة 2:05، انطلقت الجوارب الفوارة ممزقة.|London Fields|Martin Amis|true|en|true
02:05|0205-002|الثانية وخمس دقائق|" ثم بدأ يقرع الجرس. بعد حوالي عشر دقائق، ظهر خادمه، نصف عارٍ، ويبدو عليه النعاس الشديد. قال وهو يدخل: ""أنا آسف لاضطراري لإيقاظك يا فرانسيس، لكنني نسيت مفتاح الباب. كم الساعة؟""<br>أجاب الرجل وهو ينظر إلى الساعة ويتثاءب: ""الثانية وخمس دقائق يا سيدي.""<br>""الثانية وخمس دقائق؟ يا له من تأخير فظيع! يجب أن توقظني في التاسعة غدًا. لدي بعض العمل لأنجزه."""|The Picture of Dorian Gray|Oscar Wilde|true|en|true
02:06|0206-000|الثانية وست دقائق| نظر إلى ساعته: الثانية وست دقائق. أغلق باب غرفة النوم ونزل الدرج ببطء. فتح الباب الأمامي فرأى سيارته متوقفة بجانب الرصيف.|A Prisoner of Birth|Jeffrey Archer|true|en|true
02:06|0206-001|الثانية وست دقائق|وكانت الساعة الثانية وست دقائق. وماذا عن يونا؟ من المحتمل أن يصل هو وهاري متأخرين خمس دقائق.|Berry and Co.|Dornford Yates|true|en|true
02:06|0206-002|حوالي الثانية. بعد الثانية بقليل.|"منتصف الليل؟ سأل أليك بحدة. ""هل يمكنكِ أن تكوني أكثر تحديدًا؟""<br>""حوالي الثانية. بعد الثانية بقليل."" لاحظت ديزي أنه لم يُبدِ أي قلق على سلامتها."|Dead in the Water|Carola Dunn|true|en|true
02:07|0207-000|2:07 صباحًا| في تمام الساعة 2:07 صباحًا، قررتُ أنني أريد شرب عصير برتقال قبل أن أغسل أسناني وأخلد إلى النوم، فنزلتُ إلى المطبخ. كان والدي جالسًا على الأريكة يشاهد السنوكر على التلفاز ويشرب الويسكي. كانت الدموع تنهمر من عينيه.|The Curious Incident of the Dog in the Night-Time|Mark Haddon|true|en|true
02:07|0207-001|2.07 صباحًا|لكنني لم أستطع النوم. ونهضت من السرير في الساعة 2.07 صباحًا، وشعرت بالخوف من السيد شيرز، فنزلت إلى الطابق السفلي وخرجت من الباب الأمامي إلى شارع تشابتر.|The Curious Incident of the Dog in the Night-Time|Mark Haddon|true|en|true
02:07|0207-002|2.07 صباحًا|السبت، 17 نوفمبر - 2.07 صباحًا. لا أستطيع النوم. بن في الطابق العلوي، عاد إلى سريره، وأنا أكتب هذا في المطبخ. يظن أنني أشرب كوبًا من الكاكاو الذي أعده لي للتو. يظن أنني سأعود إلى السرير قريبًا. سأعود، لكن عليّ أولًا أن أكتب مجددًا.|Before I Go to Sleep|S.J. Watson|true|en|true
02:08|0208-000|2:08|ارتدت ملابسها بسرعة، وأنهت ربط حذائها الرياضي الثاني. كانت الساعة تشير الآن إلى 2:08.|Warrior Monk|Ray Keating|true|en|true
02:09|0209-000|2:09 صباحًا|2:09 صباحًا، جامايكا، كوينز<br>خارج منزل آل الدولة، كان عملاء مكتب التحقيقات الفيدرالي متمركزين - ليس فقط على الأرض، ولكن أيضًا على سطح الطابق الأول الجزئي خارج نوافذ غرفة النوم في الطابق الثاني.|Warrior Monk|Ray Keating|true|en|true
02:10|0210-000|الثانية وعشر دقائق|أشعلت ضوء سريرها، وتلمست نظارتها، ونظرت إلى ساعة العربة التي تدق بهدوء على منضدة سريرها. كانت الساعة الثانية وعشر دقائق فقط. لم يكن هناك أمل في الانتظار حتى الصباح.|A Taste for Death|P.D. James|true|en|true
02:10|0210-001|2:10| قام عملاء مكتب التحقيقات الفيدرالي، مرتدين سترات واقية وأقنعة غاز ونظارات رؤية ليلية، بتأمين الطابق الأرضي وإخراج مالكي المنزل المسنين. لسوء الحظ، كان الزوجان مستيقظين، وصرخت الزوجة عند اقتحام غرفة نومهما. استدعى الضجيج التحرك فورًا، بدلًا من انتظار الموعد المحدد في الساعة 2:10.|Warrior Monk|Ray Keating|true|en|true
02:10|0210-002|الثانية وعشر دقائق|"أجاب الرجل وهو ينظر إلى الساعة ويرمش: ""الثانية وعشر دقائق يا سيدي. الثانية وعشر دقائق؟ يا له من تأخير فظيع!"""|The Picture of Dorian Gray|Oscar Wilde|true|en|true
02:10|0210-003|2:10 صباحًا|قررنا الانطلاق مجددًا حالما تتحسن الأحوال الجوية. تساقطت الثلوج وهبت رياح بلغت سرعتها حوالي 50 أو 60 ميلًا في الساعة. 26 فبراير، السبت - خرج ريتشاردز الساعة 1:10 صباحًا ووجد أن الجو بدأ يتحسن قليلًا، لذلك انطلقنا في أسرع وقت ممكن، أي الساعة 2:10 صباحًا|South: The Endurance Expedition|Ernest Shackleton|true|en|true
02:11|0211-000|2:11|مخبأة جيدًا، انتظر كل هاتف كجندي عديم الأخلاق، مجرد من الرحمة، أوامره. وجاءت تلك الأوامر في تمام الساعة 2:11:17 صباحًا بتوقيت شرق الولايات المتحدة.|Warrior Monk|Ray Keating|true|en|true
02:12|0212-000|الثانية واثنتا عشرة دقيقة صباحًا|يعلم فيرنر أنه في تمام الساعة الثانية واثنتا عشرة دقيقة صباحًا، سيعاود الفرنسي البث، وسيتعين على فيرنر إيقاف جهاز الإرسال والاستقبال أو التظاهر بأنه يسمع تشويشًا فقط.|All the Light We Cannot See|Anthony Doerr|true|en|true
02:12|0212-001|الساعة 2:12 صباحًا|" ثم انطفأت الأنوار في جميع أنحاء المدينة. حدث ذلك في الساعة 2:12 صباحًا وفقًا لسجلات محطة توليد الكهرباء، لكن مذكرات بليك لا تشير إلى الوقت. المدخل هو فقط، ""انطفاء الأنوار - يا إلهي ساعدني."""|The Haunter of the Dark|H.P. Lovecraft|true|en|true
02:13|0213-000|الساعة 02:13|استمع الآن: وجهتك هي يوم الجمعة، 4 أغسطس 1944، وسيُفتح لك نافذة الانتقال في تمام الساعة 22:30. أنت ذاهب إلى بُعدٍ انفصل عن بُعدنا في الساعة 02:13 من صباح يوم الأربعاء 20 فبراير 1918، أي قبل أكثر من ستة وعشرين عامًا. أنت لا تعرف كيف سيكون الأمر.|The Second Internet Cafe, Part 1: The Dimension Researcher|Chris James|true|en|true
02:14|0214-000|الثانية وأربع عشرة دقيقة|لا توجد أضواء مضاءة الآن أكثر مما كانت عليه عند وصوله. هذا شيء يدعو للتفاؤل. لا ضجة كبيرة في المبنى بعد إطلاق النار. نظرة سريعة على الساعة في السيارة: الثانية وأربع عشرة دقيقة.|How a Gunman Says Goodbye|Malcolm Mackay|true|en|true
02:15|0215-000|2:15 صباحًا| تصفح [الرسائل الإلكترونية]، متجاهلًا في ذهنه الغالبية العظمى منها باعتبارها ذات أولوية منخفضة، لكن رسالة واحدة على وجه الخصوص أثارت فضوله: كانت من آرت بولوك، أُرسلت في الساعة 2:15 صباحًا. وكان عنوان الرسالة: عاجل لصباح الجمعة.|The Ambition|Lee Strobel|true|en|true
02:15|0215-001|2:15|كان منتصف الليل عندما رنّ الهاتف. فتح عينيه ليجد الساعة تشير إلى 2:15. في البداية، كان يشعر بنعاس شديد لدرجة أنه لم يستوعب سبب رنين جرس قريب، لكنه هزّ رأسه، وبشكل شبه لا واعٍ، التقط سماعة الهاتف ووضعها على أذنه.|Blind Willow, Sleeping Woman|Haruki Murakami|true|en|true
02:15|0215-002|الساعة 2:15 صباحًا|في تمام الساعة 2:15 صباحًا، راقب شرطي المكان في الظلام، لكن سيارة الغريب كانت لا تزال متوقفة على الرصيف.|The Shadow Out of Time|H.P. Lovecraft|true|en|true
02:15|0215-003|الثانية والربع| نعم، فعل ذلك. عندما رنّ المنبه في الثانية والربع، أطفأه ليو، وشغّل مصباح السرير الصغير، ثم أنزل قدميه إلى الأرض ليجلس على حافة السرير، وأبقى عينيه مفتوحتين.|The Night People|Jack Finney|true|en|true
02:16|0216-000|02:16| ألم تسمع ما قلته لك في الطائرة؟ تحطمت طائرة الجنرال سكوت في الصحراء الساعة 02:16 من صباح اليوم، مما أسفر عن مقتل جميع من كانوا على متنها.|Echo of Tomorrow|Rob Buckman|true|en|true
02:17|0217-000|الساعة الثانية وسبعة عشر|"الساعة الثانية وسبعة عشر، تعجب. كان هذا أغرب وقت رآه في حياته كلها.<br>قالت لاليتا: ""أعتذر لأن الغرفة فوضوية للغاية.""<br>""أحبها. أحب شخصيتك. هل أنتِ جائعة؟ أشعر بجوع خفيف.""<br>""لا يا والتر."" ابتسمت. ""لست جائعة. لكن يمكنني أن أحضر لك شيئًا.""<br>""كنت أفكر، مثلًا، في كوب من حليب الصويا. مشروب الصويا."""|Freedom|Jonathan Franzen|true|en|true
02:17|0217-001|الساعة 2:17|توقفت إحدى المروحيات، واستدارت، وعادت إليّ. خفتت الشعلة، وأبهرني وهج الضوء الكاشف. جلستُ ساكنًا تمامًا. كانت الساعة 2:17. وسط ضجيج الشفرات، دوّى صوتٌ عميقٌ رنانٌ في الهواء الأسود البارد.|The Ipcress File|Len Deighton|true|en|true
02:18|0218-000|2:18 صباحًا|كانت الساعة 2:18 صباحًا، ولم ترَ دونا أي شخص آخر في أي مكتب آخر يعمل في وقت متأخر كهذا.|Moo|Jane Smiley|true|en|true
02:19|0219-000|الساعة 02:19|مع تعطل جهاز التخفيض الثانوي، لم يكن بإمكان سفينة بيتروس جوبيتر مواصلة الإبحار، وفي الساعة 02:19 اتصل الربان بمحطة خفر السواحل في لاندز إند عبر جهاز VHF لإبلاغ ضابط المناوبة بالوضع والاستفسار عن إمكانية توفير قاطرة.|The Black Tide|Hammond Innes|true|en|true
02:20|0220-000|الثانية وعشرون دقيقة|" التفتت فجأة إلى الممرضة وسألتها عن الوقت. ""الثانية وعشرون دقيقة"". ""آه... الثانية وعشرون دقيقة!"" كررت جينيفيف، كما لو كان هناك أمر عاجل يجب القيام به."|Southern Mail|Antoine de Saint Exupery|true|en|true
02:20|0220-001|الساعة الثانية وعشرين دقيقة| في ليلة نزهته الثالثة، نام ليو في شقته. عندما فتح عينيه في تمام الساعة الثانية وعشرين دقيقة، على صوت عقارب المنبه الخضراء، أدرك أنه هذه المرة كان ينتظرها بالفعل في نومه.|The Night People|Jack Finney|true|en|true
02:20|0220-002|الثانية وعشرون دقيقة|الثانية وعشرون دقيقة، في طريقي إلى سان دييغو، أستمع إلى موسيقى غريبة، صاخبة؛ لا لحن، لا مضمون.|Somewhere in Time (Bid Time Return)|Richard Matheson|true|en|true
02:21|0221-000|2:21 صباحًا| استيقظت فجأة على سرير غريب في غرفة باردة. وبينما كان المطر يضرب النافذة بقوة، مدفوعًا بريح عاتية، تذكرت مكانها وسبب وجودها هناك.<br>للحظات طويلة متوترة، لم تتحرك، تاركةً غفوة النوم تتلاشى.<br>2:21 صباحًا<br>يا لها من أحلام جنسية مبهمة!|Code Name: Princess|Christina Skye|false|en|true
02:21|0221-001|2:21 صباحًا|2:21 صباحًا. خرج العريف هارتمان من المنزل في شارع لندن.|The Night of the Generals|Hans Hellmut Kirst|true|en|true
02:21|0221-002|الثانية وواحد وعشرون| كانت الرغبة ملحة للنظر إلى السماء. لكن بالطبع لم تكن هناك شمس ولا قمر ولا نجوم في السماء. خيّم الظلام عليّ. كل نفس أتنفسه، كل خطوة مبتلة، كل شيء كان يريد الانزلاق كالوحل إلى الأرض. رفعت يدي اليسرى وضغطت على ضوء ساعتي الرقمية. الثانية وواحد وعشرون. كانت منتصف الليل عندما توجهنا إلى باطن الأرض، لذا لم يمر سوى ساعتين ونيف. واصلنا السير إلى الأسفل، في الخندق الضيق، وأفواهنا مطبقة بإحكام.|Hard-Boiled Wonderland and the End of the World|Haruki Murakami|true|en|true
02:22|0222-000|الثانية واثنتين وعشرين دقيقة|"بعد زيارتين إضافيتين، أخبر أشهر المعالجين بوبانيلا أن اضطرابه ""عصبي بلا شك""؛ وأنه أفرط في إثارة نفسه بكثرة الكلام؛ وأنه في المستقبل يجب عليه أن يعد خمسة بين كل كلمة ينطقها، وألا يطرح أي أسئلة، وأن يتجنب الاختلاط بالناس؛ أي ألا يبقى في حفلة مسائية لأي سبب بعد الثانية واثنتين وعشرين دقيقة، وألا يُغرى بأي شكل من الأشكال بتناول العشاء في الخارج أكثر من مرة في اليوم نفسه."|The Voyage of Captain Popanilla|Benjamin Disraeli|true|en|true
02:22|0222-001|2:22 صباحًا| فجأةً قرقرت معدتها. كانت متوترة للغاية لدرجة أنها لم تستطع تناول الكثير من الطعام بعد الحادث، والآن ينهشها الجوع بشدة.<br>نظرت إلى الساعة مرة أخرى.<br>2:22 صباحًا|Code Name: Princess|Christina Skye|true|en|true
02:23|0223-000|الثانية وثلاث وعشرون دقيقة| كانت زوجة الطبيب مستلقية بجانب زوجها، أقرب ما يمكن نظرًا لضيق السرير، ولكن أيضًا باختيارها، مدركةً كم كلفهم ذلك في منتصف الليل للحفاظ على بعض اللياقة، وعدم التصرف مثل أولئك الذين وصفهم أحدهم بالخنازير، نظرت إلى ساعتها. كانت الثانية وثلاث وعشرون دقيقة.|Blindness|José Saramago|true|en|true
02:24|0224-000|الساعة 2:24 صباحًا|كانت الساعة 2:24 صباحًا. نهضت من السرير متعثرة، وسقطت على حذائها الذي خلعته سابقًا، وارتدت سترة.|After You’d Gone|Maggie O’Farrell|true|en|true
02:25|0225-000|2:25 صباحًا|إنها الساعة 2:25 صباحًا، وشون يتصل. تسلل ستيفن بهدوء من السرير، وخرج من غرفة النوم. مع شون، قد يكون الأمر متعلقًا بمسألة عائلية، أو تهديدًا للبلاد، أو أشياء لا حصر لها بينهما.|The Traitor|Ray Keating|true|en|true
02:25|0225-001|2.25 صباحًا|أرأيت، لقد حان الوقت: 2.25 صباحًا. انهض من السرير.|Nineteen Eighty-Three: The Red Riding Quartet, Book Four|David Peace|true|en|true
02:26|0226-000|2.26 صباحًا|استمعتُ إلى رسالة بريد صوتي تركها كلود في الساعة 2.26 صباحًا.|The Lighted Rooms|Richard Mason|true|en|true
02:27|0227-000|2:27|تمت الموافقة على الطلب، ولكن بعد استكمال نموذج آخر وتوقيعه. أجرى ديكستر هاتشينز مكالمة هاتفية مدفوعة الأجر إلى مدير وكالة المخابرات المركزية في الساعة 2:27 من صباح ذلك اليوم.|Honor Among Thieves|Jeffrey Archer|true|en|true
02:27|0227-001|الثانية وسبع وعشرين دقيقة| كانت عقارب جميع الساعات الكهربائية البالغ عددها 4000 ساعة في جميع غرف مركز بلومزبري البالغ عددها 4000 غرفة تشير إلى الثانية وسبع وعشرين دقيقة.|Brave New World|Aldous Leonard Huxley|true|en|true
02:27|0227-002|2.27 صباحًا|لم يشرق القمر مجددًا حتى الساعة 2.27 صباحًا. كان ذلك كافيًا ليُظهر لوالندر أنه كان على مسافة ما أسفل الشجرة.|One Step Behind|Henning Mankell|true|en|true
02:28|0228-000|2.28 صباحًا|2.28 صباحًا: نفدت الأغنام وبدأ في عدّ حيوانات المزرعة الأخرى.|Mr. Commitment|Mike Gayle|true|en|true
02:29|0229-000|حوالي الساعة 2:30 صباحًا|لم يكن عليه التعامل مع السائقين الإيطاليين سيئي السمعة في حوالي الساعة 2:30 صباحًا، وكان المنزل الآمن على بُعد بضعة شوارع فقط من الكولوسيوم، وهو بناء قائم في روما منذ افتتاحه عام 80 ميلاديًا.|Vatican Shadows|Ray Keating|true|en|true
02:30|0230-000|الثانية والنصف|" قلتُ وأنا أبكي: ""يا أبي، إنه ليس ميتًا. على الأقل لم يكن كذلك في الساعة الثانية والنصف من صباح اليوم. علينا أن ننبش قبره. علينا ذلك، لأننا دفنّاه حيًا."""|If It Bleeds|Stephen King|true|en|true
02:30|0230-001|الثانية والنصف|نظرت إلى ساعتها: الثانية والنصف. بضع دقائق لتهدأ قبل أن تضطر للمغادرة.|The Locked Room|Maj Sjöwall & Per Wahlöö|true|en|true
02:30|0230-002|2:30 صباحًا|"أنا أرتدي ملابس مدنية: قفازات بيضاء وحذاء رياضي مطابق. لكن يؤسفني أن أقول إن جو لا تزال ترتدي نظارتها الطبية من دكتور دينتونز. ماذا ترتدين يا شيرل؟<br>""زي قائدة فرقة الطبول القديم. الزي الذي ارتديته في نهائيات الولاية. اسمع، لا يمكننا إشغال الهواتف هكذا.""<br>""لماذا لا؟"" قال هاري. ""من سيتصل في الساعة 2:30 صباحًا بفكرة أفضل؟ يا سلام، على حد قول ليو، سنقيم حفلة! ماذا سنقدم يا ليو؟""<br>""بيرة، على ما أعتقد. ليس لدينا نبيذ، أليس كذلك يا جو؟""<br>""فقط للطبخ."""|The Night People|Jack Finney|true|en|true
02:30|0230-003|الثانية والنصف|في حوالي الساعة الثانية والنصف، استيقظت على صوت خطوات على الدرج. شعرت بالخوف في البداية.|The Little Stranger|Sarah Waters|true|en|true
02:30|0230-004|الساعة 02:30|إنك، حاولتُ إبعادها حوالي الساعة 02:30، وكان هناك هذا الصوت اللعين...|Infinite Jest|David Foster Wallace|false|en|true
02:30|0230-005|2:30 صباحًا|الساعة الآن 2:30 صباحًا وأنا متوتر. كقراد، كسيدة، كسمندل. يجب أن أكتب هذا قبل أن تتلاشى الذكريات الرائعة وتتشوش.|Any Human Heart|William Boyd|true|en|true
02:31|0231-000|الساعة 2:31 صباحًا| ثم استيقظتُ لأن هناك أشخاصًا يصرخون في الشقة، وكانت الساعة 2:31 صباحًا. وكان من بينهم والدي، وقد شعرتُ بالخوف.|The Curious Incident of the Dog in the Night-Time|Mark Haddon|true|en|true
02:32|0232-000|2.32 صباحًا|غادر آخر الضيوف في الساعة 2.32 صباحًا، بعد ساعتين ودقيقتين من الموعد المحدد للانتهاء.|The Rosie Project|Graeme Simsion|true|en|true
02:33|0233-000|الثانية وثلاثًا وثلاثين دقيقة|لكن لم يحدث شيء! كانت الساعة الثانية وأربعًا وثلاثين دقيقة، حسنًا. الثانية وثلاثًا وثلاثين دقيقة ولم يحدث شيء. لنفترض أنه تلقى مكالمة غرفة، أو رن جرس المصعد الليلي الآن.|A Swell-looking Babe|Jim Thompson|true|en|true
02:34|0234-000|الساعة الثانية وأربعًا وثلاثين دقيقة|لكن لم يحدث شيء! كانت الساعة الثانية وأربعًا وثلاثين دقيقة، حسنًا. الثانية وثلاثًا وثلاثين دقيقة ولم يحدث شيء. لنفترض أنه تلقى مكالمة غرفة، أو رن جرس المصعد الليلي الآن.|A Swell-looking Babe|Jim Thompson|true|en|true
02:35|0235-000|2:35|عاد ماتسون والرئيس بالسيارة من شقة مارك في الساعة 2:35 من صباح ذلك اليوم، بعد أن أنجزا مهمتهما. كان ماتسون قد نام أكثر من اللازم بثلاثين دقيقة. لقد نسي الفندق اللعين مكالمة إيقاظه؛ لا يمكنك الوثوق بأحد هذه الأيام.|Shall We Tell the President?|Jeffrey Archer|false|en|true
02:35|0235-001|الثانية وخمس وثلاثين دقيقة| تسللتُ إلى أسفل الدرج بحذر، متجنبًا الدرجات التي كنت أعرف أنها ستُفضح وجودي لأبي الذي اعتاد النوم على الأريكة في غرفة المعيشة. في المطبخ، رأيتُ في ضوء القمر أن عقارب ساعة الحائط تُشير إلى الثانية وخمس وثلاثين دقيقة.|Ordinary Grace|William Kent Krueger|true|en|true
02:35|0235-002|2:35 صباحًا|لم تُظهر الشاشة المضيئة أي معلومات عن المتصل، لكنها كشفت أن الساعة كانت 2:35 صباحًا.|Shifting Sands|Ray Keating|true|en|true
02:35|0235-003|2:35 صباحًا|مذكرات رورشاخ: غادر منزل جاكوب الساعة 2:35 صباحًا. لا يعلم شيئًا عن أي محاولة لتشويه سمعة الدكتور مانهاتن. لقد تم استغلاله فحسب.|Watchmen|Alan Moore and Dave Gibbons|true|en|true
02:35|0235-004|الساعة 2:35|لدينا شهادة الكاهن، وهو شاب ذكي ومتعلم جيدًا، بشأن ما حدث في الساعة 2:35؛ وشهادة الشرطي ويليام ج. مونوهان من المركز المركزي، وهو ضابط يتمتع بأعلى درجات الموثوقية، والذي توقف في ذلك الجزء من دوريته لتفقد الحشد.|The Haunter of the Dark|H.P. Lovecraft|true|en|true
02:36|0236-000|2:36|" قال نيد: ""قد بحذر"". أرسل لي رسالة نصية ليطلب مني إرسال الشاحنة. كان ذلك في الساعة 2:36، أعرف ذلك لأني نظرت إلى الساعة، تلك الساعة ذات الطراز الفني الزخرفي هناك، أترى؟ إنها دقيقة للغاية. ثم، لا أدري، اختفى فجأة."|Stone Mattress|Margaret Atwood|true|en|true
02:36|0236-001|2:36 صباحًا| كانت الساعة حوالي 2:36 صباحًا عندما وصل عقيد من الشرطة العسكرية لاعتقالي. في الساعة 2:36 ونصف، تذكرت القفازات العازلة الكبيرة. ولكن حتى لو كنت قد تذكرتها من قبل، فماذا كان بإمكاني فعله؟|The Ipcress File|Len Deighton|true|en|true
02:37|0237-000|02:37|كان على بعد أميال قليلة على الأقل من أقرب محطة وقود، وقد ألقى هاتفه المحمول من النافذة في أركنساس بعد أن اقتنع لفترة وجيزة بأن وكالة الأمن القومي تتعقبه. أخرج مؤقت المطبخ من جيبه: 02:37:47. سيتعين عليه أن يمشي.|Ohio|Stephen Markley|true|en|true
02:37|0237-001|الثانية وسبع وثلاثون دقيقة|13 يونيو 1990. الثانية وسبع وثلاثون دقيقة صباحًا. وست عشرة ثانية.|The Stand|Stephen King|true|en|true
02:38|0238-000|الثالثة إلا اثنتين وعشرين دقيقة| كان صحيحًا أن آلية الدق لم تعد تتوافق مع عقارب الساعة منذ زمن طويل؛ وأن العقارب نفسها، بسبب تراكم الأخطاء على مر السنين، لم تعد تشير إلى الوقت الحقيقي؛ ومع ذلك، كلما دقت الساعة السابعة، كان بإمكانه دائمًا أن يكون متأكدًا من أن العقارب تشير إلى الثانية عشرة والربع، وأن الوقت الحقيقي حينها هو الثالثة إلا اثنتين وعشرين دقيقة.|Pharaoh’s Broker|Ellsworth Douglass|true|en|true
02:39|0239-000|2.39|لا، ورد بلاغ من رئيس محطة بينويري يفيد بوجود رجل أخذ قطار الساعة 2.39 في بينويري.|Five Red Herrings|Dorothy L. Sayers|true|en|true
02:40|0240-000|الثانية وأربعين دقيقة|عندما أشارت ساعتها إلى الثانية وأربعين دقيقة، كانت مستعدة للمغادرة. ارتدت معطفها الداكن، وعلبة كبيرة من أعواد الثقاب كانت موجودة بالفعل في جيبها، وربطت وشاحًا على رأسها.|The Private Patient|P.D. James|true|en|true
02:40|0240-001|2:40 صباحًا|أخبرت الآنسة كونفر المحققين أنه في الساعة 2:40 صباحًا، دخل الضابط مارتن ويليس المطعم وطلب قهوة ودونات.|The Andromeda Strain|Michael Crichton|true|en|true
02:41|0241-000|الساعة 02:41|" أراد مساعدوه بيانًا مطولًا وبليغًا مليئًا بالعبارات المؤثرة والثناء المفرط على جنرالاتهم المختلفين. لكن أيزنهاور تجاهل اقتراحاتهم وكتب - ها هو ذا! -: ""تم إنجاز مهمة هذه القوة المتحالفة في الساعة 02:41 بالتوقيت المحلي، في 7 مايو 1945."""|Moonwar|Ben Bova|true|en|true
02:42|0242-000|الساعة 02:42| هذه المرة كان طائرًا، غراب، يرتدي النظارات الواقية. فك باترسون شفرة البرقية، وقرأها الآن بسرعة. تُفيد الإلهة 4 أن العبقري غادر الصالون في الساعة 02:42 بتوقيت غرينتش.|Night Heron|Adam Brookes|true|en|true
02:43|0243-000|2:43|" استقرت بجانبه. ""إنها الساعة 2:43:12 صباحًا يا كيس. لقد تم زرع شريحة قراءة في عصب بصري."""|Neuromancer|William Gibson|true|en|true
02:43|0243-001|02:43|"استيقظت ماكس من الكابوس وهي تلهث، وفتحت عينيها فجأة في الغرفة المظلمة تمامًا. رمشت مرتين وكتمت أنينًا عندما ظهر لها التوقيت 02:43. تمتمت قائلة: ""لم ترَ دبًا حقيقيًا من قبل."""|A Pale Light in the Black|K.B. Wagers|true|en|true
02:44|0244-000|الثالثة إلا ست عشرة دقيقة|وصلتَ هنا في تمام الساعة الثالثة إلا ست عشرة دقيقة. نظر رون إلى ساعته.|The Abominable Man|Maj Sjöwall|true|en|true
02:45|0245-000|الثالثة إلا ربع| عندما استيقظ، كان الليل قد حلّ، وكان القمر يضيء الغرفة. نظر إلى ساعته: كانت الثالثة إلا ربع. فارقه النوم؛ فجلس على سريره وفكّر في جنازة الكونتيسة العجوز.|The Queen of Spades|Alexsander S. Pushkin|true|en|true
02:45|0245-001|الثالثة إلا ربع|" نظر إلى ساعته. كان يبتسم وهو يوقظها، وكان يبتسم الآن. ""الثالثة إلا ربع. جلست في غرفتي القديمة الغبية في الفندق لمدة ساعتين تقريبًا بعد حديثنا، أحاول إقناع نفسي بأن ما كنت أفكر فيه لا يمكن أن يكون صحيحًا. لكنني لم أصل إلى ما أنا عليه الآن بالتهرب من الحقيقة."""|Full Dark, No Stars|Stephen King|true|en|true
02:45|0245-002|0245h|0245h.، منزل إينيت، الساعات التي هي حقًا قصيرة.|Infinite Jest|David Foster Wallace|true|en|true
02:46|0246-000|2:46 صباحًا|لا نعرف أبدًا، في البداية، ما إذا كنا متجهين إلى قدر طهي أم إلى بقعة دخان. في الساعة 2:46 صباحًا من الليلة الماضية، أُضيئت الأنوار في الطابق العلوي. رنّت الأجراس أيضًا، لكن لا يمكنني القول إنني أسمعها حقًا. في غضون عشر ثوانٍ، كنتُ أرتدي ملابسي وأخرج من باب غرفتي في المحطة.|My Sister’s Keeper|Jodi Picoult|true|en|true
02:46|0246-001|2.46 صباحًا|2.46 صباحًا. دارت سلسلة التروس وانزلق الهدف الورقي أسفل ميدان الرماية المظلم، مختبئًا بين أشعة الضوء الأصفر المتوهج. في محطة إطلاق النار، كان هناك شخص ينتظر في الظلال. عندما تجاوز الهدف علامة الخمسة وعشرين قدمًا، فتح الرجل النار: ثماني طلقات سريعة، دون تردد.|Patriots|Steve Sohmer|true|en|true
02:46|0246-002|الثانية وست وأربعون دقيقة|" دفعت فيكي نظارتها على وجهها ونظرت إلى الساعة. الثانية وست وأربعون دقيقة. تمتمت قائلة: ""ليس لدي وقت لهذا""، وهي تستقر على الوسائد، وقلبها لا يزال يدق بقوة في صدرها."|Blood Lines|Tanya Huff|true|en|true
02:47|0247-000|2.47 صباحًا| تشير الأرقام المتوهجة إلى الساعة 2.47 صباحًا. يتنهد مويسيس ويعود إلى باب الحمام. أخيرًا، يدور مقبض الباب وتعود كونشيتا إلى السرير. تستأنف مكانها بجانب مويسيس. يشعر بالارتياح، فيضمها إليه.|The Book of Want|Daniel A. Olivas|true|en|true
02:48|0248-000|الثالثة إلا اثنتي عشرة دقيقة|التزمي الصمت يا بيتي، قد تحدث مشكلة. كاد يدفعها من على المكتب باتجاه ماكس. وبعد ثانية، أظلم الغرفة بتحريك المفتاح بجوار باب المدخل. ومن خلال الباب، أشارت الساعة إلى الثالثة إلا اثنتي عشرة دقيقة.|Blind Allies|Baynard Kendrick|true|en|true
02:49|0249-000|2:49 صباحًا|في تمام الساعة 2:49 صباحًا، عاد كاتب البلدة إلى الميكروفون ونقر عليه مرة أخرى. لم يقطع الصمت اللحظي سوى سقوط قلم رصاص من على الطاولة وتدحرجه على الأرض.|Mightier Than the Sword|Jeffrey Archer|true|en|true
02:50|0250-000|2:50|عندما كانت الساعة 2:50 ولم يتعرض البنك للهجوم، كان من الواضح أن هذا لم يكن يوم الانقلاب الكبير.|The Locked Room|Maj Sjöwall & Per Wahlöö|true|en|true
02:51|0251-000|2:51 صباحًا|الخميس 2:51 صباحًا<br>طرق مايكل فانس، المبتل بشدة والمتضايق للغاية، باب مقهى زينو ستانتوبولوس المظلم. كان قد سار في الطريق الخلفي الموحش المؤدي إلى هيراكليون في الظلام، مسترشدًا ببساتين أشجار الدلب والزيتون والكمثرى البرية التي ضربتها الأمطار، محاولًا فهم ما يحدث بحق الجحيم.|Project Daedalus|Thomas Hoover|false|en|true
02:52|0252-000|الثالثة إلا ثماني دقائق صباحًا|كانت دافعة، نابعة من الوحدة. كانت الثالثة إلا ثماني دقائق صباحًا، صباح يوم الأحد.|A Song in the Morning|Gerald Seymour|true|en|true
02:53|0253-000|الثالثة إلا سبع دقائق| وصلوا إلى أول حاجز على مشارف مدينة بولاوايو، ونظر كريج إلى ساعته. كانت الساعة الثالثة إلا سبع دقائق صباحًا.|The Leopard Hunts in Darkness|Wilbur Smith|true|en|true
02:54|0254-000|الثالثة إلا ست دقائق|لقد تغيرت الأوقات، ويمكنني أن أخبركم متى تغيرت بالضبط — تغيرت الأوقات في تمام الساعة الثالثة إلا ست دقائق من صباح يوم الجمعة الماضي.|GB84|David Peace|true|en|true
02:55|0255-000|الثالثة إلا خمس دقائق| أشارت ساعة لوحة القيادة إلى الثالثة إلا خمس دقائق، أي بعد ما توقعه ثيو. انفتح الطريق الضيق والمهجور أمامهم بشكل باهت، ثم انزلق تحت العجلات كقطعة قماش ممزقة ومتسخة.|The Children of Men|P.D. James|true|en|true
02:55|0255-001|2:55 صباحًا|"هكذا سينتهي العالم يا هاري. موسيقى كوكتيل مسجلة تعمل بالطاقة النووية لتُعزف لقرون بعد فناء كل أشكال الحياة. مختارات من ""لا، لا، نانيت""، عبر الأبدية. هل هذا يكفيك في الساعة 2:55 صباحًا؟"|The Night People|Jack Finney|true|en|true
02:55|0255-002|2.55 صباحًا|حان وقت المغادرة: 2.55 صباحًا. رفع سيس قبعته من على الكرسي بكلتا يديه.|Downriver|Iain Sinclair|true|en|true
02:56|0256-000|2:56|كانت الساعة 2:56 عندما لامست المجرفة التابوت. سمعنا جميعًا الصوت ونظرنا إلى بعضنا البعض.|Extremely Loud and Incredibly Close|Jonathan Safran Foer|true|en|true
02:57|0257-000|02:57|كانت الساعة 02:57 بتوقيت غرينتش. تسلل يحيى من مخبئه ممسكًا بيده اليمنى الحقنة التي سرقها من مستشفى السفينة.|Life Probe|Michael McCollum|true|en|true
02:58|0258-000|الثالثة إلا دقيقتين|لكن في الغالب يكون الأمر عكس ذلك، ببطء. ستُدير ذلك القرص إلى نقطة توقف تام وتُجمّد الشمس هناك على الشاشة حتى لا تتحرك قيد أنملة لأسابيع، فلا تلمع ورقة على شجرة أو نصل عشب في المرعى. ستتوقف عقارب الساعة عند الثالثة إلا دقيقتين، وقد تتركها معلقة هناك حتى نصدأ.|One Flew Over the Cuckoo’s Nest|Ken Kesey|true|en|true
02:59|0259-000|2:59 صباحًا| نهض من سريره في الساعة 2:59 صباحًا، وقد استراح تمامًا، وكان بكامل وعيه، وسار إلى الصندوق الكبير في منتصف المقصورة ورفع غطاءه.|Be Careful What You Wish For|Jeffrey Archer|true|en|true
02:59|0259-001|2:59 صباحًا|" قالت صوفي: ""أتمنى لو غادر القطار أبكر، لكن ليون ستفي بالغرض"". أبكر؟ نظر لانغدون إلى ساعته، كانت 2:59 صباحًا. سيغادر القطار خلال سبع دقائق، ولم يحصلوا على تذاكر بعد."|The DaVinci Code|Dan Brown|true|en|true
02:59|0259-002|الساعة 2:59|"أتذكر وصولي إلى هذه الغرفة في الساعة 2:59 ذات ليلة. أتذكر الرقيب الذي كان يناديني بألقابٍ بذيئة: معظمها كلمات أنجلو ساكسونية أحادية المقطع من أربعة أحرف، مع كلمة ""شيوعي"" غريبة أُقحمت في الجملة."|The Ipcress File|Len Deighton|true|en|true
03:00|0300-000|3:00 صباحًا|في تمام الساعة 3:00 صباحًا، كانت سيارة ديسوتو ديبلومات رمادية اللون تجوب شارع أوليفر ذهابًا وإيابًا. كان راكبها الوحيد يبحث عن أي علامة على الحركة - أي شيء غير عادي.|Blue Springs|Peter Rennebohm|true|en|true
03:00|0300-001|الساعة الثالثة صباحًا|الأسوأ من ذلك كله أن هنريك استخدم أمثلةً حادةً وملموسةً بلا رحمة. فإذا كان يعظ عن الرحمة، كان يصف حال الفقراء بطريقةٍ تجعل الناس يتخيلون أحد مزارعي الكابتن وهم يغادرون منازلهم في الساعة الثالثة صباحًا حاملين كيسًا من الحبوب على ظهورهم، وكيف يكابدون عناء العمل في الحقول، وكيف يضطرون غالبًا إلى الاستغناء عن وجبة الغداء للوصول إلى الطاحونة أخيرًا بعد ثلاثة عشر ساعة من العمل، وبعد جمع دقيقهم، يعودون إلى منازلهم عبر الغابة حاملين حمولتهم الثقيلة.|The Hammer of God|Bo Giertz|true|en|true
03:00|0300-002|الثالثة صباحًا|رائحة ودخان وعرق الكازينو مثيرة للغثيان في الثالثة صباحًا.|Casino Royale|Ian Fleming|true|en|true
03:00|0300-003|الساعة الثالثة صباحًا| تستيقظ هولي في الساعة الثالثة صباحًا. لقد جهزت حقائبها، وطبعت تذكرة دلتا، ولا يتعين عليها التواجد في المطار حتى الساعة السابعة، والرحلة قصيرة، لكنها لا تستطيع النوم بعد الآن.|If It Bleeds|Stephen King|true|en|true
03:00|0300-004|الساعة الثالثة صباحًا|من كانت تلك المرأة؟ كانت تشك، ثم تخطئ. ضحك عليها ذلك الحضور الغامض بهدوء من ظلام الساعة الثالثة صباحًا الذي لا ينام فيه أحد، ثم انزلق بعيدًا. لم تستطع تحديد أي شيء.|Stone Mattress|Margaret Atwood|true|en|true
03:00|0300-005|الساعة الثالثة صباحًا|" سأل: ""ماذا تفعلين؟""<br>قالت ويلا: ""ظننت أنه من الأفضل أن نغلق الأبواب، تحسبًا لأي طارئ.""<br>""إنها الساعة الثالثة صباحًا.""<br>""هذا سبب وجيه لذلك.""<br>نظر إليها ماركوفيتش باستغراب قبل أن يعود إلى الصالة."|The Nameless Ones|John Connolly|true|en|true
03:00|0300-006|3 صباحًا|وصل الفريق الأمريكي إلى فيينا على متن طائرة غلف ستريم قادمًا من مطار إقليمي في شرق بولندا، حيث كانت وكالة المخابرات المركزية الأمريكية تحتفظ بقاعدة لأغراض التسليم منذ بداية الحرب على الإرهاب. لذلك، لم يكن هذا هو اليوم الأول للوحدة في العمل. كانوا يراقبون بالفعل عندما، في الساعة 3 صباحًا، اتخذت سيارتان مواقع على مرأى من الأبواب الرئيسية والخلفية للفندق، وكانت السيارة الأولى قد دارت حول المبنى ثلاث مرات في البداية.|The Nameless Ones|John Connolly|true|en|true
03:00|0300-007|الثالثة صباحًا|توني اعتادت على القسوة منذ صغرها. هكذا تسميها الآن، بحسرة، في قبوها، في الثالثة صباحًا، مع حطام جيش أوتو الأحمر المتناثر على طاولة الرمل خلفها، وويست نائمًا في نوم الظالمين في الطابق العلوي، وزينيا تثور بلا رادع، في مكان ما هناك في المدينة.|The Robber Bride|Margaret Atwood|true|en|true
03:00|0300-008|الساعة الثالثة| مرت الساعات واحدة تلو الأخرى، وسمعت كاثرين المنهكة دقات الساعة الثالثة من جميع ساعات المنزل قبل أن تهدأ العاصفة أو قبل أن تغفو دون أن تدري.|Northanger Abbey|Jane Austen|true|en|true
03:00|0300-009|3 صباحًا|"""عمي نوري!"" قال عندما رآني أتحرك. ""لقد كنت نائمًا لفترة طويلة."" تشير الساعة على الحائط إلى الساعة 3 صباحًا."|The Beekeeper of Aleppo|Christy Lefteri|true|en|true
03:00|0300-010|الثالثة صباحًا|حدقت ميندي بارك في السقف. لم يكن لديها الكثير لتفعله. كانت نوبة العمل في الثالثة صباحًا مملة للغاية. فقط تدفق القهوة المستمر أبقاها مستيقظة.|The Martian|Andy Weir|true|en|true
03:00|0300-011|3 صباحًا|"وجدت نفسي أكتب ""قاتل متسلسل"" في مربع بحث جوجل الساعة 3 صباحًا."|My Sister, the Serial Killer|Oyinkan Braithwaite|true|en|true
03:00|0300-012|الساعة الثالثة| حوالي الساعة الثالثة، كانت الأزواج الأربعة، خائفين من سعادتهم، ينزلقون أسفل الجبال الروسية، وهو بناء فريد كان يحتل آنذاك مرتفعات بوجون، وكان خطه المتموج مرئيًا فوق أشجار الشانزليزيه.|Les Misérables|Victor Hugo|true|en|true
03:00|0300-013|الساعة الثالثة|بعد لحظات، حوالي الساعة الثالثة، صادف أن كان كورفيريك يمرّ بشارع موفتارد برفقة بوسويه. اشتدّ تساقط الثلج بعنف، وملأ الجو.|Les Misérables|Victor Hugo|true|en|true
03:00|0300-014|الساعة الثالثة|استيقظتُ نصفَ خارج السرير، والغطاءُ مُرتخٍ ومُلتفٌّ حولي ككفن، وقلبي يخفق بشدة، وأحاولُ عبثًا فتح فمي. استغرق الأمرُ عدةَ ثوانٍ لأُدركَ أنه لا يوجدُ شيءٌ بداخلي. مع ذلك، نهضتُ وذهبتُ إلى الحمام وشربتُ كوبين من الماء. ربما رأيتُ أحلامًا أسوأ من تلك التي أيقظتني في الساعة الثالثة من صباح ذلك الثلاثاء، ولكن إن كان الأمر كذلك، فلا أستطيعُ تذكرها.|Joyland|Stephen King|true|en|true
03:00|0300-015|الثالثة صباحًا|كما لو أن ذلك أيقظه -ربما فعل- رفع لين رأسه ونظر إليّ. حاول النظر إليّ؛ عادت عيناه إلى مستواهما الطبيعي في محجريهما، لكنهما كانتا الآن تشيران في اتجاهين متعاكسين. لم تفارق تلك الصورة المروعة ذهني قط، ولا تزال تراودني في أغرب الأوقات: عند المرور عبر أكشاك تحصيل الرسوم على الطريق السريع، أو شرب فنجان من القهوة في الصباح بينما يصدح مذيعو سي إن إن بالأخبار السيئة، أو الاستيقاظ للتبول في الثالثة صباحًا، والتي أطلق عليها أحد الشعراء بحق اسم ساعة الذئب.|Joyland|Stephen King|false|en|true
03:00|0300-016|الثالثة صباحًا|" نظرتُ حولي في الغرفة مرة أخرى. كالعادة، كانت الغرفة نظيفة ومرتبة.<br>""يفكر الناس في كل أنواع الأشياء في الثالثة صباحًا. كلنا نفعل ذلك. لهذا السبب علينا جميعًا أن نجد طريقتنا الخاصة لمقاومتها.""<br>""ربما أنتِ محقة،"" قلتُ."|Blind Willow, Sleeping Woman|Haruki Murakami|true|en|true
03:00|0300-017|الثالثة صباحًا|"قال، كما لو كان يتذكر شيئًا: ""حتى الحيوانات تفكر في الأمور في الثالثة صباحًا. هل ذهبتِ إلى حديقة الحيوان في الثالثة صباحًا من قبل؟""<br>أجبتُ بتلعثم: ""لا، بالطبع لا."""|Blind Willow, Sleeping Woman|Haruki Murakami|true|en|true
03:00|0300-018|الساعة الثالثة|كانت جميع الأبواب مغلقة، وكل شيء في مكانه الصحيح. لا شيء غير عادي. عدت إلى غرفة عامل النظافة، وضبطت المنبه على الساعة الثالثة، وغفوت سريعًا.|Blind Willow, Sleeping Woman|Haruki Murakami|true|en|true
03:00|0300-019|الثالثة| عندما رنّ المنبه في الثالثة، استيقظتُ بشعور غريب. لا أستطيع تفسيره، لكنني شعرتُ باختلاف. لم أشعر برغبة في النهوض - كان الأمر كما لو أن شيئًا ما يكبت إرادتي في الخروج من السرير. أنا من النوع الذي يقفز عادةً من السرير فورًا، لذلك لم أستطع فهم الأمر.|Blind Willow, Sleeping Woman|Haruki Murakami|true|en|true
03:00|0300-020|3 صباحًا|بعد انتهاء المقدمات، وبعد أن تبوّل ونفخ أنفه بقوة، سار غير مبالٍ نحو خادمته وقبّلها قبلة كبيرة مع تربيتة حنونة على مؤخرتها. لم أرها، هي الخادمة، تبدو أبدًا إلا في غاية النظافة - حتى في الساعة 3 صباحًا، بعد عمل مسائي. تبدو تمامًا كما لو أنها خرجت للتو من حمام تركي.|Tropic of Cancer|Henry Miller|false|en|true
03:00|0300-021|الساعة الثالثة صباحًا|والآن الساعة الثالثة صباحًا، ولدينا هنا فتاتان منحرفتان تقومان بشقلبات على الأرض العارية. فيلمور يتجول عاريًا وفي يده كأس، وبطنه مشدود كالطبلة، صلب كالناسور.|Tropic of Cancer|Henry Miller|false|en|true
03:00|0300-022|الساعة الثالثة|" أطلق جارفيس صفيرًا من بين أسنانه. ""هل سيساعد القانون رجلاً في سنك على التعافي من كسور متعددة في العمود الفقري يا تيموثي؟""<br>إيدي: ""الرجال في سنك لا يتعافون. إنهم يسقطون أرضًا.""<br>قاتلت بكل قوتي، لكن عضلاتي العاصرة لم تعد تحت سيطرتي، وانطلقت وابل من القيء. كان بإمكاني تحمل التسلية أو الاستعلاء، لكن شفقة معذبيّ دلّت على هزيمتي المذلة. تم سحب سلسلة المرحاض.<br>""الساعة الثالثة""، سقط مشروب كافنديش-ريدوكس في المرحاض."|Cloud Atlas|David Mitchell|false|en|true
03:00|0300-023|الساعة الثالثة صباحًا|في الواقع، في الساعة الثالثة صباحًا في قرية بيشوبثورب، من السهل تصديق الكذبة التي يروج لها سكانها - أنها مكان للأشخاص الطيبين والهادئين ليعيشوا حياة طيبة وهادئة.|The Radleys|Matt Haig|true|en|true
03:00|0300-024|الساعة الثالثة|الضوء المضاء في تمام الساعة الثالثة من صباح يوم الجمعة هذا يخصه، روان، الابن الأكبر لطفلي رادلي. إنه مستيقظ تمامًا، على الرغم من تناوله ستة أضعاف الجرعة الموصى بها من دواء نايت نيرس.|The Radleys|Matt Haig|false|en|true
03:00|0300-025|الثالثة صباحًا|"قضيت الليلة الماضية أعمل على مقطوعة <em>أليغرو</em> للتشيلو، مُضاءة بثلاثيات متفجرة. صمتٌ يقطعه صوت مصائد فئران سريعة. أتذكر دقات ساعة الكنيسة الثالثة صباحًا. يقول هاكلبيري فين: ""سمعت بومة، بعيدة، تُنادي على شخص ميت، وسمعتُ طائرًا من نوع السُّبُّول وكلبًا ينبحان على شخص سيموت."""|Cloud Atlas|David Mitchell|true|en|true
03:00|0300-026|الثالثة صباحًا|لم يستطع النوم تلك الليلة، شعر بضيق في صدره كما لو أن أفعى قد لفت لفائفها حوله. في الثالثة صباحًا، بدأ الهاتف بجانب سريره بالرنين. صوت آدا، يكاد يكون غير قابل للتمييز، أنفاسها المتقطعة بين الكلمات لا تقل يأسًا عن شهقاتها.|The Island of Missing Trees|Elif Shafak|true|en|true
03:00|0300-027|الثالثة صباحًا|عندما كانت لا تزال مستيقظة في الثالثة صباحًا، وعقلها يعدد كل الطرق التي فشلت بها في تربية أبنائها، ألقت بغطائها جانبًا وتوجهت بخطوات خفيفة إلى المطبخ. شربت الويسكي الذي صبته دافئًا ثم ارتعشت منه، وارتشفت رشفة أخرى قبل أن تنهار على السرير وتخلد إلى النوم أخيرًا.|Behind the Lie|Emilya Naymark|true|en|true
03:00|0300-028|3:00 صباحًا|لم يكن من المفيد أيضًا أنها قضت نصف الليل مستيقظة مع جوزي، التي استيقظت من كابوس<br>عن أفعى ضخمة ورفضت العودة إلى النوم. لم تكن أليكس تعرف من هم المرشحون الآخرون لهذا المنصب، لكنها راهنت على أنهم ليسوا أمهات عازبات اضطررن إلى وخز فتحات المبرد بعصا قياس في الساعة 3:00 صباحًا لإثبات عدم وجود ثعابين مختبئة في الأنفاق المظلمة.|Nineteen Minutes|Jodi Picoult|true|en|true
03:00|0300-029|الساعة الثالثة|والآن كانت الساعة الثالثة. لقد مكث المسيح الدجال على الأرض خمس عشرة ساعة، وكان ملاك وشيطان يشربان الخمر طوال ثلاث ساعات منها.|Good Omens|Terry Pratchett and Neil Gaiman|true|en|true
03:00|0300-030|الساعة الثالثة|عندما دقت الساعة الثالثة، شعرت إليزابيث أنها يجب أن تذهب، وقالت ذلك على مضض شديد.|Pride and Prejudice|Jane Austen|true|en|true
03:00|0300-031|الساعة الثالثة|اجتاحت حمى القمار طلاب السنة الثانية، وانكبّوا على القمار حتى الساعة الثالثة ليلًا في ليالٍ حارةٍ كثيرة.|This Side of Paradise|F. Scott Fitzgerald|true|en|true
03:00|0300-032|الساعة الثالثة|توفيت هذا الصباح، في وقت مبكر جدًا، حوالي الساعة الثالثة.|The Voyage Out|Virginia Woolf|true|en|true
03:00|0300-033|الثالثة صباحًا.|الثالثة صباحًا. هذا هو جزاؤنا. الثالثة صباحًا. منتصف ليل الروح. ينحسر المد، وتنحسر الروح. ويصل قطار في ساعة اليأس. لماذا؟|Something Wicked This Way Comes|Ray Bradbury|true|en|true
03:00|0300-034|الثالثة|بحسب ساعتها، كانت الساعة قد تجاوزت الثالثة بقليل، وبحسب كل شيء آخر، كان الليل قد حلّ.|The Long Dark Tea-Time of the Soul|Douglas Adams|true|en|true
03:00|0300-035|في الثالثة صباحًا|في الثالثة صباحًا كنت أتجول في الطابق وأستمع إلى كاتشاتوريان وهو يعمل في مصنع جرارات. أطلق عليها اسم كونشرتو كمان. أطلقت عليها اسم حزام مروحة مرتخي، وليذهب الأمر إلى الجحيم.|The Long Goodbye|Raymond Chandler|false|en|true
03:00|0300-036|الساعة الثالثة صباحًا|في الساعة الثالثة صباحًا، لا بد أن تظهر يوريديس. ففي النهاية، لماذا جلست هنا كعامل تلغراف في موقع ناءٍ إن لم يكن لتلقي رسائل من كل مكان عن يوريديس المفقودة التي لم تكن لي أبدًا، ولكني رثيتها وسعيت إليها باستمرار، سواءً على الصعيد المهني أو الهاوي؟|The Medusa Frequency|Russell Hoban|true|en|true
03:00|0300-037|الساعة الثالثة صباحًا|لكن في الساعة الثالثة صباحًا، تحمل طرد منسي نفس الأهمية المأساوية لحكم الإعدام، ولا يجدي العلاج نفعًا - وفي ليلة حالكة من ليالي الروح، تكون الساعة دائمًا الثالثة صباحًا، يومًا بعد يوم.|The Crack-Up|F. Scott Fitzgerald|true|en|true
03:00|0300-038|الساعة الثالثة|لا تبدأ يومها إلا بعد أن تشرب كوبًا واحدًا من الشاي، خفيفًا لدرجة أن لونه ذهبي بالصدفة. إنها تعاني من الأرق. لياليها مليئة بالقلق والتوتر. حتى في الساعة الثالثة صباحًا، قد يسمعها المرء وهي تأكل بسكويتًا في المطبخ.|Afternoon Raag|Amit Chaudhuri|true|en|true
03:00|0300-039|الساعة الثالثة صباحًا|أغلقت الهاتف بقوة لكنه لم يصب القاعدة. ضغطت على الساعة بدلًا من ذلك، فأومضت الساعة الثالثة صباحًا.|Songs from the Other Side of the Wall|Dan Holloway|true|en|true
03:00|0300-040|في الثالثة صباحًا|بعد ستة أيام هادئة – أفضل أيام المخيم حتى الآن، ضوء يوليو الساطع يغمر كل مكان، ستة أيام رائعة في منتصف صيف الجبال، كل يوم منها يكرر الآخر – تعثر أحدهم بخطوات متقطعة، كما لو كانت كاحلاه مقيدتين بسلاسل، متجهًا إلى حمام كوخ الكومانش في الثالثة صباحًا.|Nemesis|Philip Roth|true|en|true
03:00|0300-041|الثالثة صباحًا|كانت الساعة الثالثة صباحًا عندما توقفت سيارة الأجرة التي كان يستقلها عند أكوام ضخمة من الثلج خارج فندقه. لم يكن قد تناول الطعام منذ ساعات.|Solar|Ian McEwan|true|en|true
03:00|0300-042|الساعة الثالثة ليلاً|ذات مرة رأيتُ شخصًا لن أنساه أبدًا. كانت الساعة الثالثة ليلاً، وكنتُ عائدًا إلى المنزل من بلاكي كالمعتاد؛ كان طريقًا مختصرًا بالنسبة لي، ولم يكن هناك أحد في الشارع في هذا الوقت من الليل، كما ظننت، وخاصة في هذا البرد القارس.|I’m Not Stiller|Max Frisch|true|en|true
03:00|0300-043|الثالثة صباحًا|"استيقظت فريا غاينز من نومها، وتلمست زر تشغيل هاتف الفيديو؛ وجدته بنعاس وشغّلته. تمتمت قائلة: ""انظر""، متسائلة عن الوقت. رأت قرص الساعة المضيء بجانب السرير. الثالثة صباحًا. يا إلهي."|The Game Players of Titan|Philip K Dick|true|en|true
03:00|0300-044|الساعة 03:00|يُصفّي شاكت فمه ويبتلع ريقه بصعوبة. «لا يستطيع تافيس حتى إعادة ملء فواصل البلاط في غرفة تبديل الملابس دون عقد اجتماع عام أو تعيين لجنة. لجنة إعادة ملء الفواصل تُماطل منذ شهر مايو. فجأةً يُجرون تبديلات سرية للحليب في الساعة 03:00؟ هذا لا يبدو صحيحًا يا جيم.»|Infinite Jest|David Foster Wallace|true|en|true
03:00|0300-045|الثالثة صباحًا|فكّر تشارلز هولواي، وهو جالس على حافة سريره: الثالثة صباحًا. لماذا يأتي القطار في هذه الساعة؟ لأنه، كما فكّر، إنها ساعة مميزة. النساء لا يستيقظن أبدًا في ذلك الوقت، أليس كذلك؟ إنهن ينمن نومًا عميقًا كالأطفال والرضّع. أما الرجال في منتصف العمر؟ فهم يعرفون تلك الساعة جيدًا.|Something Wicked This Way Comes|Ray Bradbury|true|en|true
03:00|0300-046|الثالثة|" قال الرجل، وهو ينظر إلى جورج من أعلى إلى أسفل بشك واضح: ""كم الساعة؟ حسنًا، إذا أصغيت جيدًا ستسمعها تدق.""<br>أصغى جورج، وسرعان ما ردت ساعة مجاورة دقاتها. قال جورج بنبرة حزينة بعد أن انتهت: ""لكنها لم تتجاوز الثالثة!"""|Three Men in a Boat|Jerome K. Jerome|true|en|true
03:00|0300-047|3:00 صباحًا| عندما استيقظت صوفي، كانت الساعة 3:00 صباحًا|Desperate Characters|Paula Fox|true|en|true
03:00|0300-048|الساعة الثالثة|اسمعي يا آنسة. إنها الساعة الثالثة صباحًا، وأنا بكامل قواي العقلية كما لم أكن من قبل. أعرف كل ممتلكاتي وأين تُنفق أموالي. وقد جهزت كل شيء لأغير رأيي، وأفعل ما يحلو لي في النهاية. هل تسمعين يا آنسة؟ أنا بكامل قواي العقلية.|Middlemarch|George Eliot|true|en|true
03:00|0300-049|الثالثة صباحًا|في هذه الأثناء، لا بد أنها كانت الثالثة صباحًا؛ كنت جالسًا على طاولة في مقهى تورتوني، أشرب القهوة وأدخن|Respiración artificial|Ricardo Piglia|true|es-AR|true
03:01|0301-000|3:01 صباحًا| في تمام الساعة 3:01 صباحًا، تحرك ثاديوس فنستون من نومه واستيقظ. جلس في سريره ونظر حوله في الجناح المظلم. ملأ الغرفة أنفاس هادئة وشخير متقطع لثلاثين مريضًا آخر نائمًا. التفت فنستون إلى النافذة وحدق عبر التلال السوداء التي تحمي مبنى الحرف المهجور.|A Filbert is a Nut|Rick Raphael|true|en|true
03:01|0301-001|حوالي الساعة الثالثة صباحًا|بالأمس، حوالي الساعة الثالثة صباحًا، وجدتُ والدتي فاقدة للوعي على أرضية حمامها. يقولون إنني بطلة لأنني أنقذتها من جرعة زائدة من الليثيوم.<br>لستُ بطلة. كل هذا خطأي.|Blink And We’ll Miss It|Ginny Kochis|false|en|true
03:01|0301-002|حوالي الثالثة صباحًا|كانت الساعة الآن حوالي الثالثة صباحًا، واستيقظ فرانسيس ماكومبر، الذي كان نائمًا لفترة وجيزة بعد أن توقف عن التفكير في الأسد، ثم عاد إلى النوم مرة أخرى.|The Short Happy Life of Francis Macomber|Ernest Hemingway|true|en|true
03:01|0301-003|مضت الساعة الثالثة|" فكرت: لن أبقى مستلقية هنا وأدع حياتي تُدمر! وعندما سمعت: ""صباح الخير يا سادتي! مضت الساعة الثالثة وصباح جميل!"" ألقت بالغطاء ونهضت من السرير، والتفتت لتهزّ نان."|Forever Amber|Kathleen Windsor|true|en|true
03:02|0302-000|الساعة الثالثة ودقيقتين|بعد أشهر من التدقيق والمراجعة، تم الاعتراف رسميًا بجوزيف ريكاردو، من عرق مختلط، المولود بشكل غير شرعي في مستشفى بوينس آيرس في تمام الساعة الثالثة ودقيقتين بالتوقيت الغربي في 19 أكتوبر 1995.|The Children of Men|P.D. James|true|en|true
03:03|0303-000|الثالثة وثلاث دقائق|في تمام الساعة الثالثة وثلاث دقائق، بدأ مسيرته كواحد من مشاهير العالم.|The Man Who Rocked the Earth|Arthur C. Train and Robert W. Wood|true|en|true
03:04|0304-000|3.04| نظر إلى ساعته الأمامية على الطاولة بجانب السرير ولاحظ أنها توقفت عند 3.04. إذن، لا يمكنك حتى الاعتماد على ساعات المنبه.|The Return of the Dancing Master|Henning Mankell|true|en|true
03:04|0304-001|ثلاث ساعات تقريبًا من الليل|حدث، كما أقول، أنه عندما كنا في عرض البحر وقد مرت ثلاث ساعات تقريبًا من الليل، كنا نبحر والشراع مفرود من الأعلى إلى الأسفل|Don Quijote de la Mancha|Miguel de Cervantes|true|es-ES|true
03:05|0305-000|الثالثة وخمس دقائق|" قال مورفي: ""قبل خمس دقائق كانت الساعة الثالثة. لا أستطيع الجزم، لكنني أظن أنها الآن حوالي الثالثة وخمس دقائق.""<br>طويت ذراعي. ""أنا لا أقوم عادةً بعمليات مراقبة."""|White Night|Jim Butcher|true|en|true
03:05|0305-001|3:05 صباحًا|في يوم الأحد الذي يسبق عيد الميلاد، استيقظت في الساعة 3:05 صباحًا وفكرت: ست وثلاثون ساعة. بعد أربع ساعات، نهضت وهي تفكر: اثنتان وثلاثون ساعة. في وقت متأخر من اليوم، اصطحبت ألفريد إلى حفلة عيد الميلاد التي تنظمها جمعية الحي في منزل ديل وهاني دريبليت، وأجلسته بأمان مع كيربي روت، ثم شرعت في تذكير جميع جيرانها بأن حفيدها المفضل، الذي كان يتطلع طوال العام إلى قضاء عيد الميلاد في سانت جود، سيصل غدًا بعد الظهر.|The Corrections|Jonathan Franzen|true|en|true
03:06|0306-000|3.06 صباحًا|"3.06 صباحًا<br>""هنا،"" قالت الآنسة بيتيغرو بصوت خافت. وقف جو فوقها. لم ينطق بكلمة، لكن ذراعه تشابكت مع ذراعها بتلك الرعاية الذكورية الرائعة، الخاصة، والوقائية التي لم تختبرها الآنسة بيتيغرو من قبل. اتكأت عليه ببساطة بضعف."|Miss Pettigrew Lives for a Day|Winifred Watson|true|en|true
03:07|0307-000|3:07| نظر إلى ساعته: 3:07. بالتأكيد لا يمكن أن تكون فيونا؟ نهض من السرير بصعوبة، وارتدى رداءه، وسار على مضض نحو الباب.|Heads You Win|Jeffrey Archer|true|en|true
03:07|0307-001|3.07 صباحًا|سجل واين دخوله متأخرًا: 3.07 صباحًا — برنامج متأخر جدًا. ركن سيارته. أفرغ علبة الحليب. تثاءب، تمدد. حك جلده.|The Cold Six Thousand|James Ellroy|true|en|true
03:08|0308-000|الثالثة وثماني دقائق| بدأ الضباب يتلاشى، وبات بإمكانه تمييز مبنى غرانج نفسه - ظل داكن كثيف تتخلله ومضات من أضواء النوافذ. أشارت ساعته إلى أنها الثالثة وثماني دقائق. لذا، سيكونون جميعًا الآن في عزلة للتأمل، ينتظرون استدعاء الساعة الرابعة لإعلان أصواتهم النهائية.|The Black Tower|P.D. James|true|en|true
03:09|0309-000|الثالثة وتسع دقائق| نظر هول إلى ساعته الرولكس، وكانت الساعة الثالثة وتسع دقائق، ومع ذلك لم يُعلن أي طائر وقواق عن الساعة، ولا حتى واحد. منذ متى وهذا يحدث، أو بالأحرى، منذ متى وهذا لا يحدث؟|The Road to Ruin|Donald E. Westlake|true|en|true
03:10|0310-000|الثالثة وعشر دقائق|لعق آدم أصابعه ومسح بها عينيه محاولًا التأقلم مع الظلام. نظر إلى القرص المضيء الصغير على ساعة المنبه: الثالثة وعشر دقائق.|A Matter of Honor|Jeffrey Archer|true|en|true
03:10|0310-001|3:10|كانت الساعة 3:10 صباحًا عندما عاد القس جرانت أخيرًا إلى منزل القسيس.|Warrior Monk|Ray Keating|true|en|true
03:10|0310-002|الثالثة وعشر دقائق|"أعتقد أن بطاقتي الائتمانية كانت هناك أيضًا. كتبتُ كلمة ""بطاقة ائتمانية"" وقلتُ لهم إن لم يسمحوا لي بإلغائها، فسأطالبهم بتسجيل الخسارة حتى لا يتم تحصيل أي رسوم منكم بعد وقت اتصالي بهم. نظرتُ إلى الساعة. كانت الثالثة وعشر دقائق."|The Whole Story and Other Stories|Ali Smith|true|en|true
03:10|0310-003|الثالثة وعشر دقائق|الحب من جديد؛ العادة السرية في الثالثة وعشر دقائق|Love Again|Philip Larkin|false|en|true
03:11|0311-000|3:11 صباحًا|" كانت الساعة تشير إلى 3:11 صباحًا.<br>""نعم، مرحبًا؟""<br>سأل صوت عميق خالٍ من المشاعر من الطرف الآخر: ""هل هذا القس ستيفن جرانت؟"""|The Root of All Evil?|Ray Keating|true|en|true
03:12|0312-000|الثالثة واثنتي عشرة دقيقة|طاولة عليها مجلات صيد ومنفضة سجائر، وبعض الكتب على رف، وشمعة في زجاجة، وكراسي، ومدفأة متوقفة عند الثالثة واثنتي عشرة دقيقة.|In the Company of Others|Jan Karon|true|en|true
03:12|0312-001|3:12 صباحًا|"كانت الساعة 3:12 صباحًا، وكان تشارلي يتصل.<br>أجابت: ""هل ما زلت جالسًا خارج ذلك الفندق؟""<br>""أجل. هذا هراء. سأدخل لأقبض على هذا الرجل، ولا يهمني ما يفعله الآن."""|Vatican Shadows|Ray Keating|false|en|true
03:13|0313-000|الساعة 03:13|ربما لن تتذكرني، لكنني الروح المحظوظة التي نُقلت إلى جسد بشري في الساعة 03:13 بتوقيت غرينتش.|Come Again|Josie Lloyd and Emlyn Rees|true|en|true
03:14|0314-000|3:14|منذ أن أخبر الفتاة أن الأمر يجب أن ينتهي، كان يستيقظ كل صباح في تمام الساعة 3:14، دون انقطاع. كل صباح كانت عيناه تفتحان فجأة، متيقظة، والأرقام الحمراء على ساعة المنبه الكهربائية تشير إلى 3:14.|The Slap|Christos Tsiolkas|true|en|true
03:15|0315-000|الساعة الثالثة والربع|كان لدى المدير شيء أكثر إثارة من مجرد التبرز؛ ففي الساعة الثالثة والربع من ذلك اليوم، فعل شيئًا في سرواله يعادل قنبلة ذرية من البراز.|The Tommyknockers|Stephen King|false|en|true
03:15|0315-001|الثالثة والربع صباحًا|"في إحدى ليالي أغسطس، بعد أن انتهى الحصاد الجيد وعاد طاقم أولد باي إلى المحمية بعد أن تسلّموا أجورهم، استيقظت على صوت بقرة تثغو. فكرتُ: ""<em>لقد فاتني وقت الحلب وأنا نائم</em>""، ولكن عندما تحسستُ ساعة جيب والدي من على الطاولة بجانب سريري ونظرتُ إليها، رأيتُ أنها الثالثة والربع صباحًا."|Full Dark, No Stars|Stephen King|true|en|true
03:15|0315-002|3:15| فوق باب الغرفة 69، كانت الساعة تدق عند 3:15. كانت الحركة تتسارع. ما كان في السابق صالة ألعاب رياضية أصبح الآن غرفة صغيرة، عرضها سبعة أقدام، مكعب ضيق، شبه مثالي.|Manhole 69|J.G. Ballard|true|en|true
03:16|0316-000|الساعة الثالثة وست عشرة دقيقة| نُقلت ريبيكا وآبي إلى المستشفى بواسطة سيارة إسعاف، وغادرت آبي المستشفى بعد عدة ساعات مصابة بجروح وكدمات طفيفة، وأُعلن عن وفاة ريبيكا لودن في تمام الساعة الثالثة وست عشرة دقيقة من صباح اليوم بعد فشل الجراحين في إصلاح الضرر الذي لحق بشريانها السباتي.|A Place of Safety|Emma Salisbury|true|en|true
03:17|0317-000|03:17| نظرت حسن إلى ساعتها – 03:17 – واثقة من أن الشخص الوحيد المستيقظ على متن السفينة هو الشاب الموجود على الجسر. رخ إلى أربعة فيلة. أزال حصانًا من الرقعة.|Next in Line|Jeffrey Archer|true|en|true
03:17|0317-001|3:17 صباحًا|يشير الطابع الزمني إلى 3:17 صباحًا. كتلة نصية كبيرة. ليست علامة جيدة لما سيحدث لاحقًا.|Bath Haus|P.J. Vernon|true|en|true
03:17|0317-002|الساعة الثالثة وسبع عشرة دقيقة صباحًا|كانت الساعة الثالثة وسبع عشرة دقيقة صباحًا. جلست ميلا، مرتديةً معطفًا طويلًا وحذاءً طويلًا، على حافة السرير. تأوه مالك سولانكا. دائمًا ما تأتي الكارثة عندما تكون دفاعاتك في أضعف حالاتها: تباغتك، مثل الحب.|Fury|Salman Rushdie|true|en|true
03:17|0317-003|3:17|" جلسنا هناك، نستمع - بوريس أكثر انتباهاً مني. قلت: ""من هذا الذي معه إذن؟"" أجاب: ""عاهرة ما."" استمع للحظة، حاجباه معقودان، وملامحه حادة في ضوء القمر، ثم استلقى مرة أخرى. ""اثنتان منهما."" استدرت، وتحققت من جهاز الآيبود الخاص بي. كانت الساعة 3:17 صباحاً."|The Goldfinch|Donna Tartt|false|en|true
03:17|0317-004|الساعة 3:17 صباحًا| التفت إلى الشاشات مرة أخرى وتصفحها، حيث كانت كل شاشة قادرة على عرض ثمانية أنواع مختلفة من تركيبات الكاميرا، مما منح كورت 192 صورة ثابتة مختلفة لأشجار البلوط الأخضر في الساعة 3:17 صباحًا من ليلة مارس هذه.|What Was Lost|Catherine O’Flynn|true|en|true
03:18|0318-000|03:18|" قد لا نعرف حقيقة الأمر أبدًا. كل ما نعرفه في الوقت الحالي هو أنه في الساعة 03:18 من يوم 10 فبراير، كانت سفينة ""الصليب الجنوبي"" محاصرة تمامًا بالجليد، وكانت ترسل نداء استغاثة. لا بد أن هذا الممر الملاحي في الجليد قد انتهى خلال الليل. أحاط بها الجليد المتراكم المدفوع نحو الغرب، وفي غضون ساعات قليلة اختفت."|The White South|Hammond Innes|true|en|true
03:19|0319-000|الساعة 3:19 صباحًا|يشير الطابع الزمني على كاميرا نافيدسون إلى أنها الساعة 3:19 صباحًا بالضبط.|House of Leaves|Mark Z. Danielewski|true|en|true
03:20|0320-000|الساعة 3:20 صباحًا|براباث كومارا، 16. 17 نوفمبر 1989. الساعة 3:20 صباحًا من منزل صديق.|Anil’s Ghost|Michael Ondaatje|true|en|true
03:21|0321-000|3:21|لم يكلف نفسه عناء الاستحمام أو الحلاقة، وارتدى بسرعة الملابس التي كان يرتديها في اليوم السابق. غادر شقته في كوينز الساعة 3:21 وقاد سيارته إلى مانهاتن، تاركًا سيارته أمام مركز الشرطة قبل الساعة الرابعة ببضع دقائق.|Honor Among Thieves|Jeffrey Archer|true|en|true
03:21|0321-001|3:21| ألقت نظرة خاطفة أخرى على ساعة السرير: 3:21. نهضت من السرير، وارتدت رداء الحمام، وجلست على الطاولة الصغيرة، وملأت عدة أوراق من أوراق الفندق بملاحظات استعدادًا لاجتماعها مع سيفون جيلكس. شعرت وكأنها تستعد لامتحان.|The Sins of the Father|Jeffrey Archer|true|en|true
03:21|0321-002|الثالثة وإحدى وعشرين دقيقة| ثم تذكر أن غد عيد الميلاد سيكون اليوم السابع والعشرين من الشهر القمري، وبالتالي سيكون المد العالي في الثالثة وإحدى وعشرين دقيقة، والجزر النصفي في السابعة والربع، والجزر المنخفض في التاسعة وثلاث وثلاثين دقيقة، والمد النصفي في الثانية عشرة وتسع وثلاثين دقيقة.|The Toilers of the Sea|Victor Hugo|true|en|true
03:22|0322-000|03:22|سيداتي وسادتي، في تمام الساعة 03:22 من صباح اليوم، رصدت مجموعة أجهزة استشعار GEODSS التابعة لنا في سوكورو، نيو مكسيكو، جسمًا شاذًا خارج مدار القمر.|The Gift|Dave Donovan|true|en|true
03:23|0323-000|الساعة الثالثة وثلاث وعشرون دقيقة|إنها الساعة الثالثة وثلاث وعشرون دقيقة، وطائرته تغادر في الساعة الثامنة صباحًا.|Candyland|Evan Hunter and Ed McBain|true|en|true
03:24|0324-000|الساعة 3:24|" ""بالتأكيد لا!"" سخرت. ""تشكيل حلقة وصل لحركة المرور العابرة للقارات. المساعدة في وضع حزام حول الأرض في ثمانين يومًا - أم أربعين الآن؟ - توعية الجمهور المسافر بشأن قطار الساعة 3:24؛ توزيع الجداول الزمنية وغيرها من وسائل التعليم القيّمة -""<br>""أنا سعيد هنا،"" قال بإصرار."|Success: A Novel|Samuel Hopkins Adams|true|en|true
03:25|0325-000|3:25 صباحًا|كانت الساعة 3:25 صباحًا. شعور غريب بالإثارة، أن أعتقد أنني مولفاني الوحيد المستيقظ في المنزل.|We Were the Mulvaneys|Joyce Carol Oates|true|en|true
03:26|0326-000|03:26| انزلق سام بثقل على حافة سريره غير المرتب، واضعًا رأسه بين يديه، ومرر أصابعه بين خصلات شعره الأشعث قبل أن يلقي نظرة خاطفة على الساعة الرقمية على المنضدة الجانبية. أضاءت أرقامها الحمراء الصغيرة 03:26، فتنهد.|Ink|Torrie McLean|true|en|true
03:27|0327-000|3:27 صباحًا|" في تمام الساعة 3:27 صباحًا، طلب الصمت مجددًا. ""أنا، ليونارد ديريك هاردي، بصفتي مسؤول الانتخابات..."" انحنت الرؤوس، وأغمضت العيون، بينما أدار بعض الحاضرين ظهورهم، غير قادرين حتى على مواجهة المنصة وهم يعقدون أصابعهم وينتظرون قراءة الأرقام."|Mightier Than the Sword|Jeffrey Archer|true|en|true
03:27|0327-001|الساعة الثالثة وسبع وعشرين دقيقة|" انطلقوا خارج المدينة بخطى سريعة برفقة الحارس. لو كان هناك من يلاحظ ذلك، لرأى أن الساعة على جدار ""قفص الطيور"" تشير إلى الساعة الثالثة وسبع وعشرين دقيقة."|Oh, You Tex!|William MacLeod Raine|true|en|true
03:28|0328-000|3.28| كان أحدهم يركض أمام غرفته. أُغلق باب بقوة. تلك اللغة الأجنبية مجددًا. ما الذي يحدث بحق الجحيم؟ أضاء مصباحه ونظر إلى ساعته. 3.28. نهض من سريره.|Dreams of Leaving|Rupert Thomson|true|en|true
03:29|0329-000|الساعة 03:29| رسالة من وحدة التحقيقات الجنائية فقط. وصلهم إشعار الفاتورة على هاتف ديفورد المحمول. آخر مكالمة كانت إلى هاتف محمول آخر في الساعة 03:29 من صباح يوم الأحد. لم يستخدمه أحد منذ ذلك الحين.|Borrowed Light|Graham Hurley|true|en|true
03:30|0330-000|الثالثة والنصف|كان غارقًا في نوم عميق لدرجة أنه لم يسمع صوت محاولة فتح مقبض بابه. ما أيقظه هو صوت طرق خفيف في البداية، أشبه بصوت أظافر تُخدش الخشب، وعندما فتح عينيه ظن أنه أحد الأطفال يحاول الصعود إلى سريره بعد كابوس. لكنه رأى الغرفة الغريبة وتذكر مكانه. حدق في عقارب ساعة المنبه المضيئة في الفندق. الثالثة والنصف.|Munich|Robert Harris|true|en|true
03:30|0330-001|الثالثة والنصف|في الثالثة والنصف، غرّد طائر وحيد في سماء صامتة لحنًا خافتًا.|At Half past Three, a single Bird|Emily Dickinson|true|en|true
03:30|0330-002|الثالثة والنصف صباحًا|في الساعة الثالثة والنصف صباحًا، فقد أحد أوهامه: فقد أبلغه الضباط الذين أُرسلوا للاستطلاع أن العدو لا يتحرك.|Les Misérables|Victor Hugo|true|en|true
03:30|0330-003|3:30 صباحًا|الساعة الآن 3:30 صباحًا في منزل السيدة رالف الهادئ أخيرًا، عندما قرر غارب تنظيف المطبخ لتمضية الوقت حتى الفجر. وبمعرفته بأعمال ربة المنزل، ملأ غارب الحوض وبدأ بغسل الأطباق.|The World According to Garp|John Irving|true|en|true
03:30|0330-004|الثالثة والنصف|" قلتُ: ""هيا ننام. انظروا كم الساعة."" راديو الساعة موجود بجانب السرير. يمكن لأي شخص أن يرى أنها الثالثة والنصف."|Whoever Was Using This Bed|Raymond Carver|true|en|true
03:30|0330-005|الثالثة والنصف صباحًا|اسمعوا، لن أتصل بالدكتور ماكغراث في الثالثة والنصف صباحًا لأسأله إن كان من المقبول أن يأكل ابني الديدان. هذا أمرٌ غير مقبول.|How to Eat Fried Worms|Thomas Rockwell|true|en|true
03:31|0331-000|03:31 ساعة| تردد للحظة ثم مد يده نحو أيقونة اتصال الأدميرال، ولمسها بحذر شديد كما لو كانت زنادًا لشحنة نووية. أدخل أراشان الوقت بالضبط في سجل مهامه: 03:31 ساعة.|Shroud of Eden|Marlin Desault|true|en|true
03:32|0332-000|03:32|تم العثور في النهاية على أسطوانة دعم تبريد فارغة خارج سيارته المهجورة في الساعة 03:32 من صباح اليوم بالقرب من قرية هازلبروك، على بعد ستة وثلاثين ميلاً شمال هذا المكان.|The Sons of Scarlatti|John McNally|true|en|true
03:33|0333-000|3:33|تسللت نسمة هواء باردة من حول إطار نافذة المطبخ، فارتجفت. كانت الساعة الرقمية على موقد بيركوس تشير إلى 3:33.|Chronic City|Jonathan Lethem|true|en|true
03:34|0334-000|الساعة 3:34 صباحًا|كانت الساعة 3:34 صباحًا، وكان مستيقظًا تمامًا. سمع رنين الهاتف وصوت عمه.|Always Florence|Muriel Jensen|true|en|true
03:35|0335-000|3:35|الثلاث والنصف، 3:35، 3:40. فجأةً، حدثت هزةٌ عنيفةٌ كادت أن تُطيح به من مقعده. تبع ذلك صريرٌ عالٍ للعجلات بينما تباطأ القطار بسرعة، وتوقف أخيرًا.|Be Careful What You Wish For|Jeffrey Archer|true|en|true
03:35|0335-001|3.35 صباحًا| بالكاد استطاع رؤية عقارب المنبه في الظلام: 3.35 صباحًا. عدّل وسادته وأغمض عينيه.|The Dogs of Riga|Henning Mankell|true|en|true
03:36|0336-000|3:36 صباحًا| عندما اقتربت من ديدهورس، كانت الساعة 3:36 صباحًا والحرارة 17 درجة تحت الصفر. أضواء بخار الصوديوم الطويلة تُلقي بظلالها على الطريق، ولا توجد أشجار، فقط آلات وظلال ميكانيكية. حتى أنه لا توجد كنيسة. هذا يُخبرك بكل شيء.|Zoopraxis|Richard Christian Matheson|true|en|true
03:37|0337-000|الساعة 3:37 صباحًا|كانت الساعة 3:37 صباحًا، وللمرة الأولى كانت ماغي نائمة. لقد أصبحت تنام جيدًا جدًا في الأشهر القليلة الماضية. كان كلايد فخورًا بهذا الأمر أكثر من أي شيء آخر.|The Cobweb|Stephen Bury|true|en|true
03:38|0338-000|الساعة 3:38 صباحًا|في تمام الساعة 3:38 صباحًا، بدأ تساقط الثلج في بولينغ غرين، كنتاكي. عادت الأوز التي كانت تحلق فوق المدينة إلى الحديقة، وهبطت، واستقرت على جزيرتها في البحيرة.|Just Like the Ones We Used to Know|Connie Willis|true|en|true
03:39|0339-000|3.39 صباحًا|23 أكتوبر 1893 3.39 صباحًا. بعد مزيد من التفكير، أشعر بضرورة توضيح أن النفي إلى ورشة السيد ليس مصيرًا سيئًا. إنه ليس مجرد قبو خالٍ من الجدران ومملوء بالعناصر التحفيزية - بل على العكس تمامًا.|The Clockwork Man|William Jablonsky|true|en|true
03:40|0340-000|الساعة الثالثة وأربعون دقيقة| تشير ساعة منبهه إلى الساعة الثالثة وأربعون دقيقة. ليس لديه أدنى فكرة عما يفعله خارج السرير: فهو لا يحتاج إلى قضاء حاجته، ولا يزعجه حلم أو أي شيء من أحداث اليوم السابق، ولا حتى حال العالم.|Saturday|Ian McEwan|true|en|true
03:41|0341-000|3.41 صباحًا| أشارت ساعة المنبه إلى الساعة 3.41 صباحًا. نهض وجلس. لماذا كانت ساعة المنبه متأخرة؟ التقط ساعة المنبه وعدّل عقاربها لتشير إلى نفس الوقت الذي تشير إليه ساعته: 3.44 صباحًا|The Dogs of Riga|Henning Mankell|true|en|true
03:42|0342-000|3:42 صباحًا|" رنّ الهاتف في تمام الساعة 3:42 صباحًا. من قد يتصل في هذا الوقت المتأخر؟ أو بالأحرى، ""في هذا الوقت المبكر""؟ لم يكونوا قد ناموا إلا لبضع ساعات. انتهت صلاة ليلة عيد الفصح حوالي الساعة 11 مساءً، ثم جهّزت كل شيء لصلاة شروق شمس عيد الفصح، التي ستبدأ حوالي الساعة 6 صباحًا."|Blood Stained|Gayl Siegel|true|en|true
03:42|0342-001|3:42 صباحًا| لنرَ ما ستسفر عنه أوامر التفتيش. حتى الآن، اعترف بيلي بأنه كان حاضرًا عند موقد النار. يقول المختبر إن آثار حذائه تطابق العلامات الموجودة على جسد لينا. لا يستطيع بيلي تفسير الفترة الزمنية بين آخر مرة شوهد فيها وهو يغادر موقد النار وذراعه حول لينا، ووصوله إلى المنزل في الساعة 3:42 صباحًا وهو في حالة سُكر شديد، وفقًا لزوجته لاسي.|Beneath Devil’s Bridge|Loreth Anne White|true|en|true
03:42|0342-002|3:42|"قال وهو ينظر إليها بحنان: ""من المقرر أن نصل إلى يلو سكاي في تمام الساعة 3:42"".<br>قالت: ""أوه، حقًا؟"" وكأنها لم تكن على علم بذلك. كان إظهار الدهشة من كلام زوجها جزءًا من لطفها كزوجة."|Bride Comes to Yellow Sky|Stephen Crane|true|en|true
03:43|0343-000|3.43 صباحًا|تشير الساعة إلى 3.43 صباحًا. ويشير مقياس الحرارة إلى أن درجة الحرارة باردة جدًا، حيث تبلغ 14 درجة فهرنهايت. ويقول خبير الأرصاد الجوية إن موجة البرد ستستمر حتى يوم الخميس، لذا ارتدوا ملابس دافئة جدًا. هناك كتل جليدية تحجب نافذة كهف الخفافيش.|Ghostwritten|David Mitchell|true|en|true
03:44|0344-000|3:44|عندما فتحت عيني، كان فجر بلون المحار يتسلل من النوافذ. كانت عقارب ساعة المنبه النحاسية تشير إلى 3:44.|The Sweetness at the Bottom of the Pie|Alan Bradley|true|en|true
03:44|0344-001|3.44 صباحًا|كان الظلام حالكًا. بعد أن أضاءت النور وذهبت إلى المرحاض، نظرت إلى ساعتها: 3.44 صباحًا. خلعت ملابسها، وأخرجت القطة من الباب، وعادت إلى السرير المزدوج.|Liver: Leberknödel|Will Self|true|en|true
03:45|0345-000|03.45| لمس وجه ساعته ليتأكد من الوقت: 03.45. الرمز الذي سيفتح الباب الخارجي ويسمح له بالنزول إلى أمان عالمه الآخر.|Over My Dead Body|Jeffrey Archer|true|en|true
03:45|0345-001|الرابعة إلا الربع|لم تهدأ أبْرا. كان بكاؤها رتيبًا، ومُثيرًا للجنون، ومُرعبًا. عندما وصلوا إلى مستشفى بريدجتون، كانت الساعة الرابعة إلا الربع، وكانت أبْرا لا تزال تبكي بصوت عالٍ. عادةً ما تكون الرحلات في سيارة أكورا أفضل من تناول حبة منومة، ولكن ليس هذا الصباح.|Doctor Sleep|Stephen King|true|en|true
03:45|0345-002|الرابعة إلا ربع|اللورد كافيرشام: حسنًا يا سيدي! ماذا تفعل هنا؟ تضيع حياتك كالعادة! يجب أن تكون في سريرك يا سيدي. أنت تسهر لوقت متأخر جدًا! سمعت عنك الليلة الماضية في منزل الليدي روفورد ترقص حتى الرابعة صباحًا!<br>اللورد غورينغ: الرابعة إلا ربع يا أبي.|An Ideal Husband|Oscar Wilde|true|en|true
03:46|0346-000|03 46|هذه المرة، جاء العام أولاً، 88، متبوعًا بالشهر، 09، وأخيرًا الوقت، الذي انتقل للتو إلى 03 46.|Over My Dead Body|Jeffrey Archer|true|en|true
03:46|0346-001|الساعة 3:46 صباحًا|رأيت سيارة بنتلي تدخل إلى ساحة المدرسة في الساعة 3:46 صباحًا، ومرّت سيارة سوبيربان التي تقلّ عميلين من جهاز الخدمة السرية بعد بضع دقائق.|Deadly Cross|James Patterson|true|en|true
03:47|0347-000|3:47|بقيت مستيقظًا حتى الساعة 3:47. كانت تلك آخر مرة نظرت فيها إلى ساعتي قبل أن أغفو. لها وجه مضيء، وتضيء عند الضغط على زر، لذا تمكنت من قراءتها في الظلام. كنت أشعر بالبرد، وكنت خائفًا من أن يخرج أبي ويجدني. لكنني شعرت بأمان أكبر في الحديقة لأنني كنت مختبئًا.|The Curious Incident of the Dog in the Night-Time|Mark Haddon|true|en|true
03:48|0348-000|03:48| نظر إلى الساعة، 03:48، وكان على وشك إدخال الرمز عندما دخل كولينز الغرفة بهدوء، مرتديًا معطفًا طويلًا وبنطالًا مخططًا وياقة بيضاء صلبة وربطة عنق حريرية رمادية.|Over My Dead Body|Jeffrey Archer|true|en|true
03:48|0348-001|الرابعة إلا اثنتي عشرة دقيقة| عندما وصل جيريمي وكوبي إلى غرفتهما، كانت الساعة تشير إلى الرابعة إلا اثنتي عشرة دقيقة. كادت النار أن تنطفئ في غرفة نومهما، لكن جيريمي نزل إلى الطابق السفلي وأحضر المزيد من الحطب لإشعالها من جديد.|The Twisted Sword|Winston Graham|true|en|true
03:49|0349-000|الساعة 3:49|"كانت الساعة 3:49 عندما ضربني بسبب قولي ""لا أعرف"" مئتي مرة. ضربني كثيراً بعد ذلك."|The Ipcress File|Len Deighton|true|en|true
03:50|0350-000|الرابعة إلا عشر دقائق أو خمس دقائق|استخدمت هاتفها المحمول لترك عدة رسائل على جهاز الرد الآلي في ساو باولو لطبيب الأسنان الشاب الذي قابلته في الليلة السابقة، واسمه فرناندو. سُجلت الرسالة الأولى في الرابعة إلا عشر دقائق أو خمس دقائق صباحًا.|A Death in Brazil: A Book of Omissions|Peter Robb|true|en|true
03:51|0351-000|3:51|كانت القراءة الرقمية على راديو الساعة 3:51. دائمًا ما تكون الأرقام فردية في مثل هذه الأوقات. ماذا يعني ذلك؟ هل الموت رقم فردي؟|White Noise|Don DeLillo|true|en|true
03:52|0352-000|03:52|كان الأمر أنيقًا، أكثر من اللازم. كان سجل الرحلة مفتوحًا عند آخر إدخال: 03:52 ساعة - منارة برادي فيلد، اتجاه 312 درجة، حوالي ثمانية أميال.|The Mediterranean Caper|Clive Cussler|true|en|true
03:53|0353-000|الرابعة إلا سبع دقائق|أعلم ما قالته لي العجوز إلس، لكنني لم أسمعه منك يا بني حتى الآن. ماذا كنت تفعل في هوغ كورت في حوالي الرابعة إلا سبع دقائق هذا الصباح؟|Soho|Keith Waterhouse|true|en|true
03:54|0354-000|الساعة 3:54 صباحًا|هبطت رحلة الطيران المستأجرة القادمة من فلوريدا في ألدرغروف قبل دقائق، في تمام الساعة 3:54 صباحًا.|The More a Man Has, the More a Man Wants|Paul Muldoon|true|en|true
03:55|0355-000|الساعة 3:55 صباحًا|هنا في القبو الفسيح في الساعة 3:55 صباحًا، في بقعة ضوء واحدة، ثيو بيرون.|Saturday|Ian McEwan|true|en|true
03:56|0356-000|الرابعة إلا أربع دقائق| كانت الساعة الآن الرابعة إلا أربع دقائق، وقد بدأ يوم جديد: يوم من شأنه أن يمزق الشقوق، ويحول الكدمات إلى جروح دامية، ويحطم إلى أشلاء كل ما بنته على نفسها بصبر.|The Cassandra Complex|Brian Stableford|true|en|true
03:57|0357-000|3:57|أضاء مصباح السرير والتقط ساعته. كانت الساعة 3:57. بدأ يسترجع ما حدث قبل بضع ساعات.|Honor Among Thieves|Jeffrey Archer|true|en|true
03:57|0357-001|الرابعة إلا ثلاث دقائق|" أجابت وهي تنظر إلى ساعتها الذهبية القديمة العريضة، ثم وضعتها على أذنها: ""الرابعة إلا ثلاث دقائق. نعم، الرابعة إلا ثلاث دقائق. ظننتُ أنها ستكون لاحقًا. لقد رأيتَ شيئًا يا ويليام موبراي، لقد رأيتَ. لقد رأيتَ شيئًا، أليس كذلك؟"""|All in the Dark|Joseph Sheridan Le Fanu|true|en|true
03:58|0358-000|الرابعة إلا دقيقتين| كان المنزل القديم مهجورًا، والمرآب المتداعي مغلقًا بقفل، وبالكاد استطاع المرء أن يميز - من خلال النظر عبر شق في أشعة الشمس المتلألئة على النافذة - وجه ساعة على الجدار المقابل. توقفت الساعة عند الرابعة إلا دقيقتين في الصباح الباكر، أو من يدري، ربما كانت في وقت أبكر من ذلك، أمس بعد الظهر، بعد ساعتين من مغادرة كايزر كاماريا إلى بارتيكا.|Heartland|Wilson Harris|true|en|true
03:58|0358-001|3:58| تشير الساعة أعلى النادي إلى 3:58.|Underworld|Don DeLillo|true|en|true
03:59|0359-000|الرابعة تقريبًا|" والمواد الخام للواقع بدون رابط الزمن هي مواد تائهة، والواقع لا معنى له كقطع خشب البلسا لطائرة نموذجية متناثرة في الريح... أنا في غرفتي القديمة، نعم، في الظلام، بالتأكيد، والجو بارد، بالطبع، ولكن ما الوقت الآن؟ ""الرابعة تقريبًا يا بني."""|Sometimes a Great Notion|Ken Kesey|true|en|true
03:59|0359-001|قبل دقيقة واحدة من الرابعة|" التفت إلى زور علا. ""عليك أن تُجري اتصالات مع البشر الآخرين في المستعمرة حسبما تراه مناسبًا، وستنظم عدة مجموعات من أولئك الذين تثق بهم. اجعلهم يتجمعون في مجموعات صغيرة على جانبي البوابة الرئيسية، ملتزمين بالبقاء في ظلال جدار الحصن. تأكد من استعدادهم قبل دقيقة واحدة من الرابعة. جهّز الأعضاء بأي أسلحة يمكنك ابتكارها."""|The Time-Techs of Kra|Max Sheridan|true|en|true
04:00|0400-000|الساعة الرابعة|"في تمام الساعة الرابعة، جلس مارك في مكتب صحيفة ""ذا فيري"" يُعيد قراءة المقالتين الأخيرتين اللتين كتبهما - إحداهما لأكثر صحفنا احترامًا، والأخرى لصحيفة أكثر شعبية. كان هذا هو الجزء الوحيد من عمل تلك الليلة الذي تضمن شيئًا يُرضي الغرور الأدبي. أما الساعات السابقة فقد قضاها في العمل الشاق المتمثل في صياغة الأخبار نفسها."|That Hideous Strength|C.S. Lewis|true|en|true
04:00|0400-001|الرابعة صباحًا|كان عليها أن تخبره. ليس من الود أنها لم تخبره. في المرة الأولى، أخبرته وبكيا كلاهما، واحتضنا بعضهما بشدة، يواسي كل منهما الآخر على انتهاك شعرا أنه متبادل. ثم ناقشا مشاكلهما، وظلا مستيقظين حتى الرابعة صباحًا، يتهامسان عبر طاولة المطبخ.|Life Before Man|Margaret Atwood|true|en|true
04:00|0400-002|الرابعة|" تتبعتُ نظراته إلى رف المدفأة. توقفت الساعة عند الرابعة.<br>""<em>يا صديقي</em>، لقد عبث بها أحدهم. كان لا يزال أمامها ثلاثة أيام. إنها ساعة ثمانية أيام، هل تفهم؟""<br>""لكن ما الذي يدفعهم لفعل ذلك؟ هل هي محاولة لتضليل التحقيق بجعل الجريمة تبدو وكأنها وقعت في الرابعة؟"""|The Big Four|Agatha Christie|true|en|true
04:00|0400-003|الرابعة صباحًا|هبطت السحابة، وانفصل صوت بيل عما يدور في رأسه. كانت للسحابة الأرجوانية فكرة. اجتاحت فوقه كالدخان المتصاعد من أبراج منهارة. احتمال أن يكون كل عمله وكل أسفاره وكل شغفه مجرد مهزلة. طريقته في التأقلم في الرابعة صباحًا على طريق سريع في غرب تكساس. دق قلبه بقوة، وحلم بالحقيقة، لكن كل اكتشاف كان مراوغًا كسمكة في اليد، وفي كل مرة حاول فيها الإمساك بها، كانت ببساطة تتلوى بذيلها وتفلت.|Ohio|Stephen Markley|true|en|true
04:00|0400-004|الساعة الرابعة| إنه رسام واهم من ينهي لوحته في الساعة الثانية ويتوقع تحولًا مجتمعيًا جذريًا بحلول الساعة الرابعة. حتى عندما يكتب الفنانون بيانات، فإنهم (نأمل) يدركون أن نبرتهم الملحة، في النهاية، مستعارة، لا تعدو كونها صدى ومحاكاة لإلحاح مطالب الثوار، أو احتجاجات النشطاء، بدلاً من تجسيدها فعليًا. يطالب الناس أحيانًا بالتغيير. نادرًا ما يطالبون بالفن.|Intimations|Zadie Smith|true|en|true
04:00|0400-005|الساعة الرابعة| عندما دقت ساعات الصف في علبها الساعة الرابعة، أغلق دفتر الحسابات ومد يده إلى مصباح الزيت على حافة المنضدة. أزال المدخنة الزجاجية، وأشعل عود ثقاب وقربه من الفتيل، ثم أعاد الزجاج وشاهد درجات اللون الكهرماني للهب تملأ الغرفة، متناثرة الظلال بين وجوه الساعات.|Cogheart|Peter Bunzl|true|en|true
04:00|0400-006|الرابعة صباحًا|كل هذا مرئي لكم بضوء مصباح زيتي معلق من السقف، وبضوء نار ممتازة، أجلس بالقرب منها مرتديةً عباءتي وقبعتي؛ وقفازي ومظلتي موضوعان على الطاولة، وأنا أدفئ نفسي من الخدر والبرد اللذين أصاباني بعد ست عشرة ساعة من التعرض لبرودة يوم من أيام أكتوبر: غادرت لوتون في الرابعة صباحًا، وساعة بلدة ميلكوت تدق الآن الثامنة.|Jane Eyre|Charlotte Brontë|true|en|true
04:00|0400-007|الساعة الرابعة|كانت الساعة الرابعة قبل أن نغادر أخيرًا. الآن، لسبب ما، كان تشارلز وكاميلا هما من لم يتحدثا. لقد تشاجرا حول شيء ما - رأيتهما يتجادلان في الفناء - وطوال الطريق إلى المنزل، في المقعد الخلفي، جلسا جنبًا إلى جنب وهما يحدقان إلى الأمام مباشرة، وأذرعهما مطوية على صدورهما بطريقة أنا متأكد من أنهما لم يدركا أنها متطابقة بشكل مضحك.|The Secret History|Donna Tartt|true|en|true
04:00|0400-008|الرابعة صباحًا|بعد مغادرة فرانسيس، غفوتُ مجددًا. عندما استيقظتُ كانت الساعة الرابعة صباحًا. لقد نمتُ لما يقارب أربعًا وعشرين ساعة.|The Secret History|Donna Tartt|true|en|true
04:00|0400-009|الرابعة|"يستيقظ في الرابعة، وعندما يخرج ممسكًا بالقفازات الجديدة في إحدى يديه، تكون أليس جالسة على كرسي الحديقة الأبدي في الموتيل، ملفوفة بكنزة كُتب عليها ""أحب لاس فيغاس""، وتنظر إلى هلال القمر."|Billy Summers|Stephen King|true|en|true
04:00|0400-010|الرابعة صباحًا|" كانت والدته على علم بأمر منع الكلام. حدث ذلك بعد أن دخل داني الغرفة 217 في فندق أوفرلوك.<br>""هل ستتحدث إلى ديك؟""<br>كان مستلقيًا على سريره، ينظر إليها، وأومأ برأسه. اتصلت والدته، على الرغم من أنها كانت الرابعة صباحًا.<br>في وقت متأخر من اليوم التالي، جاء ديك. أحضر معه شيئًا.<br>هدية."|Doctor Sleep|Stephen King|true|en|true
04:00|0400-011|الساعة الرابعة|كعلامة على الاحترام، خلعت روز قبعتها العالية وأمسكتها بجانبها.<br>في الساعة الرابعة، عادوا إلى مخيمهم في موقف السيارات، وقد استعادوا نشاطهم. سيعودون في اليوم التالي، والذي يليه، والذي يليه. سيعودون حتى ينفد البخار الجيد، ثم سينتقلون.|Doctor Sleep|Stephen King|true|en|true
04:00|0400-012|الرابعة صباحًا|كانت فيرا معلقة بخيط رفيع منذ أسبوع، في غيبوبة، تتنفس بشكل متقطع، وكانت هذه الليلة تحديدًا هي التي يختارها الضعفاء للخروج. عادةً في الرابعة صباحًا.|Doctor Sleep|Stephen King|true|en|true
04:00|0400-013|الرابعة صباحًا|قد يموت شاعر في الحادية والعشرين، أو ثوري أو نجم روك في الرابعة والعشرين. لكن بعد ذلك، تفترض أن كل شيء سيكون على ما يرام. لقد تجاوزت منعطف الرجل الميت، وخرجت من النفق، تسير مباشرة نحو وجهتك على طريق سريع بستة مسارات - سواء أردت ذلك أم لا. تقص شعرك؛ وتحلق ذقنك كل صباح. لم تعد شاعرًا، ولا ثوريًا، ولا نجم روك. لم تعد تفقد وعيك سكرانًا في أكشاك الهاتف، أو تعزف أغاني فرقة ذا دورز بصوت عالٍ في الرابعة صباحًا.|Blind Willow, Sleeping Woman|Haruki Murakami|true|en|true
04:00|0400-014|الرابعة صباحًا|قبل ثلاثة أشهر من حفلة الحي، وقبل أن يقود أوليفر دوبوا شاحنة مسروقة إلى غرفة معيشته، وقبل أن يُطلق أحدهم النار على ستيب فولكين في شارع أوك رقم 46، قررت هولي دوبوا القيام بنزهة صباحية مبكرة. مبكرة جدًا. في الرابعة صباحًا.|Behind the Lie|Emilya Naymark|true|en|true
04:00|0400-015|الرابعة صباحًا|"همست قائلة: ""باستر""، وهي تداعب كلب الشيه تزو الصغير لإيقاظه. ففي النهاية، قد يُعتبر المشي بمفردها في الرابعة صباحًا أمرًا غريبًا. لم يفعل أحد ذلك في سيلفان باستثناء عداء أو اثنين من العدائين المتفانين خلال فترات الراحة، وهي لم تكن عداءة."|Behind the Lie|Emilya Naymark|true|en|true
04:00|0400-016|الساعة الرابعة|ثم كنت مستلقيًا نصف نائم في الطابق السفلي البارد لمحطة بنسلفانيا، أحدق في صحيفة تريبيون الصباحية، وأنتظر قطار الساعة الرابعة.|The Great Gatsby|F. Scott Fitzgerald|true|en|true
04:00|0400-017|الساعة الرابعة| استلقت في تمام الساعة الرابعة، ولم تكن تتوقع أن تغفو ولو للحظة، لكن جسدها المتعافي كان له أولوياته الخاصة. غطت في النوم على الفور تقريبًا، وعندما استيقظت على دقات منبهها المتواصلة <em>دا-دا-دا</em>، شعرت بالامتنان لأنها ضبطته. في الخارج، كانت نسمة أكتوبر العاصفة تداعب أوراق الأشجار وتبعثرها عبر فناء منزلها الخلفي في تناثرات ملونة. تحول الضوء إلى ذلك اللون الذهبي الغريب الذي لا عمق له الذي يبدو وكأنه حكر على ظهيرة أواخر الخريف في نيو إنجلاند.|Full Dark, No Stars|Stephen King|true|en|true
04:00|0400-018|الساعة الرابعة صباحًا|<em>ما</em> جاء على شكل شاحنة خضراء زاهية، صباح يوم الأحد، الساعة الرابعة صباحًا بالضبط. استيقظت ديرفلا على دخان عادم لاذع يتصاعد من نافذة غرفة نومها المفتوحة. تحول الانزعاج إلى امتنان عندما رأت المركبة الغريبة، لأن ديرفلا كانت تعرف الأخبار المثيرة عندما تراها.|Pomegranate Soup|Marsha Mehran|true|en|true
04:00|0400-019|الساعة الرابعة|"قال بصوتٍ خافت: ""لم يحدث شيء. انتظرت، وحوالي الساعة الرابعة جاءت إلى النافذة ووقفت هناك لدقيقة ثم أطفأت النور."""|The Great Gatsby|F. Scott Fitzgerald|true|en|true
04:00|0400-020|الرابعة صباحًا.|نظرت إلى الساعة وكانت (أجل، لقد خمنتم) الرابعة صباحًا. كان عليّ أن أجد بعض الراحة في حقيقة أن ربع سكان العالم تقريبًا في توقيت غرينتش قد استيقظوا للتو أيضًا وكانوا مستلقين، يحدقون في الظلام بشقاء، قلقين.|Watermelon|Marian Keyes|true|en|true
04:00|0400-021|الرابعة صباحًا|فجأة، بدأ بالبكاء. انكمش على الأريكة وهو ينتحب بصوت عالٍ. نظر ميشيل إلى ساعته؛ كانت الساعة قد تجاوزت الرابعة صباحًا بقليل. على الشاشة، كان قط بري يحمل أرنبًا في فمه.|Atomised|Michel Houellebecq|true|en|true
04:00|0400-022|الساعة الرابعة|بدأت قصيدة الطيور في الساعة الرابعة<br>فترة فجرهم|The Birds Begun at Four o’clock|Emily Dickinson|true|en|true
04:00|0400-023|في الرابعة|في الليلة التي سبقت وصول ألبرت كيسلر إلى سانتا تيريزا، في الرابعة صباحًا، تلقى سيرجيو غونزاليس رودريغيز مكالمة من أزوسينا إسكيفيل بلاتا، الصحفية وعضوة الكونغرس عن الحزب الثوري المؤسسي.|2666|Roberto Bolaño|true|en|true
04:00|0400-024|في الرابعة| أستيقظ في الرابعة على ظلام دامس، أحدق. مع مرور الوقت، ستضيء حواف الستائر. حتى ذلك الحين، أرى ما هو موجود دائمًا: الموت الذي لا يهدأ، أقرب بيوم كامل الآن، يجعل كل فكرة مستحيلة إلا كيف وأين ومتى سأموت بنفسي.|Aubade|Philip Larkin|true|en|true
04:00|0400-025|في الرابعة| عندما لاحظ أن طهاة الفنادق والمطاعم الفخمة - وهم مجموعة انتقائية وغير صبورة - يميلون إلى التنقل من بائع إلى آخر، يشترون التفاح هنا والبروكلي هناك، سأل عما إذا كان بإمكانه توفير الشاي لهم. وافق تومي، وبقي الطهاة، ممتنين لمشروب ساخن في الرابعة صباحًا، واشتروا.|The Tea Rose|Jennifer Donnelly|true|en|true
04:00|0400-026|الساعة الرابعة|كانت الساعة الرابعة من صباح منتصف الصيف، وبدأت التلال الغربية، التي كنت أراها من خلال نافذة القاعة، تكتسب لونًا أرجوانيًا باهتًا نتيجة انعكاس ضوء الفجر من الأفق المقابل.|The Hasheesh Eater|Fitz Hugh Ludlow|false|en|true
04:00|0400-027|الرابعة صباحًا|سأحرص على مساعدتك إن واجهتك صعوبة، وعليك في كل شيء أن تتصرف بما يليق بفهمك. من هذا المكان، في السادس عشر من أغسطس، الساعة الرابعة صباحًا.<br><br>صديقك،<br>الدوق.|Don Quijote de la Mancha|Miguel de Cervantes|true|es-ES|true
04:00|0400-028|الرابعة صباحًا|قال بيلانو إنها الرابعة صباحًا. في ذلك الوقت، أدركتُ باستسلام أنني لن أستطيع النوم.|Los detectives salvajes|Roberto Bolaño|true|es-CL|true
04:01|0401-000|الرابعة ودقيقة واحدة|"في لحظة، كنتُ في المكتب، وجلستُ أمام مكتب رئيس التحرير الليلي، وأخبرته بهويتي، وبدأتُ في الإملاء. ""في تمام الساعة الرابعة ودقيقة واحدة بتوقيتنا (انظر إلى توقيت باريس، وأدخله)، أغرق الرجل الذي سيوقف كل الحروب بارجة حربية فرنسية. على الأرجح لم ينجُ أحدٌ على متنها."" كان هذا الأخير تخمينًا مبنيًا على تجارب الماضي."|The Man Who Ended War|Hollis Godfrey|true|en|true
04:01|0401-001|بالكاد تجاوزت الرابعة صباحًا|ألقت تشارلي نظرة على الساعة. بالكاد تجاوزت الرابعة صباحًا في المنزل. يوم الأحد. ستكون مستيقظة. ربما تقرأ مع فنجان من القهوة قبل أن تركض قبل الذهاب إلى الكنيسة.|Soldier On|Vanessa Rasanen|true|en|true
04:01|0401-002|تجاوزت الرابعة صباحًا بقليل|فجأة، بدأ بالبكاء. انكمش على الأريكة وهو ينتحب بصوت عالٍ. نظر ميشيل إلى ساعته؛ كانت الساعة قد تجاوزت الرابعة صباحًا بقليل. على الشاشة، كان قط بري يحمل أرنبًا في فمه.|Atomised|Michel Houellebecq|true|en|true
04:02|0402-000|4:02| مشيتُ جيئةً وذهابًا في الصف. لم يُعرني أحدٌ اهتمامًا. أخيرًا جلستُ بجوار رجل. لم يُعرني أي اهتمام. كانت ساعتي تُشير إلى 4:02. ربما كان متأخرًا.|The History of Love|Nicole Krauss|true|en|true
04:03|0403-000|4:03 صباحًا|إنها الساعة 4:03 صباحًا في صباح يناير شديد البرودة، وأنا عائدة للتو إلى المنزل. لقد كنت أرقص في الخارج، وأنا في حالة سكر جزئي فقط، لكنني منهكة تمامًا.|The Time Traveler’s Wife|Audrey Niffenegger|true|en|true
04:04|0404-000|الرابعة وأربع دقائق!|الرابعة وأربع دقائق! ما زال الوقت مبكرًا جدًا، ولن يستغرق وصولي من هنا إلى هناك أكثر من 15 دقيقة، حتى لو مشيت ببطء. أخبرتني أنها ستكون حوالي الساعة الخامسة. ألن يكون من الأفضل الانتظار على الزاوية؟|Angel Hill|Cirilo Villaverde|true|en|true
04:05|0405-000|الساعة 4:05 صباحًا| كانت أوراق الشجر تتطاير على نافذتي. كانت الساعة 4:05 صباحًا. تحرك القمر في السماء، متوهجًا من خلال كتلة كثيفة من الغيوم كبيضة مضاءة بشمعة.|We Were the Mulvaneys|Joyce Carol Oates|true|en|true
04:06|0406-000|الساعة 4:06 صباحًا| نظر ديكستر إلى رسالة كيت، ثم إلى وجهها، ثم إلى الساعة. كانت الساعة 4:06 صباحًا، في الليلة التي تسبق ذهابهم إلى المطعم.|The Expats|Chris Pavone|true|en|true
04:07|0407-000|4.07 صباحًا|4.07 صباحًا. لماذا أنا واقف؟ أشعر ببرودة في كتفيّ وأرتجف. أدركت أنني أقف في منتصف الغرفة. نظرت فورًا إلى باب غرفة النوم. مغلق، ولا توجد أي علامات على اقتحام. لماذا نهضت؟|Guarding Hanna: A Novel|Miha Mazzini|true|en|true
04:08|0408-000|4:08 صباحًا|في تمام الساعة 4:08 صباحًا، تحت المعدن البارد لهيكل ملعب الأطفال، تحققت جميع أحلام أندرو. قبّل حبيبته الوحيدة وأقسم لها، رفيقته المنهكة، أن هذه القبلة ستدوم إلى الأبد طوال رحلتهما الطويلة إلى المنزل.|Dying in the Twilight of Summer|Seth O’Connell|true|en|true
04:09|0409-000|4:09|سارت الشاحنة دون توقف طوال الليل بسرعة ثابتة تبلغ حوالي أربعين ميلاً في الساعة باتجاه بغداد، ولكن في الساعة 4:09 من صباح اليوم انعطفت إلى الصحراء، وتوقفنا عن مراقبة تحركاتها، لأن هذا المسار المحدد لا يؤدي إلى أي مكان.|Honor Among Thieves|Jeffrey Archer|true|en|true
04:09|0409-001|الرابعة وتسع دقائق|"كانت الساعة الرابعة وتسع دقائق. ""إنه يجلس في منتصف مجال الموجات فوق الصوتية، وقد تأخرت عشر دقائق لإخراجه. هيا!"""|The Final Affair: A Man from U.N.C.L.E.|David McDaniel|true|en|true
04:10|0410-000|الرابعة والعشر دقائق|"قال: ""لا أحب هذا الانتظار"".<br>ابتسمت. ""ستكون محققًا خاصًا فاشلًا"".<br>""كم الساعة؟""<br>""الرابعة والعشر دقائق. بعد خمس عشرة دقيقة من آخر مرة سألت فيها""."|Copper River|William Kent Krueger|true|en|true
04:10|0410-001|الرابعة وعشر دقائق|جاء التغيير في تمام الساعة الرابعة وعشر دقائق. استلقت المرأة التي ترتدي البدلة السوداء على الرمال، ورأت التغيير قادمًا، فاسترخت.|The Women|Ray Bradbury|true|en|true
04:11|0411-000|الرابعة بعد إحدى عشرة دقيقة|في صباح اليوم التالي، استيقظتُ في تمام الساعة الرابعة بعد إحدى عشرة دقيقة، بعد أن نمتُ نومًا متواصلًا متجاوزةً استيقاظي المعتاد في منتصف الليل بسبب الأرق في الساعة الثالثة.|The Stuff of Life|Karen Karbo|true|en|true
04:12|0412-000|الرابعة واثنتي عشرة صباحًا|أخيرًا، أشارت بضوءها أنها وصلت إلى القمة. أشرتُ لها بالمقابل، ثم سلطتُ الضوء لأسفل لأرى إلى أي مدى ارتفع الماء. لم أستطع تمييز أي شيء. كانت ساعتي تشير إلى الرابعة واثنتي عشرة صباحًا. لم يطلع الفجر بعد. لم تصل الصحف الصباحية بعد، والقطارات لم تبدأ عملها بعد، وسكان العالم السطحي غارقون في نوم عميق، غافلون عن كل هذا. شددتُ الحبل بكلتا يدي، وأخذتُ نفسًا عميقًا، ثم بدأتُ تسلقي ببطء.|Hard-Boiled Wonderland and the End of the World|Haruki Murakami|true|en|true
04:12|0412-001|4:12|شعرت كارين بحركة السرير تحت وطأة وزن هاري. استلقت على جانبها وفتحت عينيها لترى أرقامًا رقمية في الظلام، 4:12 باللون الأخضر الباهت. خلفها، استمر هاري في التحرك، مستقرًا. راقبت الأرقام وهي تتغير إلى 4:13.|Get Shorty|Elmore Leonard|true|en|true
04:13|0413-000|4:13|شعرت كارين بحركة السرير تحت وطأة وزن هاري. استلقت على جانبها وفتحت عينيها لترى أرقامًا رقمية في الظلام، 4:12 باللون الأخضر الباهت. خلفها، استمر هاري في التحرك، مستقرًا. راقبت الأرقام وهي تتغير إلى 4:13.|Get Shorty|Elmore Leonard|true|en|true
04:14|0414-000|4:14 صباحًا|في تمام الساعة 4:14 صباحًا، عاد الرجلان إلى سيارة الجيب. بعد أن أعاد الراكب العلب إلى مكانها في الجزء الخلفي من السيارة، رجع السائق بالسيارة من الممر واتجه شرقًا. بدت آخر الصور التي عُثر عليها في الفيلم وكأنها ألسنة لهب أو دخان.|A Real Nightmare|David H. Swendsen|true|en|true
04:15|0415-000|الرابعة والربع|تريد أليس أن تحذرها من أن عيبًا وراثيًا ينتشر في العائلة، مثل القدم المسطحة أو مرض السكري: جميعهم معرضون لخطر الوحدة بسبب اختيارهم العنيد. تشير ساعة المطبخ القبيحة إلى الرابعة والربع.|Pigs in Heaven|Barbara Kingsolver|true|en|true
04:16|0416-000|الرابعة وست عشرة دقيقة|انحنيتُ لألتقط ساعتي من الأرض. الرابعة وست عشرة دقيقة. ساعة أخرى حتى الفجر. ذهبتُ إلى الهاتف واتصلتُ برقمي. لقد مرّ وقت طويل منذ أن اتصلتُ بالمنزل، لذا كان عليّ أن أجاهد لأتذكر الرقم. تركته يرن خمس عشرة مرة؛ لا رد. أغلقتُ الخط، واتصلتُ مرة أخرى، وتركته يرن خمس عشرة مرة أخرى. لا أحد.|Hard-Boiled Wonderland and the End of the World|Haruki Murakami|true|en|true
04:16|0416-001|الرابعة وست عشرة دقيقة|وصلوا إلى موقف سيارات الزوار في تمام الساعة الرابعة وست عشرة دقيقة صباحًا. عرف أنها الرابعة وست عشرة دقيقة لأن مدخل وحدة الولادة كان مزودًا بساعة رقمية أسفل اللافتة.|Freaks in the City: Book Two of the Freaks Series|Maree Anderson|true|en|true
04:17|0417-000|4:17| تمدد بيغ آل وبدأ يمشي ببطء حول السيارة. كان يعلم أنهم يخططون للمغادرة قبل بزوغ الفجر بوقت طويل، أي في تمام الساعة 6:48 صباحًا. نظر إلى ساعته: 4:17. نظر كلاهما إلى الأعلى عندما حلقت طائرة فوقهما، وهي أول طائرة تهبط في مطار هيثرو ذلك الصباح.|A Prisoner of Birth|Jeffrey Archer|true|en|true
04:17|0417-001|4:17 صباحًا| استسلمت لفضولي، ورفعت كمّ سترتي الأيسر، ونظرت إلى ساعتي. كانت الساعة 4:17 صباحًا. فاجأني هذا ليس لأن الفجر كان على وشك البزوغ، بل لأنني لم أكن أعرف الوقت على الإطلاق.|The Catacombs|Jeremy Bates|true|en|true
04:17|0417-002|الساعة 4:17 صباحًا|استيقظ في الساعة 4:17 صباحًا وهو يتصبب عرقًا. كان يحلم بأفريقيا مجددًا، ثم استمر الحلم في الولايات المتحدة عندما كان شابًا. لكن إنباتا كان هناك، يراقبه.|The Vile|Douglas Phinney|true|en|true
04:18|0418-000|الرابعة وثماني عشرة دقيقة|" أمسكتُ بساعة المنبه، وألقيتها على حجري، وضغطتُ على الزرين الأحمر والأسود بكلتا يديّ. لم يتوقف الرنين. إنه الهاتف! كانت الساعة تشير إلى الرابعة وثماني عشرة دقيقة. كان الجو مظلمًا في الخارج. الرابعة وثماني عشرة دقيقة صباحًا. نهضتُ من السرير والتقطتُ السماعة. ""مرحبًا؟"""|Hard-Boiled Wonderland and the End of the World|Haruki Murakami|true|en|true
04:19|0419-000|الرابعة وتسع عشرة دقيقة|في تمام الساعة الرابعة وتسع عشرة دقيقة من صباح يوم 27 ديسمبر 2040، انفتحت عيناها، السوداوان كسكين قربان أزتيكي، فجأة.|Aurora Quest|James Axler|true|en|true
04:20|0420-000|الرابعة وعشرون دقيقة|في كل مرة يستيقظ فيها، كان يُشعل الضوء ويلقي نظرة على ساعة منبه سريره، على أمل أن يجد أن الفجر قد اقترب. الثانية وعشر دقائق، الثالثة وأربعون دقيقة، الرابعة وعشرون دقيقة.|The Lighthouse|P.D. James|true|en|true
04:21|0421-000|الرابعة وإحدى وعشرين دقيقة|في تمام الساعة الرابعة وإحدى وعشرين دقيقة، استنتجتُ أن الأعمال العدائية الأولية لم تُلحق الضرر بأعمالها. كانت تعمل، ولم أكن أعرف ما إذا كان عليّ تفسير هذا اللامبالاة من جانب الزمن على أنه فأل خير أم شر.|The Tin Drum|Günter Grass|true|en|true
04:22|0422-000|4:22| قام الرئيس بطلب سبعة أرقام وطلب التحدث إلى ضابط المناوبة. نظر إلى ساعته أثناء انتظاره. كانت الساعة 4:22.|Honor Among Thieves|Jeffrey Archer|true|en|true
04:22|0422-001|4.22| لقد آذاني لدرجة أنني أردت إخباره بشيء. كانت ساعتي تشير إلى 4.22 الآن. لقد توقفت. لقد تحطمت.|The Ipcress File|Len Deighton|true|en|true
04:23|0423-000|4:23|4:23، صباح يوم الاثنين، ساحة أيسلندا. استيقظ عدد من الأشخاص في محيط شارع بيورنسونجاتان على صرخات عالية.|Let the Right One In|John Ajvide Lindqvist|true|en|true
04:23|0423-001|04:23|نبضت شريحتها بالوقت. 04:23:04. لقد كان يومًا طويلًا.|Neuromancer|William Gibson|true|en|true
04:24|0424-000|04:24|في تمام الساعة 04:24 من يوم 5 يناير 2025، توقفت النجوم عن الحركة في السماء. في كاليفورنيا، بدأ الزلزال بهدير منخفض التردد. لم يكن صوتًا، بل إحساسًا تسبب في ضعف غامض في الساقين، وانقباض في الأمعاء، وذعر.|Perfect Circle|Carlos J. Cortes|true|en|true
04:25|0425-000|الساعة الرابعة وخمس وعشرين دقيقة|بينما كنت أرتدي ملابسي، ألقيت نظرة خاطفة على ساعتي. لم يكن من المستغرب أن لا أحد يتحرك. كانت الساعة الرابعة وخمس وعشرين دقيقة.|The Adventures of Sherlock Holmes|Sir Arthur Conan Doyle|true|en|true
04:26|0426-000|الساعة الرابعة وست وعشرين دقيقة|في تمام الساعة الرابعة وست وعشرين دقيقة، أُعلن عن وفاتها. كان سبب الوفاة، أو بالأحرى طريقة الوفاة، واضحًا. فقد وُجدت طلقتان ناريتان في صدرها.|If You Really Loved Me|Ann Rule|false|en|true
04:27|0427-000|04:27|ثم سمعت جرس المدرسة في حلمي، لكنه لم يكن جرس مدرسة حقيقيًا، وارتفع صوته فجأة كصوت باب مصيدة يُفتح، فسقطت على سريري. كان الظلام لا يزال مخيمًا، وكانت ساعة المنبه تشير إلى 04:27، وسمعت الصوت مرة أخرى.|The Dead Fathers Club|Matt Haig|true|en|true
04:28|0428-000|الساعة 04:28|كان الناجي الوحيد - الوحيد الذي عاد إلى منزله حيًا. فما الذي يحدث بحق الجحيم؟ من هذه الشخصية الجديدة في كوابيسه؟ نظر إلى الساعة وشعر بالإحباط عندما اكتشف أنها الساعة 04:28 فقط.|Solfleet: The Call of Duty|Glenn Smith|false|en|true
04:29|0429-000|الساعة 04:29|"معذرةً دكتور ليفينغ، ولكن هناك مكالمة عاجلة لكِ. يقول الروبوت الزائف كاليبان إنه يجب أن يتحدث معكِ فورًا.<br>تنهدت فريدا. كانت تعلم أنها يجب أن ترد على المكالمة، وأن كاليبان لن يتصل إلا إذا كان الأمر مهمًا. ولكن مع ذلك، كانت الليلة تتحول إلى ليلة طويلة جدًا.<br>سألت: ""كم الساعة الآن؟""<br>قال دونالد: ""إنها الآن الساعة 04:29."""|Utopia|Roger MacBride Allen|true|en|true
04:30|0430-000|4:30|لا يستطيع المغادرة.<br>على الأرجح، لن يغادر أبدًا.<br>يجد برام طريقه عائدًا إلى الكرسي ويستقر فيه.<br>في الخارج، يصيح طائر بينما يظهر القمر ويختفي خلف الغيوم الكثيفة. يستخرج ساعة الجيب من معطفه ويلعن. لقد نسي أن يلفها، وتوقفت عقاربها عن الحركة عند الساعة 4:30. يعيدها إلى جيبه.|Dracul|Dacre Stoker & J.D. Barker|true|en|true
04:30|0430-001|4:30 صباحًا|ماذا حدث لي؟ لماذا أشعر بالوحدة في هذا العالم؟ 4:30 صباحًا—جاءني الحل وأنا أغفو. لقد استنرت! كل شيء متناسق، وأرى ما كان يجب أن أعرفه منذ البداية. لا مزيد من النوم. عليّ العودة إلى المختبر واختبار هذا مقابل نتائج الحاسوب. هذا، أخيرًا، هو الخلل في التجربة. لقد وجدته.|Flowers for Algernon|Daniel Keyes|true|en|true
04:30|0430-002|الرابعة والنصف صباحًا|توفي ألجيرنون قبل يومين. وجدته في الرابعة والنصف صباحًا عندما عدت إلى المختبر بعد تجولي على الواجهة البحرية - مستلقيًا على جانبه، في زاوية قفصه. كما لو كان يركض في نومه.|Flowers for Algernon|Daniel Keyes|true|en|true
04:30|0430-003|الرابعة والنصف|يتدحرج جوناس بصعوبة من الأرجوحة، وظهره السفلي متيبّس ومنتفخ، في حاجة ماسة إلى معالج تقويم العمود الفقري. ينظر إلى ساعته. الرابعة والنصف... لكن هل هي صباحًا أم مساءً؟|Meg, Primal Waters|Steve Alten|true|en|true
04:30|0430-004|الرابعة والنصف|"<em>إذن، لماذا لا تصف هذه ""الدورة""؟</em><br>إن شئت. يُوقظ النادل في الساعة الرابعة والنصف بواسطة منبه في الهواء، ثم يُغسل في غرفتنا. بعد دقيقة في غرفة التعقيم والبخار، نرتدي زيًا نظيفًا قبل الدخول إلى المطعم."|Cloud Atlas|David Mitchell|true|en|true
04:30|0430-005|الرابعة والنصف صباحًا|"""كم الساعة؟ هل لديكم وقت هنا؟""<br>""بالطبع لدينا."" رفعت كمها، كاشفةً عن ساعة يد صفراء من نوع تايمكس. ""إنها الرابعة والنصف صباحًا.""<br>""إنها ساعة جميلة.""<br>""أهداني إياها والدي،"" قالت بسعادة."|The Catacombs|Jeremy Bates|true|en|true
04:30|0430-006|الرابعة والنصف|في نهاية أي علاقة، يكون الطرف غير المُحب هو من يُلقي الكلمات الرقيقة. غمرني شعورٌ بالخيانة، خيانةٌ لأن علاقةً استثمرتُ فيها الكثير قد أُعلنت فاشلةً دون أن أشعر بذلك. لم تُعطِها كلوي فرصةً، هكذا جادلتُ نفسي، مُدركًا يأس هذه المحاكم الداخلية التي تُصدر أحكامًا جوفاء في الرابعة والنصف صباحًا.|Essays in Love|Alain de Botton|true|en|true
04:30|0430-007|الساعة 04:30|تدخل هيستر ثرال متمايلةً في سترة من فرو الثعلب المزيف في الساعة 23:30 كعادتها، على الرغم من أنها مضطرة للاستيقاظ في حوالي الساعة 04:30 للعمل في نوبة الإفطار في دار بروفيدنت للرعاية، وتتناول الإفطار أحيانًا مع غيتلي، ورأساهما يهزان برأسيهما بالقرب من رقائق الذرة المحلاة.|Infinite Jest|David Foster Wallace|true|en|true
04:31|0431-000|4:31 صباحًا| بينما كانت الآنسة نيكول تسير في الممر، نظرت إلى ساعتها. كانت الساعة 4:31 صباحًا. نزلت الدرج إلى الطابق الخامس وتوجهت إلى غرفة الأطفال.|Sons of Fortune|Jeffrey Archer|true|en|true
04:31|0431-001|4:31|ضرب زلزال مدينة لوس أنجلوس في تمام الساعة 4:31 من صباح اليوم، وبدأت الصور بالوصول عبر شبكة CNN على الفور.|Microserfs|Douglas Coupland|true|en|true
04:32|0432-000|4:32 صباحًا|في أول يوم له في الروضة، استيقظ بيتر هوتون في الساعة 4:32 صباحًا. دخل غرفة والديه وسألهما إن كان قد حان وقت ركوب حافلة المدرسة.|Nineteen Minutes|Jodi Picoult|true|en|true
04:33|0433-000|04:33|عندما سمع صوت إغلاق بوابة فولاذية خافتة خلفهم، ابتسم في الظلام. لقد خرجوا. ضغط على زر في ساعته، وعندما أضاءت الساعة وأظهرت له أنها 04:33، تحولت ابتسامته إلى ضحكة عريضة. لم ينجح أحد في الخروج من غرين إيكرز لأكثر من عقد من الزمان، مما جعل إنجاز بيشوب أكثر حلاوة. كان هذا هو نوع الرقم القياسي الذي يحب تحطيمه.|The Wrong Man|Jason Dean|true|en|true
04:34|0434-000|4:34 صباحًا|لم يكن سعيدًا بإخراجه من حلمه. سخرت منه الساعة قائلةً إنها 4:34 صباحًا. رفع سماعة الهاتف.|Warrior Monk|Ray Keating|true|en|true
04:34|0434-001|4:34 صباحًا|مع تنهيدة ثقيلة، فتحت عينيّ بصعوبة لأركز على الأرقام المتوهجة فوق منضدة سريري. كانت الساعة 4:34 صباحًا. أي نوع من الساديين يتصل بإنسان آخر في الساعة 4:34 صباحًا؟|First Grave on the Right|Darynda Jones|true|en|true
04:35|0435-000|4:35|لا يمكن لأي نوع من الإرهاق أن يُبقي طفلاً نائماً بعد الساعة السادسة صباحاً في يوم عيد الميلاد. استيقظ كولبي في الساعة 4:35.|Dreams and Shadows|C. Robert Cargill|true|en|true
04:36|0436-000|4:36|في الساعة 4:36 من ذلك الصباح، كنت وحدي في غرفتي بالفندق، وكان المشهد أفضل بكثير. شحب وجه سبنسر، مرتبكًا من منطق اتهامي الذي لا مفر منه. تشكلت بضع قطرات من العرق على شفته العليا. بدأ عرق صغير ينبض في صدغه.|The Brass Go-Between|Ross Thomas|true|en|true
04:37|0437-000|4:37 صباحًا| كانت طرقات الباب خفيفة، لكنها أيقظت ستيفن. لمس شاشة هاتفه الذكي. 4:37 صباحًا|Under the Golden Dome|Ray Keating|true|en|true
04:37|0437-001|4:37|" كانت غرفة نومها بالكاد أكبر من مرتبتها الكبيرة، والتي أخبرتني أنها ورثتها عن والديها عندما مرضت والدتها ""لذا اشتروا سريرين مزدوجين لأن والدي لم يكن يستطيع النوم ليلاً بسبب حركتها المستمرة"". أضاءت الأرقام الخضراء على ساعة منبه رقمية بين علب مشروب دايت سفن أب على الطاولة بجانب السرير. كانت الساعة 4:37. شممت رائحة زبدة الفول السوداني، ومرة أخرى، رائحة القيء المرّة."|My Year of Rest and Relaxation|Ottessa Moshfegh|false|en|true
04:38|0438-000|الساعة 4:38 صباحًا|في تمام الساعة 4:38 صباحًا، بينما كانت الشمس تشرق فوق غابة غورلي، سمعت حفيفًا غريبًا في العشب بجانبي. حدقت جيدًا لكنني لم أرَ شيئًا.|The Queue|Jonathan Barrow|true|en|true
04:39|0439-000|الخامسة إلا إحدى وعشرين دقيقة| قبل ساعة الصفر بدقيقة واحدة، أي في الخامسة إلا إحدى وعشرين دقيقة، في الحادي والعشرين من مارس، وقف جيفي تريب في الخنادق بجانب ضابط مشاة، ينظر إلى المنطقة الحرام. كان الظلام لا يزال مخيمًا. بعد ساعة الصفر بخمس ثوانٍ، ألقت انفجارات القذائف بضوء متلألئ أشبه بمنظار ساحرة على المنطقة الحرام، وكان يمد يده نحو صواريخ الاستغاثة. أحمر - أخضر - أحمر.|God’s Sparrows|Phillip Child|true|en|true
04:40|0440-000|الساعة 4:40 صباحًا| استقرت على روتين يومي. أستيقظ في الساعة 4:40 صباحًا، أستحم، وأستقل القطار المتجه شمالًا بحلول الساعة 5:10 صباحًا.|Bossypants|Tina Fey|true|en|true
04:41|0441-000|4:41|"في تمام الساعة 4:41، انطلق صوت كرين عبر جهاز اللاسلكي وكأنه قرأ أفكارهم عن التمرد. ""الجميع إلى المصعد. الآن!"" قبل لحظات فقط من المكالمة، كان هو وسي جيه قد انتهيا مما كانا يأملان أن يكون عملية تشتيت ناجحة."|Damaged Goods: A Novel|Roland S. Jefferson|true|en|true
04:42|0442-000|04:42 صباحًا| كانت ساعة كبيرة فوق المكاتب تشير إلى الساعة 04:42 صباحًا. توقف ليستمع. مهما كان ما حدث هناك، يبدو أنه قد انتهى.|Dead City|Matthew Warwick|true|en|true
04:43|0443-000|الساعة الرابعة وثلاث وأربعون دقيقة|الساعة الرابعة وثلاث وأربعون دقيقة صباحاً، وقد بدأ الضوء يلوح في الأفق.|Pyschoraag|Suhayl Saadi|true|en|true
04:44|0444-000|الساعة 04:44| في تمام الساعة 04:44 من صباح أمس، استولت الدكتورة ديانا تشاندلر، البالغة من العمر 27 عامًا، وهي عالمة فيزياء فلكية من تورنتو، كندا، على مركبة الهبوط أورفيوس. ويبدو أن الدكتورة تشاندلر، التي كانت تعاني من حالة من الحزن الشديد بسبب فشل زوجها، آرون روسمان، البالغ من العمر 27 عامًا أيضًا، وهو من تورنتو أيضًا، في تجديد عقد زواجهما الذي انتهى مؤخرًا بعد عامين، يُفترض أنها انتحرت. السيد روسمان هو مسؤول حوض بناء السفن في ستاركولوجي.|Golden Fleece|Robert J. Sawyer|false|en|true
04:45|0445-000|الرابعة وخمس وأربعون دقيقة|لم يجد قط ضرورة للاتصال برئيس الوزراء، على الرغم من أن السيد تشرشل اتصل به في مناسبة واحدة. كانت الساعة الرابعة وخمس وأربعون دقيقة صباحًا عندما رفع تشارلي سماعة الهاتف على مكتبه.|As the Crow Flies|Jeffrey Archer|true|en|true
04:45|0445-001|4:45 صباحًا| كان تنفس زوجته بجانبه خافتًا لدرجة أنه بالكاد يسمعه. يفكر: في أحد هذه الصباحات، ستكون ميتة بجانبي ولن ألاحظ حتى. أو ربما سأكون أنا. سيكشف الفجر أن أحدنا تُرك وحيدًا. ينظر إلى الساعة على الطاولة بجانب السرير. عقاربها متوهجة وتشير إلى 4:45 صباحًا.|Faceless Killers|Henning Mankell|true|en|true
04:46|0446-000|الساعة الرابعة وست وأربعون دقيقة|"رن الهاتف مرة أخرى في تمام الساعة الرابعة وست وأربعون دقيقة.<br>قلت: ""مرحباً"".<br>جاء صوت امرأة: ""مرحباً. أعتذر عن المرة السابقة. هناك خلل في مجال الصوت. أحياناً ينقطع الصوت"".<br>""ينقطع الصوت؟""<br>قالت: ""نعم، مجال الصوت يضعف. هل تسمعني؟"""|Hard-Boiled Wonderland and the End of the World|Haruki Murakami|true|en|true
04:47|0447-000|4.47 صباحًا| لم أنم إلا نومًا متقطعًا بعد تصفحي الإنترنت. تكررت العبارات التي قرأتها في رأسي مرارًا وتكرارًا. عندما استيقظت للمرة التي شعرت أنها المئة، كانت ساعة جندي العاصفة بجانب السرير تشير إلى 4.47 صباحًا.|What She Knew|Gilly MacMillan|true|en|true
04:48|0448-000|4:48|في الساعة 4:48، الساعة السعيدة حين يحل الوضوح على ظلام دافئ يغمر عيني، لا أعرف ذنبًا|4:48 Psychosis|Sarah Kane|true|en|true
04:48|0448-001|4:48 صباحًا| التفكير في البطاقة يُشعرني بالحماس لفكرة المرور تحت المدخل المقوس لمنزل عائلة نيوتن، ولكن عندما أصل إلى منزلهم، تبدو الخطة سخيفة. ماذا أفعل؟ إنها الساعة 4:48 صباحًا، وأنا واقف بسيارتي خارج منزلهم المظلم.|What is the What|Dave Eggers|true|en|true
04:49|0449-000|الخامسة إلا إحدى عشرة دقيقة|عندما غادر كوستين الجسر، أشار مقياس الكروماتور النحاسي في غرفة القيادة إلى الخامسة إلا إحدى عشرة دقيقة. نظر إليه هاركنس وأدرك بشكل غامض أن الفجوة لا تزال كبيرة جدًا.|Gale Force|Elleston Trevor|true|en|true
04:50|0450-000|الخامسة إلا عشر دقائق|حتى عقارب ساعته وعقارب الساعات الثلاث عشرة كانت متجمدة. لقد تجمدت جميعها في نفس الوقت، في ليلة ثلجية، قبل سبع سنوات، ومنذ ذلك الحين كانت الساعة دائمًا الخامسة إلا عشر دقائق في القلعة.|The 13 Clocks|James Thurber|true|en|true
04:51|0451-000|4:51 صباحًا|"4:51 صباحًا<br>""أتعلم، أكره أن أفسد عليك كل المتعة التي تستمتع بها."" حاول فانس النظر إلى مورو، لكنه بالكاد استطاع الرؤية من خلال انتفاخ جفنيه. ""لكن لدي بعض الأخبار المقلقة. أنت وبقية عصابة راميريز على وشك أن تكونوا في موقف خطير هنا. في اللحظة التي تحاولون فيها إرسال تلك القنبلة، يمكنكم أن تودعوا أنفسكم. من الأفضل أن تستمتعوا بهذا ما دمتم تستطيعون."""|Project Cyclops|Thomas Hoover|false|en|true
04:51|0451-001|الخامسة إلا تسع دقائق صباحًا|" أبكر؟ إنها الخامسة إلا تسع دقائق صباحًا - من سيستيقظ مبكرًا هكذا؟<br>""أوه، كلنا نستيقظ مبكرًا."""|Gifts of the Magi|Jean Johnson|true|en|true
04:52|0452-000|4:52 صباحًا| غادرت آنا الشقة في تمام الساعة 4:52 صباحًا، مرتديةً بنطال جينز، وقميصًا أزرق، وسترة من الكتان، وقبعة بيسبول. لم تكن متأكدة مما ستواجهه وهي تخطو على الرصيف في ذلك الصباح البارد والمظلم.|False Impression|Jeffrey Archer|true|en|true
04:52|0452-001|الخامسة إلا ثماني دقائق|إن كان هذا يهم، فهي الخامسة إلا ثماني دقائق. لا تظنوا أنني أستمتع بالخروج من السرير في هذا الوقت من الليل. هذا يُسهّل الأمور قانونيًا إذا دعوتمونا للدخول.|Holding the Zero|Gerald Seymour|true|en|true
04:53|0453-000|الخامسة قبل سبع دقائق|كان الهدوء يسود مكتب البريد لدرجة أن ترينيداد كانت تسمع دقات عقرب الثواني الخافتة في كل مرة يتحرك فيها. كانت الساعة الآن الخامسة قبل سبع دقائق.|The Silence of Bonaventure Arrow|Rita Leganski|true|en|true
04:54|0454-000|الخامسة إلا ست دقائق| عندما أعاد الغطاء الأخير، نظر إلى الساعة على الحائط: الخامسة إلا ست دقائق. وقت كافٍ لإلقاء نظرة خاطفة على الصندوق الآخر ليرى إن كان سيجد نفس الشيء مرة أخرى.|A Matter of Honor|Jeffrey Archer|true|en|true
04:54|0454-001|الخامسة إلا ست دقائق|الخامسة إلا ست دقائق. ست دقائق متبقية. فجأة شعرت بصفاء ذهني. كان هناك ضوء غير متوقع في الزنزانة؛ رُسمت الحدود، وحُددت الأدوار بوضوح. انتهى زمن الشك والتساؤل وعدم اليقين.|Dawn: A Novel|Elie Wiesel|true|en|true
04:55|0455-000|4:55 صباحًا|"وصلت رسالتان. الأولى، أُرسلت في تمام الساعة 4:55 صباحًا، من مرآب الجامعة.<br>أخبره صوت الميكانيكي: ""سيارتك معنا."" ""للأسف، واجهنا بعض الصعوبة في إخراجها من الخندق، وقد لحقت بها أضرار إضافية طفيفة."""|The Enclave|Karen Hancock|true|en|true
04:55|0455-001|4:55|"4:55 — مانك يمسك الهاتف. يلتفت إلى كاديل — ""من المتصل؟""<br>كاديل: ""جيم."" (يهز كتفيه) ""أعتقد أنه رجلنا في سينسيناتي."""|Fear and Loathing: On the Campaign Trail ’72|Hunter S. Thompson|true|en|true
04:56|0456-000|قبل الخامسة بقليل|" بينما كان إيثان يحاول تحديد الحقائق الرئيسية، أدرك فجأة أنه ينظر إلى ساعة الحائط؛ كانت الساعة 7:35.<br>""انتظر لحظة. متى سمعت بهذا؟""<br>تردد للحظة. ""وصلت الأخبار الأولى قبل الخامسة بقليل."""|The Infinite Day|Chris Walley|true|en|true
04:56|0456-001|الخامسة إلا أربع دقائق|"""هذا كل شيء. الخامسة إلا أربع دقائق من ساعتك. الخامسة إلا سبع دقائق من ساعتي.""<br>كان الفارس المدرع هو من بقي بجانب الجنرال دي هوبير، مثبتًا عينه الوحيدة بثبات على وجه الساعة الأبيض الذي كان يحمله في راحة يده. فتح فمه على مصراعيه، منتظرًا دقات الثانية الأخيرة، قبل أن ينطق بالكلمة:<br>""تقدم!"""|The Point of Honor|Joseph Conrad|true|en|true
04:57|0457-000|الخامسة إلا ثلاث دقائق| ضاعت 131 ثانية في إلكهارت أثناء تغيير القاطرات، وكانت الساعة تشير إلى الخامسة إلا ثلاث دقائق عندما اتجهت القاطرة الكبيرة 599، بقيادة ديف لوس، نحو فجر اليوم الجديد متجهةً إلى توليدو، التي تبعد 133 ميلاً.|Careers of Danger and Daring|Cleveland Moffett|true|en|true
04:57|0457-001|الخامسة إلا ثلاث دقائق|لم تدرك روث عبثية البحث الذي قامت به إلا بعد أن اجتازوا القرية، وعبروا الجسر، ووصلوا إلى الطريق السريع الواسع باتجاه تشيستر. أين كانت تتوقع أن تجدهم أصلاً؟ كانت الساعة تشير إلى الخامسة إلا ثلاث دقائق على الساعة الصغيرة في السيارة، وما زال أمامها خمس عشرة دقيقة كاملة للوصول إلى تشيستر.|The Search|Grace Livingston Hill|true|en|true
04:57|0457-002|قبل الخامسة بدقائق| قالت الثانية الشيء نفسه قبل الخامسة بدقائق، وذكرت الخلود... أنا متأكدة من أنني سأقابلك في العالم الآخر. بعد أربع دقائق تركت رسالة أخيرة عابرة: حبي. فرناندو. إنها سوزانا. ثم، على ما يبدو، أطلقت النار على نفسها.|A Death in Brazil: A Book of Omissions|Peter Robb|false|en|true
04:58|0458-000|الخامسة إلا دقيقتين|يريد أن يواجه الموت وجهاً لوجه. الخامسة إلا دقيقتين. أخرجتُ منديلًا من جيبي، لكن جون داوسون أمرني بإعادته. يموت رجل إنجليزي وعيناه مفتوحتان. يريد أن يواجه الموت وجهاً لوجه.|Dawn: A Novel|Elie Wiesel|true|en|true
04:59|0459-000|الساعة الخامسة إلا دقيقة واحدة|" ظهر القبطان ورفاقه الثلاثة من ضباب الصباح الباكر في تمام الساعة الخامسة إلا دقيقة واحدة. كان الأربعة يرتدون نفس الملابس التي كانوا يرتدونها في الليلة السابقة، مما جعل بيرسي يتساءل عما إذا كانوا قد أتوا مباشرة من حانة ""أسلحة الصياد""."|The Undiplomatic Diplomat|Jeffrey Archer|true|en|true
04:59|0459-001|04:59|المكان كله تفوح منه رائحة الموت مهما فعلت. يصل غيتلي إلى الملجأ في الساعة 04:59.9 ويتوقف عن التفكير تمامًا كما لو أن رأسه مزود بزر تحكم.|Infinite Jest|David Foster Wallace|false|en|true
05:00|0500-000|الساعة الخامسة|في تمام الساعة الخامسة، كما في كل صباح، قبل ساعات من أي حركة تصدر من غرف الطابق العلوي، نهضت دورا من سريرها وتوجهت عبر الممر إلى المطبخ، حيث وضعت غلاية الماء على النار وألقت كيسًا من شاي إيرل غراي في كوب.|When the Summer Was Ours|Roxanne Veletzos|true|en|true
05:00|0500-001|الخامسة صباحًا|" قالت: ""لقد تناولتُ جميع الحبوب الموجودة في خزانة الحمام. اثنان وستون حبة أسبرين مع كوديين، وأربعة وعشرون حبة فاليوم. ظننتُ أنك قد ترغب في توديعي.""<br>قال نيت: ""كان ذلك غباءً يا مارثا. هل فعلتِ ذلك حقًا؟""<br>قالت ضاحكة: ""انتظر وسترى. انتظر حتى الخامسة صباحًا عندما تتمكن من فحص الجثة."""|Life Before Man|Margaret Atwood|false|en|true
05:00|0500-002|5:00 صباحًا| تسلل ضوء أصفر خافت عبر النوافذ الجانبية. لقد كان الصباح: لقد نام طوال الليل! نظر بسرعة إلى ساعته: 5:00 صباحًا. ما زال أمامه ست ساعات تقريبًا قبل أن يُعاد القارب.|Jurassic Park|Michael Crichton|true|en|true
05:00|0500-003|الخامسة|" عبس مولدون. ""هل تم إيقاف تشغيل الأسوار الكهربائية؟""<br>""نعم.""<br>""جميعها؟ منذ الخامسة صباحًا؟ خلال الساعات الخمس الماضية؟""<br>""نعم."""|Jurassic Park|Michael Crichton|true|en|true
05:00|0500-004|الساعة الخامسة| دُقَّ المطرقة على السور خارج مقر المعسكر في تمام الساعة الخامسة كالمعتاد. حان وقت الاستيقاظ. خفت صوت الطرق المتقطع بسبب طبقة من الجليد بسمك إصبعين على النوافذ، وسرعان ما تلاشى. كان الجو باردًا جدًا على الحارس لمواصلة الطرق.|One Day in the Life of Ivan Denosovich|Aleksandr Solzhenitsyn|true|en|true
05:00|0500-005|الساعة الخامسة صباحًا|بحسب ليون... بعد غد. من المقرر تنفيذ الهجوم بعد غد في حوالي الساعة الخامسة صباحًا. كان وجهه لا يزال في الظل.|A Trail Through Time|Jodi Taylor|true|en|true
05:00|0500-006|الخامسة|سيكسميث،<br>أجلس على مكتبي مرتديًا رداء النوم. يدق جرس الكنيسة الخامسة. فجر آخر عطشان. شمعتي محترقة. ليلة متعبة انقلبت رأسًا على عقب.|Cloud Atlas|David Mitchell|true|en|true
05:00|0500-007|الساعة الخامسة|لم تكد الساعة الخامسة تدق صباح التاسع عشر من يناير، حتى أحضرت بيسي شمعة إلى خزانتي ووجدتني مستيقظة بالفعل وعلى وشك ارتداء ملابسي.|Jane Eyre|Charlotte Brontë|true|en|true
05:00|0500-008|الساعة الخامسة| كانوا مستيقظين منذ الساعة الخامسة من صباح ذلك اليوم، كما يتذكر القارئ؛ ولكن هراء! لا يوجد شيء اسمه التعب يوم الأحد، قال فافوريت؛ يوم الأحد لا يعمل التعب.|Les Misérables|Victor Hugo|true|en|true
05:00|0500-009|الخامسة|أخذني جدي آرثر ذات مرة للصيد. كنت في السابعة من عمري.<br>أظن أنه كان يذهب للصيد كثيرًا، مع أنني لا أتذكر أنه عاد بأي سمكة، ولا حتى بأي رحلات صيد أخرى.<br>أيقظني في الخامسة، قبل شروق الشمس.|The Comical Tragedy or Tragical Comedy of Mr. Punch|Neil Gaiman|true|en|true
05:00|0500-010|الخامسة|صباح يوم الخميس. يوم العمل. يستيقظ بيلي في الخامسة. يتناول الخبز المحمص مع كوب من الماء. لا قهوة. لا كافيين من أي نوع حتى ينتهي من العمل. عندما يحمل بندقية 700 وينظر من خلال منظار ليوبولد، يريد أن تكون يداه ثابتتين تمامًا.|Billy Summers|Stephen King|true|en|true
05:00|0500-011|الخامسة صباحًا|"لم أتثاءب حتى. لم أشعر بالنعاس إطلاقًا. شعرتُ باختلال توازني - كدتُ أسقط عندما حاولتُ الوقوف، لكنني تغلبتُ على ذلك ورتبتُ المكان قليلًا، وأعدتُ أشرطة الفيديو إلى علبها ووضعتها على الرف. ظننتُ أن بعض النشاط قد يُرهقني. تناولتُ حبة زايبريكسا وبعضًا من أتيفان. أكلتُ حفنة من الميلاتونين، وأنا أمضغها بشراهة. لم يُجدِ أي شيء نفعًا.<br>لذا اتصلتُ بتريفور.<br>قال: ""إنها الخامسة صباحًا"". بدا صوته منزعجًا ومُشتتًا، لكنه أجاب."|My Year of Rest and Relaxation|Ottessa Moshfegh|false|en|true
05:00|0500-012|الخامسة صباحًا|سيكسميث،<br>أطلقت النار على نفسي في سقف فمي في الخامسة صباحًا اليوم بمسدس لوغر التابع لإدارة شؤون المحاربين القدامى. لكنني رأيتك يا عزيزي! كم تأثرت باهتمامك الكبير! كنتُ أراقب من برج الجرس، أمس، عند غروب الشمس. من حسن حظي أنك لم ترني أولًا.|Cloud Atlas|David Mitchell|false|en|true
05:00|0500-013|الخامسة صباحًا|"أجريتُ حسابات دانييل في ذهني. ""إذا بدأنا الساعة العاشرة، وسرنا لمدة أربع ساعات، ثم استرحنا ساعة، وسرنا ساعتين أخريين، فسيكون المجموع سبع ساعات. سيستغرق ذلك منا سبع ساعات حتى الخامسة صباحًا. بعد سبع ساعات من العودة، لن نصل إلى السطح إلا عند الظهر."""|The Catacombs|Jeremy Bates|true|en|true
05:00|0500-014|الخامسة|" انفتح الباب الخلفي غير المقفل ببطء ليكشف عن فيونا أثي، وعلى وجهها نظرة اعتذار، وكانت تحمل كومة من المنشورات تحت ذراعها الأيسر. ""آمل ألا أكون قد أيقظتكِ. سأعود في وقت آخر إذن. آسفة."" استدارت لتغادر.<br>""لا، ابقي،"" أجابت مرجان. ""لقد استيقظت منذ الخامسة. أصنع دفعة جديدة من الخبز. لماذا لا تدخلين لتناول كوب من الشاي؟"""|Pomegranate Soup|Marsha Mehran|true|en|true
05:00|0500-015|الساعة الخامسة صباحًا| بعد الساعة الخامسة صباحًا بقليل، لاحظ أن حواف السماء بدأت تتحول إلى لون رمادي محاري. تدريجيًا، بدأت قمم تلال الصنوبر المشجرة الداكنة بالظهور، مسننة كأسنان منشار في مواجهة الضوء المنتشر، بينما بدا الضباب الأبيض في الوديان صلبًا كالنهر الجليدي.|Munich|Robert Harris|true|en|true
05:00|0500-016|الساعة الخامسة صباحًا| في بلدة دونويتش، في مزرعة كبيرة شبه مهجورة تقع على سفح تل على بعد 4 أميال من القرية وميل ونصف من أي مسكن آخر، وُلد ويلبر واتلي في الساعة الخامسة صباحًا من يوم الأحد، 2 فبراير 1913. تم تذكر هذا التاريخ لأنه كان عيد الشموع، الذي يحتفل به سكان دونويتش بشكل غريب تحت اسم آخر.|The Dunwich Horror|H.P. Lovecraft|true|en|true
05:00|0500-017|الساعة الخامسة|بعد الساعة الخامسة بقليل في صباح سبتمبر البارد هذا، تُدفع عربة بائع السمك، التي تحمل كيرستن وإميليا وبعض الممتلكات التي تمكنتا من جمعها في الوقت المتاح لهما، خارج بوابات روزنبورغ؟|Music and Silence|Rose Tremain|true|en|true
05:00|0500-018|خمسة|" انبهرت عين الدوق الباردة ببريق ألف جوهرة تتلألأ على الطاولة. امتلأت أذناه بالرنين مع بدء دقات الساعات. قال هارك: ""واحد!""، صرخ زورن من زورنا: ""اثنان!""، همس صوت الدوق تقريبًا: ""ثلاثة!""، تنهدت ساراليندا: ""أربعة!""، صاح غولوكس: ""خمسة!""، وأشار إلى الطاولة. قال: ""لقد أُنجزت المهمة، وتم الوفاء بالشروط""."|The 13 Clocks|James Thurber|true|en|true
05:00|0500-019|الساعة الخامسة|جاء النهار ببطء، حتى الساعة الخامسة. ثم انبثق أمام التلال. مثل الياقوت المكبوت، أو الضوء. انسكاب مفاجئ لرصاصة بندقية|The Day Came Slow, Till Five O’Clock|Emily Dickinson|true|en|true
05:00|0500-020|الساعة الخامسة صباحًا|هناك ما هو أسوأ من التصرف بحماقة أمام الناس. هناك ما هو أسوأ من هذه الخيانات الصغيرة، سواء ارتُكبت أو تحملت أو شُكّ بها؛ هناك ما هو أسوأ من عدم القدرة على النوم بسبب التفكير فيها. إنها الساعة الخامسة صباحًا. كل الأشياء السيئة تتسلل وتقف جامدة حول السرير، تبدو أسوأ وأسوأ وأسوأ.|Things|Fleur Adcock|true|en|true
05:00|0500-021|الساعة الخامسة|"ما الذي يدفع الشباب إلى ""الخروج"" سوى الطموح النبيل للزواج؟ ما الذي يدفعهم إلى التوافد على أماكن الشرب؟ ما الذي يجعلهم يرقصون حتى الساعة الخامسة صباحًا طوال موسم الحياة؟"|Vanity Fair|William Makepeace Thackeray|true|en|true
05:00|0500-022|الخامسة صباحًا|"ترك والد السيناتور رسالة يقول فيها: ""إنها الخامسة صباحًا. لم أغادر منزلي طوال اليوم. كل ما لدي من أخبار عن ابن العراب الجبان للغاية للسادة الذين يعملون كمساعدين له في هذه القضية."""|Respiración artificial|Ricardo Piglia|true|es-AR|true
05:00|0500-023|الخامسة صباحًا|كانت الساعة الخامسة صباحًا. دخل محطة القطار، ونظر حوله، وشعر بالنعاس، فلجأ إلى زاوية من غرفة الانتظار.|Los siete locos|Roberto Arlt|true|es-AR|true
05:01|0501-000|الخامسة ودقيقة واحدة|"أجل. كانت ساعاته مضبوطة على الخامسة ودقيقة واحدة، والخامسة وأربع دقائق، والخامسة وسبع دقائق. كان هذا هو الرقم السري لخزنة، 515457. كانت الخزنة مخبأة خلف نسخة طبق الأصل من لوحة الموناليزا. وتابع بوارو باشمئزاز: ""داخل الخزنة كانت جواهر التاج الملكي للعائلة المالكة الروسية."""|The Clocks|Agatha Christie|true|en|true
05:01|0501-001|بعد الساعة الخامسة|بعد الساعة الخامسة بقليل في صباح سبتمبر البارد هذا، تُدفع عربة بائع السمك، التي تحمل كيرستن وإميليا وبعض الممتلكات التي تمكنتا من جمعها في الوقت المتاح لهما، خارج بوابات روزنبورغ؟|Music and Silence|Rose Tremain|true|en|true
05:02|0502-000|5:02 صباحًا|كانت الساعة 5:02 صباحًا، في 14 ديسمبر. بعد 58 دقيقة أخرى، سيبحر إلى أمريكا. لم يكن يريد أن يترك عروسه؛ لم يكن يريد الذهاب.|The Prize|Brenda Joyce|true|en|true
05:03|0503-000|5:03 صباحًا| كانت الساعة 5:03 صباحًا. لم يكن ذلك مهمًا. لن تعود إلى النوم. ألقت بالغطاء، وهي تسبّ نفسها وكالب والسيد غريفين، اتجهت إلى الحمام.|Unhallowed Ground|Heather Graham|true|en|true
05:03|0503-001|5:03| نظرتُ إلى الساعة التي أهداني إياها تري في عيد الميلاد الماضي، حلقات الذهب الرقيقة تبدو حقيقية وصلبة، وكأنها ذكرى شخص آخر مربوطة بيد شخص آخر ترتجف. كانت الساعة الآن 5:03. كنت في منتصف الطريق إلى منزلي.|Mother May I|Joshilyn Jackson|true|en|true
05:04|0504-000|الخامسة وأربع دقائق|"أجل. كانت ساعاته مضبوطة على الخامسة ودقيقة واحدة، والخامسة وأربع دقائق، والخامسة وسبع دقائق. كان هذا هو الرقم السري لخزنة، 515457. كانت الخزنة مخبأة خلف نسخة طبق الأصل من لوحة الموناليزا. وتابع بوارو باشمئزاز: ""داخل الخزنة كانت جواهر التاج الملكي للعائلة المالكة الروسية."""|The Clocks|Agatha Christie|true|en|true
05:04|0504-001|5.04 صباحًا|5.04 صباحًا على راديو الساعة الرديء. لماذا يقول الناس دائمًا أن اليوم يبدأ الآن؟ في الحقيقة، يبدأ في منتصف الليل، بعد جزء من الثانية من منتصف الليل.|The Accidental|Ali Smith|true|en|true
05:05|0505-000|الخامسة وخمس دقائق|وُلد الطفل، وهو صبي، في الخامسة وخمس دقائق صباحًا.|The Namesake|Jhumpa Lahiri|true|en|true
05:06|0506-000|5:06 صباحًا|5:06 صباحًا. أستيقظ بنشاط غريب، ومعدتي تُصدر أصواتًا. في الطابق العلوي، تُقدّم لي الثلاجة المكتظة بأصناف الطعام التي تُشبع فضولي.|This Is Where I Leave You|Jonathon Tropper|true|en|true
05:07|0507-000|5:07| رمش، ثم استدار، وحدق في الأرقام الخضراء الفسفورية على ساعة منبه سريره: 5:07. وقت كافٍ لمراجعة السطور الافتتاحية في ذهنه قبل النهوض.|This Was a Man|Jeffrey Archer|true|en|true
05:07|0507-001|الساعة 5:07|"سأل الصقر: ""هل تم تسجيل وقت تلك المكالمة؟""<br>نعم سيدي. في تمام الساعة 5:07. اتصلت مرة أخرى بعد التاسعة بقليل وأخبرت الدكتور ريدوود أنه يستطيع زيارة مريضه في مستشفى السجن في الوقت الذي يناسبه، وإجراء فحص كامل. وقد فعل ذلك في وقت لاحق من ذلك الصباح."|Next in Line|Jeffrey Archer|true|en|true
05:07|0507-002|الخامسة وسبع دقائق|"أجل. كانت ساعاته مضبوطة على الخامسة ودقيقة واحدة، والخامسة وأربع دقائق، والخامسة وسبع دقائق. كان هذا هو الرقم السري لخزنة، 515457. كانت الخزنة مخبأة خلف نسخة طبق الأصل من لوحة الموناليزا. وتابع بوارو باشمئزاز: ""داخل الخزنة كانت جواهر التاج الملكي للعائلة المالكة الروسية."""|The Clocks|Agatha Christie|true|en|true
05:08|0508-000|5:08|سأتزوج أنا وأمبروز في حصن ماكهنري الساعة 5:08 بتوقيت شرق الولايات المتحدة يوم السبت القادم، رأس السنة العبرية!|Letters|John Barth|true|en|true
05:09|0509-000|5:09|"""ستحصلين على واحدة بجانب سريركِ في غضون بضع سنوات، ولن تحتاجي حتى للذهاب إلى مكتبكِ،"" قالت سو لينغ، وهي تُلقي برأسها على الوسادة عندما رأت الساعة 5:09 تظهر على منبه السرير."|Sons of Fortune|Jeffrey Archer|true|en|true
05:09|0509-001|5:09|تبين أن نشوة الانتصار الأولية التي غمرت روح الدعابة لدى الأمريكيين بهذا النجاح الباهر، لم تكن سوى وهمٍ عابر، إذ كشف الاستفسار من موظفي المحطة أن أول قطارين يمكن الحصول عليهما هما قطار الساعة 5:09 إلى دونكيرك وقطار الساعة 5:37 إلى أوستند.|The Black Bag|Louis Joseph Vance|true|en|true
05:10|0510-000|الخامسة وعشر دقائق|يا زوجي، لقد فعلتُ ما سيُخلصك من الزوجة التي تكرهها! لقد تناولتُ السم - كل ما تبقى في العبوة الورقية، التي كانت أول ما وجدته. إذا لم يكن هذا كافيًا لقتلي، فما زال لدي المزيد في الزجاجة. الخامسة وعشر دقائق.|The Law and the Lady|Wilkie Collins|false|en|true
05:10|0510-001|الخامسة وعشر دقائق|استقرت لديّ روتين يومي. أستيقظ في الساعة 4:40 صباحًا، أستحم، وأستقل القطار المتجه شمالًا بحلول الخامسة وعشر دقائق.|Bossypants|Tina Fey|true|en|true
05:11|0511-000|الخامسة وإحدى عشرة دقيقة|كان اليوم الثلاثاء، الخامس عشر من أغسطس؛ أشرقت الشمس في تمام الساعة الخامسة وإحدى عشرة دقيقة من صباح اليوم، وغربت في تمام الساعة السابعة ودقيقتين من مساء اليوم.|The Hot Rock|Donald E. Westlake|true|en|true
05:12|0512-000|الخامسة واثنتي عشرة دقيقة وست ثوانٍ|في تمام الساعة الخامسة واثنتي عشرة دقيقة وست ثوانٍ من صباح يوم 18 أبريل 1906، بدأت شبه جزيرة سان فرانسيسكو ترتجف تحت وطأة زلزال، كان، عند النظر إلى عواقبه النهائية، الأكثر كارثية في التاريخ المسجل لقارة أمريكا الشمالية.|Slummer’s Paradise|Herbert Asbury|true|en|true
05:13|0513-000|الساعة الخامسة وثلاثة عشر صباحًا|" قال وو: ""لقد أوقفتم التشغيل في الساعة الخامسة وثلاثة عشر صباحًا، وعندما أعدتم التشغيل، بدأتم باستخدام الطاقة الاحتياطية."""|Jurassic Park|Michael Crichton|true|en|true
05:13|0513-001|5:13 صباحًا| كنت مستلقية على جانبي في السرير، أحدق في ساعة المنبه حتى أصبحت بقعة، يتوهج لونها الأحمر كعلامة ترحيب تدعوني إلى أعماق تجاويف الجحيم القرمزية. 5:13 صباحًا. وصف هذا الاثنين بأنه اثنين كئيب هو بخسٌ لحقه.|Uptempo|Nakia D Johnson|true|en|true
05:14|0514-000|الساعة 5:14 صباحًا| كانت الساعة 5:14 صباحًا، وهو وقت غريب جدًا بالنسبة للشريف ليرى ما ادعى أنه رآه أثناء جولاته الصباحية الباكرة، حيث كان يقوم بدوريات ذهابًا وإيابًا على طول شوارع مدينة المملكة المهجورة والمغطاة بالثلوج قبل أن يوسع نطاق يقظته شمالًا، على طول طريق المقاطعة.|Into the Web|Thomas H. Cook|true|en|true
05:15|0515-000|5:15 صباحًا| بحلول الأسبوع الأول من شهر مايو، كان رالف يستيقظ على تغريد الطيور في الساعة 5:15 صباحًا. جرب سدادات الأذن لبضع ليالٍ، على الرغم من أنه كان يشك منذ البداية في أنها ستنجح. لم تكن الطيور العائدة حديثًا هي التي توقظه، ولا صوت انفجار عادم شاحنة التوصيل العرضي في شارع هاريس. لطالما كان من النوع الذي يستطيع النوم وسط فرقة موسيقية نحاسية، ولم يعتقد أن ذلك قد تغير. ما تغير كان داخل رأسه.|Insomnia|Stephen King|true|en|true
05:15|0515-001|5:15|محادثة غريبة مع براون، رجل عجوز متعب ومرتبك أُجبر على النهوض من فراشه في الساعة 5:15.|Fear and Loathing: On the Campaign Trail ’72|Hunter S. Thompson|true|en|true
05:16|0516-000|5:16|5:16 — مانك على الهاتف مع وزير الخارجية براون: «سيد براون، نحن منزعجون للغاية من هذا الوضع في الدائرة الحادية والعشرين. لا يمكننا تحقيق أي نتيجة هناك.»|Fear and Loathing: On the Campaign Trail ’72|Hunter S. Thompson|true|en|true
05:16|0516-001|5:16 صباحًا| كان بإمكانها العودة إلى النوم. لكن، ويا للمفارقة، فهي مستيقظة تمامًا. الجو مشرق تمامًا في الخارج الآن؛ يمكنك الرؤية لأميال. إلا أنه لا يوجد شيء يُرى هنا؛ أشجار وحقول وما شابه. 5:16 صباحًا على راديو الساعة الرديء. إنها مستيقظة حقًا.|The Accidental|Ali Smith|true|en|true
05:17|0517-000|5:17 صباحًا| بعد أن تمكن غرانت من الحصول على حوالي ثلاث ساعات من النوم، تحقق من الوقت على هاتفه. 5:17 صباحًا.<br>من غير المرجح أن يحصل على المزيد من النوم. حان وقت الجري الصباحي.|Lionhearts|Ray Keating|true|en|true
05:18|0518-000|5:18|رفع ويليام سماعة الهاتف لكنه لم يُشعل الضوء بينما تحولت الساعة الرقمية على منضدة سريره من 5:17 إلى 5:18. كان يعلم أنه لا يمكن أن يكون على الطرف الآخر من الخط إلا شخص واحد.|Next in Line|Jeffrey Archer|true|en|true
05:18|0518-001|5:18 صباحًا|القصة موجودة، والصورة الأمنية المرفقة بها تدين الفاعل بشدة. قبل ساعة، لم يكن الضوء كافيًا لإظهار وجه الفاعل، لكن الطابع الزمني أسفل الصورة هو 5:18 صباحًا. الشمس لم تشرق بعد، لكنها تقترب، ووجه الرجل الواقف في الزقاق واضح كما تتمنى، لو كنت مدعيًا عامًا.|Billy Summers|Stephen King|true|en|true
05:18|0518-002|5:18 صباحًا|على متن رحلة TPA 545<br>5:18 صباحًا<br>تنفست إميلي جانسن الصعداء. كانت الرحلة الطويلة تقترب من نهايتها. تسللت أشعة شمس الصباح عبر نوافذ الطائرة.|Airframe|Michael Crichton|true|en|true
05:19|0519-000|5:19| تسلل سكوت إلى الزاوية قبل أن يتفقد مرة أخرى نقاط الكبريت الصغيرة على ساعته. كانت الساعة 5:19. لقد كان هو وهانا في الخزنة لمدة ساعة وسبع عشرة دقيقة.|Honor Among Thieves|Jeffrey Archer|true|en|true
05:19|0519-001|5:19 صباحًا|5:19 صباحًا<br>تنفست الصعداء وهي تضع الميكروفون وتستعد للنزول متعثرةً من التل. أدركت أنها انتهكت البروتوكول بكسرها الصمت اللاسلكي، لكنها كانت قلقة على مايكل فانس تقريبًا بقدر قلقها على المنشأة.|Project Cyclops|Thomas Hoover|true|en|true
05:20|0520-000|الساعة الخامسة وعشرين دقيقة|إذا استطاعت الحفاظ على سرعتها عند 70 ميلاً في الساعة حتى تغادر الطريق السريع في وسط المدينة، وإذا لحقت بمعظم إشارات المرور، فإنها تُقدّر أنها ستصل إلى مبناها بحلول الساعة الخامسة وعشرين دقيقة.|If It Bleeds|Stephen King|true|en|true
05:20|0520-001|الساعة الخامسة وعشرون دقيقة|رأى على الأرض سيجارته وقد تحولت إلى أسطوانة طويلة رفيعة من الرماد: لقد أطفأت نفسها. كانت الساعة الخامسة وعشرون دقيقة، والفجر يطل من خلف سقيفة البراميل الفارغة، ومقياس الحرارة يشير إلى 210 درجة.|The Periodic Table|Primo Levi|true|en|true
05:21|0521-000|الساعة الخامسة وإحدى وعشرون دقيقة صباحًا|في صباح يوم التاسع من الشهر الجاري، أي أمس، في تمام الساعة الخامسة وإحدى وعشرون دقيقة صباحًا، كان الشرطي ويتستابل يقوم بدوريته المعتادة، ووصل إلى زاوية شارع كلارجيس وشارع بيكاديللي، عندما سمع صراخًا على الجانب الآخر من الطريق، عند النقطة التي يخرج منها ممر من حديقة ذا جرين بارك.|The Curious Case of the Moondawn Daffodils Murder|Garth Nix|true|en|true
05:22|0522-000|05:22|" أومأت برأسها قائلة: ""نعم، سأقلع في الظلام، وسأكون فوق مطار توتي عند شروق الشمس. أي في تمام الساعة 05:22."""|The Leopard Hunts in Darkness|Wilbur Smith|true|en|true
05:23|0523-000|5:23|هز توك ذيله بفخر، لكن ميلو لم ينطق بكلمة، وحتى يومنا هذا لا أحد يعلم بأمر الأسبوع الضائع سوى قلة من الناس الذين تصادف أنهم كانوا مستيقظين في الساعة 5:23 من ذلك الصباح الغريب.|The Phantom Tollbooth|Norton Juster|true|en|true
05:23|0523-001|5:23|لو استطعتُ أن أعدّ بدقة إلى ستين دقيقة بين دقيقتين برتقاليتين عابرتين على ساعتها الرقمية، بدءًا من الساعة 5:23 صباحًا وانتهاءً تمامًا عند تحولها إلى 5:24، لكانت عندما تستيقظ ستحبني ولن تقول إن هذا كان خطأً فادحًا.|The Tragedy of Arthur|Arthur Phillips|true|en|true
05:24|0524-000|5:24|لو استطعتُ أن أعدّ بدقة إلى ستين دقيقة بين دقيقتين برتقاليتين عابرتين على ساعتها الرقمية، بدءًا من الساعة 5:23 صباحًا وانتهاءً تمامًا عندما تتحول إلى 5:24، فحينها عندما تستيقظ ستحبني ولن تقول إن هذا كان خطأً فادحًا.|The Tragedy of Arthur|Arthur Phillips|true|en|true
05:25|0525-000|5:25 صباحًا|في تمام الساعة 5:25 صباحًا، رنّ جرس الباب، وهو دائمًا نذير شؤم. ترنّحتُ نحو جهاز الاتصال الداخلي وضغطتُ الزر.|The Time Traveler’s Wife|Audrey Niffenegger|true|en|true
05:25|0525-001|الساعة 5:25| يغادر قطار جورج إلى منزله من محطة نيو ستريت في الساعة 5:25. في رحلة العودة، نادرًا ما يكون هناك تلاميذ مدارس.|Arthur and George|Julian Barnes|true|en|true
05:26|0526-000|05:26|أعتقد أن هذه هي الصدمة رقم 1970. ويستمر الصبي في العمل بنفس السرعة. لا يصدر عنهم أي صوت. ولا حتى أنين. مساكين. مساكين أنا. أنظر إلى الساعة. 05:26.|101 Reykjavik|Hallgrímur Helgason|false|en|true
05:27|0527-000|الساعة 5:27 صباحًا| نظرت إلى ساعتها. كانت الساعة 5:27 صباحًا. بالتأكيد سيكون غاوين هنا بالفعل؟ ألن يكون حريصًا عليها، بما أنه لا توجد طريقة واضحة للدخول؟|New York Valentine|Carmen Reid|true|en|true
05:28|0528-000|الساعة الخامسة وثمانية وعشرين دقيقة| وصلتُ إلى موقف سيارات سوبر ماركت أوياما في تمام الساعة الخامسة وثمانية وعشرين دقيقة. كانت السماء في الشرق تُشرق. دخلتُ المتجر حاملاً حقيبتي. لم يكن هناك أحد تقريبًا. كان هناك بائع شاب يرتدي زيًا مخططًا يجلس يقرأ مجلة؛ وكانت امرأة مجهولة العمر تشتري عربة مليئة بالعلب والأطعمة سريعة التحضير. مررتُ بجانب قسم المشروبات الكحولية وتوجهتُ مباشرةً إلى ركن الوجبات الخفيفة.|Hard-Boiled Wonderland and the End of the World|Haruki Murakami|true|en|true
05:29|0529-000|الخامسة وتسع وعشرون دقيقة| بينما كانت عود الثقاب يحترق بالقرب من أصابعه، أخرج أورم ساعته. كانت الساعة الخامسة وتسع وعشرون دقيقة.<br>عاد الظلام.<br>تحسس أورم طريقه نحو الباب وسحب المقبض. لم يُفتح الباب؛ فقد بُني بإحكام شديد، ولم يتحرك قيد أنملة.|The Girl and the Bill|Bannister Merwin|true|en|true
05:29|0529-001|قبل الخامسة والنصف بقليل|استيقظ الأب مارتن قبل الخامسة والنصف بقليل على صرخة رعب. انتفض في فراشه وجلس متصلبًا كدمية، يحدق بعينين جاحظتين في الظلام.|Death in Holy Orders|P.D. James|true|en|true
05:30|0530-000|الخامسة والنصف صباحًا|"""عندما غادروا الممر في الساعة الخامسة والنصف صباحًا، كان إيميت في حالة معنوية جيدة. في الليلة السابقة، وبمساعدة خريطة بيلي، وضع خطة رحلة. كان الطريق من مورغن إلى سان فرانسيسكو يزيد قليلاً عن 1500 ميل."""|The Lincoln Highway|Amor Towles|true|en|true
05:30|0530-001|الخامسة والنصف|يحملها، ويضعها على السرير، ويستلقي بجانبها. يقبلها مرة أخرى، بتردد، وبإطالة. ثم يسألها عن الوقت. فهو نفسه لا يملك ساعة. تخبره ليسجي أنها الخامسة والنصف. يجلس. بدأت ليسجي تشعر بأنها أقل جاذبية. هل أسنانها كبيرة جدًا، هل هذا هو السبب؟|Life Before Man|Margaret Atwood|false|en|true
05:30|0530-002|الخامسة والنصف| لم يعد هولمز إلا في الخامسة والنصف. كان متألقًا، متحمسًا، وفي حالة معنوية ممتازة، وهي حالة مزاجية كانت تتناوب لديه مع نوبات من الاكتئاب الشديد.|The Sign of Four|Sir Arthur Conan Doyle|true|en|true
05:30|0530-003|الخامسة والنصف|لو توقف توماس ماكغواير ليتأمل روعة أشعة الشمس الذهبية، لربما فاتته بداية نهاية حكمه على بلدة الساحل الهادئة. ولكن كما هو الحال غالبًا مع رجال من طبعه، لم يكن لدى توماس وقتٌ يُذكر لأحلام اليقظة. فقد نهض رجل الأعمال العنيد من فراشه القاسي في الخامسة والنصف من صباح ذلك اليوم، عازمًا كعادته على الاهتمام بإمبراطوريته المتنامية التي تضم ثلاثة حانات، ومتجرين للمشروبات الروحية، ونُزلًا واحدًا في شارع مين مول.|Pomegranate Soup|Marsha Mehran|true|en|true
05:30|0530-004|5:30 صباحًا| عندما كانت براك وشقيقها راندي صغيرين، اعتادت والدتهما إيقاظهما في الساعة 5:30 صباحًا للقيام برحلات برية عائلية، لتجنب الازدحام المروري؛ كانت هناك أقفال أمان حول المنزل حتى بلغت الحادية عشرة من عمرها؛ لم يكن هناك تلفاز، وبالتأكيد لم يكن هناك حلوى أو مشروبات غازية أو كحول أو تدخين؛ كانت تكوي ملاءات السرير وتبيض الملابس الداخلية وتنظف الحمامات مرتين على الأقل يوميًا.|Kitchens of the Great Midwest|J. Ryan Stradal|false|en|true
05:30|0530-005|الخامسة والنصف|كان جدعون مختلفًا تمامًا عن جدعون المعتاد. ولأن والتر إيستمان كان مشغولًا، لم يكن لديه الوقت، أو بالأحرى الرغبة، لملاحظة سلوكه الشاذ. على سبيل المثال، إنها الخامسة والنصف صباحًا في فصل الصيف. من الواضح أن سرير الشاب تشيس الضيق قد استُخدم للنوم، فهو مجعد بطريقة بالكاد تم تحريكها والتي لا يمكن تقليدها أبدًا.|An Insular Possession|Timothy Mo|true|en|true
05:30|0530-006|الخامسة والنصف|كانت الساعة في ذلك الوقت الخامسة والنصف، والشمس على وشك الشروق؛ لكنني وجدت المطبخ لا يزال مظلمًا وهادئًا... ساد سكون الصباح الباكر في كل مكان... كانت خيول العربة تدق حوافرها من حين لآخر في إسطبلاتها المغلقة: كل شيء آخر كان ساكنًا.|Jane Eyre|Charlotte Brontë|true|en|true
05:30|0530-007|الخامسة والنصف|في اليوم الذي كان من المقرر أن يُقتل فيه، استيقظ سانتياغو نصار في الساعة الخامسة والنصف صباحًا لينتظر القارب الذي كان الأسقف قادمًا عليه.|Chronicle of a Death Foretold|Gabriel García Márquez|true|en|true
05:30|0530-008|الخامسة والنصف|" قال بيريكو: ""هذا يعني أن قزمًا في الصفحة العشرين يبلغ طوله مترين وخمسة سنتيمترات في الصفحة المئة. لقد لاحظت ذلك أكثر من مرة. هناك مشاهد تبدأ في السادسة مساءً وتنتهي في الخامسة والنصف. أمرٌ مقزز."""|Rayuela|Julio Cortázar|true|es-AR|true
05:31|0531-000|5:31|"5:31 — مانك على الهاتف مع المحامي: ""يا إلهي، أعتقد أننا يجب أن نذهب إلى هناك ونحصل على تلك الأصوات! نصادرها! كل واحدة منها!"""|Fear and Loathing: On the Campaign Trail ’72|Hunter S. Thompson|false|en|true
05:32|0532-000|الساعة 05:32| بحلول الساعة 05:32، عاد السائق من متجر صغير ومعه علبة من ست زجاجات كوكاكولا، وزجاجة جاك دانيلز، وبعض أكياس حليب الإفطار، وكمية من الكعك البائت، وعلبة سجائر تشونغنتشمهاي. أُغلقت الأبواب بقوة وانطلقت الشاحنة.|Rare Earth|Paul Mason|true|en|true
05:33|0533-000|الخامسة وثلاثة وثلاثون دقيقة|كانت الساعة الخامسة وثلاثة وثلاثون دقيقة عندما غادرنا. هل هي السادسة الآن؟ السادسة والنصف؟ وما زال مارك في قفصه، وأنا خائفة من القيادة بسرعة كبيرة... ماذا لو لم نصل في الوقت المناسب؟|Among the Brave|Margaret Peterson Haddix|true|en|true
05:34|0534-000|الخامسة وأربعة وثلاثون دقيقة|"سألتُ: ""متى تشرق الشمس؟""<br>ساد صمتٌ لثانية بينما كان بوش المُحبط يستوعب توبيخه، ثم أجاب صوتٌ آخر: ""الخامسة وأربعة وثلاثون دقيقة يا سيدي."""|The Commodore|C.S. Forester|true|en|true
05:34|0534-001|بعد حوالي أربع دقائق|في الساعة الخامسة والنصف. كنت هنا بعد حوالي أربع دقائق. بناءً على مظهر الدم وبداية التيبس في جانب الوجه، خمنت أنه كان ميتًا منذ حوالي خمس ساعات.|Death in Holy Orders|P.D. James|false|en|true
05:35|0535-000|5:35|استيقظ السيناتور في الساعة 5:35 وهو يتصبب عرقًا باردًا - ليس لأنه نام حقًا لأكثر من بضع دقائق في أي وقت. لقد كانت ليلة شريرة، رعد وبرق وصفارات إنذار.|Shall We Tell the President?|Jeffrey Archer|true|en|true
05:35|0535-001|5:35|تفاجأ عندما رأى أنها الساعة 5:35. لذا لا بد أنه نام - أو على الأقل غفا - لأكثر من ست ساعات. بدأ يتساءل عما إذا كانت العاصفة قد هدأت حقًا عندما بدأ الأنين مرة أخرى، وارتفع إلى ذروة عويل أخرى.|Death in Holy Orders|P.D. James|true|en|true
05:35|0535-002|5:35|5:35 — جميع الهواتف ترن الآن، لقد نفدت نوبة العمل المسائية — والآن يستيقظ الآخرون.|Fear and Loathing: On the Campaign Trail ’72|Hunter S. Thompson|true|en|true
05:35|0535-003|السادسة إلا خمسًا وعشرين دقيقة|" حدقتُ في الساعة. قلتُ: ""إنها تشير إلى السادسة إلا خمسًا وعشرين دقيقة""، ثم ابتعدتُ عنه."|The Dice Man|Luke Rhinehart|true|en|true
05:35|0535-004|5:35|في الساعة 5:35، تلقى عبر الراديو خبرًا مفاده أن هيلمنث هانوفر من صحيفة أورورا سنتينل قد تلقى مكالمة من متحدث مجهول باسم لواء مينيسوتا المدني يهدد فيه بنوع من الانتقام إذا قام الهنود بالصيد.|Iron Lake|William Kent Krueger|true|en|true
05:36|0536-000|الساعة 05:36|شربت زجاجة من جاك دانيلز. عندما استيقظت في الساعة 05:36، كانت قد مسحت آثار الليلة السابقة.|The Fowler Family Business|Jonathan Meades|true|en|true
05:37|0537-000|5:37| ألقى ريتشارد نظرة خاطفة على ساعة الميكروويف - 5:37 - ما يقرب من اثنتي عشرة ساعة، أي ما يقرب من نصف يوم منذ أن اتصل برقم الطوارئ 911.|This Book Will Save Your Life|A.M. Homes|true|en|true
05:38|0538-000|الساعة 5:38 صباحًا|" قالت السفينة: ""صباح الخير يا جوني. إنها الساعة 5:38 صباحًا.""<br>قال جوني: ""ماذا؟ إنه يوم السبت.""<br>قال سول، مخاطبًا كوفاك على ما يبدو: ""لقد أخبرتك أنه لن يُعجبه ذلك.""<br>قال الحاسوب: ""الأمر لا يتعلق بالإعجاب أو عدم الإعجاب. لدي معلومات أعتبرها مهمة بما يكفي لنقلها في أقرب فرصة ممكنة - مهما كان الوقت."""|Johnny Mackintosh: Battle for Earth|Keith Mansfield|true|en|true
05:39|0539-000|الساعة السادسة إلا 21 دقيقة|" أخذ جورج هاتفه من على طاولة الزينة. قال: ""لقد سبق الكابوس المنبه بأكثر من ساعة بقليل. إنها الساعة السادسة إلا 21 دقيقة."""|The E Utopia Project|Kudakwashe Muzira|true|en|true
05:40|0540-000|5:40 صباحًا|في الساعة 5:40 صباحًا، ألقى باللحاف جانبًا، وأخرج ساقيه من السرير، ووضع قدميه بثبات على السجادة.|This Was a Man|Jeffrey Archer|true|en|true
05:40|0540-001|السادسة إلا عشرين دقيقة| استيقظ روبرت تاونسند قبل أن يرن المنبه، وبقي مستلقيًا يستمع في الظلام. شيء ما أزعج نومه - ضوضاء في الخارج. طقطقة بعيدة لكنها واضحة. نظر إلى عقارب الساعة على المنضدة بجانب السرير. السادسة إلا عشرين دقيقة. طقطقة. طقطقة. طقطقة. ها هي ذي مرة أخرى. ما عساها أن تكون؟|Cogheart|Peter Bunzl|true|en|true
05:40|0540-002|السادسة إلا عشرون دقيقة|السادسة إلا عشرون دقيقة. كان أولاد روب على الرصيف، وعرباتهم جاهزة. الشيء الوحيد الذي يجرؤ على التأخر هنا هو القطار. كان أولاد روب في الواقع بيل بينغ، ثلاثون عامًا، يدخن سيجارة وودباين، وآرثر، ستون عامًا، شبه ميت.|The Peculiar Memories of Thomas Penman|Bruce Robinson|true|en|true
05:41|0541-000|5:41|"استغرق الأمر من إنيغو حتى الساعة 5:41 قبل أن يحاصر الكونت فعليًا. في غرفة البلياردو. ""مرحبًا،"" كان على وشك أن يقول. ""اسمي إنيغو مونتويا؛ لقد قتلت والدي؛ استعد للموت."""|The Princess Bride|William Goldman|true|en|true
05:42|0542-000|السادسة إلا ثماني عشرة دقيقة|في تمام الساعة السادسة إلا ثماني عشرة دقيقة، فجروا الجدار، وحتى حينها، كان الأوان قد فات تقريبًا.|A Gentleman’s Game|Greg Rucka|true|en|true
05:43|0543-000|الخامسة وثلاث وأربعون دقيقة|في السادس عشر من يوليو عام 1921، استيقظت دافني في الساعة الخامسة وثلاث وأربعون دقيقة تشعر بالإرهاق، ولكن عندما خرجت إلى ضوء الشمس في ساحة لوندز في الساعة الواحدة وخمس وأربعون دقيقة، كانت تشعر بالبهجة وتتطلع بالفعل إلى هذه المناسبة.|As the Crow Flies|Jeffrey Archer|true|en|true
05:43|0543-001|05:43|05:43 بتوقيت غرينتش<br>استيقظ ويليام على رنين الهاتف. أمسك به متسائلاً من قد يكون المتصل في تلك الساعة المتأخرة من الصباح. كان يأمل أن تكون بيث.|Nothing Ventured|Jeffrey Archer|true|en|true
05:43|0543-002|5:43|إنها الساعة 5:43. الوقت يمر بسرعة، بسرعة.|If It Bleeds|Stephen King|true|en|true
05:43|0543-003|5.43|"5.43 — مانك يتحدث عبر الهاتف مع ""ماري"" في واشنطن؛ ""يبدو الآن واضحًا تمامًا أننا سنقود الولاية - بدون الحادي والعشرين."""|Fear and Loathing: On the Campaign Trail ’72|Hunter S. Thompson|true|en|true
05:44|0544-000|0544 ساعة|" وفي أي وقت، مرة أخرى، قال المتهم هذه الكلمات تحديدًا؟<br>""كان ذلك - يمكنك رؤية الوقت على شريط الفيلم في الإطار الذي أوقفته فيه. 0544 ساعة."""|Invasion of Privacy|Perri O’Shaughnessy|true|en|true
05:45|0545-000|السادسة إلا ربع|"""لكن حان وقت النوم: إنها السادسة إلا ربع بالفعل.""<br>وبالفعل، بدأ الفجر يلوح في الأفق: فرّغ الشابان كؤوسهما ثم ودّع كل منهما الآخر."|The Queen of Spades|Alexsander S. Pushkin|true|en|true
05:45|0545-001|السادسة إلا ربع|" أجابت القابلة: ""السادسة إلا ربع"".<br>""وماذا لو كنتُ أموت حقًا؟"" فكرت أولغا ميخالوفنا، وهي تنظر إلى رأس زوجها وزجاج النوافذ الذي كان المطر يضربها."|The Party|Anton Pavlovich Chekhov|true|en|true
05:45|0545-002|5:45|في الساعة 5:45 من صباح اليوم التالي، كان الجنرال يقف خارج خيمة جورج مرتدياً زيه الرسمي الكامل، حاملاً حقيبة جلدية سوداء.|Paths of Glory|Jeffrey Archer|true|en|true
05:45|0545-003|5:45|في تمام الساعة 5:45، انفجر محول طاقة مثبت على عمود بجوار مستودع شاحنات الأخوين تراكر المهجور في ومضة من الضوء الأرجواني، متناثرًا قطعًا معدنية ملتوية على السقف القرميدي.|It|Stephen King|true|en|true
05:46|0546-000|الساعة 5:46 صباحًا|" لم يشعر هربرت بشيء. كتب عبارة تبدو قانونية تفيد بأن الحكم قد نُفذ في الساعة 5:46 صباحًا، مضيفًا: ""دون أي عائق"". شتمه فريق الدفن في سرهم وهم يقطعون الجذور السميكة والتربة المتماسكة."|A Whispered Name|William Brodrick|true|en|true
05:46|0546-001|السادسة إلا أربع عشرة دقيقة|كان صباحًا صيفيًا جميلًا. أشارت عقارب الساعة الهولندية في الردهة إلى التاسعة وثلاث عشرة دقيقة؛ وعقارب الساعة البرونزية المذهبة في غرفة الجلوس إلى العاشرة وإحدى عشرة دقيقة؛ وعقارب ساعة العربة على رف الكتب إلى السادسة إلا أربع عشرة دقيقة. بعبارة أخرى، كانت الساعة الثامنة تمامًا؛ وأقرت السيدة هيغنيت بذلك بتحريك رأسها على الوسادة، وفتح عينيها، والجلوس في السرير. كانت تستيقظ دائمًا في الثامنة تمامًا.|Three Men and a Maid|P.G. Wodehouse|true|en|true
05:47|0547-000|الخامسة وسبع وأربعين دقيقة| فتح جفنيه بصعوبة. كان مصباح السرير مضاءً. حامت رو فوقه، تنقر بإصبعها على شحمة أذنه. ما هذا بحق الجحيم؟ تشير الساعة إلى الخامسة وسبع وأربعين دقيقة. قبل الفجر. يوم أحد.|Christmas Coverup|Cassie Miles|false|en|true
05:48|0548-000|السادسة إلا اثنتي عشرة دقيقة|مرآة باكاردي ذات زجاج ضبابي معلقة فوق البار الخلفي بجوار ساعة سانت باولي جيرل، عقارب الساعة متوقفة عند السادسة إلا اثنتي عشرة دقيقة.|Northwest Corner|John Burnham Schwartz|true|en|true
05:49|0549-000|5:49 صباحًا| مع اقتراب الصباح، غرق في نوم أعمق. ومع ذلك، أيقظه رنين الهاتف المزعج والمتواصل. أظهر قرص ساعة سفره المضيء الساعة 5:49 صباحًا.|Shroud for a Nightingale|P.D. James|true|en|true
05:49|0549-001|السادسة إلا إحدى عشرة دقيقة|كانت الساعة السادسة إلا إحدى عشرة دقيقة. بعد لحظة، سحب الدرج الأوسط للمكتب على حجره بتكاسل. حدق للحظة في المسدس دون أن يتعرف عليه. ثم صرخ وقفز. لقد أعادته!|The Comforts of Home|Flannery O’Connor|true|en|true
05:50|0550-000|5:50|كانت الساعة 5:50 عندما ترنّح خارجًا من الغرفة، متجهًا إلى وجهة لا يعلمها ولا إلى متى، لكنه كان يأمل فقط ألا يتخلى عنه من كان يرشده مؤخرًا.|The Princess Bride|William Goldman|true|en|true
05:51|0551-000|السادسة إلا تسع دقائق| كانت الساعة تشير إلى السادسة إلا تسع دقائق، أي قبل ساعة من الفجر. لم يكن من المقرر أن تتحرك الكتيبة اليوم، ولذا، وكما يفعلون كل يوم، إلى جانب كل فيلق بريطاني في الميدان، استعدت الكتائب الأربع للهجوم. استعرضت كل سرية ثم سارت لتشكيل صفوفها مع كتيبتها في موقع الإنذار.|Whose Business is to Die|Adrian Goldsworthy|true|en|true
05:52|0552-000|الساعة 5:52 صباحًا| في تمام الساعة 5:52 صباحًا، استجاب مسعفو إدارة إطفاء سانت بطرسبرغ وخدمة إسعاف صن ستار ميديك ون لبلاغ طوارئ طبية في 12201 شارع التاسع الشمالي، سانت بطرسبرغ، الشقة رقم 2210.|Silent Witness|Mark Fuhrman|true|en|true
05:53|0553-000|الساعة الخامسة وثلاث وخمسون دقيقة| تم اختيار هذا اليوم خصيصًا لأن خبراء الأرصاد الجوية أكدوا لهم أن الشمس ستشرق في الساعة الخامسة وثلاث وخمسون دقيقة ولن يكون هناك مطر. وقد ثبتت صحة توقعات خبراء الأرصاد الجوية بشأن الشمس، ولكن كما لو أنهم أرادوا إظهار عدم دقة توقعاتهم، بدأ رذاذ متواصل في الساعة الرابعة وإحدى عشرة دقيقة.|As the Crow Flies|Jeffrey Archer|true|en|true
05:53|0553-001|الساعة الخامسة وثلاث وخمسين دقيقة|في تمام الساعة الخامسة وثلاث وخمسين دقيقة، بينما كانت الشمس الحمراء القانية تطل من الأفق، أُطلقت رصاصة من مسدس فيري، والتفت تشارلي إلى الوراء فرأى السماء مضاءة خلفه.|As the Crow Flies|Jeffrey Archer|true|en|true
05:53|0553-002|السادسة إلا سبع دقائق|أظهر سجل البوابة أنه سجل خروجه في تمام الساعة السادسة إلا سبع دقائق من ذلك الصباح، أي أبكر بقليل من المعتاد. ولأنهم كانوا موظفين ملتزمين، اتصلت إدارة الميناء الفضائي بالشرطة على الفور وأرسلت شخصًا إلى جيما تيفون.|Fallen Dragon|Peter F. Hamilton|true|en|true
05:54|0554-000|السادسة إلا ست دقائق| أشرقت الشمس هذا الصباح في تمام الساعة السادسة إلا ست دقائق. كان هناك ازدحام مروري كثيف بالفعل على جسر ماجيستا في ساعة الذروة الصباحية. كان ماير يقود السيارة. وكان كاريلا يجلس بجانبه.|Merely Hate|Ed McBain|true|en|true
05:55|0555-000|السادسة إلا خمس دقائق|واحد، اثنان، ثلاثة، أربعة، خمسة، ستة... قامت بتدوير كل ساعة بدورها، ثلاث لفات لكل منها، واضعةً ما يكفي من الطاقة في النوابض لجعلها تدق في الوقت المناسب لتفتيش السيد ويستكوت. وبالمناسبة... كانت الساعة السادسة إلا خمس دقائق. خمس دقائق قبل وصول السيد ويستكوت لتفقد ساعاته. ابتلعت هيلينا ريقها. استطاعت سماع وقع أقدام يتردد صداه في الغرفة بالأسفل، وصيحات ستانلي المتقطعة.|The House of One Hundred Clocks|A.M. Howell|true|en|true
05:55|0555-001|السادسة إلا خمس دقائق| لم يذهب بيلي بالسيارة إلى موقف السيارات. موقف السيارات مغلق. في تمام الساعة السادسة إلا خمس دقائق، أوقف سيارته في شارع مين على بعد بضعة مبانٍ من برج جيرارد. توجد أماكن كثيرة على جانب الطريق في هذه الساعة، والرصيف خالٍ.|Billy Summers|Stephen King|true|en|true
05:55|0555-002|الساعة 5:55 صباحًا|" كانت الساعة 5:55 صباحًا وكان المطر يهطل بغزارة عندما وصلتُ بدراجتي إلى موقف الدراجات خارج ساحة المحطة مباشرةً، ثم اندفعتُ إلى الداخل. مررتُ مسرعًا بجانب كشك الكتب، حيث كانت جميع لافتات صحيفة يوركشاير بوست (صحيفة صباحية) تحمل عنوان ""رعب يورك""، ولكن أيضًا ""عواصف فبراير العاتية على الساحل""."|The Lost Luggage Porter|Andrew Martin|true|en|true
05:56|0556-000|5:56 صباحًا| لمست آنا بيتريسكو الزر الموجود أعلى ساعة منبه سريرها. أضاءت الساعة 5:56 صباحًا. أربع دقائق أخرى وكانت ستوقظها بأخبار الصباح الباكر. لكن ليس اليوم.|False Impression|Jeffrey Archer|true|en|true
05:56|0556-001|السادسة إلا أربع دقائق|" ذهب الضابط ذو الأنف المكسور ليستعير ساعة الجنرال فيرود. انحنى كلاهما فوقها لبعض الوقت. ""هذا كل شيء. ستصلك الساعة السادسة إلا أربع دقائق."""|A Set of Six|Joseph Conrad|true|en|true
05:57|0557-000|الساعة 05:57|"ابتسمت قليلاً، لكن الشهيق التالي كان أعلى صوتاً كأنين. في الساعة 05:57 قلتُ: ""أمي، الساعة تقارب السادسة""، فنهضت لتحضير العشاء لكنها لم تأكل شيئاً."|Room|Emma Donoghue|true|en|true
05:58|0558-000|الساعة 5:58 من صباح اليوم|سمعت أصوات تحطم عالية من الشقة بالأسفل في تمام الساعة 5:58 من صباح اليوم، على الرغم من أنها كانت تراقب الساعة قبل ذلك بوقت طويل.|The Woman Downstairs|Elisabeth Carpenter|true|en|true
05:58|0558-001|الساعة 5:58 صباحًا|استيقظت أنيكا جيانيني فجأة. رأت أن الساعة 5:58 صباحًا.|The Girl Who Kicked the Hornets’ Nest|Stieg Larsson|true|en|true
05:58|0558-002|قبل السادسة بقليل| دخل غرانت مكتبه في كنيسة سانت ماري اللوثرية قبل السادسة بقليل من صباح اليوم التالي. كان وصوله المبكر غير المعتاد - متجاوزًا تمارين الصباح المعتادة - مدفوعًا برغبة في مراجعة المقال الذي كتبه قبل سنوات، والبدء في عملية تحديثه، كما طُلب منه.|Under the Golden Dome|Ray Keating|true|en|true
05:59|0559-000|قبل السادسة بدقيقة واحدة| قبل السادسة بدقيقة واحدة، أخرج هوليس ساعته. تنهد، وأعادها إلى مكانها، واتكأ على كرسيه. أظهرت له نظرة خاطفة من النافذة أن الشارع كان خاليًا إلا من بعض المهور المتدلية فوق أحد قضبان ربط الخيول وعربة أو اثنتين تقفان أمام متجر.|The Coming of the Law|Charles Alden Seltzer|true|en|true
05:59|0559-001|قبل أن تدق الساعة السادسة|كانت الستائر في الغرفة الركنية الجنوبية الشرقية أول ما رُفع. كانت غرفة نوم القس العجوز. كان يقرأ إنجيله قبل أن تدق الساعة السادسة.|The Hammer of God|Bo Giertz|true|en|true
05:59|0559-002|الفجر|لا بد أنه كان الفجر عندما غادر دون كيخوته النزل، سعيدًا للغاية، شجاعًا للغاية، مبتهجًا للغاية بحصوله على لقب فارس لدرجة أن فرحته كانت تكاد تنفجر من خلال حزام حصانه.|Don Quijote de la Mancha|Miguel de Cervantes|true|es-ES|true
06:00|0600-000|السادسة|في صباح اليوم التالي، كانت الأخت فيرونيكا لا تزال تصلي في المصلى. في الساعة السادسة، عندما دخلت الراهبات الأخريات لأداء صلاة السهر، كانت هناك، ساجدة أمام الصليب، ذراعاها ممدودتان، وجبهتها تلامس بلاطة الحجر الباردة. فقط عندما انحنين للأمام ليلمسن ذراعها برفق، لاحظن أن الدم قد استقر على وجهها. لقد كانت ميتة منذ ساعات عديدة.|The Power|Naomi Alderman|true|en|true
06:00|0600-001|السادسة|" كان سامي مستيقظًا تمامًا في السادسة، يملؤه الحماس، فوالده قادم، ولم يكن من الممكن تهدئته. وبحلول أواخر الصباح، كان يتسلق الجدران؛ اقترحت أن نذهب في نزهة، ونأخذ معنا بعض الطعام. لم يكن يريد المغادرة خشية أن يأتي والده أثناء غيابنا.<br>""ما رأيك أن نصعد التل؟ يمكننا مراقبته من هناك. مثل القراصنة.""<br>وقد نجحت الخطة."|The Body Lies|Jo Baker|true|en|true
06:00|0600-002|السادسة|صباح يوم الاثنين. استيقظتُ في السادسة صباحًا ورأسي مُستند على صدر باتريك، وركبتي فوق فخذه. نمتُ طوال الليل دون أن أستيقظ ولو لمرة واحدة. لا أعرف متى نمتُ هكذا آخر مرة.<br>نهض ليُحضر القهوة وشربناها في السرير.|The Body Lies|Jo Baker|true|en|true
06:00|0600-003|السادسة| ظل دان مستيقظًا حتى السادسة. ثم ارتدى ملابسه وانطلق مجددًا إلى ريد آبل. هذه المرة لم يتردد، ولكن بدلًا من أن يأخذ زجاجتين من بيرد من المبرد، أخذ ثلاثًا. ماذا كانوا يقولون؟ إما أن تفعلها على أكمل وجه أو لا تفعلها أبدًا.|Doctor Sleep|Stephen King|true|en|true
06:00|0600-004|السادسة صباحًا|في اليوم التالي لخروج أولغا من المستشفى، بدأت بصنع الأحذية مجددًا. في السادسة صباحًا، كانت تجلس على منضدتها، وتصنع زوجين من الأحذية يوميًا. يشكو يوجين من أن أولغا عبء عليه، لكن الحقيقة هي أن أولغا تعيل يوجين وزوجته بزوجيها من الأحذية يوميًا. إذا لم تعمل أولغا، فلن يكون هناك طعام. لذلك يسعى الجميع جاهدين لإخراج أولغا من السرير في الوقت المحدد، وإعطائها ما يكفي من الطعام للاستمرار، إلخ.|Tropic of Cancer|Henry Miller|true|en|true
06:00|0600-005|الساعة السادسة|" تدعوني أورسولا إلى خزانة الملابس. ""لم تتقدم في العمر يومًا واحدًا يا تيمبو، ولا <em>هذا</em> الثعبان الصغير أيضًا!"" يحتك غزالها الصغير ذو الفرو بعمود الإنارة الضخم الخاص بي وكرات النفتالين... ولكن بعد ذلك، كالعادة، استيقظت، وكان عضوي المنتفخ مرحبًا به كزائدة دودية منتفخة، ومفيدًا بنفس القدر. الساعة السادسة. كانت أنظمة التدفئة تُصدر موسيقى على غرار جون كيج. أحرقت قروح البرد مفاصل أصابع قدمي. فكرت في أعياد الميلاد التي مضت، الكثير منها مضى أكثر مما ينتظرني."|Cloud Atlas|David Mitchell|false|en|true
06:00|0600-006|السادسة|بشكلٍ مذهل، استمرت روتينات الحياة اليومية ببطء مع تحول الربيع إلى صيفٍ بهيج. كانت هولي تستيقظ كل صباح في السادسة، تمشي مع باستر وتطعمه، توقظ أطفالها، تتأكد من أن أصغرهم يرتدي ملابس مناسبة للمدرسة، تطعمهم، تضع علب الغداء في حقائبهم، تنتظر الحافلة عند الزاوية، وتودعهم.|Behind the Lie|Emilya Naymark|true|en|true
06:00|0600-007|السادسة صباحًا|عندما استيقظت، كان ضوء السادسة صباحًا، الذي لا جدال في اعتداله، يتدفق عبر النوافذ. كانت هناك أمور يجب القيام بها وقرارات يجب اتخاذها، ولكن في تلك اللحظة، كان يكفيها أن تكون على قيد الحياة وفي سريرها بدلًا من أن تُحشر في قناة تصريف.|Full Dark, No Stars|Stephen King|true|en|true
06:00|0600-008|الساعة السادسة|" قال بيغليت عندما وصلوا إلى منزل بو: ""حسنًا، ليلة سعيدة يا بو. وسنلتقي في الساعة السادسة من صباح الغد عند أشجار الصنوبر، ونرى كم عدد الأفيال التي وضعناها في مصيدتنا."""|Winnie|A.A. Milne|true|en|true
06:00|0600-009|6:00 صباحًا|راقب لارس من نافذة غرفة معيشته العائلة، التي لا بد أنها غادرت ولاية أيوا حوالي الساعة 6:00 صباحًا لتصل إلى هنا مبكرًا، وهي تشق طريقها بصعوبة عبر الثلج نحو ردهة مبناه.|Kitchens of the Great Midwest|J. Ryan Stradal|true|en|true
06:00|0600-010|السادسة صباحًا|"في صباح يوم الأحد، أيقظه الهاتف في تمام الساعة السادسة صباحًا. كان المتصل هو الرائد هيثكوت، ودخل في صلب الموضوع مباشرةً. ""ماذا تعرف عن هذه المجموعة الغوغائية في الكاتدرائية؟"""|The Wedding Officer|Anthony Capella|true|en|true
06:00|0600-011|الساعة السادسة|" ومنذ ذلك الحين، تابع صانع القبعات بنبرة حزينة، ""لن يفعل شيئًا أطلبه منه! إنها دائمًا الساعة السادسة الآن."""|Alice’s Adventures in Wonderland|Lewis Carroll|true|en|true
06:00|0600-012|الساعة السادسة|" سألته: ""كم الساعة؟"" وأخبرته حتى يعرف، ""أمي تحب الهدوء والسكينة لتنام متأخرة صباح يوم السبت.""<br>""أجل، أليس كذلك؟ إنها الساعة السادسة. لم أستطع النوم،"" قال بتعب، وكأنها فكرة خطرت له فجأة، كما لو كان يتوقع ذلك. ""لماذا أنت مستيقظ مبكرًا جدًا؟""<br>""استيقظت واحتجت إلى الباندا خاصتي. لا أستطيع العثور عليه."""|The Saints|Patsy Hickman|true|en|true
06:00|0600-013|السادسة|لكن كل صباح، حتى لو كانت هناك جلسة ليلية ولم ينم سوى ساعتين، يستيقظ في السادسة ويقرأ جريدته بينما يشرب فنجانًا قويًا من القهوة. بهذه الطريقة يبني بابا نفسه كل يوم.|The Elegance of the Hedgehog|Muriel Barbery|true|en|true
06:00|0600-014|السادسة صباحًا|استيقظتُ قبل دخولها بنصف ساعة، وغسلتُ وجهي، وارتديتُ ملابسي على ضوء هلالٍ يغرب، تتسلل أشعته عبر النافذة الضيقة قرب سريري. كان من المقرر أن أغادر غيتسهيد ذلك اليوم بعربةٍ تمر ببوابات النزل في السادسة صباحًا.|Jane Eyre|Charlotte Brontë|true|en|true
06:00|0600-015|السادسة| كنت مستيقظًا في غرفتي العلوية، وسمعت ساعة تدق السادسة في الطابق السفلي. كان الضوء ساطعًا نوعًا ما، وبدأ الناس يصعدون وينزلون الدرج.|Hunger|Knut Hamsun|true|en|true
06:00|0600-016|الساعة السادسة|"في الخامس عشر من سبتمبر عام 1840، حوالي الساعة السادسة صباحًا، كانت سفينة ""فيل دو مونتيرو""، على وشك المغادرة، تُطلق دوامات كثيفة من الدخان بالقرب من رصيف سان برنارد."|L’Education sentimentale|Gustave Flaubert|true|en|true
06:00|0600-017|الساعة السادسة صباحًا|استمر الحفل لوقت طويل، حتى الساعة السادسة صباحًا؛ كان الجميع منهكين ويتمنون لو كانوا في الفراش لثلاث ساعات على الأقل؛ لكن المغادرة مبكرًا كانت بمثابة إعلان فشل الحفل وإهانة المضيف والمضيفة اللذين بذلا الكثير من الجهد، يا لهما من مسكينين.|The Leopard|Giuseppe Tomasi di Lampedusa|true|en|true
06:00|0600-018|السادسة صباحًا|أخبرته أن لدينا وقتًا؛ فالقطار المتجه إلى بوينس آيرس لا يغادر حتى السادسة صباحًا.|Respiración artificial|Ricardo Piglia|true|es-AR|true
06:00|0600-019|السادسة صباحًا|" قال فقط: ""حسنًا سيدي""، وكرر أن نوبته تنتهي في السادسة صباحًا. لم يبدُ أنه يفهم جيدًا، كما أخبرتُ تاردوسكي."|Respiración artificial|Ricardo Piglia|true|es-AR|true
06:00|0600-020|السادسة صباحًا|في السادسة صباحًا، غادروا غرفة النوم عراة، وأفرغوا حوض السباحة وملأوه بالشمبانيا.|100 años de soledad|Gabriel García Márquez|false|es-CO|true
06:01|0601-000|06:01|في الصورة، كان ينظر مباشرةً إلى الكاميرا، ممسكًا بكوب ورقي في يده. يشير التوقيت في الزاوية السفلية اليمنى من الشاشة إلى أنها كانت الساعة 06:01 من صباح اليوم نفسه الذي وصلا فيه إلى الدير.|The Passage|Justin Cronin|true|en|true
06:02|0602-000|6.02| برمنغهام نيو ستريت 5.25. والسال 5.55. لا يتوقف هذا القطار في بيرتشيلز، لأسباب لم يتمكن جورج من معرفتها قط. ثم بلوكسويتش 6.02، ويرلي وتشرشبريدج 6.09. في الساعة 6:10 أومأ برأسه للسيد ميريمان، رئيس المحطة.|Arthur and George|Julian Barnes|true|en|true
06:03|0603-000|السادسة وثلاث دقائق|كان الظلام لا يزال مخيمًا في الخارج، ولم يكن سوى الحافة السفلية لإطار النافذة مغطاة بالثلوج. استطاعت سماع رنين أجراس خافت وهادئ؛ لم يكن صوت كنيسة الرعية، بل صوت مكان ما أبعد. أشارت الساعة على الطاولة الصغيرة إلى السادسة وثلاث دقائق.|The Party and Other Stories|Anton Pavlovich Chekhov|true|en|true
06:04|0604-000|الساعة السادسة وأربع دقائق صباحًا|كانت الساعة السادسة وأربع دقائق صباحًا. ارتجفت. انتظرت. تمددت لأنها جلست في سيارتها لمدة ثلاث ساعات ونصف قبل أن تنعطف عربة توزيع الحليب إلى الشارع.|Heart of Danger|Gerald Seymour|true|en|true
06:05|0605-000|السادسة وخمس دقائق|دخل رجل ثانٍ ووجد المتجر فارغًا، كما ظن، في تمام الساعة السادسة وخمس دقائق. هذا يجعل الوقت بين الساعة 5:30 و6:05.|The ABC Murders|Agatha Christie|true|en|true
06:06|0606-000|6:06|في تمام الساعة 6:06، انفجرت جميع المراحيض في شارع ميريت فجأةً في نافورة من البراز ومياه الصرف الصحي الخام، حيث حدث انعكاس لا يمكن تصوره في الأنابيب التي تغذي خزانات محطة معالجة النفايات الجديدة في بارينز.|It|Stephen King|false|en|true
06:07|0607-000|بعد سبع دقائق من السادسة|يدخل هينتون من البوابة بعد سبع دقائق من السادسة. لا بد أن هناك ازدحامًا مروريًا على الطريق السريع، أو تأخيرًا خلال الإحاطة الأمنية. يبدو شعره هذا الصباح وكأنه مقصوص حديثًا، مما يبرز عظام وجنتيه العالية وعينيه اللامعتين المتلهفتين.|The Dream Hotel|Laila Lalami|true|en|true
06:08|0608-000|الساعة السادسة وثماني دقائق صباحًا|في تمام الساعة السادسة وثماني دقائق صباحًا، اقترب رجلان يرتديان معاطف واقية من المطر ممزقة من الكازينو. اشتعلت النيران في الرجل الأقصر قامة.|Magic Bleeds|Ilona Andrews|true|en|true
06:09|0609-000|06:09 بتوقيت وسط أوروبا|"06:09 بتوقيت وسط أوروبا<br>""لماذا لم توقظني في الرابعة؟"" سأل مونتي. حدّق في ويليام، الذي كان لونه كلون ملاءته المبللة، وما زال يتصبب عرقًا."|Nothing Ventured|Jeffrey Archer|true|en|true
06:09|0609-001|6.09| برمنغهام نيو ستريت 5.25. والسال 5.55. لا يتوقف هذا القطار في بيرتشيلز، لأسباب لم يتمكن جورج من معرفتها قط. ثم بلوكسويتش 6.02، ويرلي وتشرشبريدج 6.09. في الساعة 6:10 أومأ برأسه للسيد ميريمان، رئيس المحطة.|Arthur and George|Julian Barnes|true|en|true
06:10|0610-000|6:10|نهض الرئيس من فراشه في الساعة 7:20 وأشعل سيجارته الأولى. لم يستطع تذكر متى استيقظ بالضبط. في الساعة 6:10 اتصل بتوني، الذي كان مستيقظًا بالفعل وينتظر مكالمته.|Shall We Tell the President?|Jeffrey Archer|true|en|true
06:10|0610-001|السادسة وعشر دقائق|غادرت الحافلة المحطة في تمام الساعة السادسة وعشر دقائق، وجلست شامخة، كأي مسافرة معتادة، بعيدًا عن والدها جون هنري وبيرينيس. ولكن بعد برهة، انتابها شكٌّ جدي، لم تستطع حتى إجابات سائق الحافلة تبديده تمامًا.|The Member of the Wedding|Carson McCullers|true|en|true
06:11|0611-000|6:11|" قال ديكستر: ""لا غوارديا""، ثم شكر العميل على سهره نصف الليل. نظر سكوت بين المقعدين الأماميين بينما تغيرت الساعة الرقمية من 6:11 إلى 6:12."|Honor Among Thieves|Jeffrey Archer|true|en|true
06:11|0611-001|6:11 صباحًا| نظرت إلى الساعة: 6:11 صباحًا. لقد غابت بريتاني لخمس ساعات. الوقت يمر بسرعة.|The Good Neighbor|Cathryn Grant|true|en|true
06:12|0612-000|الساعة 6:12 صباحًا|دكتور كيريسون؟ كان الاستجواب غير ضروري بالتأكيد. من غيره في هذا المنزل شبه الفارغ ذي الصدى سيجيب في الساعة 6:12 صباحًا؟ لم يُجب، واستمر الصوت.|Death of an Expert Witness|P.D. James|true|en|true
06:13|0613-000|06:13|الساعة الآن 06:13. تقول أمي إنه يجب أن أكون قد لُففتُ بالسجادة بالفعل، فقد يأتي نيك العجوز.|Room|Emma Donoghue|true|en|true
06:14|0614-000|06:14| عكست الستائر الافتراضية حركتها، فانزلقت عبر الشاشة وخفّضت إضاءة الغرفة. تلاشت الأرقام الحمراء 06:14 لكنها ظهرت في الزاوية العلوية اليمنى.|Mother Moon|Bob Goddard|true|en|true
06:15|0615-000|السادسة والربع| كان الأب يتوقع أن يكون ماء الحلاقة جاهزًا في تمام الساعة السادسة والربع. بعد سبع دقائق فقط، أخذت دوروثي العلبة إلى الطابق العلوي وطرقت باب والدها.|A Clergyman’s Daughter|George Orwell|true|en|true
06:15|0615-001|الساعة 6:15 صباحًا| كانت الساعة 6:15 صباحًا. بدأ الضوء يسطع للتو. كانت مجموعة صغيرة من المراهقين الأكبر سنًا تتكئ على جدار قريب. بدا عليهم أنهم قضوا الليل كله في الخارج. حدق بنا اثنان من الشباب. كانت أعينهم قاسية ومهددة.|Girl Missing|Sophie McKenzie|true|en|true
06:16|0616-000|06:16|وبينما كانتا تستقلان قطار الساعة 06:16 المتجه إلى ميتلشتاين، راودت إريكا فكرة أنه على الرغم من أن كل متر من هذه الرحلة يبعدها أكثر عن والدتها، إلا أنه سيقربها أيضًا من إمكانية رؤية ماكس مرة أخرى وتكوين أسرتهما الصغيرة الجديدة.|Fifteen Words|Monika Jephcott Thomas|true|en|true
06:17|0617-000|6:17 صباحًا|استيقظتُ على صوت المطر وهو يقرع النافذة. سمعتُ جوزفين في الحمام، وأصوات الأنابيب تصطدم بالجدران. كانت ساعة الراديو تشير إلى الساعة 6:17 صباحًا. حينها رأيتُ سرخسنا. كان موجودًا في نفس المكان الذي وضعته فيه جوزفين أول مرة، لكنه الآن كان رائعًا ونابضًا بالحياة. أوراق جديدة لامعة تتدلى فوق الوعاء، وأطرافها الأمامية تصل إلى الهاتف وتلامسه.|Here Lies|Olivia Claire Friedman|true|en|true
06:17|0617-001|السادسة وسبعة عشر| هيا يا ديزي. استدار ببطء، محاولًا إقناع الحيوان بالجلوس على الوسادة. كانت الساعة تشير إلى السادسة وسبعة عشر. قط ثانٍ، مايلز، كان يخرخر بارتياح من الرقعة الموجودة في الأغطية حيث شكلت ساقا ريسنيك شكل حرف V عميق.|Lonely Hearts|John Harvey|true|en|true
06:18|0618-000|الساعة السادسة وثماني عشرة دقيقة|" خلال الدقائق الخمس عشرة الأولى، كانت سفينة ""أرغوس"" تتمتع بميزة الموقع، وفي الساعة السادسة وثماني عشرة دقيقة، هاجمت سفينة ""بليكان"" من مسافة قريبة، لكنها لم تُلحق ضررًا كبيرًا بهيكل العدو أو حباله، ولم تقتل في أقصى الأحوال سوى رجل واحد، وأصابت خمسة فقط."|History of the United States of America (Volume 7)|Henry Adams|true|en|true
06:19|0619-000|6.19 صباحًا|6.19 صباحًا، 8 يونيو 2004، سواد بؤبؤ عينك مرصَّع في ذهب عينك.|Venus|Carol Ann Duffy|true|en|true
06:20|0620-000|6:20 صباحًا|كانت الساعة 6:20 صباحًا، وكنا أنا ووالداي نقف مذهولين ونصف نائمين في موقف سيارات مطعم هوارد جونسون في ولاية أيوا.|Soon I Will Be Invincible|Austin Grossman|true|en|true
06:21|0621-000|الساعة السادسة وإحدى وعشرون دقيقة| جرّت البغال المنهكة العربة عبر فرع مغمور بالمياه، غمر ثلاثين ياردة من الطريق، ووقفت حول الشجيرات وجذوع الأشجار على كلا الجانبين، بحيث لم يكن لها جذور، وراقبتُ أين وكيف انغرست العجلات بينما كنتُ أشغل المحرك وأشعل ولاعة سجائري وسيجارتي. كانت الساعة السادسة وإحدى وعشرون دقيقة.|Let Us Now Praise Famous Men|James Agee and Walker Evans|true|en|true
06:22|0622-000|السادسة واثنتان وعشرون دقيقة|انقلبت الساعة عندما سقط للأمام. هذا سيعطينا وقت الجريمة. السادسة واثنتان وعشرون دقيقة.|The Murder at the Vicarage|Agatha Christie|true|en|true
06:23|0623-000|الساعة السادسة وثلاث وعشرين دقيقة|كانت الساعة السادسة وثلاث وعشرين دقيقة. فكر بالفعل في القيادة حول إزلنغتون مرارًا وتكرارًا، مع تشغيل الراديو، والصراخ عليه.|It Had to Be You|David Nobbs|true|en|true
06:24|0624-000|06:24|في النهاية، عثرت على الهاتف من خلال الضوء الأخضر في الأعلى. لاحظت أن شاشة الوقت تُظهر 06:24 قبل أن أجيب. إنها أمي.|Simply Heaven|Serena Mackesy|true|en|true
06:25|0625-000|6:25 صباحًا|استيقظ فجأة في الساعة 6:25 صباحًا، صورة واحدة عالقة في ذهنه.|Be Careful What You Wish For|Jeffrey Archer|true|en|true
06:25|0625-001|6:25|يسعد سايمون بالسفر في الدرجة الدنيا عندما يكون بمفرده، بل إنه أحيانًا يتعمد اللحاق بقطار الساعة 6:25. لكن اليوم، تأخر قطار 6:25 إلى 6:44.|The Deaths|Mark Lawson|true|en|true
06:25|0625-002|السادسة وخمس وعشرون دقيقة|"مع ذلك، فإن وعيك هو الذي خلقه. ليس شيئًا يمكن لأي شخص فعله. قد يتجول الآخرون إلى الأبد في فوضى عالم متناقضة لا يعلمها إلا الله. أنت مختلف. يبدو أنك من النوع الخالد.<br>""متى سيحدث الانتقال إلى ذلك العالم؟"" سألت الفتاة الممتلئة. نظر البروفيسور إلى ساعته. نظرت إلى ساعتي. السادسة وخمس وعشرون دقيقة. بعد الفجر بوقت طويل. تم تسليم صحف الصباح."|Hard-Boiled Wonderland and the End of the World|Haruki Murakami|true|en|true
06:26|0626-000|الساعة 06:26|لم تكن هناك أضواء مضاءة في غرفة النوم الرئيسية في هذا الوقت، ولكن تجدر الإشارة إلى أن وقت شروق الشمس الرسمي لهذا التاريخ هو الساعة 06:26. ويؤكد الضحية بوضوح أن ضوءًا كافيًا كان يدخل عبر النافذة الكبيرة ليسمح برؤية جيدة.|Roulette|Don and Linda Pendleton|true|en|true
06:26|0626-001|6:26 صباحًا|"6:26 صباحًا<br>""حسنًا،"" أعلن أرمونت، ""سنقوم بعملية الإدخال هنا."" نقر بإصبعه على المخطط. ""سنضرب مركز التحكم في الإطلاق بقنابل صوتية وغاز مسيل للدموع، وندمره. إذا حالفنا الحظ، سيظل راميريز هناك، وسيكون ذلك نهاية الأمر."""|Project Cyclops|Thomas Hoover|false|en|true
06:27|0627-000|6:27 صباحًا|6:27 صباحًا<br>في النهاية، لم يعد مارك قادرًا على التحمل، وفي الساعة 6:30 صباحًا، نهض واستحم وارتدى قميصًا نظيفًا وبدلة جديدة.|Shall We Tell the President?|Jeffrey Archer|true|en|true
06:27|0627-001|6:27|كانت الساعة 6:27. رنّ الهاتف في شقة فرانسيس بيفرل. ما إن نطق جيمس اسمها حتى أدركت أن هناك خطباً ما.|Original Sin|P.D. James|true|en|true
06:27|0627-002|06:27|06:27:52 بواسطة الشريحة المزروعة في عصبها البصري؛ كان كيس يتابع تقدمها عبر فيلا سترايلايت لأكثر من ساعة، تاركًا نظير الإندورفين الذي تناولته يمحو آثار صداع الكحول.|Neuromancer|William Gibson|true|en|true
06:27|0627-003|الساعة 06:27| في الصباح الباكر، أواخر القرن، في كريكلوود برودواي. في الساعة 06:27 من يوم 1 يناير 1975، كان ألفريد أرشيبالد جونز يرتدي سروالًا مخمليًا ويجلس في سيارة كافاليير ماسكيتير إستيت مليئة بالدخان، ووجهه لأسفل على عجلة القيادة، على أمل ألا يكون الحكم قاسيًا عليه.|White Teeth|Zadie Smith|false|en|true
06:28|0628-000|6:28 صباحًا|الخميس 6:28 صباحًا<br>كان هواء الصباح باردًا، وتمنت لو أنها أخذت أحد شالات أدريانا السوداء المحبوكة قبل الخروج. هل يمكنها أن تُعتبر واحدة من تلك النساء اليونانيات الريفيات المنحنيات؟ تساءلت. ليس من المرجح. ارتجفت وسحبت معطفها الرقيق حولها.|Project Daedalus|Thomas Hoover|true|en|true
06:29|0629-000|6:29|على مدى الخمس عشرة دقيقة التالية، حمل صناديق النبيذ والبيرة إلى أعلى الدرج، متوقفًا باستمرار للتحقق من ساعته، وفي الساعة 6:29 فتح الباب الخلفي ليجد العريف الألماني يقفز ويضرب جانبيه في محاولة للتدفئة.|The Sins of the Father|Jeffrey Archer|true|en|true
06:29|0629-001|دقيقة قبل السادسة والنصف| نهضتُ. كان هناك سجادة فوقي. خلعتها ووضعت قدميّ على الأرض. نظرتُ إلى الساعة بعبوس. كانت الساعة تشير إلى دقيقة قبل السادسة والنصف.|The Big Sleep|Raymond Chandler|true|en|true
06:30|0630-000|السادسة والنصف|عاهرتان في طريقهما من بورتلاند لأخذنا في رحلة صيد في أعماق البحار على متن قارب! جعل ذلك البقاء في السرير صعبًا حتى إضاءة أضواء السكن الجامعي في الساعة السادسة والنصف.|One Flew Over the Cuckoo’s Nest|Ken Kesey|false|en|true
06:30|0630-001|السادسة والنصف|تستيقظ توني في السادسة والنصف، كما تفعل دائمًا. ويستمر ويست في النوم، متأوهًا قليلًا. ربما يصرخ في أحلامه؛ فالأصوات في الأحلام دائمًا ما تكون أعلى.|The Robber Bride|Margaret Atwood|true|en|true
06:30|0630-002|السادسة والنصف صباحًا|لكن عندما تحلق ذقنك <em>قبل</em> الإفطار كما تفعل معي في بعض الصباحات - السادسة والنصف صباحًا في غرفة جدرانها بيضاء وأحواضها بيضاء، ومصابيحها الطويلة في السقف تتأكد من عدم وجود أي ظلال، ووجوه من حولك محاصرة تصرخ خلف المرايا - فما هي فرصتك أمام إحدى آلاتهم؟|One Flew Over the Cuckoo’s Nest|Ken Kesey|true|en|true
06:30|0630-003|السادسة والنصف|في بداية كل يوم، تُدخل بطاقة OD المؤرخة بشكل صحيح في فتحة بالباب الفولاذي، وتُصدر الجدران صوت طنين: تومض الأضواء في المهجع في الساعة السادسة والنصف: ينهض الطلاب من أسرّتهم بأسرع ما يمكن للفتيان السود حثّهم على العمل، وتلميع الأرضية، وتفريغ منافض السجائر، وإزالة علامات الخدش من على الحائط حيث تعطلت سيارة أحد الزملاء القدامى قبل يوم، وسقطت في دوامة مروعة من الدخان ورائحة المطاط المحترق.|One Flew Over the Cuckoo’s Nest|Ken Kesey|false|en|true
06:30|0630-004|6:30 صباحًا|أمرت إم جيه: ادخلوا الآن. دفعتنا نحن الثلاثة إلى غرفة الفندق، ثم أغلقت الباب. نظرت إلى الساعة بجانب السرير. 6:30 صباحًا. لماذا يوقظون أمي وأبي في هذا الوقت المبكر؟|Girl Missing|Sophie McKenzie|true|en|true
06:30|0630-005|السادسة والنصف|"استمع دانيال ورجال مكتب التحقيقات الفيدرالي إلى أصوات والدته وهي توقظ والده. كان دانيال لا يزال ممسكًا بمقبض الباب. كان مستعدًا لإغلاق الباب في اللحظة التي يُطلب منه فيها ذلك.<br>قال والده بصوتٍ مُخدَّر: ""كم الساعة؟""<br>قالت والدته: ""يا إلهي، إنها السادسة والنصف."""|The Book of Daniel|E.L. Doctorow|true|en|true
06:30|0630-006|السادسة والنصف|"كانت الساعة السادسة والنصف. عندما سمعوا بكاء الطفل، لم يتمكنوا من تمييزه، فقام سام، بدفع وجهه بحماس بين آذانهم، وقال: ""اسمعوا، هناك، هناك، هذا هو الطفل الجديد"". كان وجهه محمرًا من الفرح والنجاح."|The Man Who Loved Children|Christina Stead|true|en|true
06:30|0630-007|السادسة والنصف|كان الجو باردًا جدًا وهو جالس في الشاحنة، وبعد فترة خرج منها وسار فيها ولوّح بذراعيه وضرب الأرض بحذائه. ثم عاد إلى الشاحنة. كانت ساعة البار تشير إلى السادسة والنصف... وبحلول الثامنة والنصف، قرر أنه إذا كان هذا هو الوقت اللازم لوصول سيارة الأجرة، فسيفعل ذلك، وشغل المحرك.|Cities of the Plain|Cormac McCarthy|true|en|true
06:30|0630-008|السادسة والنصف| قفزت بعصبية وأصغت؛ كان المنزل هادئًا كعادته؛ اختفت خطوات الأقدام. من خلال نافذتها المفتوحة على مصراعيها، كانت أشعة شمس الصباح الساطعة تغمر غرفتها بالضوء. نظرت إلى الساعة؛ كانت السادسة والنصف - وقت مبكر جدًا على أي من أفراد الأسرة أن يكون قد استيقظ بالفعل.|The Scarlet Pimpernel|Baroness Orczy|true|en|true
06:30|0630-009|السادسة والنصف|كانت السادسة والنصف وقتًا سخيفًا بوضوح، ومن الواضح أن العميل لم يكن جادًا في ذلك. من المؤكد تقريبًا أنه كان يفكر في السادسة والنصف، وقت مناسب للظهيرة، وإذا أراد المزاح بفظاظة، فلن يكون أمام ديرك خيار سوى البدء في تقديم بعض الإحصائيات الجادة. لم يُقتل أحد قبل الغداء. لكن لا أحد. لم يكن الناس مستعدين لذلك. أنت بحاجة إلى غداء جيد لرفع مستويات السكر في الدم ومستويات الرغبة في القتل. كان لدى ديرك الأرقام لإثبات ذلك.|The Long Dark Tea-Time of the Soul|Douglas Adams|true|en|true
06:30|0630-010|الساعة 6:30 صباحًا| كانت عرباتهم أحيانًا مغطاة، وأحيانًا أخرى مكشوفة، بألواح خشبية كمقاعد، تجلس عليها اثنتا عشرة امرأة يرتدين عباءات وقبعات، ست على كل جانب، متلاصقات في رحلة لا تنتهي. حتى عام 1914، كنت أعرف ساعي البريد في كرويدون-كوم-كلوبتون، على بعد اثني عشر ميلاً من كامبريدج؛ كانت عربته تنطلق في الساعة 6:30 صباحًا وتعود في حوالي الساعة العاشرة مساءً. على الرغم من أنه لم يكن كبيرًا في السن، إلا أنه لم يكن يجيد القراءة أو الكتابة؛ لكنه كان يقبل الطلبات على طول الطريق - علبة إبر للسيدة فلانة، وإبريق شاي جديد للسيدة فلانة - وكان يسلمها جميعًا بشكل صحيح في طريق عودته.|Period Piece|Gwen Raverat|true|en|true
06:31|0631-000|6:31 صباحًا|"6:31 صباحًا<br>""قائد ألفا، هذا سيل وان. أعتقد أننا رصدنا بعض الأعداء."""|Project Cyclops|Thomas Hoover|true|en|true
06:32|0632-000|6:32 صباحًا|6:32 صباحًا<br>استيقظ مارك، لكنه لم يكن مستيقظًا تمامًا. كان رأسه يدور بأفكار غير مترابطة. أول صورة خطرت بباله كانت إليزابيث؛ فابتسم.|Shall We Tell the President?|Jeffrey Archer|true|en|true
06:32|0632-001|6:32 صباحًا|" كان قد أوقف سيارته هناك لمدة سبع دقائق بالفعل؛ لم يكن بوسعه الانتظار سوى بضع دقائق أخرى قبل أن يشك به أحد.<br>""هيا... هيا،"" كان يتمتم. ""لننهي هذا الأمر.""<br>نظر إلى ساعته: 6:32 صباحًا"|The Ambition|Lee Strobel|true|en|true
06:32|0632-002|6:32 صباحًا|مطار بوربانك<br>6:32 صباحًا<br>زحفت حركة المرور في ساعة الذروة ببطء في ضوء الصباح الباهت. أدارت كيسي مرآة الرؤية الخلفية، وانحنت لتتفقد مكياجها.|Airframe|Michael Crichton|true|en|true
06:32|0632-003|الساعة السابعة إلا ثمانية وعشرون دقيقة| أكدت الأرقام الراديومية المألوفة على معصمي الأيسر برج الساعة. كانت الساعة السابعة إلا ثمانية وعشرون دقيقة. بدا أنني أرتدي طقم بيجاما بلون خمري فاقع، وهو بالتأكيد ليس لي. كانت رؤيتي ترتدي رقمًا صغيرًا باللون الأصفر.|Too Like the Lightning|Dana Chambers|true|en|true
06:33|0633-000|6.33 صباحًا|استيقظتُ الساعة 6.33 صباحًا. الجلسة الأخيرة مع أندرسون. أوضح لي أنه اكتفى مني، ومن الآن فصاعدًا سأكون أفضل حالًا بمفردي. هل أنام الساعة 8:00؟ (هذه العد التنازلي تُرعبني). توقف للحظة، ثم أضاف: وداعًا، إنيويتوك.|The Voices of Time|J.G. Ballard|true|en|true
06:34|0634-000|6:34 صباحًا|"6:34 صباحًا<br>تحدث قائد قوات البحرية الخاصة، الملازم ديفون روبنز، في ميكروفونه الرقيق. ""هل ترونهم؟ يمكننا استخدام منظار الأشعة تحت الحمراء."" انقسمت قوات البحرية الخاصة إلى فريقين، كما جرت العادة، وكان هو يقود الفريق الأول."|Project Cyclops|Thomas Hoover|true|en|true
06:35|0635-000|6:35|استيقظ مارك فجأة وجلس محاولًا تركيز نظره على ساعته. كل ما رآه هو عقرب الثواني يتحرك: 6:35. يا للهول! نهض من الكرسي، وكان ألمه لا يزال ينبع من رقبته وظهره المتصلبين؛ كان لا يزال يرتدي ملابسه.|Shall We Tell the President?|Jeffrey Archer|false|en|true
06:35|0635-001|السابعة إلا خمسًا وعشرين دقيقة| كانت ساعتي موضوعة على طاولة الزينة بالقرب مني؛ ألقيت نظرة عليها، فرأيت أن الوقت كان السابعة إلا خمسًا وعشرين دقيقة. قيل لي إن العائلة تتناول فطورها في التاسعة، لذلك كان لديّ ما يقرب من ساعتين ونصف من وقت الفراغ. بالطبع، سأخرج، وأستمتع بنسمات الصباح المنعشة.|Ravensdene Court|J.S. Fletcher|true|en|true
06:36|0636-000|6:36|"يلاحقني كالدين كظلٍّ متوهج. لقد كتب على البوابة بالطباشير ""96,688,365,498,702"". من المفترض أن يُربك ساعي البريد. استيقظتُ الساعة 9:05. أنام الساعة 6:36."|The Voices of Time|J.G. Ballard|true|en|true
06:37|0637-000|06:37 بتوقيت غرينتش|06:37 بتوقيت غرينتش<br>لم تكن جاكي بحاجة إلى من يوقظها ذلك الصباح. كانت بالفعل في طريقها إلى محطة واترلو عندما كان ويليام يقود سيارته بسرعة على الطريق السريع M4.|Nothing Ventured|Jeffrey Archer|true|en|true
06:37|0637-001|الساعة 6:37 صباحًا| أشارت ساعة لوحة القيادة إلى الساعة 6:37 صباحًا. عبس تاون، ونظر إلى ساعته التي أضاءت الساعة 1:58 مساءً. رائع، فكر. إما أنني كنت فوق تلك الشجرة لمدة ثماني ساعات، أو لمدة دقيقة ناقصة.|American Gods|Neil Gaiman|true|en|true
06:38|0638-000|الساعة 6:38 صباحًا|أشارت الساعة على لوحة القيادة إلى الساعة 6:38 صباحًا. ترك المفاتيح في السيارة، وسار باتجاه الشجرة.|American Gods|Neil Gaiman|true|en|true
06:39|0639-000|الساعة 06:39|أطلق طوربيدًا آخر في الساعة 06:39 من مسافة 500 متر. أخطأ هدفه مرة أخرى، لكنه انفجر بعد سبع دقائق. لا تنفجر الطوربيدات إلا عند ملامستها لجسم صلب.|Goldfinder|Keith Jessop and Neil Hanson|true|en|true
06:39|0639-001|6:39 صباحًا|"6:39 صباحًا<br>""توقفوا عن إطلاق النار! اللعنة، توقفوا عن إطلاق النار."" كان قائد قوات البحرية الخاصة، الملازم ديفون روبنز، يضغط على سماعة أذنه، غير مصدق لما يسمعه."|Project Cyclops|Thomas Hoover|false|en|true
06:40|0640-000|الساعة السابعة إلا عشرين دقيقة| في تمام الساعة الحادية عشرة، رنّ الهاتف، ولم يُجب أحد، تمامًا كما لم يُجب عندما رنّ الهاتف في الساعة السابعة إلا خمس وعشرين دقيقة صباحًا، ومرة أخرى في الساعة السابعة إلا عشرين دقيقة|The Long Dark Tea-Time of the Soul|Douglas Adams|true|en|true
06:41|0641-000|الساعة السابعة إلا تسع عشرة دقيقة| مرت سيارة ببطء شديد، وكان سائقها يحدق بها بفضول من خلال مساحات الزجاج الأمامي البطيئة الحركة، فتظاهرت بأنها تبحث عن شيء في جيبها، محاولةً الظهور كشخص عادي، في طريقها إلى يوم عادي. كانت الساعة السابعة إلا تسع عشرة دقيقة.|The Horse Dancer|Jojo Moyes|true|en|true
06:42|0642-000|الساعة 6:42 صباحًا|كانت الساعة 6:42 صباحًا، وقد أنهى لتوه تمرينه الصباحي الفردي: ثلاث دورات على الحلقة 7 - ثاني أطول حلقة في قرص السكن - تلتها نصف ساعة من الدفع والسحب ضد قنوات المقاومة في صالة الألعاب الرياضية.|Marine Cadet|Tim C. Taylor|true|en|true
06:43|0643-000|6:43 صباحًا|ربما كان الصوت المعدني المزعج مجرد جزء من حلمه. استدار على مضض ورمش ناظرًا إلى عقارب الساعة الصغيرة الخضراء الفسفورية على جانب السرير: 6:43 صباحًا|Be Careful What You Wish For|Jeffrey Archer|true|en|true
06:43|0643-001|6:43|في تمام الساعة 6:43، انحرف السائق عن الطريق السريع واتبع اللافتات المؤدية إلى مطار لاغوارديا. لم يتحدث أحد حتى توقفت السيارة عند الرصيف المقابل لمدخل مبنى الركاب التابع لشركة مارين إير.|Honor Among Thieves|Jeffrey Archer|true|en|true
06:43|0643-002|6:43|بعد أن وضع رغوة الحلاقة على وجهه، حلق بسرعة كبيرة، فقص شعر ذقنه الخشن. اللعنة، ثلاث جروح؛ كان غسول ما بعد الحلاقة يلسع بشدة: 6:43.|Shall We Tell the President?|Jeffrey Archer|false|en|true
06:43|0643-003|الساعة 6:43 صباحًا|إلى لندن على متن قطار الساعة 6:43 صباحًا. عادت جيسيكا من إجازتها. الأمور تتحسن، فقد نادتني كريس بدلًا من الوزير عندما تحدثنا عبر الهاتف بعد ظهر اليوم.|A View From the Foothills|Chris Mullin|true|en|true
06:44|0644-000|6.44|يسعد سايمون بالسفر في الدرجة الدنيا عندما يكون بمفرده، بل إنه أحيانًا يتعمد اللحاق بقطار الساعة 6.25. لكن اليوم، تأخر قطار 6.25 إلى 6.44.|The Deaths|Mark Lawson|true|en|true
06:45|0645-000|السادسة وخمس وأربعون دقيقة|السادسة وخمس وأربعون دقيقة، تدور ماكينات الحلاقة ويصطف المرضى الحادون بالترتيب الأبجدي أمام المرايا، أ، ب، ج، د... يدخل المرضى المزمنون مثلي عندما ينتهي المرضى الحادون، ثم يتم إدخال المرضى ذوي الكراسي المتحركة.|One Flew Over the Cuckoo’s Nest|Ken Kesey|false|en|true
06:45|0645-001|الساعة السادسة وخمس وأربعون دقيقة|"دار رأس الصبي الأسود القزم واصطدم أنفه بمفصل يده. عبس في وجهه، ثم ألقى نظرة سريعة على مكان الصبيين الأسودين الآخرين تحسبًا لأي طارئ، وأخبر ماكمورفي أنهم لا يفتحون الخزانة حتى الساعة السادسة وخمس وأربعون دقيقة. قال: ""إنها سياسة."""|One Flew Over the Cuckoo’s Nest|Ken Kesey|false|en|true
06:45|0645-002|السابعة إلا ربع| عندما أشارت الساعة إلى السابعة إلا ربع، استيقظ الكلب ونفض نفسه. بعد انتظاره عبثًا للخادم، الذي اعتاد أن يخرجه، تجول الحيوان بلا كلل من باب مغلق إلى آخر في الطابق الأرضي؛ وعاد إلى فراشه في حيرة شديدة، وناشد العائلة النائمة بعواء طويل وحزين.|No Name|Wilkie Collins|true|en|true
06:45|0645-003|الساعة السابعة إلا ربع|" كان لا يزال يفكر في كل هذا على عجل، غير قادر على اتخاذ قرار بالنهوض من السرير، عندما دقت الساعة السابعة إلا ربع. سُمع طرق خفيف على الباب بالقرب من رأسه. ""غريغور""، نادى أحدهم - كانت والدته - ""إنها السابعة إلا ربع. ألم ترغب في الذهاب إلى مكان ما؟"""|Metamorphosis|Franz Kafka|true|en|true
06:46|0646-000|6:46| جمع الأوراق من على مكتبه في حقيبته وركض نحو المصعد. لحسن حظه، كان في الطابق العلوي. في الطابق السفلي: 6:46.|Shall We Tell the President?|Jeffrey Archer|true|en|true
06:46|0646-001|بعد دقيقة واحدة من السابعة إلا ربع|بعد دقيقة واحدة من السابعة إلا ربع، سمعتُ صوت علب المشروبات الغازية في الخارج. فتحتُ الباب الأمامي، وإذا بي أرى الرجل، ينتقي علبي من بين مجموعة علب كان يحملها، ويصفر بين أسنانه.|The Thirty-Nine Steps|John Buchan|true|en|true
06:47|0647-000|الساعة السابعة إلا ثلاث عشرة دقيقة|"""صباح الخير يا مارك. يا رجل، هل الساعة الثامنة بالفعل؟""<br>""لا، الساعة السابعة إلا ثلاث عشرة دقيقة."""|Shall We Tell the President?|Jeffrey Archer|false|en|true
06:48|0648-000|6:48|السيارة تعمل من أول مرة. مرسيدس موثوقة. تتحرك على الطريق: 6:48. يجب البقاء دون الحد الأقصى للسرعة. لا تحرج المكتب أبدًا.|Shall We Tell the President?|Jeffrey Archer|true|en|true
06:48|0648-001|6:48 صباحًا| تمدد بيغ آل وبدأ يمشي ببطء حول السيارة. كان يعلم أنهم يخططون للمغادرة قبل بزوغ الفجر بوقت طويل، أي في تمام الساعة 6:48 صباحًا. نظر إلى ساعته: 4:17. نظر كلاهما إلى الأعلى عندما حلقت طائرة فوقهما، وهي أول طائرة تهبط في مطار هيثرو ذلك الصباح.|A Prisoner of Birth|Jeffrey Archer|true|en|true
06:48|0648-002|6:48 صباحًا| هبطت طائرته النفاثة على مدرج المنشأة في تمام الساعة 6:48 صباحًا، وسُحبت على الفور إلى الحظيرة. كان تانزان مينو ينوي أن يكون قائدًا شخصيًا عندما تنطلق ديدالوس 1 بسرعة تفوق سرعة الصوت، في غضون 19 ساعة فقط.|Project Daedalus|Thomas Hoover|true|en|true
06:49|0649-000|6:49|ينتهي اللقاء الساعة 6:49. اللقاء في المقهى الساعة 7:30؛ المؤتمر الصحفي الساعة 10:00.|Fear and Loathing: On the Campaign Trail ’72|Hunter S. Thompson|true|en|true
06:50|0650-000|السادسة وخمسون دقيقة|في تلك الليلة، استلقيتُ على سريري الفردي المهتزّ مقابل سرير سامي، وراقبته وهو نائم، ثم حدّقتُ في السقف. نهضتُ وأخذتُ بطانيةً وذهبتُ لأُحضّر كوبًا من الشاي، واستلقيتُ على الأريكة وحاولتُ قراءة أحد الكتب الورقية المُجعّدة. رمشتُ وأنا أقرأ نصف فصلٍ مُهلوس، ثم وضعته جانبًا وأغمضتُ عينيّ. استيقظتُ وكانت الساعة السادسة وخمسون دقيقة، وصعدتُ الدرج مُتألمةً واستلقيتُ على سريري، لأكون هناك عندما يستيقظ سامي مُجددًا.|The Body Lies|Jo Baker|true|en|true
06:50|0650-001|الساعة 6:50|كان ويل، خطيبي، قادمًا من بوسطن على متن قطار الساعة 6:50 - قطار الفجر، القطار الوحيد الذي لا يزال يتوقف في مدينة أوهايو الصغيرة حيث كنت أعيش.|Pretty Ice|Mary Robison|true|en|true
06:51|0651-000|الساعة 6:51 صباحًا| فتحت مون هارتنيل عينيها ومدت يدها إلى هاتفها. كانت الشاشة تشير إلى الساعة 6:51 صباحًا في 14 فبراير، يوم عيد الحب. في معظم الصباحات، كانت تبقى في السرير حتى يرن منبهها. وعادةً ما تبقى لفترة بعد ذلك أيضًا - طالما استغرقت والدتها وقتًا طويلًا لتطرق بابها.|Kill Your Brother|Jack Heath|true|en|true
06:52|0652-000|6:52|استقلّت ساشا وتشارلي قطار الساعة 6:52 من فيكتوريا إلى ميريفيلد صباح اليوم التالي، ووصلا إلى مقر حزب العمال المحلي قبل الساعة 8 صباحًا بقليل.|Heads You Win|Jeffrey Archer|true|en|true
06:52|0652-001|الساعة 06:52|بعد أن كذبت على أمي، أدركت أن خياري الوحيد هو ركوب قطار الساعة 06:52 إلى لندن كما لو أنني لم أُطرد على الإطلاق.|The Hunger and the Howling of Killian Lone|Will Storr|true|en|true
06:53|0653-000|السابعة إلا سبع دقائق|إذن كان هذا هو مفتاح طرح أسئلتي، الانتظار 77 دقيقة بالضبط قبل السابعة إلا سبع دقائق، وسأحصل حينها على إجابتي.|The Quarter Moon|Stephanie Hudson|true|en|true
06:54|0654-000|قبل السابعة بست دقائق من الصباح| ولترى إن كانت قد أجابته، على الرغم من أن الساعة كانت الآن قبل السابعة بست دقائق من الصباح.|Her Billionaires|Julia Kent|true|en|true
06:55|0655-000|السابعة إلا خمس دقائق| كانت الساعة تشير إلى السابعة إلا خمس دقائق في صباح اليوم التالي. كان الرقيب ماسترسون والمحقق غريسون في مطبخ منزل نايتنجيل مع الآنسة كولينز والسيد مونسي. بدا الأمر وكأنه منتصف الليل بالنسبة لماسترسون، مظلمًا وباردًا.|Shroud for a Nightingale|P.D. James|true|en|true
06:55|0655-001|6:55 صباحًا| في تمام الساعة 6:55 صباحًا، أوقفت ليزا سيارتها واستقلت المصعد من موقف السيارات تحت الأرض المتجمد إلى الطابق الأول من مركز غرين أوكس للتسوق.|What Was Lost|Catherine O’Flynn|true|en|true
06:56|0656-000|الساعة السابعة إلا أربع دقائق|"حسنًا، كل ما عليّ قوله هو أنني آسف لإثارة كل هذه الضجة، كما تعلمون - وحسنًا، نعم، أود تدخين سيجارة، أجاب الرجل المحكوم عليه، وأضاف على عجل: ""لا تظنوا أنني أريد تأخير الأمور ولو للحظة - ولكن إذا كان هناك وقت...""<br>قال الرائد رانالد: ""إنها الساعة السابعة إلا أربع دقائق، ومن المفترض ألا يُعثر على التبغ وأعواد الثقاب في سجن حكومي."""|Driftwood Spars|Percival Christopher Wren|true|en|true
06:57|0657-000|6:57| انزل المنحدر، اركن السيارة، أظهر تصريح مكتب التحقيقات الفيدرالي لحارس المرآب، اركض نحو المصعد: 6:57؛|Shall We Tell the President?|Jeffrey Archer|true|en|true
06:57|0657-001|الساعة السابعة إلا ثلاث دقائق|هذا يعني أن على هيلين أن تركض وتُجهز الطاولة بأسرع ما يمكن، فقد كانت الساعة السابعة إلا ثلاث دقائق.|The Carter Girls’ Mysterious Neighbors|Neil Speed|true|en|true
06:58|0658-000|السابعة إلا دقيقتين|انتظروا. في تمام الدقيقة السابعة إلا دقيقتين، ظهرت سيارة بيضاء ودخلت موقف سيارات الموظفين خلف المبنى.|Small Sacrifices|Ann Rule|true|en|true
06:58|0658-001|6:58 صباحًا|6:58 صباحًا<br>كان هوغو فورست مستلقيًا متكئًا على صخرة، وكتفه ملفوف بضمادات بيضاء من الشاش من حقيبة الإسعافات الأولية. بعد أن توقف النزيف، كان مارسيل يحقنه بحقنة مورفين لتسكين الألم الوشيك.|Project Cyclops|Thomas Hoover|false|en|true
06:59|0659-000|6:59| بالكاد رفعت نظرها؛ طرقت باب مكتب المدير؛ لا رد؛ دخلت كما هو مطلوب. لا يوجد مدير: 6:59؛ جلست على كرسي مريح. المدير سيتأخر؛ ابتسامة رضا.|Shall We Tell the President?|Jeffrey Archer|true|en|true
06:59|0659-001|قبل السابعة بدقيقة واحدة| قبل السابعة بدقيقة واحدة، صعد المقدم روبرتسون إلى المنصة، وسرعان ما ساد الصمت في القاعة، واتخذ جميع الحاضرين وضعية انتباه. توقف في منتصف المنصة وأشار للرجال بالنزول.|The Sins of the Father|Jeffrey Archer|true|en|true
06:59|0659-002|الساعة 6:59 صباحًا|"كانت الساعة 6:59 صباحًا من يوم خميس العهد عندما دخل بلومكفيست وبيرغر مكاتب ""ميلينيوم""."|The Girl Who Played with Fire|Stieg Larsson|true|en|true
07:00|0700-000|الساعة السابعة صباحًا| تأوه مويست. كانت الساعة السابعة صباحًا، وكان لديه حساسية من فكرة وجود ساعتين في السابعة صباحًا في يوم واحد.|Raising Steam|Terry Pratchett|true|en|true
07:00|0700-001|الساعة السابعة| بحلول الوقت الذي أشرقت فيه الشمس فوق التلال شرق روما، كانت المدينة عبارة عن سيمفونية صاخبة من صرير العربات وضربات المطارق وصراخ الأطفال. سمح بعض أفراد الطبقة الميسورة لأنفسهم برفاهية النوم حتى الساعة السابعة، لكن فقط أولئك الذين أسرفوا في الشرب كانوا يستيقظون بعد ذلك.|Pontius Pilate|Paul L. Maier|true|en|true
07:00|0700-002|السابعة|" سأل تشارلي: ""هل سنجري محادثة فيديو الليلة؟ أقصد، في الصباح؟ صباحك؟""<br>""نعم، هل لديك وقت محدد في ذهنك حتى أتأكد من أنني مستيقظ وأستحم أولاً؟""<br>""متأكد من أنك لا تستطيع إجراء محادثة فيديو من الحمام؟"" سأل.<br>""ليس تمامًا. لا.""<br>""إذن أعتقد أنني سأكتفي بالساعة السابعة."""|Soldier On|Vanessa Rasanen|false|en|true
07:00|0700-003|السابعة|كانت الساعة حوالي السابعة، وكنت هادئًا لدرجة أنني شعرت أنه لو تحدث أحدهم على بُعد ميل، لكنت قادرًا على الرد عليه.|A Month in the Country|J.L. Carr|true|en|true
07:00|0700-004|الساعة السابعة من صباح اليوم|في الساعة السابعة من صباح اليوم التالي، رنّ الهاتف.<br>نهضتُ ببطء من قاع نومٍ حالك. كانت لديّ بالفعل برقية من جاي سي مُلصقة على مرآتي، تُخبرني فيها ألا أُكلّف نفسي عناء الحضور إلى العمل، بل أن أستريح ليومٍ كامل وأتعافى تمامًا، وكم كانت آسفة بشأن لحم السلطعون الفاسد، لذلك لم أستطع تخيّل من سيكون المتصل.|The Bell Jar|Sylvia Plath|true|en|true
07:00|0700-005|الساعة السابعة| شقت آن طريقها عبر فناء المنزل، تاركةً يدها الثابتة على جانب شاحنة بوبي. عندما تجاوزت الشاحنة، مدت يدها على الفور إلى درابزين الشرفة. نظرت إلى أعلى، وفي ضوء الساعة السابعة الخافت، اعتقد غاردنر أن المرأة بدت متقدمة في السن وخالدة في الوقت نفسه.|The Tommyknockers|Stephen King|true|en|true
07:00|0700-006|السابعة صباحًا|أدرك غرانت المزايا على الفور. كانت الساعة الآن السابعة صباحًا. كان أمامهم ثمانية أميال على الأقل. إذا تمكنوا من استخدام طوف على طول النهر، فسوف يقطعون مسافة أسرع بكثير من السير برًا.|Jurassic Park|Michael Crichton|true|en|true
07:00|0700-007|السابعة صباحًا|طوال شهر سبتمبر وحتى أكتوبر، كانت سماء ولاية كارولينا الشمالية صافية والجو دافئًا حتى في الساعة السابعة صباحًا، عندما غادرت شقتي في الطابق الثاني عبر الدرج الخارجي. إذا بدأتُ مرتديًا سترة خفيفة، كنتُ أرتديها مربوطة حول خصري قبل أن أقطع نصف المسافة البالغة ثلاثة أميال بين المدينة ومدينة الملاهي.|Joyland|Stephen King|true|en|true
07:00|0700-008|السابعة صباحًا|كانت المكالمة مبكرة: السابعة صباحًا، قبل ساعتين من فتح المنتزه أبوابه لاستقبال صيف آخر. مشينا نحن الثلاثة على الشاطئ معًا. تحدث توم معظم الطريق. كان دائمًا يتحدث. لكان الأمر مملًا لولا أنه كان مسليًا للغاية ومرحًا بلا هوادة.|Joyland|Stephen King|true|en|true
07:00|0700-009|السابعة صباحًا| استيقظتُ أنا وأمي معًا سبعًا وثلاثين مرة، منهكتين ومرهقتين، في السابعة صباحًا، وحاولنا النهوض، لكننا عدنا إلى الفراش ونمنا بينما كانت الرسوم المتحركة تُعرض على التلفاز الصغير الموجود على طاولة سريرها. |My Year of Rest and Relaxation|Ottessa Moshfegh|true|en|true
07:00|0700-010|الساعة السابعة|في غرفته بفندق بون فواياج، يقرأ الدكتور روفوس سيكسميث مجموعة من الرسائل التي كتبها له صديقه روبرت فروبشر قبل ما يقرب من نصف قرن. يحفظ سيكسميث الرسائل عن ظهر قلب، لكن ملمسها وحفيفها وخط يد صديقه الباهت يهدئان أعصابه. هذه الرسائل هي ما سينقذه من مبنى يحترق. في تمام الساعة السابعة، يغتسل، ويغير قميصه، ويضع الرسائل التسع المقروءة بين صفحات إنجيل جدعون - الذي يعيده إلى الخزانة بجانب السرير. يضع سيكسميث الرسائل غير المقروءة في جيب سترته للذهاب إلى المطعم.|Cloud Atlas|David Mitchell|true|en|true
07:00|0700-011|السابعة صباحًا|هذا الصباح كل شيء نظيف؛ تركت العاصفة أغصانًا متناثرة في جميع أنحاء الفناء، والتي سأخرج بعد قليل لجمعها: تم إعادة توزيع رمال الشاطئ بالكامل ووضعها من جديد في طبقة متساوية عليها آثار المطر، وزنابق النهار تنحني وتتألق في ضوء الساعة السابعة صباحًا الأبيض.|The Time Traveler’s Wife|Audrey Niffenegger|true|en|true
07:00|0700-012|7:00 صباحًا| بحلول الساعة 7:00 صباحًا، كان ساحل ماليبو مُحاطًا باللهب. فكما أن احتراق ماليبو أمرٌ فطري، كذلك كان من طبيعة شخصٍ ما أن يُشعل النار ويمضي. |Malibu Rising|Taylor Jenkins Reid|true|en|true
07:00|0700-013|الساعة السابعة صباحًا|" وأضافت: ""هذا يعني أننا ننتهي حوالي الساعة السابعة صباحًا. لا يزال هناك وقت كافٍ للذهاب إلى العمل."" <br>تفاجأت. ""العمل؟""<br>""يجب أن تعملي غدًا، أليس كذلك؟""<br>""ظننت أنني سأعتبر هذا اليوم إجازة.""<br>""إذن لا داعي للقلق."" "|The Catacombs|Jeremy Bates|true|en|true
07:00|0700-014|الساعة السابعة|في تمام الساعة السابعة، تُفتح قاعة الطعام وينعكس ترتيب الاصطفاف: عائلة ويلر أولًا، ثم عائلة ووكر، ثم عائلة أكيوتس، ليأخذوا صوانيهم، ورقائق الذرة، ولحم الخنزير المقدد والبيض، والخبز المحمص - وفي هذا الصباح، خوخة معلبة على قطعة من الخس الأخضر الممزق.|One Flew Over the Cuckoo’s Nest|Ken Kesey|true|en|true
07:00|0700-015|السابعة|"""ماذا؟ لا. أعني، أجل، هذا هو الوقت الذي يجب أن نكون فيه في الساحة، لكن هناك الكثير من الأشياء قبل ذلك، كما تعلم، الأزياء والمكياج وكل ذلك. عادةً ما أصل إلى هناك في السابعة. لا أصدق أن أحدًا لم يخبرك بأي من هذا."""|Reprieve|James Han Mattson|true|en|true
07:00|0700-016|السابعة صباحًا|كانت الساعة السابعة صباحًا في اليوم السابق لعيد ميلادها الحادي عشر، وكانت إيفا جاثية على ركبتيها مرتديةً بنطالها الجينز الأزرق المطاطي المفضل، منهمكةً في العمل في خزانتها. كانت تتفقد جفاف نباتات الفلفل الحار المزروعة بنظام الزراعة المائية عندما طرقت والدتها بابها.|Kitchens of the Great Midwest|J. Ryan Stradal|true|en|true
07:00|0700-017| 7:00 صباحًا | لماذا كانت هذه المرأة هنا؟ كانوا يحتسون كأسًا من النبيذ، ثم تقول سيندي إن لديها حصة يوغا في الساعة 7:00 صباحًا (وهذا صحيح)، ويا لها من امرأة متعبة! |Kitchens of the Great Midwest|J. Ryan Stradal|true|en|true
07:00|0700-018|الساعة السابعة|في تمام الساعة السابعة، دخل رجل إيطالي قصير القامة مكتب جيمس. كان يرتدي بدلة توكسيدو قديمة جدًا وربطة عنق بيضاء، كانت تقريبًا بنفس حجم وشكل شاربه.|The Wedding Officer|Anthony Capella|true|en|true
07:00|0700-019|الساعة السابعة|"قال لنفسه عندما دقت الساعة مرة أخرى: ""الساعة السابعة، وما زال الضباب كثيفًا هكذا."""|Metamorphosis|Franz Kafka|true|en|true
07:00|0700-020|الساعة السابعة|في تمام الساعة السابعة صباحًا، أيقظ صوت بوق روباشوف، لكنه لم ينهض. سرعان ما سمع أصواتًا في الممر. تخيل أن أحدهم سيُعذب، وخاف من سماع صرخات الألم الأولى. عندما وصلت الخطوات إلى قسمه، رأى من خلال ثقب النافذة أن الحراس يقدمون الإفطار. لم يتناول روباشوف أي إفطار لأنه أبلغ عن مرضه. بدأ يذرع الزنزانة جيئة وذهابًا، ست خطوات ونصف إلى النافذة، وست خطوات ونصف للخلف.|Darkness at Noon|Arthur Koestler|true|en|true
07:00|0700-021|السابعة| كنت قد تركت تعليمات بأن يتم استدعائي في السابعة؛ لأنه كان من الواضح أنه يجب عليّ رؤية ويميك قبل رؤية أي شخص آخر، وكان من الواضح أيضًا أن هذه حالة لا يمكن فيها أخذ مشاعره تجاه والورث إلا على محمل الجد. لقد كان الخروج من الغرفة التي كانت فيها الليلة بائسة للغاية بمثابة راحة، ولم أكن بحاجة إلى طرق ثانٍ على الباب لإيقاظي من فراشي المضطرب.|Great Expectations|Charles Dickens|true|en|true
07:00|0700-022|السابعة| أغلقت على نفسها الباب، ولم ترد على تحيتي من وراءه؛ استيقظت في السابعة، وأُحضر لها الساموفار من المطبخ.|Crime and Punishment|Fyodor Dostoyevsky|true|en|true
07:00|0700-023|السابعة صباحًا|في السابعة صباحًا، عندما ذهب العقيد جيرينيلدو ماركيز للبحث عنه برفقة مجموعة من الضباط المتمردين، وجده أكثر صمتًا من أي وقت مضى، وأكثر تفكيرًا ووحدة.|100 años de soledad|Gabriel García Márquez|true|es-CO|true
07:01|0701-000|الساعة السابعة ودقيقة واحدة|خطوتُ الخطوة الأولى المترددة نحو معرفة الحقيقة في الساعة السابعة ودقيقة واحدة من صباح اليوم التالي، في مشرحة حصن بيرد.|The Enemy|Lee Child|true|en|true
07:02|0702-000|07:02|"07:02:18 ساعة ونصف. قالت: ""كيس، أريد معروفًا."""|Neuromancer|William Gibson|true|en|true
07:03|0703-000|7:03 صباحًا|7:03 صباحًا. العودة إلى الفراش في حالة من الكآبة بسبب الوزن. حالة ذهنية سيئة. النوم أو الاستيقاظ مستحيلان. التفكير في دانيال.|Bridget Jones’s Diary|Helen Fielding|true|en|true
07:03|0703-001|الساعة السابعة وثلاث دقائق|كان هناك عطل في السكة. لم يستطع أحد تحديد موعد إصلاحه. كان القطار الذي وصل في الساعة السابعة وثلاث دقائق هو آخر قطار وصل. هل كانت جميع آلهة السفر تتآمر لإحباطه؟|The Murder Room|P.D. James|true|en|true
07:03|0703-002|بعد ثلاث دقائق من الساعة السابعة صباحًا| وكان قد تقرر سابقًا أن يبدأ أحدهم بغسلي وتنظيفي بعد ثلاث دقائق من الساعة السابعة صباحًا.|The Day of the Triffids|John Wyndham|true|en|true
07:03|0703-003|7:03 صباحًا|7:03 صباحًا. استيقظ الجنرال تانز كما لو أنه أيقظه منبه ذهني.|The Night of the Generals|Hans Hellmut Kirst|true|en|true
07:04|0704-000|7:04 صباحًا|7:04 صباحًا<br>شعر ستون بعودة وعيه بينما اخترق هدير محرك شروده الناجم عن المهدئ. أين هو؟ كانت هناك اهتزازات من حوله وهدير يصم الآذان يتصاعد ببطء في التردد والشدة.|Syndrome|Thomas Hoover|true|en|true
07:05|0705-000|الساعة السابعة وخمس دقائق| لم يصدق حقًا أن العجوز التي اتصلت به الليلة الماضية ستظهر هذا الصباح، كما قالت. قرر أن ينتظر حتى الساعة السابعة وخمس دقائق، ثم سيتصل ويأخذ إجازة، ويبذل قصارى جهده للعثور على شخص موثوق.|Where I’m Calling From|Raymond Carver|true|en|true
07:05|0705-001| السابعة وخمس دقائق| كانت السماء خارج نافذتي منخفضة ورمادية. بدت وكأنها ثلج، مما زاد من شعوري بالضيق. كانت الساعة تشير إلى السابعة وخمس دقائق. ضغطت على جهاز التحكم عن بعد وشاهدت أخبار الصباح وأنا مستلقٍ على السرير.|Dance Dance Dance|Haruki Murakami|true|en|true
07:05|0705-002|7:05 صباحًا| فات رايان الفجر. استقل طائرة تابعة لشركة TWA من طراز 747 غادرت مطار دالاس في موعدها المحدد، الساعة 7:05 صباحًا. كانت السماء ملبدة بالغيوم، وعندما اخترقت الطائرة طبقة السحب إلى ضوء الشمس، فعل رايان شيئًا لم يفعله من قبل. لأول مرة في حياته، نام جاك رايان على متن طائرة. |The Hunt for Red October|Tom Clancy|true|en|true
07:06|0706-000|الساعة السابعة وست دقائق| كان بيرسي يؤمن بالمقولة القديمة التي تقول إنه يجب عليك العودة فورًا إلى الحصان الذي سقط منك، لأنه ها هو ذا يدخل من الباب في تمام الساعة السابعة وست دقائق، متألقًا بزيّه الأزرق، ومسدسه على وركه وعصاه الخشبية في جرابها المصنوع خصيصًا على الجانب الآخر.|The Green Mile|Stephen King|true|en|true
07:07|0707-000|الساعة السابعة وسبع دقائق| هبطت رحلة كانتاس رقم 102 في مطار ملبورن في تمام الساعة السابعة وسبع دقائق. كان تشارلي أول من نزل من الطائرة، يركض بأقصى سرعة، لكن اضطراره لحمل صورة كاثي تحت ذراعه أبطأ من سرعته، مما أتاح الفرصة لعدد من الركاب الآخرين، الذين كانت لديهم نفس الفكرة على ما يبدو، لتجاوزه.|As the Crow Flies|Jeffrey Archer|true|en|true
07:07|0707-001|الساعة السابعة وسبع دقائق|عندما دخل جوبيرت غرفة العرض في تمام الساعة السابعة وسبع دقائق من يوم الأول من يناير، كان أربعون محققًا قد جلسوا بالفعل على الكراسي الحكومية ذات اللون الرمادي المزرق، الموضوعة على شكل مستطيل كبير مقابل الجدران الأربعة.|Dead Before Dying|Deon Meyer|true|en|true
07:08|0708-000|7:08 صباحًا|"7:08 صباحًا<br>""الفريق الثاني CQ""، جاء صوت هانز عبر جهاز اللاسلكي. كان هو ومارسيل في قناة التهوية العلوية فوق مركز القيادة، والتي تم تصويرها بتفاصيل دقيقة في المخططات."|Project Cyclops|Thomas Hoover|true|en|true
07:08|0708-001|بين الساعة السابعة وثماني دقائق وتسع دقائق| لم يكن لدى ريتشر ساعة، لكنه استنتج أنه عندما رأى غريغوري، لا بد أن الوقت كان بين الساعة السابعة وثماني دقائق وتسع دقائق.|The Hard Way|Lee Child|true|en|true
07:09|0709-000|07:09|نستيقظ والجو أكثر برودة. الساعة تشير إلى 07:09، لديه بطارية، هذه طاقته الصغيرة المخفية بداخله.|Room|Emma Donoghue|true|en|true
07:09|0709-001|السابعة وتسع دقائق| كان المنزل خاليًا في الصباح. دقات الساعة تدوي، تردد دقاتها مرارًا وتكرارًا في الفراغ. السابعة وتسع دقائق، وقت الإفطار، السابعة وتسع دقائق!|There Will Come Soft Rains|Ray Bradbury|true|en|true
07:10|0710-000|7:10|"""أحضروا لي رئيس جهاز الخدمة السرية في البيت الأبيض.""<br>""حاضر سيدي.""<br>نظر المدير إلى ساعته: 7:10. كان من المقرر وصول أندروز في الساعة 8:15. رن الهاتف."|Shall We Tell the President?|Jeffrey Archer|true|en|true
07:10|0710-001|7:10 صباحًا| عندما استيقظ، قفز من السرير وسحب الستائر ليرى أشعة الشمس الأولى تغمر المدينة. نظر إلى الساعة. كانت 7:10 صباحًا. شعر بالتعب، وابتسم عند فكرة حمام دافئ طويل. |Best Kept Secret|Jeffrey Archer|true|en|true
07:10|0710-002|الساعة 7:10|أخبرني بحث في برادشو أن قطارًا يغادر سانت بانكراس الساعة 7:10، مما سيُوصلني إلى أي محطة في غالاوي في وقت متأخر من بعد الظهر.|The Thirty-Nine Steps|John Buchan|true|en|true
07:10|0710-003|7:10|كان هناك العديد من الأشخاص الآخرين ينتظرون لتنفيذ نفس العملية، لذلك كان عليها أن تتحرك بسرعة، وتشق طريقها إلى الأمام حتى تخرج أولاً. كانت الساعة 7:10 صباحًا. ستبدأ المناورة في الساعة 7:12. نظرت بقلق إلى الساعة العملاقة في محطة السكة الحديد.|The Fourth Passenger|Mini Nair|true|en|true
07:11|0711-000|الساعة السابعة وإحدى عشرة دقيقة|على أي حال، كان كل صباح في تمام الساعة السابعة وإحدى عشرة دقيقة يغلق الباب بقوة ويرفع صوت المحرك كما لو كان سيبدأ سباق جائزة كبرى، مما يفسد نومي الجميل، خاصة إذا كنت قد انتهيت للتو من العمل الليلي.|Limestone Cowboy|Stuart Pawson|true|en|true
07:11|0711-001|7:11 صباحًا|7:11 صباحًا<br>ربما كان صوت انفجار واحد، رغم أنه وقع عند المدخلين المتقابلين لمركز القيادة. ثم، كفريق واحد، دخل الفريق الأول والفريق الثالث، خلف الانفجارات غير الضارة لقنابل الصوت وشحنات غاز CS التي فجروها في الغرفة.|Project Cyclops|Thomas Hoover|true|en|true
07:12|0712-000|الساعة السابعة واثنتي عشرة دقيقة|في تمام الساعة السابعة واثنتي عشرة دقيقة، كانت كيمبرلي تشعر بالقلق في المطبخ. أخبرتها الأخت هولاند أن الآنسة غرادوين طلبت إحضار صينية شاي الصباح الباكر في تمام الساعة السابعة.|The Private Patient|P.D. James|true|en|true
07:12|0712-001|7:12|"علمني أنه إذا كان عليّ مقابلة شخص ما لموعد، فيجب عليّ رفض اتباع ""العادة البشرية الغبية"" المتمثلة في اختيار وقت عشوائي بناءً على فترات زمنية مدتها خمس عشرة دقيقة. ""لا تقابل الناس أبدًا في الساعة 7:45 أو 6:30 يا جاسبر، ولكن اختر أوقاتًا مثل 7:12 و8:03!"""|A Fraction of the Whole|Steve Toltz|true|en|true
07:13|0713-000|السابعة وثلاث عشرة دقيقة|"قال أوسترليتز: ""كان الأمر أكثر إثارة للدهشة، بل ومقلقًا، بعد قليل، عندما نظرت من نافذة ممر عربتي قبل مغادرة القطار في السابعة وثلاث عشرة دقيقة، لأجد نفسي أدرك تمامًا أنني رأيت نمط السقف الزجاجي والفولاذي فوق الأرصفة من قبل."""|Austerlitz|W. G. Sebald|true|en|true
07:14|0714-000|07:14|07:14 بتوقيت غرينتش<br>رصده ويليام لحظة دخوله الصالة. كان يرتدي سترة زرقاء داكنة مزدوجة الصدر، وقميصًا أبيض، وربطة عنق مخططة. من المحتمل أن القائد كان ينام مرتديًا بيجامة مزدوجة الصدر.|Nothing Ventured|Jeffrey Archer|true|en|true
07:14|0714-001|07:14|أقفز على روكر لأنظر إلى واتش، يقول 07:14. يمكنني التزلج على روكر دون التمسك بها، ثم أعود إلى دوفيت وأتزلج على الجليد بدلاً من ذلك.|Room|Emma Donoghue|true|en|true
07:14|0714-002|الساعة 7:14|في الساعة 7:14، أدرك هاري أنه على قيد الحياة. أدرك ذلك لأنه شعر بالألم في كل عصب من أعصابه.|The Redeemer|Jo Nesbø|true|en|true
07:15|0715-000|السابعة وخمس عشرة دقيقة|" انجرف الطوف بثبات نحو الشمال. ""لا بد من وجود تيار."" كان التيار يحملهم شمالًا، باتجاه الفندق. نظر إلى ساعته ودهش عندما رأى أنها السابعة وخمس عشرة دقيقة. لم يمر سوى خمس عشرة دقيقة منذ أن نظر إلى ساعته آخر مرة. بدا الأمر وكأنه ساعتان."|Jurassic Park|Michael Crichton|true|en|true
07:15|0715-001|7:15 صباحًا|في تمام الساعة 7:15 صباحًا من يوم 25 يناير، بدأنا الطيران باتجاه الشمال الغربي بقيادة ماكتيغ، ومعنا عشرة رجال وسبعة كلاب وزلاجة ومؤن من الوقود والطعام، بالإضافة إلى معدات أخرى تشمل جهاز اللاسلكي الخاص بالطائرة.|At the Mountains of Madness|H.P. Lovecraft|true|en|true
07:15|0715-002|الساعة 7:15| طرق غوف باب غرفة نوم السيد والسيدة كينت مرة أخرى. هذه المرة فُتح الباب - كانت ماري كينت قد نهضت من سريرها وارتدت رداءها، بعد أن تحققت للتو من ساعة زوجها: كانت الساعة 7:15. دار حديث مرتبك، بدا فيه أن كل امرأة تفترض أن سافيل مع الأخرى.|The Suspicions of Mr. Whicher|Kate Summerscale|true|en|true
07:15|0715-003|السابعة والربع|في أوائل أبريل من عام ’83، استيقظتُ ذات صباح لأجد شرلوك هولمز واقفًا، بكامل ملابسه، بجانب سريري. كان يستيقظ متأخرًا، كعادته، وعندما أشارت الساعة على رف المدفأة إلى أنها السابعة والربع فقط، نظرتُ إليه بدهشة، وربما بشيء من الاستياء، لأني كنتُ أنا نفسي منتظمًا في عاداتي.|The Adventure of the Speckled Band|Sir Arthur Conan Doyle|true|en|true
07:16|0716-000|07.16|يبذل دليل الزومبي الذكي جهدًا أكبر بكثير في بناء سيناريوهات تنظيف الأسنان الخيالية هذه، التي تدور حول السفر عبر الزمن، مقارنةً بما كان يبذله في سيناريوهات تنظيف الأسنان العادية عندما كان حيًا. إنه يفعل ذلك طوال اليوم حرفيًا. في الآونة الأخيرة، أصبح يعرض الانتقال من 07.16 إلى 07.17 بشكل متكرر.|The Seed Collectors|Scarlett Thomas|true|en|true
07:17|0717-000|الساعة 7:17 صباحًا| اعتبارًا من الساعة 7:17 صباحًا بالتوقيت المحلي في 30 يونيو 1908، كان بادجيتنوف يعمل منذ ما يقرب من عام كموظف متعاقد مع الأوخرانا، ويتقاضى خمسمائة روبل شهريًا، وهو مبلغ كان يُعتبر باهظًا ضمن ميزانيات أجهزة التجسس في تلك السنوات.|Against the Day|Thomas Pynchon|true|en|true
07:18|0718-000|7:18 صباحًا|"7:18 صباحًا<br>""يوليسيس إلى سيرين. هل تسمعينني؟""<br>عندما انقطع اتصال جهازه اللاسلكي، كان أرمونت في المنشأة الطبية بفندق بيتس، يشاهد تركيب أنبوب وريدي بلازمي في ذراع ديمتري. أمسك به على الفور."|Project Cyclops|Thomas Hoover|true|en|true
07:19|0719-000|الساعة 7:19 صباحًا| فتحت فتحة السقف ورفعت صوت مشغل الأقراص المدمجة لمقاومة التعب، وفي تمام الساعة 7:19 صباحًا من يوم السبت، وما زال الكافيين يؤثر في دماغي، وصلت أنا وجاكسون براون إلى موري.|The Rosie Project|Graeme Simsion|true|en|true
07:20|0720-000|الساعة السابعة وعشرون دقيقة|وصل الشرطيان إلى فندق مونارك في تمام الساعة السابعة وعشرون دقيقة من صباح يوم الخميس. كانا متعبين، ساخطين، وجائعين. منذ منتصف الليل، زارا ثلاثة وأربعين فندقًا في الجانب الغربي من المدينة، وفي كل مرة دون جدوى.|A Matter of Honor|Jeffrey Archer|true|en|true
07:20|0720-001|7:20| نهض الرئيس من فراشه في الساعة 7:20 وأشعل سيجارته الأولى. لم يستطع تذكر متى استيقظ بالضبط. في الساعة 6:10 اتصل بتوني، الذي كان مستيقظًا بالفعل وينتظر مكالمته.|Shall We Tell the President?|Jeffrey Archer|true|en|true
07:20|0720-002|7:20|"في تمام الساعة 7:20، انفتح الباب وعادت آن لتؤدي مهمتها الأهم في ذلك اليوم. ""حان وقت اصطحابك إلى الاستوديو يا هاري."""|Cometh the Hour|Jeffrey Archer|true|en|true
07:20|0720-003|7:20 صباحًا| كان هذا جدولي اليومي عندما كنت أعيش في المنزل مع والدي، وكنت أعتقد أن والدتي قد توفيت بنوبة قلبية (كان هذا الجدول ليوم الاثنين، وهو تقريبي). 7:20 صباحًا. استيقظ |The Curious Incident of the Dog in the Night-Time|Mark Haddon|true|en|true
07:20|0720-004|الساعة السابعة وعشرون دقيقة|لم يعد ذلك الصبي الساذج الذي كان يصدق كل شيء في الحياة مهتمًا كثيرًا بمغامرات كل يوم جديد، سواء كانت محتملة أم غير محتملة. كان يهرب من الواقع حتى يرن المنبه في الساعة السابعة وعشرون دقيقة.|Babbitt|Sinclair Lewis|true|en|true
07:21|0721-000|7:21 صباحًا| لماذا شعرت بأهمية معرفة الوقت الذي لم تكن تعرفه، بخلاف محاولة إيجاد موطئ قدم لها وسط هذه الفوضى. 7:21 صباحًا. كان الكثير من الناس يتناولون الإفطار، أو يستعدون للعمل أو عيد الفصح. |The Little Wartime Library|Kate Thompson|true|en|true
07:22|0722-000|7:22 صباحًا|"7:22 صباحًا<br>""هل تعرفين كيف تتعاملين مع هذا؟"" ناول فانس كالي بندقية MP5 التي كان يحملها. كان قد أحضرها إلى أعلى التل لمحاولة القضاء على راميريز، لكن بعد فشل قنابل الصوت، لم يطلق رصاصة واحدة."|Project Cyclops|Thomas Hoover|false|en|true
07:23|0723-000|7:23 صباحًا|7:23 صباحًا<br>يبدو أن جهاز الإرسال يعمل، وكان يُرسل كل ما يعرفه - موقع طائرة الهند، والجنسية المزيفة، والهجوم على الفرقاطة. لكن هل كان أحد يلتقط الإشارة؟ كان جهاز الراديو السوفيتي الثقيل يستنزف بطارياته بسرعة، لكنه اعتقد أن هذه هي فرصته الأخيرة.|Project Cyclops|Thomas Hoover|true|en|true
07:23|0723-001|7:23|اضطر سيباستيان إلى استعارة منبه والدته ليتأكد من استيقاظه في الوقت المناسب للحاق بقطار الساعة 7:23 المتجه إلى بادينغتون. كانت إيما تنتظره في الردهة وعرضت عليه توصيله إلى تمبل ميدز. وسرعان ما اتضح السبب.|Best Kept Secret|Jeffrey Archer|true|en|true
07:24|0724-000|7:24 صباحًا| عرضت عليه جميع البرامج الصباحية الثلاثة أعلى وقت مشاهدة لديها، في تمام الساعة 7:24 صباحًا. ست دقائق لا تبدو مدة طويلة، ولكن في عالم التلفزيون، لا يمكن لأحد أن يعتبرها أمرًا مفروغًا منه سوى الرؤساء السابقين والفائزين بجوائز الأوسكار. |Cometh the Hour|Jeffrey Archer|true|en|true
07:24|0724-001|7:24 صباحًا| سُمعت همهمة قصيرة للأصوات، ثم تبعها ستيفن كورتني-بريجز إلى غرفة الجلوس. نظرت دالغليش إلى الساعة فرأت عقاربها تشير إلى 7:24 صباحًا. كان يوم العمل قد بدأ تقريبًا. |Shroud for a Nightingale|P.D. James|true|en|true
07:25|0725-000|7:25 صباحًا| بعد تلقيها عدة مكالمات هاتفية أثناء الإفطار، لم تتح لها الفرصة بعد للتفكير في الحجج المؤيدة والمعارضة لاقتراح اللورد صامويلز قبل أن يصل سائقها إلى الباب الأمامي في تمام الساعة 7:25 صباحًا. |This Was a Man|Jeffrey Archer|true|en|true
07:25|0725-001|الساعة السابعة وخمس وعشرين|في تمام الساعة السابعة وخمس وعشرين دقيقة: يتقدم كير كاراجي والمهندس سيركو والقبطان سبيد إلى أقصى نقطة، حيث يمسحون الأفق الشمالي الغربي بتلسكوباتهم.|Facing the Flag|Jules Verne|true|en|true
07:25|0725-002|7:25|" حاول مرة أخرى في تمام الساعة 7:25، ولم يتغير شيء. استمر التسجيل بالعمل، إحدى عشرة، اثنتي عشرة، ثلاث عشرة مرة.<br>ألقى غيتاره في سيارة والده وانطلق جنوبًا نحو بريسكوت. كان شريط ""Built to Spill"" لا يزال في جهاز التسجيل، فتركه يعمل؛ وكأنه الموسيقى التصويرية لكل شيء."|Kitchens of the Great Midwest|J. Ryan Stradal|false|en|true
07:25|0725-003|7.25 صباحًا|7.25 صباحًا. تنظيف الأسنان وغسل الوجه|The Curious Incident of the Dog in the Night-Time|Mark Haddon|true|en|true
07:26|0726-000|الساعة السابعة وست وعشرين دقيقة|كان تشاك على سطح السفينة في تمام الساعة السابعة وست وعشرين دقيقة عندما بدأ جنود المارينز، وهم يرتدون الخوذات ويحملون حقائب الظهر، بالنزول من الشباك الحبلية المعلقة على جانبي السفينة والقفز إلى مركبة الإنزال ذات الجوانب العالية.|Winter of the World|Ken Follett|true|en|true
07:27|0727-000|7:27|رحّب بهم الطيار على متن الطائرة وحذّرهم من احتمال حدوث تأخير طفيف. نظر ديكستر إلى ساعته: 7:27. بدأ يقرع بأصابعه على مسند الذراع الذي يفصله عن سكوت.|Honor Among Thieves|Jeffrey Archer|true|en|true
07:27|0727-001|الساعة 7:27|كان موعده مع الطبيب في الساعة 8:45. كانت الساعة 7:27.|The Return of the Dancing Master|Henning Mankell|true|en|true
07:28|0728-000|الساعة 7:28|كما تعلم، نحن على أهبة الاستعداد على مدار الساعة، وقد وصلتُ إلى هنا في تمام الساعة 7:28. قررنا بدء التحقيق فورًا. سيقوم متعهدو دفن الموتى بنقل الجثة حالما تنتهي.|The Murder Room|P.D. James|true|en|true
07:29|0729-000|7:29|كان لامونت ينتظرها على الرصيف 11، واستقلا قطار الساعة 7:29 المتجه إلى غيلدفورد، الدرجة الثانية. عند وصولهما، استقبلهما المفتش وول، الرجل الوحيد من شرطة ساري الذي تم إطلاعه بالكامل على ما خططا له لبقية اليوم.|Nothing Ventured|Jeffrey Archer|true|en|true
07:29|0729-001|قبل السابعة والنصف بنصف دقيقة تقريبًا| يستدير الجميع في كراسيهم ويشاهدون الزبدة وهي تتسلل على الحائط، تبدأ بالتوقف، ثم تنطلق للأمام تاركةً وراءها أثرًا لامعًا على الزجاج. لا أحد ينطق بكلمة. ينظرون إلى الزبدة، ثم إلى الساعة، ثم يعودون إلى الزبدة. الساعة تتحرك الآن.<br>تصل الزبدة إلى الأرض قبل السابعة والنصف بنصف دقيقة تقريبًا، ويستعيد ماكمورفي كل الأموال التي خسرها.|One Flew Over the Cuckoo’s Nest|Ken Kesey|true|en|true
07:29|0729-002|الساعة 7:29|في تمام الساعة 7:29 من صباح الأول من يوليو، يجد مدير التصوير نفسه يصور الصمت نفسه.|At Break of Day|Elizabeth Speller|true|en|true
07:30|0730-000|السابعة والنصف| استيقظتُ حوالي الساعة السابعة والنصف، وفتحتُ نافذتي في يوم مشمس جميل. كانت الساعة قد دقت الثامنة، وكنتُ على وشك الخروج لتقييد الكلاب مرة أخرى، عندما سمعتُ فجأةً حفيف تنانير على الدرج خلفي. |The Moonstone|Wilkie Collins|true|en|true
07:30|0730-001|الساعة السابعة والنصف|في تمام الساعة السابعة والنصف، دخلت تشيتا رينولدز غرفة الفحص حيث كان آل رولينج ستونز وابنتهم الرضيعة التي لا تتوقف عن الصراخ. كانت الشاعرة، التي يُشاع أنها على القائمة المختصرة لجائزة وسام الحرية الرئاسي، ترتدي بنطال جينز مستقيم الساقين وسترة رياضية من جامعة بوسطن بها ثقب في أحد المرفقين.|Doctor Sleep|Stephen King|true|en|true
07:30|0730-002|الساعة السابعة والنصف من صباح اليوم|في الساعة السابعة والنصف من صباح اليوم التالي، وبعد أقل من ثلاث ساعات من نوم متقطع مليء بالكوابيس، شغّلت تيس جهاز الكمبيوتر الخاص بها في المكتب. لكن ليس للكتابة. فالكتابة كانت آخر ما تفكر فيه.|Full Dark, No Stars|Stephen King|true|en|true
07:30|0730-003|السبع والنصف|السبع والنصف، العودة إلى غرفة المعيشة. تنظر الممرضة الكبيرة من خلال زجاجها الخاص، المصقول دائمًا حتى يكاد لا يُرى، وتومئ برأسها لما تراه، ثم تمد يدها وتمزق ورقة من تقويمها، يومًا واحدًا أقرب إلى الهدف.|One Flew Over the Cuckoo’s Nest|Ken Kesey|true|en|true
07:30|0730-004|الساعة السابعة والنصف|في الساعة السابعة والنصف من صباح اليوم التالي، قرع جرس المنزل رقم 21 في شارع بلينهايم.|After Rain|William Trevor|true|en|true
07:30|0730-005|الساعة السابعة والنصف|في تمام الساعة السابعة والنصف، دخل رئيس المحطة إلى مكتب المرور. كان وزنه يقارب 16 حجرًا، لكن النساء كنّ يقلن دائمًا إنه كان خفيف الحركة بشكل لا يُصدق عندما يرقص.|Closely Observed Trains|Bohumil Hrabal|true|en|true
07:31|0731-000|07:31|أخبرته أنه أقنعني بذلك، وقمنا بطي الخرائط ووضعناها في أكياسها المقاومة للماء. كان ذلك في الساعة 07:31، ونهض فيريس ومدد ساقيه وطلب تعليمات الطيران.|The Sinkiang Executive|Adam Hall|true|en|true
07:31|0731-001|7:31 صباحًا|7:31 صباحًا<br>نظر بيل بيتس من خلال الزجاج الأمامي العريض لطائرة سيكورسكي ورآهم قادمين. أدرك على الفور أن الوقت قد حان للتحرك. الآن أو لا.|Project Cyclops|Thomas Hoover|true|en|true
07:32|0732-000|7:32|في الساعة 7:32، أصيب بجلطة دماغية قاتلة.|It|Stephen King|true|en|true
07:33|0733-000|الساعة السابعة وثلاث وثلاثون دقيقة|رحل عني، بقضاء الله وقدره، في الخامس من هذا الشهر في تمام الساعة السابعة وثلاث وثلاثون دقيقة صباحًا، وتوفي بسلام إثر نوبة قلبية حادة - كان يعاني من الربو في السنوات الأخيرة، مع أنه كان يتمتع بصحة جيدة، والحمد لله.|The Sin of Joost Avelingh: A Dutch Story|Maarten Maartens|true|en|true
07:33|0733-001|7:33 صباحًا|"الأربعاء 7:33 صباحًا<br>قال فانس وهو ينظر إلى المدينة: ""أنت محظوظ لأنني أحب هذا المكان. لا شيء آخر على هذا الكوكب كان ليجعلني أستيقظ في هذا الوقت المبكر من الصباح."""|Project Daedalus|Thomas Hoover|true|en|true
07:34|0734-000|7:34|7:34. صباح يوم الاثنين، بلاكبيرغ. انطلق جهاز إنذار السرقة في متجر البقالة التابع لمعهد العمل التعاوني (ICA) في طريق أرفيد مورن.|Let the Right One In|John Ajvide Lindqvist|true|en|true
07:34|0734-001|7:34|دوّن ملاحظة أخرى في سجله عندما خرج سامرز من المبنى في الساعة 7:34، وانطلق باتجاه مركز الشرطة المحلي بينما كان جهاز الراديو الخاص به يعمل. استمع بانتباه لما كان بول سيبلغه، وقال إنه سيتعامل مع الأمر بمجرد عودته إلى المكتب.|Turn a Blind Eye|Jeffrey Archer|true|en|true
07:35|0735-000|7:35|لم تستيقظ فلورنتينا كين حتى الساعة 7:35. استدارت محاولةً تذكر الحلم الذي رأته للتو، لكن لم تتذكر شيئًا منه، فتركت عقلها يسبح في الخيال.|Shall We Tell the President?|Jeffrey Archer|true|en|true
07:35|0735-001|7:35|" بينما كان إيثان يحاول تحديد الحقائق الرئيسية، أدرك فجأة أنه ينظر إلى ساعة الحائط؛ كانت الساعة 7:35.<br>""انتظر لحظة. متى سمعت بهذا؟""<br>تردد للحظة. ""وصلت الأخبار الأولى قبل الخامسة بقليل."""|The Infinite Day|Chris Walley|true|en|true
07:35|0735-002|الساعة 7:35|"أخبرته أنني أنا، فقال: ""إنها الساعة 7:35 صباح يوم أحد. هذا تصرف غير مراعٍ للغاية منكِ. أعلم أنكِ مغرمة بـ""ماريجولد""، لكن عليكِ محاولة كبح جماح شغفكِ. تعالي لتناول الغداء. لديّ شيء أريد أن أريكِ إياه."""|Adrian Mole and the Weapons of Mass Destruction|Sue Townsend|true|en|true
07:35|0735-003|7:35 صباحًا| في تمام الساعة 7:35 صباحًا، غادر إيشيغامي شقته كما يفعل كل صباح من أيام الأسبوع. |The Devotion of Duspect X|Keigo Higashino|true|en|true
07:35|0735-004|السابعة وخمس وثلاثون دقيقة|نظرت إلى ساعتي. السابعة وخمس وثلاثون دقيقة.|Bare Bones|Kathy Reichs|true|en|true
07:36|0736-000|7:36|7:36، شروق الشمس. كانت ستائر المستشفى أفضل بكثير، وأكثر ظلمة من ستائرها.|Let the Right One In|John Ajvide Lindqvist|true|en|true
07:37|0737-000|الساعة الثامنة إلا ثلاث وعشرين دقيقة|رن هاتفي في تمام الساعة الثامنة إلا ثلاث وعشرين دقيقة، بينما كنت أضع فنجان قهوة على طاولة الإفطار.|Satellite People|Has Olav Lahlum|true|en|true
07:38|0738-000|7:38 صباحًا|"7:38 صباحًا<br>قال نيكولز في الميكروفون: ""أسمع. متى أقلعت المروحية؟"""|Project Cyclops|Thomas Hoover|true|en|true
07:39|0739-000|7:39|في تمام الساعة 7:39، تحركت الطائرة على المدرج استعدادًا للإقلاع. عندما توقفت، سأل ديكستر مضيفة الطيران عن سبب التأخير.|Honor Among Thieves|Jeffrey Archer|true|en|true
07:39|0739-001|الساعة 7:39|"الآن، في المحطة، هل تتذكر التحدث إلى السيد جوزيف ماركو؟<br>""نعم، بالتأكيد. كنت أقف على الرصيف أنتظر قطاري المعتاد - قطار الساعة 7:39 - عندما اقترب مني."""|Arthur and George|Julian Barnes|true|en|true
07:40|0740-000|٧:٤٠ صباحًا|٧:٤٠ صباحًا. تناول الفطور.|The Curious Incident of the Dog in the Night-Time|Mark Haddon|true|en|true
07:41|0741-000|الثامنة إلا تسع عشرة دقيقة|هرع إلى الطابق السفلي. كانت القاعة فارغة؛ الثامنة إلا تسع عشرة دقيقة! يغادر القطار في تمام الساعة الثامنة. هل لديه الوقت لتجهيز بوليرو؟|The Dark Flower|John Galsworthy|true|en|true
07:42|0742-000|7:42|لذا لم يكن أمامه خيار سوى زيارة غرفة المعيشة من حين لآخر، حيث كانت عقارب ساعة الجد تشير بوضوح إلى أنها الساعة 7:42.|The Lincoln Highway|Amor Towles|true|en|true
07:42|0742-001|سبع ساعات واثنتان وأربعون دقيقة| كنتُ داخل غلاف النينجا التقني لبضع ساعات فقط - سبع ساعات واثنتان وأربعون دقيقة وفقًا لشاشة الوقت التي ظهرت في أعلى يسار مجال رؤيتي - ولكن لم تكن هناك أي من الآثار الجانبية المعتادة للتنزيل.|Altered Carbon|Richard K. Morgan|true|en|true
07:42|0742-002|الساعة السابعة واثنتان وأربعون دقيقة|الساعة السابعة واثنتان وأربعون دقيقة صباحًا، السيد غاسباريان: ألعنك. ألعن ذراعيك حتى تذبل وتموت وتسقط من جسدك.|Magic Bleeds|Ilona Andrews|false|en|true
07:43|0743-000|الثامنة إلا سبع عشرة دقيقة|كانت الساعة الثامنة إلا سبع عشرة دقيقة. بدا لي أن هذا سيمنحني متسعًا من الوقت، لكن لم يمضِ على وجودي هناك خمس دقائق حتى بدأت أشعر بالقلق من أنني قد فاتني.|The Burglar Who Thought He Was Bogart|Lawrence Block|true|en|true
07:44|0744-000|الثامنة إلا ست عشرة دقيقة|«إذا كنتَ تقصد الرقيب جينينغز، سيدي، فعندما وصلتُ هذا الصباح في تمام الساعة الثامنة إلا ست عشرة دقيقة، كان غير حليق ويرتدي ملابس غير مناسبة، على الرغم من أنه كان لا يزال في الخدمة. لم أوبخه بشدة. لكنني أوضحتُ له تمامًا شعوري تجاه سلوكه ومظهره أثناء خدمته كضابط شرطة.»|Next in Line|Jeffrey Archer|true|en|true
07:44|0744-001|7:44|"تعبر عن أفكارها: ""ليست هذه هي الطريقة التي تختارها للموت، أليس كذلك؟ تفضل أن تموت وأنت تطير طائرة ورقية مع أحفادك، أو في حفلة رائعة أو ما شابه. ليس على متن الحافلة رقم 7:44."""|One Moment, One Morning|Sarah Rayner|true|en|true
07:45|0745-000|الثامنة إلا ربع|أما كوخ، فقد أمضى نصف ساعة عند صائغ الفضة في الطابق السفلي، قبل أن يصعد إلى العجوز ويغادرها في تمام الساعة الثامنة إلا ربع. والآن فكر فقط...|Crime and Punishment|Fyodor Dostoyevsky|true|en|true
07:45|0745-001|الساعة السابعة وخمس وأربعين دقيقة|أخذتُ القارب هذا الصباح في رحلة تجريبية لمدة أربعين دقيقة تقريبًا لاختبار المحرك. كان يُعاني من بعض المشاكل. استغرق ذلك من الساعة السابعة وخمس وأربعين دقيقة حتى الثامنة وعشرين دقيقة، وهو وقت قريب جدًا.|The Lighthouse|P.D. James|true|en|true
07:45|0745-002|الثامنة إلا ربع|يصحح توني الأوراق حتى الثامنة إلا ربع. يغمر ضوء الشمس الغرفة، مكتسبًا لونًا ذهبيًا من أوراق الشجر الصفراء في الخارج؛ تحلق طائرة نفاثة في الأعلى؛ تقترب شاحنة القمامة على طول الشارع، محدثةً صوتًا كصوت دبابة.|The Robber Bride|Margaret Atwood|true|en|true
07:45|0745-003|السابعة وخمس وأربعون دقيقة|"السابعة وخمس وأربعون دقيقة، يتحرك الأولاد السود على طول صف مرضى كرونيكس، ويلصقون القسطرة على من يثبتون في مكانهم. القسطرة عبارة عن واقيات ذكرية مستعملة، تُقص أطرافها وتُربط بمطاطة إلى أنابيب تمتد أسفل أرجل السراويل إلى كيس بلاستيكي مكتوب عليه ""للاستخدام مرة واحدة، غير قابل لإعادة الاستخدام""، ومن واجبي غسله في نهاية كل يوم."|One Flew Over the Cuckoo’s Nest|Ken Kesey|false|en|true
07:45|0745-004|الثامنة إلا خمس عشرة دقيقة|على عكس عادته في التأخر، وصل بيير في ذلك اليوم إلى منزل عائلة بيرغ، ليس في العاشرة بل في الثامنة إلا خمس عشرة دقيقة.|War and Peace|Leo Tolstoy|true|en|true
07:45|0745-005|الثامنة إلا ربع| غادر السيد غرين إلى عمله في تمام الساعة الثامنة إلا ربع، كما يفعل كل صباح. نزل من على درج منزله الأمامي حاملاً حقيبته الجلدية التي تبدو فارغة ذات المشابك الفضية الصاخبة، وفتح باب سيارته، وانحنى ليصعد إلى مقعد السائق.|A Crime in the Neighborhood|Suzanne Berne|true|en|true
07:45|0745-006|7:45|"علمني أنه إذا كان عليّ مقابلة شخص ما لموعد، فيجب عليّ رفض اتباع ""العادة البشرية الغبية"" المتمثلة في اختيار وقت عشوائي بناءً على فترات زمنية مدتها خمس عشرة دقيقة. ""لا تقابل الناس أبدًا في الساعة 7:45 أو 6:30 يا جاسبر، ولكن اختر أوقاتًا مثل 7:12 و8:03!"""|A Fraction of the Whole|Steve Toltz|true|en|true
07:45|0745-007|الساعة السابعة وخمس وأربعون دقيقة|كنتُ أمارس تماريني وأتساءل أين ذهب، فقد كانت الساعة السابعة وخمس وأربعون دقيقة ولم يخرج بعد.|Los detectives salvajes|Roberto Bolaño|true|es-CL|true
07:46|0746-000|7:46 صباحًا|استيقظ فجأة. كانت الساعة على منضدة سريره تشير إلى 7:46 صباحًا. شتم، وقفز من السرير وارتدى ملابسه. وضع فرشاة أسنانه ومعجون أسنانه في جيب سترته، وركن سيارته خارج المحطة قبل الساعة الثامنة صباحًا بقليل. في الاستقبال، لوّحت له إيبا.|The Dogs of Riga|Henning Mankell|true|en|true
07:47|0747-000|7.47|" نظر إلى ابنه. ""هل كنت تسجل كل هذه الأسماء بالطريقة التي علمتك إياها؟""<br>""بالتأكيد يا أبي. السيد بارنيل، 7.47؛ السيد باركر، 8.09؛ السيد تيودور-جونز، 8.11؛ السيد ألكسندر، 8.23."""|The Grass is Always Greener|Jeffrey Archer|true|en|true
07:47|0747-001|7:47 صباحًا|7:47 صباحًا<br>لم يشعر فانس بالخوف قط كما شعر في حياته. جعل هذا يومًا على دفة عاصفة يبدو وكأنه نزهة يوم أحد. كان التيار الهابط يدور به بعنف الآن، درسًا مفاده أن النزول بالحبال ليس لأصحاب القلوب الضعيفة.|Project Cyclops|Thomas Hoover|true|en|true
07:48|0748-000|7:48 صباحًا|7:48 صباحًا<br>حدق فانس في الجبل في حيرة. حيره الصمت، ثم أدرك السبب. لم يكن يسمع صوت الطنين المعتاد للمحولات الكهربائية؛ لم يكن أي شيء يعمل. لقد قطعوا التيار الكهربائي.|Project Cyclops|Thomas Hoover|true|en|true
07:49|0749-000|الثامنة إلا إحدى عشرة دقيقة|"الثامنة إلا إحدى عشرة دقيقة.<br>""أنت دائمًا على حق؛ لا بد أن هناك ساعة في رأسك."""|The End of the Beginning|Ray Bradbury|true|en|true
07:49|0749-001|الثامنة إلا إحدى عشرة دقيقة|"""متى رأيت الدكتور ويلزلي مرة أخرى؟""<br>""في الثامنة إلا إحدى عشرة دقيقة.""<br>""أين؟""<br>""في غرفة العمليات.""<br>""هل عاد إلى هناك؟""<br>""نعم.""<br>""كيف حددت هذا الوقت بالضبط - الثامنة إلا إحدى عشرة دقيقة؟""<br>""لأنه كان قد رتب لرؤية مريض في ميدو جيت في الثامنة إلا عشر دقائق. ألقيت نظرة سريعة على الساعة عندما دخل، ورأيت الوقت، وذكرته بالموعد."""|In the Mayor’s Parlour|J.S. Fletcher|true|en|true
07:50|0750-000|الثامنة إلا عشر دقائق| قرع المحقق هوجان جرس الباب الأمامي في تمام الساعة الثامنة إلا عشر دقائق. فُتح الباب بعد لحظات قليلة من قِبل شخص حليق الذقن، أنيق المظهر، وكان من الواضح أنه ينتظره.|Next in Line|Jeffrey Archer|true|en|true
07:50|0750-001|الثامنة إلا عشر دقائق|لم تتبادل هي وداكرز أي حديث ذي أهمية أثناء عملهما، وغادرا المكتبة في الوقت نفسه وتناولا الإفطار معًا. كان ذلك في حوالي الثامنة إلا عشر دقائق.|Shroud for a Nightingale|P.D. James|true|en|true
07:50|0750-002|الثامنة إلا عشر دقائق|في حوالي الساعة الثامنة إلا عشر دقائق، كان جيم قد انتهى من الجزء الذي كان يعمل عليه - النافذة - لذلك قرر عدم البدء في الباب أو الوزرة حتى بعد الإفطار.|The Ragged Trousered Philanthropists|Robert Tressell|true|en|true
07:51|0751-000|7:51| استدارت الطائرة على مدرج الإقلاع في تمام الساعة 7:51، وبدأت محركاتها النفاثة بالدوران قبل أن تتحرك ببطء إلى الأمام، ثم اكتسبت سرعة. غادرت العجلات الأرض في تمام الساعة 7:53.|Honor Among Thieves|Jeffrey Archer|true|en|true
07:51|0751-001|الثامنة إلا تسع دقائق|" انتشل فايمز ثمرة عنب الثعلب بينما ارتطمت كرنبة حمراء ساخنة بالطريق خلفه. قال بابتسامة مشرقة للعفريت المندهش: ""صباح الخير! كم الساعة من فضلك؟""<br>قال العفريت: ""همم... الثامنة إلا تسع دقائق، [أدخل الاسم هنا]""."|Thud!|Terry Pratchett|true|en|true
07:52|0752-000|الساعة الثامنة إلا ثماني دقائق| وصل محقق جرائم القتل ديفيد نايزر إلى المنزل في شارع توين بيكس درايف في تمام الساعة الثامنة إلا ثماني دقائق. وكان نائب رئيس قسم الجرائم جو دونش موجودًا هناك بالفعل.|In the Still of the Night|Ann Rule|true|en|true
07:53|0753-000|7:53| استدارت الطائرة على مدرج الإقلاع في تمام الساعة 7:51، وبدأت محركاتها النفاثة بالدوران قبل أن تتحرك ببطء إلى الأمام، ثم اكتسبت سرعة. غادرت العجلات الأرض في تمام الساعة 7:53.|Honor Among Thieves|Jeffrey Archer|true|en|true
07:53|0753-001|الثامنة إلا سبع دقائق|" ما الوقت الآن؟<br>""الساعة الثامنة إلا سبع دقائق. لن يطول الأمر."""|Never Go Back|Robert Goddard|true|en|true
07:54|0754-000|الثامنة إلا ست دقائق من صباح اليوم|عندما استيقظتُ مع وصول الآخرين، كانت الساعة الثامنة إلا ست دقائق من صباح اليوم نفسه. لم يمضِ على استيقاظي ساعتان، وعاد الوقت إلى طبيعته. لكن ما حدث في ذلك الوقت لا يمكن اختصاره في ساعتين.|The Six Fingers of Time|R.A. Lafferty|true|en|true
07:55|0755-000|الثامنة إلا بخمس دقائق|"ربما ليس هذا هو الوقت الأنسب لرؤيتها يا سيد دريسدن.<br>نظرتُ إلى الساعة على الحائط. كانت الساعة الثامنة إلا بخمس دقائق. ""أرادتني مبكرًا."" تنحّيتُ جانبًا لألتفّ حوله."|Fool Moon|Jim Butcher|true|en|true
07:55|0755-001|7:55|خلال الإفطار، ناقشوا كل شيء عدا العمل، وهي قاعدة ذهبية، قبل أن يتوجهوا معًا إلى الإحاطة الصباحية للقائد. كانوا جميعًا جالسين حول طاولة الرئيس بحلول الساعة 7:55، في انتظار أن يبدأ هوك الإجراءات.|Turn a Blind Eye|Jeffrey Archer|true|en|true
07:55|0755-002|الساعة الثامنة إلا خمس دقائق| في تمام الساعة الثامنة إلا خمس دقائق، خرج رئيس الوزراء من مكتب ويلسون، تبعه هاليفاكس وكادوجان. كان ويلسون آخر الواصلين. بدا عليه الانزعاج. خمّن ليجات أنه لا بد أنه دخل في جدال آخر مع كادوجان.|Munich|Robert Harris|true|en|true
07:55|0755-003|الساعة 7:55|في الساعة 7:55 من صباح هذا اليوم، هرب السيرك لينضم إليّ.|Tightrope, from Selected Poems 1967-1987|Roger McGough|true|en|true
07:56|0756-000|7:56|"كان سيباستيان يرتدي سترته ويتجه نحو الباب عندما رن الهاتف للمرة الثالثة. نظر إلى ساعته، 7:56، وفكر في تجاهلها، لكنه استدار، وأمسك بالهاتف، وقال: ""ليس لدي وقت يا أمي."""|Mightier Than the Sword|Jeffrey Archer|true|en|true
07:56|0756-001|7:56|في تمام الساعة 7:56، أغلقت آنا ملف وينتورث وانحنت لفتح الدرج السفلي من مكتبها. خلعت حذاءها الرياضي واستبدلته بزوج من الأحذية ذات الكعب العالي. نهضت من كرسيها، وجمعت الملفات، وألقت نظرة في المرآة - لم يكن هناك شعرة واحدة خارجة عن مكانها.|False Impression|Jeffrey Archer|true|en|true
07:56|0756-002|قبل الساعة 8:00 صباحًا بقليل|" اقتحم إريك سنو المكان دون سابق إنذار قبل الساعة 8:00 صباحًا بقليل، ووضع صحيفة ""إكزامينر"" على مكتب مساعده القس. تجاهل آرت الصحيفة، ونظر مباشرةً إلى رئيسه، مبتسمًا ابتسامةً زائفةً واضحة."|The Ambition|Lee Strobel|true|en|true
07:56|0756-003|السابعة وست وخمسون دقيقة| أجلس بجوار النافذة، أتناول الخبز المحمص، وأرتشف القهوة، وأتصفح الجريدة على مهل. وأخيرًا، بعد أن التهمت ثلاث شرائح، وكوبين من القهوة، وجميع صفحات يوم السبت، مددت ذراعي في تثاؤب كبير وألقيت نظرة على الساعة. لا أصدق ذلك. إنها السابعة وست وخمسون دقيقة فقط.|The Undomestic Goddess|Sophie Kinsella|true|en|true
07:56|0756-004|الثامنة إلا أربع دقائق|بوابة القلعة - بوابة القلعة فقط - وكانت الساعة الثامنة إلا أربع دقائق.|Buddenbrooks|Thomas Mann|true|en|true
07:57|0757-000|7:57|قرأت إيما المذكرات المفصلة من كلا الرئيسين خلال رحلتها عبر لندن، لكنها لم تحسم أمرها لصالح أي من الجانبين حتى وصلت سيارتها إلى شارع هارلي. أعادت الملف إلى الصندوق الأحمر ونظرت إلى ساعتها: 7:57.|This Was a Man|Jeffrey Archer|true|en|true
07:57|0757-001|7:57 صباحًا|7:57 صباحًا<br>عندما خرجت أليكسا من الردهة، كان الصباح مشرقًا وصافيًا. حلّ الربيع بانفجار من أزهار الكمثرى والكرز في حديقة كنيسة القديس لوقا، في أعلى الشارع، ولكن هنا بجانب النهر، كان هواء الصباح لا يزال منعشًا بما يكفي ليجعل بشرتها تشعر بالوخز.|Syndrome|Thomas Hoover|true|en|true
07:58|0758-000|7:58|كان عليه القبض على المتآمرين أحياءً، وإجبارهم على الشهادة ضد السيناتور. نظر المدير إلى ساعته على ساعة برج مكتب البريد القديم فوق مكتب واشنطن الميداني. كانت الساعة 7:58.|Shall We Tell the President?|Jeffrey Archer|true|en|true
07:58|0758-001|7:58 صباحًا| نظر ماكيناني إلى الساعة في زاوية شاشة الفيديو. كانت تشير إلى 7:58 صباحًا. ضغط على بعض المفاتيح، وسمع صوت بايج كالدويل عبر سماعة الرأس.|Murderer’s Row|Ray Keating|true|en|true
07:59|0759-000|قبل الثامنة بدقيقة واحدة|قبل الثامنة بدقيقة واحدة، انطلق بخطى سريعة على الطريق الذي سيقودهم إلى سفح الجبل.|Paths of Glory|Jeffrey Archer|true|en|true
07:59|0759-001|الثامنة تمامًا، ربما قبلها بدقيقة|كانت الساعة الثامنة تمامًا، ربما قبلها بدقيقة. ذهبت إلى غرفة العرض لأرى إن كنت قد تركت علبة طلاء الأظافر هناك. ووجدت زجاجة حليب على العربة، فشربت منها قليلًا. رشفة صغيرة من الأعلى.|Shroud for a Nightingale|P.D. James|true|en|true
07:59|0759-002|الساعة 7:59 صباحًا|قضيتُ اثنين وخمسين يومًا في عام 1958، لكن هنا كانت الساعة 7:59 صباحًا.|11/22/63|Stephen King|true|en|true
07:59|0759-003|لم تكن الساعة قد بلغت الثامنة بعد|في صباح أحد الأيام، وصلتُ للتو إلى المنزل، ولم تكن الساعة قد بلغت الثامنة بعد، عندما وجدتُ دون أوكتافيو مستيقظًا ينتظرني في المطبخ.|Los detectives salvajes|Roberto Bolaño|true|es-CL|true
08:00|0800-000|الساعة الثامنة| كان فيليب لومبارد معتادًا على الاستيقاظ عند الفجر. فعل ذلك في هذا الصباح بالذات. رفع نفسه على مرفقه وأصغى. هدأت الرياح قليلًا لكنها ما زالت تهب. لم يسمع صوت المطر...<br>في الساعة الثامنة، اشتدت الرياح، لكن لومبارد لم يسمعها. كان نائمًا مرة أخرى.|And Then There Were None|Agatha Christie|true|en|true
08:00|0800-001|8:00| تحولت ضحكات الأولاد الصاخبة إلى أنين عندما أخبرهم ببرود أنهم سيقضون فترة ما بعد الظهر بأكملها في المدرسة ذلك اليوم بدلاً من الدوام المعتاد من الساعة 8:00 إلى 11:30.|Bright Valley of Love|Edna Hong|true|en|true
08:00|0800-002|الساعة الثامنة|"بدأ الدوام المدرسي في تمام الساعة الثامنة، وكان غونتر متأخرًا. رحّب به السيد كونزي، المعلم، باختصار قائلاً: ""آها، طائر جديد!""، وأشار إلى الأخ ليدفع كرسيه إلى جانب النافذة الأقرب إليه."|Bright Valley of Love|Edna Hong|true|en|true
08:00|0800-003|الساعة الثامنة| لم تحضر طباخة صاحبة المنزل، التي كانت تحضر له فطوره دائمًا في الساعة الثامنة، في هذه المناسبة. لم يحدث ذلك من قبل.|The Trial|Franz Kafka|true|en|true
08:00|0800-004|الثامنة صباحًا| يلتهم توم توني طبق فيتوتشيني ألفريدو الخاص به، وقد وضع منديلًا في ياقة قميصه، يأكل ويرتشف بشراهة، ثم يتبعه بحلوى بانا كوتا بالمكسرات المشكلة. تتناول هولي المقبلات وترفض الحلوى، مكتفية بفنجان من القهوة منزوعة الكافيين (فهي تتجنب الكافيين بعد الساعة الثامنة صباحًا).|If It Bleeds|Stephen King|true|en|true
08:00|0800-005|الثامنة صباحًا| فتحت إليزابيث الرسالة دون أن تتوقع أي متعة، ولكن بدافع فضول شديد، فرأت، لدهشتها المتزايدة، ظرفًا يحتوي على ورقتين من ورق الرسائل، مكتوبتين بخط يد دقيق. كان الظرف نفسه ممتلئًا أيضًا. واصلت طريقها في الممر، ثم بدأت في قراءتها. كانت مؤرخة من روزينغز، في الساعة الثامنة صباحًا، وكانت كالتالي:|Pride and Prejudice|Jane Austen|true|en|true
08:00|0800-006|الساعة الثامنة| أصبح نهر الغابة أضيق. تقاربت ضفتاه من الجانبين حتى التقت الأشجار والأوراق المتدلية فوق الضفتين عالياً فحجبت الشمس. سمع تيم صياح الطيور، ورأى ديناصورات صغيرة تُغرّد وهي تقفز بين الأغصان. لكن في الغالب كان المكان صامتاً، والهواء حار وساكن تحت ظلال الأشجار.<br>نظر غرانت إلى ساعته. كانت الساعة الثامنة.|Jurassic Park|Michael Crichton|true|en|true
08:00|0800-007|الساعة الثامنة صباحًا| جلس أمام أجهزة التحكم وارتشف فنجانًا آخر من القهوة. كانت غرفة التحكم من حوله مليئة بالأطباق الورقية والسندويشات نصف المأكولة. كان أرنولد منهكًا. كانت الساعة الثامنة صباحًا يوم السبت.|Jurassic Park|Michael Crichton|true|en|true
08:00|0800-008|الساعة الثامنة|" قال: ""سيكون كماني أفضل بأوتار جديدة. ضع مسدسك في جيبك. عندما يأتي الرجل، تحدث إليه بشكل عادي. اترك الباقي لي. لا تُخيفه بالنظر إليه مطولاً.""<br>قلتُ، وأنا أنظر إلى ساعتي: ""إنها الساعة الثامنة الآن."""|A Study in Scarlet|Sir Arthur Conan Doyle|true|en|true
08:00|0800-009|الساعة الثامنة|" أومأت الأم برأسها. بدت عاجزة عن النطق بكلمة. انفجرت الابنة بالبكاء. شعرت أكثر من أي وقت مضى أن هؤلاء الناس يعرفون شيئًا عن الأمر.<br>سألت: ""في أي ساعة غادر السيد دريبر منزلكِ متوجهًا إلى القطار؟""<br>أجابت وهي تبتلع ريقها بصعوبة لكبح جماح انفعالها: ""في الساعة الثامنة."""|A Study in Scarlet|Sir Arthur Conan Doyle|true|en|true
08:00|0800-010|الساعة الثامنة| عندما جهزت وجبة صاحبة الغرفة في تمام الساعة الثامنة، دفعت عربة خدمة الغرف إلى المصعد وصعدت إلى الطابق السادس. كانت وجبتها المعتادة: نصف زجاجة من النبيذ الأحمر مفتوحة، وإبريق قهوة ساخن، وطبق دجاج مع خضار مطهوة على البخار، وخبز وزبدة. سرعان ما انتشرت رائحة الدجاج المطبوخ القوية في المصعد الصغير، ممزوجة برائحة المطر.|Blind Willow, Sleeping Woman|Haruki Murakami|true|en|true
08:00|0800-011|الثامنة صباحًا| أثناء سيري في شارع السيدات، صادفت بيكوفر، وهو رجل مسكين آخر يعمل في الصحيفة. كان يشكو من أنه لا ينام سوى ثلاث أو أربع ساعات في الليلة، إذ عليه الاستيقاظ في الثامنة صباحًا للعمل في عيادة طبيب أسنان. وأوضح أنه لا يفعل ذلك من أجل المال، بل ليشتري لنفسه طقم أسنان اصطناعية.|Tropic of Cancer|Henry Miller|true|en|true
08:00|0800-012|الثامنة صباحًا|" شعرت بثقل في رأسي. كان هاريسون فورد فتى أحلامي. هدأت دقات قلبي، لكنني مع ذلك لم أستطع النوم. شربت من إبريق الجن. بدا أنه هدأ معدتي.<br>في الساعة الثامنة صباحًا، اتصلت بتريفور مرة أخرى. هذه المرة لم يُجب.<br>قلت في رسالتي: ""أردت فقط الاطمئنان عليك. لقد مر وقت طويل. أود أن أعرف كيف حالك وماذا كنت تفعل. لنتحدث قريبًا."" "|My Year of Rest and Relaxation|Ottessa Moshfegh|true|en|true
08:00|0800-013|الثامنة <em>تمامًا</em>|" وضعت المخلوقة غنيمتها في حقيبة لص صغير. ""ألا توجد أشياء ثمينة أخرى تحتاج إلى عناية؟""<br>""أعيدي تلك الأشياء! الآن! وإلا فسأجعلك تفقدين وظيفتك، أقسم بذلك!""<br>""سأعتبر ذلك رفضًا. الإفطار في الثامنة <em>تمامًا</em>. بيض مسلوق مع شرائح خبز محمص اليوم. لا يوجد شيء للمتأخرين."""|Cloud Atlas|David Mitchell|true|en|true
08:00|0800-014|الثامنة صباحًا| الليلة الماضية تركتُ رسالةً تحت باب مكتب المدير - سيجدها غدًا الساعة الثامنة صباحًا - أُخبره فيها بتغيير وضعي الوجودي، لذا آمل أن تُجنّب خادمة الغرف البريئة مفاجأةً غير سارة. كما ترى، أنا أُفكّر في البسطاء.|Cloud Atlas|David Mitchell|true|en|true
08:00|0800-015|الساعة الثامنة|لا أتذكر شيئًا مما حدث هذا الصباح. لقد أعطوني كمية كبيرة من تلك الأشياء التي يسمونها حبوبًا، لذا لم أكن أعي شيئًا حتى سمعت باب الجناح يُفتح. فتح باب الجناح يعني أن الساعة الثامنة على الأقل، ويعني أنني كنت فاقدًا للوعي لمدة ساعة ونصف تقريبًا في غرفة العزل تلك، حيث كان بإمكان الفنيين الدخول وتركيب أي شيء طلبته الممرضة الكبيرة، ولم أكن لأعرف شيئًا على الإطلاق.|One Flew Over the Cuckoo’s Nest|Ken Kesey|true|en|true
08:00|0800-016|الثامنة|" ""آه..."" همستُ بصوتٍ أجش، وانقلبتُ على ظهري. لم أستطع من خلال الستائر الثقيلة أن أرى ما إذا كان الليل لا يزال حالكًا أم أن النهار قد تقدم كثيرًا. حدقتُ في الساعة: كانت الأرقام المتوهجة تُشير إلى الثامنة."|Night Watch: Book One|Sergei Lukyanenko|true|en|true
08:00|0800-017|الساعة الثامنة|"الساعة الثامنة، تدور الجدران وتطن بكامل قوتها. يقول مكبر الصوت في السقف: ""أدوية""، مستخدمًا صوت الممرضة الكبيرة."|One Flew Over the Cuckoo’s Nest|Ken Kesey|true|en|true
08:00|0800-018|الثامنة|" قالت سارة وهي تربت على كتف كيندرا: ""سأوصلكِ بالتأكيد! لا مشكلة على الإطلاق.""<br>أمسكت كيندرا مكان الصفعة وقالت وهي تدلك كتفها: ""نبدأ في الثامنة؟"""|Reprieve|James Han Mattson|true|en|true
08:00|0800-019|الثامنة صباحًا|كانت الساعة الثامنة صباحًا فقط، وهو وقت مبكر جدًا على الكسالى في المجلس للحضور لأداء مهامهم البلدية. ومع ذلك، لم تمنع الساعة المبكرة توماس من ركل أبواب المجلس الزرقاء في غضب عارم قبل أن يعود إلى سيارته اللاند روفر في انتظار وصول عضو المجلس بادريج كاري.|Pomegranate Soup|Marsha Mehran|true|en|true
08:00|0800-020|الساعة الثامنة|رجل كان يتحرك منذ الساعة الثامنة صباحًا، وربما يكون الآن ساكنًا، رجل كان يتحدث طويلًا، وربما يكون صامتًا، رجل كان في أكثر من حشد، وربما يكون وحيدًا!|Emma|Jane Austen|true|en|true
08:00|0800-021|الثامنة|كان من المقرر أن يأتوا لأخذها من منزلها في حدائق تاوريدا في تمام الساعة العاشرة، لكن الساعة كانت قد تجاوزت العاشرة بخمس دقائق، ولم تكن الفتيات قد ارتدين ملابسهن بعد.<br>كانت ناتاشا ذاهبة إلى أول حفل راقص كبير لها. استيقظت في الثامنة من ذلك الصباح، وكانت في حالة من الحماس والنشاط طوال اليوم.|War and Peace|Leo Tolstoy|true|en|true
08:00|0800-022|الساعة الثامنة|في الساعة الثامنة، اشتدت الرياح، لكن لومبارد لم يسمعها. لقد كان نائمًا مرة أخرى.|And Then There Were None|Agatha Christie|true|en|true
08:00|0800-023|الثامنة صباحًا|" قالت ماريا عندما اتصل بها كارتر من الصحراء في الساعة الثامنة صباحًا: ""أنا لست أبكي، أنا بخير تمامًا"".<br>""لا يبدو صوتكِ بخير تمامًا."""|Play It as It Lays|Joan Didion|true|en|true
08:00|0800-024|٨:٠٠ صباحًا| ٨:٠٠ صباحًا: ارتداء ملابس المدرسة |The Curious Incident of the Dog in the Night-Time|Mark Haddon|true|en|true
08:00|0800-025|الساعة الثامنة|في تمام الساعة الثامنة من صباح يوم الخميس، لم يكن آرثر يشعر بحالة جيدة.|Hitch-Hikers Guide to the Galaxy|Douglas Adams|true|en|true
08:00|0800-026|في تمام الساعة الثامنة|في تمام الساعة الثامنة، جاء شعاع من ضوء النهار ليوقظنا. التقطته آلاف أوجه الحمم البركانية على وجه الصخرة أثناء مروره، متناثرة كوابل من الشرر.|Journey to the Center of the Earth|Jules Verne|true|en|true
08:00|0800-027|الثامنة|لكن في ذلك الوقت كانت الساعة لا تزال الثامنة، وبينما كنت أسير على طول الشارع تحت تلك السماء الزرقاء الرائعة، كنت سعيدًا يا أصدقائي، سعيدًا كأي رجل عاش على الإطلاق.|Brooklyn Follies|Paul Auster|true|en|true
08:00|0800-028|الساعة الثامنة| بحلول الساعة الثامنة، كان ستيلمان يخرج، مرتدياً معطفه البني الطويل دائماً، حاملاً حقيبة سفر كبيرة قديمة الطراز. لم يتغير هذا الروتين لمدة أسبوعين. كان الرجل العجوز يتجول في شوارع الحي، متقدماً ببطء، أحياناً بخطوات ضئيلة للغاية، يتوقف، ثم يتابع سيره، ويتوقف مرة أخرى، كما لو أن كل خطوة يجب وزنها وقياسها قبل أن تأخذ مكانها بين مجموع الخطوات.|City of Glass|Paul Auster|true|en|true
08:00|0800-029|الساعة الثامنة من صباح اليوم| كان يرتدي سترةً ومعطفًا واقيًا من المطر وسروالًا داخليًا طويلًا، واستلقى في سريره، محاطًا من ثلاث جهات بعوارض خشبية سميكة، وأكل جميع الوجبات الخفيفة المالحة في الثلاجة الصغيرة، ثم جميع الوجبات الخفيفة السكرية، وعندما أيقظه موظف الاستقبال في الساعة الثامنة من صباح اليوم التالي ليخبره أن الجميع ينتظرونه في الطابق السفلي، كان غلاف لوح شوكولاتة مارس لا يزال مطويًا في قبضته.|Solar|Ian McEwan|true|en|true
08:00|0800-030|في الثامنة| أسمع ضجيجًا عند باب الجناح، بعيدًا في نهاية الردهة، بعيدًا عن نظري. يبدأ باب الجناح هذا بالانفتاح في الثامنة، ويفتح ويغلق ألف مرة في اليوم، كاشاش، كليك.|One Flew Over the Cuckoo’s Nest|Ken Kesey|true|en|true
08:00|0800-031|الساعة الثامنة|تناولت أنا والسيد بامبليتشوك الإفطار في الساعة الثامنة في غرفة الجلوس خلف المتجر، بينما تناول صاحب المتجر كوب الشاي وقطعة من الخبز والزبدة على كيس من البازلاء في واجهة المتجر.|Great Expectations|Charles Dickens|true|en|true
08:00|0800-032|الثامنة صباحًا|السيدة روتشستر! لم تكن موجودة: لن تولد حتى الغد، بعد الساعة الثامنة صباحًا بقليل؛ وسأنتظر حتى أتأكد من أنها قد أتت إلى العالم حية، قبل أن أمنحها كل تلك الممتلكات.|Jane Eyre|Charlotte Brontë|true|en|true
08:00|0800-033|الساعة الثامنة|هنا سأراقب الليل وأنتظر<br>لأرى إشراقة الصباح،<br>حين يسمع دقات الساعة الثامنة<br>وليس التاسعة؛|A Shropshire Lad|A.E. Housman|true|en|true
08:00|0800-034|الساعة الثامنة|لا بد أن أحدهم كان يكذب بشأن جوزيف ك.، فقد أُلقي القبض عليه ذات صباح دون أن يرتكب أي خطأ. ولم تحضر طباخة صاحبة المنزل، التي كانت تحضر له الفطور دائمًا في الساعة الثامنة، في هذه المناسبة.|The Trial|Franz Kafka|true|en|true
08:00|0800-035|الساعة الثامنة صباحًا|في صباح اليوم التالي، استيقظتُ في الساعة الثامنة صباحًا يا إخوتي، وكنتُ ما زلتُ أشعر بالإرهاق الشديد والتعب، وكانت عيناي ملتصقتين ببعضهما بشكلٍ مُرعب بسبب غراء النوم، فقررتُ ألا أذهب إلى المدرسة.|A Clockwork Orange|Anthony Burgess|true|en|true
08:00|0800-036|الساعة الثامنة|بعد ثلاثة أيام من الشجار، استيقظ الأمير ستيبان أركاديفيتش أوبلونسكي - ستيفا، كما كان يُعرف في الأوساط الراقية - في موعده المعتاد، أي في الساعة الثامنة صباحًا، ليس في غرفة نوم زوجته، بل على الأريكة المغطاة بالجلد في مكتبه.|Anna Karenina|Leo Tolstoy|true|en|true
08:00|0800-037|الثامنة تمامًا|كان صباحًا صيفيًا جميلًا. أشارت عقارب الساعة الهولندية في الردهة إلى التاسعة وثلاث عشرة دقيقة؛ وعقارب الساعة البرونزية المذهبة في غرفة الجلوس إلى العاشرة وإحدى عشرة دقيقة؛ وعقارب ساعة العربة على رف الكتب إلى السادسة إلا أربع عشرة دقيقة. بعبارة أخرى، كانت الساعة الثامنة تمامًا؛ وأقرت السيدة هيغنيت بذلك بتحريك رأسها على الوسادة، وفتح عينيها، والجلوس في السرير. كانت تستيقظ دائمًا في الثامنة تمامًا.|Three Men and a Maid|P.G. Wodehouse|true|en|true
08:00|0800-038|الثامنة| عندما فتح النوافذ صباحًا، كانت السماء ملبدة بالغيوم كما كانت، لكن الهواء بدا أنقى، فتسلل إليه الندم. ألم يكن تقديم الإشعار متسرعًا وخاطئًا، نتيجة وعكة صحية بسيطة؟ لو أنه تريث قليلًا، لو لم يكن سريع الاستسلام لليأس، لو أنه حاول بدلًا من ذلك التأقلم مع الجو أو انتظار تحسن الأحوال الجوية، لكان الآن متحررًا من التوتر والإجهاد، ويتطلع إلى قضاء صباح على الشاطئ مثل صباح اليوم السابق. فات الأوان. عليه أن يستمر في الرغبة فيما كان يريده بالأمس. ارتدى ملابسه ونزل إلى الطابق الأرضي في الثامنة لتناول الإفطار.|Death in Venice|Thomas Mann|true|en|true
08:01|0801-000|ثمانية-واحدة|ثمانية-واحدة، تيك-توك، الساعة الثامنة-واحدة، إلى المدرسة، إلى العمل، اركض، اركض، ثمانية-واحدة!|There Will Come Soft Rains|Ray Bradbury|true|en|true
08:01|0801-001|8:01 صباحًا|8:01 صباحًا<br>لا يزال صدر دوري بيريتز يشعر وكأنه يحترق، إحساس حارق بدا وكأنه ينتشر عبر الجزء الأمامي من جذعه بالكامل؛ في الواقع، كان يشعر بالسوء الشديد.|Project Cyclops|Thomas Hoover|false|en|true
08:02|0802-000|ثمانية صفر اثنان|ثمانية صفر اثنان، وفاة العريف ليتلبوتومبوتوم... ثمانية صفر ثلاثة... وفاة الرقيب ديتريتوس... ثمانية صفر ثلاثة وثلاثة وثلاثة وسبع ثوانٍ... وفاة الشرطي فيزيت... ثمانية صفر ثلاثة وتسعين وتسعين ثانية... وفاة...|Jingo|Terry Pratchett|true|en|true
08:03|0803-000|الثامنة وثلاث دقائق| عندما انتهى سكوت من تناول آخر لقمة، نظر إلى ساعته: الثامنة وثلاث دقائق - وقت كافٍ لتناول القهوة قبل استقلال سيارة أجرة إلى المطار.|Honor Among Thieves|Jeffrey Archer|true|en|true
08:03|0803-001|بعد الثامنة بثلاث دقائق|حسنًا، من الواضح أنها ماتت، وهذا حدث مؤخرًا. خلال الساعتين الماضيتين، إن ألححتم عليّ. لكن لا بد أنكم توصلتم إلى هذا الاستنتاج بأنفسكم، وإلا لما قتلتموها. متى قلتم إنكم وجدتموها؟ بعد الثامنة بثلاث دقائق.|Death of an Expert Witness|P.D. James|true|en|true
08:03|0803-002|8:03 صباحًا|8:03 صباحًا<br>كان الناس في إيفانستون يتحركون ببطء شديد. كان الأمر مختلفًا عندما كانت الأرصفة مغطاة بالجليد والثلوج المتراكمة بفعل تأثير البحيرة. لكن هذا كان شهر يونيو، اليوم التالي لعيد ميلاد إيفا، ابنة عم براك، والذي كان يعني في السابق حفلة عائلية كبيرة تُعلن بداية الصيف، على الأقل قبل أن يرحل والدها ويدخل شقيقها راندي إلى مركز إعادة التأهيل.|Kitchens of the Great Midwest|J. Ryan Stradal|false|en|true
08:03|0803-003|ثمانية صفر ثلاثة|ثمانية صفر اثنان، وفاة العريف ليتلبوتومبوتوم... ثمانية صفر ثلاثة... وفاة الرقيب ديتريتوس... ثمانية صفر ثلاثة ثلاثة وسبع ثوانٍ... وفاة الشرطي فيزيت... ثمانية صفر ثلاثة وتسعون ثانية... وفاة... وفاة... وفاة... وفاة...|Jingo|Terry Pratchett|true|en|true
08:03|0803-004|8:03|"علمني أنه إذا كان عليّ مقابلة شخص ما لموعد، فيجب عليّ رفض اتباع ""العادة البشرية الغبية"" المتمثلة في اختيار وقت عشوائي بناءً على فترات زمنية مدتها خمس عشرة دقيقة. ""لا تقابل الناس أبدًا في الساعة 7:45 أو 6:30 يا جاسبر، ولكن اختر أوقاتًا مثل 7:12 و8:03!"""|A Fraction of the Whole|Steve Toltz|true|en|true
08:03|0803-005|الثامنة وثلاث دقائق|قد أتحدث مع الطبيب العام بشأن الحصول على بعض الحبوب المنومة. لاحظت أن ساعتي توقفت عند الثامنة وثلاث دقائق، وتساءلت عما إذا كان هذا هو الوقت المحدد لوفاة طفلنا.|Rock Paper Scissors|Alice Feeny|true|en|true
08:04|0804-000|8:04 صباحًا|8:04 صباحًا<br>كان الهاتف يرن، لكن مارك كان لا يزال في نوم عميق. استمر الرنين.|Shall We Tell the President?|Jeffrey Archer|true|en|true
08:04|0804-001|8:04|كان لكل موظف جدول ساعات عمل خاص به، يتزامن مع رحلتين فقط للترام قادمتين من المدينة: كان على الموظف (أ) الحضور في الساعة 8:00، والموظف (ب) في الساعة 8:04، والموظف (ج) في الساعة 8:08، وهكذا، وينطبق الأمر نفسه على أوقات الانصراف، بحيث لا تتاح الفرصة لزميلين للسفر في نفس عربة الترام.|The Periodic Table|Primo Levi|true|en|true
08:05|0805-000|8.05 صباحًا|8.05 صباحًا تجهيز حقيبة المدرسة|The Curious Incident of the Dog in the Night-Time|Mark Haddon|true|en|true
08:05|0805-001|الثامنة وخمس دقائق|"حسنًا، إنها الثامنة وخمس دقائق الآن، قلت لدريك. ""من الأفضل أن تذهب فورًا وتُنظم حفلة صاخبة. لا أمل في القيام بمهمة بحرية الليلة، لكن من الأفضل أن نكون في الجانب الآمن."""|Eight Hours from England|Anthony Quayle|true|en|true
08:06|0806-000|الثامنة وست دقائق| قضيت ليلة مضطربة مع بعض الحمى، وتأخرت قليلاً في الانطلاق. وصلت إلى المنارة في تمام الساعة الثامنة وست دقائق. لم أتمكن من الدخول. كان الباب مغلقًا.|The Lighthouse|P.D. James|true|en|true
08:07|0807-000|الثامنة وسبع دقائق|كانت الساعة الثامنة وسبع دقائق عندما رأت لارا بيتي جيفريز تسرع نحو المدرسة برفقة أطفالها.|Dreams Beneath a Red Sun|Elizabeth Haran|true|en|true
08:08|0808-000|8:08|كان لكل موظف جدول ساعات عمل خاص به، يتزامن مع رحلتين فقط للترام قادمتين من المدينة: كان على الموظف (أ) الحضور في الساعة 8:00، والموظف (ب) في الساعة 8:04، والموظف (ج) في الساعة 8:08، وهكذا، وينطبق الأمر نفسه على أوقات الانصراف، بحيث لا تتاح الفرصة لزميلين للسفر في نفس عربة الترام.|The Periodic Table|Primo Levi|true|en|true
08:09|0809-000|8.09|" نظر إلى ابنه. ""هل كنت تسجل كل هذه الأسماء بالطريقة التي علمتك إياها؟""<br>""بالتأكيد يا أبي. السيد بارنيل، 7.47؛ السيد باركر، 8.09؛ السيد تيودور-جونز، 8.11؛ السيد ألكسندر، 8.23."""|The Grass is Always Greener|Jeffrey Archer|true|en|true
08:09|0809-001|8:09|تبع الصرخات في الممر. كانت ساعة الحائط تشير إلى 8:09-10:09 بتوقيت دالاس.|American Tabloid|James Ellroy|true|en|true
08:10|0810-000|8:10|" قالت: ""يا كسول، حان وقت الاستيقاظ. أحد أفراد قوات البحرية الخاصة أعدّ الفطور، ولا أعتقد أنه من المفترض أن تتأخر.""<br>""أجل، أجل. كم الساعة؟""<br>نظرت إلى الساعة الرقمية على منضدة سريرها. ""8:10."""|Lionhearts|Ray Keating|true|en|true
08:10|0810-001|8:10.| كان سلون، بكتفه المثقوب، جالسًا في صالة أخرى. كان في حالة هذيان جزئي، وظل ينادي بشيء ما عن محاضرة في الكيمياء في الساعة 8:10.|This Side of Paradise|F. Scott Fitzgerald|true|en|true
08:10|0810-002|8.10 صباحًا|8.10 صباحًا. اقرأ كتابًا أو شاهد فيديو|The Curious Incident of the Dog in the Night-Time|Mark Haddon|true|en|true
08:10|0810-003|8:10| انخفض عداد الخلايا إلى 400,000. استيقظت الساعة 8:10. أنام الساعة 7:15. (يبدو أنني فقدت ساعتي دون أن أدرك ذلك، واضطررت للقيادة إلى المدينة لشراء واحدة أخرى.)|The Voices of Time|J.G. Ballard|true|en|true
08:11|0811-000|8.11|" نظر إلى ابنه. ""هل كنت تسجل كل هذه الأسماء بالطريقة التي علمتك إياها؟""<br>""بالتأكيد يا أبي. السيد بارنيل، 7.47؛ السيد باركر، 8.09؛ السيد تيودور-جونز، 8.11؛ السيد ألكسندر، 8.23."""|The Grass is Always Greener|Jeffrey Archer|true|en|true
08:11|0811-001|الثامنة وإحدى عشرة دقيقة|" نادى على الكلبتين: ""هل ترغبان في تشغيل المحرك؟"" وأشار إلى منصة القيادة. ضحكتا لكنهما رفضتا، وصعدتا مع حوض الاستحمام إلى إحدى العربات. كانتا ترتديان قبعات جذابة للغاية، مزينة بزهرة واحدة لكل منهما، لكن جمال وجهيهما جعلك تعتقد أن الأمر يتجاوز ذلك. لسبب ما، كانتا ترتديان ورودًا بيضاء مثبتة على فساتينهما. نظرتُ إلى الساعة مرة أخرى: الثامنة وإحدى عشرة دقيقة."|The Blackpool Highflyer|Andrew Martin|true|en|true
08:12|0812-000|8:12 صباحًا| في تمام الساعة 8:12 صباحًا، قبيل لحظة الفجر، كانت جميع أعمال الأقبية تُنجز على قدم وساق - نقل القمامة من العلب الصغيرة إلى الكبيرة؛ الجدات المستيقظات باكرًا، واللواتي يعانين من الأرق، يلقين الغسيل في الأحواض الكبيرة؛ الأولاد الذين يرتدون سراويل السباحة يدفعون عربات الأطفال إلى الصباح البارد. |In Time Which Made a Monkey of Us All|Grace Paley|true|en|true
08:13|0813-000|8:13 صباحًا|في تمام الساعة 8:13 صباحًا، رنّت ساعة المنبه في المختبر. ضغط إيدي على زر في الهيكل السفلي لإبريق قهوة زجاجي عادي، ومن فوهته امتد أنبوبان إلى داخل الجدار.|In Time Which Made a Monkey of Us All|Grace Paley|true|en|true
08:14|0814-000|الثامنة وأربع عشرة دقيقة|"في تمام الساعة الثامنة وأربع عشرة دقيقة، دخل رجل يرتدي معطفًا من جلد الغنم. كان يدخن سيجارة ملفوفة يدويًا. مدّ الرجل يده بمرح وقال: ""ستكون أنت السيد مون""."|The Monarch of the Glen|Neil Gaiman|true|en|true
08:14|0814-001|8:14 صباحًا|"8:14 صباحًا<br>سأل راميريز: ""ماذا حدث؟"" كان هيلينغ قد نبهه عبر جهاز لاسلكي واستدعاه إلى الردهة. هناك كان الألمان عائدين، وكان هينيس سومر مغطى بالدماء ويحمله رودولف شيندلر وبيتر ماير."|Project Cyclops|Thomas Hoover|false|en|true
08:15|0815-000|8:15|"""أحضروا لي رئيس جهاز الخدمة السرية في البيت الأبيض.""<br>""حاضر سيدي.""<br>نظر المدير إلى ساعته: 7:10. كان من المقرر وصول أندروز في الساعة 8:15. رن الهاتف."|Shall We Tell the President?|Jeffrey Archer|true|en|true
08:15|0815-001|8:15 صباحًا| لم يطلب أحد من لويس في مكتب الاستقبال هويته أو دفع أي مبلغ. اصطحبته امرأة مسنة إلى غرفة صغيرة نظيفة للغاية، ثم غادرت دون أن تنبس ببنت شفة. كانت أول رحلة طيران مباشرة من براغ إلى فيينا تغادر في تمام الساعة 8:15 صباحًا، وقد قرر موست أنه لا ينبغي للويس أن يقضي الساعات الفاصلة في انتظاره في صالة المطار. |The Nameless Ones|John Connolly|true|en|true
08:15|0815-002|الثامنة والربع| لم يتفاجأ كيسي كينغسلي تمامًا برؤية موظفه الجديد جالسًا خارج مكتبه عندما وصل في تمام الساعة الثامنة والربع صباحًا. ولم يتفاجأ أيضًا برؤية الزجاجة التي كان تورانس يحملها في يديه، وهو يفك غطاءها أولًا، ثم يعيده ويغلقه بإحكام مرة أخرى - فقد كانت لديه تلك النظرة الخاصة منذ البداية، نظرة متجر كابي للمشروبات الكحولية الشاردة.|Doctor Sleep|Stephen King|true|en|true
08:15|0815-003|الثامنة والربع|حدث هذا في الشتاء، قرب أقصر يوم في السنة، وبعد أسبوع من الضباب، لذا لم يكن الظلام الدامس الذي خيّم على المكان عندما استيقظ جورج صباحًا دليلًا له على الوقت. مدّ يده وأخرج ساعته. كانت الثامنة والربع.|Three Men in a Boat|Jerome K. Jerome|true|en|true
08:15|0815-004|الثامنة والربع|" دققت النظر في معصمك: ""إنها الثامنة والربع. (وهنا انقسم الوقت). سأشغله."" تحولت الشاشة في بياضها الناصع إلى ضبابية نابضة بالحياة، وانطلقت الموسيقى."|Pale Fire|Vladimir Nabokov|true|en|true
08:16|0816-000|الثامنة وست عشرة| أسير بين أشجار الفاكهة نحو رقعة أرض بنية مربعة ضخمة تنمو فيها النباتات في صفوف متراصة. لا بد أن هذه هي الخضراوات. أدفع إحداها بحذر بقدمي. قد تكون ملفوفة أو خس. أو ربما أوراق شيء ما ينمو تحت الأرض. لأكون صريحة، قد يكون كائنًا فضائيًا. ليس لدي أدنى فكرة. أجلس على مقعد خشبي مغطى بالطحالب وأنظر إلى شجيرة قريبة مغطاة بأزهار بيضاء. مم. جميلة. ماذا الآن؟ ماذا يفعل الناس في حدائقهم؟ أشعر أنني بحاجة إلى شيء أقرأه. أو شخص أتصل به. أصابعي تتوق للتحرك. أنظر إلى ساعتي. ما زالت الثامنة وست عشرة دقيقة فقط. يا إلهي.|The Undomestic Goddess|Sophie Kinsella|true|en|true
08:17|0817-000|8:17|" قال تي. هاميلتون ماكنزي: ""إذن فلننطلق"". نظر إلى ساعته. كانت الساعة 8:17. مع قليل من الحظ، قد يلحق بالاجتماع في الوقت المحدد."|Honor Among Thieves|Jeffrey Archer|true|en|true
08:17|0817-001|8:17|استقل قطار الساعة 8:17 الذي يفضله المسافرون يوميًا من أكسفورد إلى لندن. بدا أن جميع من كانوا على الإفطار يعرفون بعضهم، وشعر ستيفن وكأنه ضيف غير مدعو في حفلة شخص آخر.|Not a Penny More, Not a Penny Less|Jeffrey Archer|true|en|true
08:17|0817-002|8:17 صباحًا|ليل: صباح الخير، لا داعي. تفقد صندوق البريد.<br>أنا: إنها الساعة 8:17 صباحًا بالضبط.<br>ليل: أعلم أنه وقت مبكر. تركت لك شيئًا عندما كنت أتمشى. أنصحك بأخذه الآن.|Blink And We’ll Miss It|Ginny Kochis|true|en|true
08:17|0817-003|8:17 صباحًا|" بعد الإفطار، أخرج عمي من جيبه دفتر ملاحظات صغيرًا مخصصًا للملاحظات العلمية. راجع أدواته وسجل ما يلي:<br>""الاثنين، 1 يوليو.<br>الساعة: 8:17 صباحًا؛ البارومتر: 297 بوصة؛ الترمومتر: 6 درجات (43 درجة فهرنهايت). الاتجاه: شرق، جنوب شرق.""<br>هذه الملاحظة الأخيرة تنطبق على المعرض المظلم، وقد أشارت إليها البوصلة."|Journey to the Center of the Earth|Jules Verne|true|en|true
08:17|0817-004|الثامنة وسبعة عشر|هيا، لا يمكنني الاستسلام الآن. سأجلس هنا قليلاً وأستمتع بالهدوء. أتكئ للخلف وأراقب عصفورًا صغيرًا مرقطًا ينقر الأرض القريبة لبعض الوقت. ثم أنظر إلى ساعتي مرة أخرى: الثامنة وسبعة عشر. لا أستطيع فعل هذا.|The Undomestic Goddess|Sophie Kinsella|true|en|true
08:18|0818-000|الثامنة وسبع عشرة دقيقة أو ثماني عشرة دقيقة|لنفترض أنهم غادروا في الساعة الثامنة وسبع عشرة دقيقة أو ثماني عشرة دقيقة. في هذه الحالة، لا بد أنهم تبعوا جوان جارلاند، وربما كانوا يقودون أسرع منها.|Kissing the Gunner’s Daughter|Ruth Rendell|true|en|true
08:19|0819-000|8:19|"في الساعة 8:19 تلقت مكالمة هاتفية ثانية لإبلاغها بأن الطائرة قد أقلعت من عمّان وعلى متنها ""الشحنة""."|Honor Among Thieves|Jeffrey Archer|true|en|true
08:19|0819-001|الساعة 8:19| كنت قد رتبت للقاء مسؤول الصحة المهنية في الساعة 10:30. استقللت القطار من محطة واتفورد جانكشن في الساعة 8:19 ووصلت إلى محطة لندن يوستون متأخرًا سبع دقائق، في الساعة 8:49.|The Terrible Privacy of Maxwell Sim|Jonathan Coe|true|en|true
08:20|0820-000|الثامنة وعشرين دقيقة| كان يراقب ركاب الصباح الباكر وهم يتدفقون على كل قطار. وبحلول الثامنة وعشرين دقيقة، قدر آدم أنهم بلغوا ذروتهم. تأكد من أن الرمز في مكانه وغادر مخبئه لينضم إلى الحشد وهم يتجهون إلى العمل.|A Matter of Honor|Jeffrey Archer|true|en|true
08:20|0820-001|الثامنة وعشرون دقيقة|أخذتُ القارب هذا الصباح لمدة أربعين دقيقة تقريبًا لاختبار المحرك. كان يُسبب بعض المشاكل. استغرق ذلك من الساعة السابعة وخمس وأربعين دقيقة حتى الثامنة وعشرون دقيقة، وهو وقت قريب جدًا.|The Lighthouse|P.D. James|true|en|true
08:20|0820-002|8:20|في طرفي الساحة الأمامية، ألقت كرتان ضوئيتان كبيرتان، مدعومتان بدلافين برونزية، بركًا متلألئة على سطح الماء المتلاطم، الذي كان يتلألأ، بينما كانت تراقبه، كعباءة كبيرة من الساتان الأسود، تهتز وتُملس وتتمايل برفق بيد خفية. نظرت ماندي إلى ساعتها: 8:20.|Original Sin|P.D. James|true|en|true
08:20|0820-003|الثامنة وعشرون دقيقة|الثامنة وعشرون دقيقة، تُرسل البطاقات والألغاز.|One Flew Over the Cuckoo’s Nest|Ken Kesey|true|en|true
08:20|0820-004|8:20|عندما تتوقف آلات الكتابة (8:20 وغيرها من الساعات الأسطورية)، ولا توجد طلعات جوية لقاذفات أمريكية في السماء، وحركة المرور ليست كثيفة في شارع أكسفورد، يمكنك سماع زقزقة طيور الشتاء في الخارج، وهي مشغولة عند مغذيات الطيور التي وضعتها الفتيات.|Gravity’s Rainbow|Thomas Pynchon|true|en|true
08:21|0821-000|8:21 صباحًا| نبح كلب من الحديقة الخلفية، ثم طرق أحدهم باب منزلي الأمامي بقوة. نظرت إلى هاتفي، كانت الساعة 8:21 صباحًا. مرةً تأخرتُ عن بدء يومي، لكنها دائمًا مبكرة بالنسبة لشخص يطرق الباب دون دعوة. |Lost Tomorrows|Matt Coyle|true|en|true
08:22|0822-000|الثامنة واثنتين وعشرين دقيقة|أجرت ديزي فلوري مكالمة الطوارئ 999 في تمام الساعة الثامنة واثنتين وعشرين دقيقة، بعد دقائق قليلة من مغادرتهم.|Kissing the Gunner’s Daughter|Ruth Rendell|true|en|true
08:23|0823-000|8.23|" نظر إلى ابنه. ""هل كنت تسجل كل هذه الأسماء بالطريقة التي علمتك إياها؟""<br>""بالتأكيد يا أبي. السيد بارنيل، 7.47؛ السيد باركر، 8.09؛ السيد تيودور-جونز، 8.11؛ السيد ألكسندر، 8.23."""|The Grass is Always Greener|Jeffrey Archer|true|en|true
08:23|0823-001|الثامنة وثلاث وعشرون دقيقة|" ثم نظر ويدربورن إلى ساعته. ""الثامنة وثلاث وعشرون دقيقة. سأصعد على متن قطار الساعة الثانية عشرة إلا ربع، لذا سيكون هناك متسع من الوقت. أعتقد أنني سأرتدي سترة الألبكة خاصتي - إنها دافئة بما فيه الكفاية - وقبعتي الرمادية المصنوعة من اللباد وحذائي البني."""|The Flowering of The Strange Orchid|H.G. Wells|true|en|true
08:23|0823-002|الساعة الثامنة وثلاث وعشرين دقيقة|شمل ذلك كل ما هو مطلوب من الخادم، من الساعة الثامنة صباحًا، وهي الساعة التي يستيقظ فيها فيلياس فوغ، وحتى الساعة الحادية عشرة والنصف، عندما يغادر المنزل إلى نادي الإصلاح - جميع تفاصيل الخدمة، الشاي والخبز المحمص في الساعة الثامنة وثلاث وعشرين دقيقة، وماء الحلاقة في الساعة التاسعة وسبع وثلاثين دقيقة، والاستحمام في الساعة العاشرة وعشرون دقيقة.|Around the World in Eighty Days|Jules Verne|true|en|true
08:23|0823-003|8:23|في الساعة 8:23، بدت كل فرصة سانحة لبدء تحالف دائم بين فلورين وجيلدر. وفي الساعة 8:24، كانت الدولتان على وشك الحرب.|The Princess Bride|William Goldman|true|en|true
08:24|0824-000|8:24|في الساعة 8:23، بدت كل فرصة سانحة لبدء تحالف دائم بين فلورين وجيلدر. وفي الساعة 8:24، كانت الدولتان على وشك الحرب.|The Princess Bride|William Goldman|true|en|true
08:24|0824-001|الساعة الثامنة وأربع وعشرين دقيقة|"في تمام الساعة الثامنة وأربع وعشرين دقيقة، دخل الشريك الأقدم.<br>بدأ حديثه قائلاً: ""أعتذر بشدة لإبعادكم عن مكاتبكم، ولكن هذا ليس شيئًا شعرت أنه يمكن تغطيته بمذكرة داخلية، أو إدراجه في تقريري الشهري."""|Sons of Fortune|Jeffrey Archer|true|en|true
08:24|0824-002|8:24 صباحًا| نظر أليكس إلى ساعته عندما عادت النادلة بطلبه: 8:24 صباحًا. كان يخطط لدخول المبنى لأول مرة في الساعة 8:55. نظر حوله في المطعم وتساءل كم عدد الزبائن الآخرين الذين يعملون في البنك، والذين يدركون أن رئيس مجلس إدارتهم الجديد يجلس في إحدى المقصورات. |Heads You Win|Jeffrey Archer|true|en|true
08:25|0825-000|8:25|كان هناك الكثير من الأشياء التي سيفعلها الأسبوع المقبل. نظر إلى ساعته: 8:25. لا حبوب ويتيز هذا الصباح.|Shall We Tell the President?|Jeffrey Archer|false|en|true
08:25|0825-001|الثامنة وخمس وعشرين دقيقة|كانت الدقائق الخمس والعشرون من الثامنة وحتى الثامنة وخمس وعشرين دقيقة هي الوقت الوحيد الذي اجتمعت فيه جميع المشتبه بهن، يتناولن الطعام تحت أنظار الآنسة كولينز، وهنّ غارقات في نظرات بعضهن البعض.|Shroud for a Nightingale|P.D. James|true|en|true
08:25|0825-002|ثمانية وخمسة وعشرون دقيقة|ثمانية وخمسة وعشرون دقيقة، يذكر أحدهم أنه كان يراقب أخته وهي تستحم؛ ويتسابق الرجال الثلاثة الجالسون معه على الطاولة لمعرفة من سيكتب ذلك في دفتر الملاحظات.|One Flew Over the Cuckoo’s Nest|Ken Kesey|false|en|true
08:25|0825-003|بعد خمس وعشرين دقيقة|" في اليوم التالي، جلس جاي على مكتبه في تمام الساعة الثامنة. بعد خمس وعشرين دقيقة، جاءت إيرين. ""حان وقت الذهاب إلى الاجتماع.""<br>وقف جاي. ""من سيتولى الرد على المكالمات الهاتفية؟"""|The Arachne Portal|Joan Marie Verba|true|en|true
08:26|0826-000|الثامنة وست وعشرون دقيقة|"استدار وسأل الشاب: ""كم الساعة؟"" نظر الشاب بفخر إلى ساعته الجديدة، التي لم يرفع عينيه عنها لحظة واحدة.<br>""الثامنة وست وعشرون دقيقة وعشرون ثانية."""|Honor Among Thieves|Jeffrey Archer|true|en|true
08:26|0826-001|الساعة الثامنة وست وعشرين دقيقة|انفجرت بعد وقت طويل من الموعد المحدد، ربما بعد اثنتي عشرة ساعة، في تمام الساعة الثامنة وست وعشرين دقيقة من صباح يوم الاثنين. وأكدت عدة ساعات يد معطلة، تعود ملكيتها للضحايا، التوقيت. وكما هو الحال مع سابقاتها خلال الأشهر القليلة الماضية، لم يكن هناك أي تحذير.|The Little Drummer Girl|John le Carré|true|en|true
08:27|0827-000|8:27|عند وصوله إلى الرصيف رقم واحد في محطة سيفينوكس، كان يشتري نسخة من صحيفة ديلي إكسبريس قبل ركوب قطار الساعة 8:27 المتجه إلى شارع كانون.|Broken Routine|Jeffrey Archer|true|en|true
08:27|0827-001|الثامنة وسبع وعشرين دقيقة|حتى التسكع أثناء تناول الفطور مع والدتي أضاع ساعة كاملة، ورغم أنني لم أخطط للوصول إلى منزل مارج قبل التاسعة، إلا أنني كنت أطرق بابها في تمام الثامنة وسبع وعشرين دقيقة.|Fatally Frosted|Jessica Beck|true|en|true
08:27|0827-002|اقتربت الساعة الآن من الثامنة والنصف|كان من المقرر إلقاء المحاضرة غدًا، وقد اقتربت الساعة الآن من الثامنة والنصف.|A Confederacy of Dunces|John Kennedy Toole|true|en|true
08:28|0828-000|الساعة 8:28 من صباح اليوم|وفي الساعة 8:28 من صباح اليوم التالي، مع شعورٍ غريبٍ بالبرد حول شفتي العليا، وقوةٍ ونشاطٍ كبيرين، كنتُ جالسًا في عربة الدرجة الثالثة، متوجهًا إلى ألمانيا، مرتديًا زي بحارٍ شاب، سترةً قصيرةً وقبعةً ذات قمةٍ وبطانية.|The Riddle of the Sands|Erskine Childers|true|en|true
08:29|0829-000|8:29|"""إذا تجاوزت الساعة الحادية عشرة يا بني، فأعتقد أن لديك فرصة جيدة لحياة طويلة وصحية، لكننا ما زلنا لا نعرف ما إذا كان دكستر أم هاريسون. كما تعلم، أعتقد أنه دكستر."" نظر المدير إلى ساعته مرة أخرى: 8:29 - تبقى 97 دقيقة."|Shall We Tell the President?|Jeffrey Archer|true|en|true
08:29|0829-001|8:29|كان السيد ترينت نفسه يتبع روتينًا صارمًا. ففي كل يوم، كان يستيقظ في الساعة 7 صباحًا، ويتناول فطوره في الساعة 7:30، ويغادر إلى العمل في الساعة 8:10، ويصل في الساعة 8:29.|The Great Train Robbery|Michael Crichton|true|en|true
08:29|0829-002|الساعة 8:29|في تمام الساعة 8:29، ضغطتُ جرس الباب الأمامي في شارع إلجين كريسنت. فتحت الباب امرأة شرقية صغيرة ترتدي مئزرًا أبيض. أدخلتني إلى غرفة جلوس كبيرة فارغة بها مدفأة مفتوحة ولوحتان زيتيتان ضخمتان.|Engleby|Sebastian Faulks|true|en|true
08:30|0830-000|الثامنة والنصف صباحًا| وقف غارد منحنيًا فوق الحفرة في الأرض لبعض الوقت، مسلطًا الضوء الساطع على الأعماق المظلمة. ها هي الساعة، الثامنة والنصف صباحًا فقط، وقد شعر بالفعل برغبة في شرب الماء.|The Tommyknockers|Stephen King|true|en|true
08:30|0830-001|الثامنة والنصف|في تمام الساعة الثامنة والنصف، اقتحمت ميليسنت هاميت الغرفة دون طرق مسبق لتوديعهم.|The Black Tower|P.D. James|true|en|true
08:30|0830-002|الثامنة والنصف|كان السير جون يُوقظ عادةً في تمام الساعة الثامنة والنصف كل صباح على يد كبير الخدم الذي كان يحضر له فطوره، وكبير آخر كان يحضر له ملابسه، وكبير ثالث كانت مهمته إطعام أدولف وستالين إذا لزم الأمر، وكبير رابع كان بمثابة خادم احتياطي.|Johnny and the Bomb|Terry Pratchett|true|en|true
08:30|0830-003|الثامنة والنصف|في الخارج، استمرت الرياح في الازدياد. بين الحين والآخر، كانت تُطلق صرخة تقشعر لها الأبدان حول حافة السقف، مما جعله يرفع نظره عن كتابه. حوالي الساعة الثامنة والنصف، بدأ تساقط الثلج. كان كثيفًا ورطبًا، وسرعان ما غطى نافذته وحجب رؤيته للجبال. بطريقة ما، كان ذلك أسوأ. فقد حجب الثلج النوافذ في فندق أوفرلوك أيضًا.|Doctor Sleep|Stephen King|true|en|true
08:30|0830-004|الثامنة والنصف|رتبنا أمورنا خلال غداء اليوم السابق، وعندما أوقفت سيارتي القديمة في ممر المنزل الفيكتوري الأخضر الكبير في تمام الساعة الثامنة والنصف من صباح يوم الثلاثاء، كانت آني ومايك مستعدين للانطلاق. وكذلك ميلو.|Joyland|Stephen King|true|en|true
08:30|0830-005|الثامنة والنصف|"في الساعة الثامنة والنصف، اتصلت وقلت: ""كنت أفكر في إجراء عملية تكبير للثدي، فقط أزيلهما تمامًا. ما رأيك؟ هل يمكنني الظهور بمظهر الصدر المسطح؟"""|My Year of Rest and Relaxation|Ottessa Moshfegh|false|en|true
08:30|0830-006|الثامنة والنصف|في تمام الساعة الثامنة والنصف، يُفتح باب الجناح ويدخل فنيان يهرولان، تفوح منهما رائحة نبيذ العنب؛ يتحرك الفنيون دائمًا بخطى سريعة أو يهرولون لأنهم يميلون دائمًا إلى الأمام بشدة، لذا عليهم التحرك بسرعة للبقاء واقفين.|One Flew Over the Cuckoo’s Nest|Ken Kesey|true|en|true
08:30|0830-007|٨:٣٠ صباحًا| في تمام الساعة ٨:٣٠ صباحًا، دخلت فيلومينا إلى حانة البيرة، شاحبةً، ممتلئة الجسم، وتلهث من الوزن الزائد الذي بلغ مائة وستة وأربعين رطلاً على جسدها النحيل. |Pomegranate Soup|Marsha Mehran|true|en|true
08:30|0830-008|الثامنة والنصف|" ""يا له من هراء!"" فكّر فرونسكي، وألقى نظرة على ساعته.<br>كانت الساعة الثامنة والنصف بالفعل."|Anna Karenina|Leo Tolstoy|true|en|true
08:30|0830-009|الثامنة والنصف|في تمام الساعة الثامنة والنصف، التقط السيد دورسلي حقيبته، وقبّل السيدة دورسلي على خدها، وحاول تقبيل دادلي مودعًا لكنه أخطأ، لأن دادلي كان في حالة غضب شديد ويرمي حبوبه على الجدران.|Harry Potter and the Sorcerer’s Stone|J.K. Rowling|true|en|true
08:30|0830-010|الثامنة والنصف|الساعة حوالي الثامنة والنصف. تدخل أشعة الشمس من النوافذ على اليمين. مع ارتفاع الستارة، تكون العائلة قد انتهت للتو من تناول الإفطار.|Long Day’s Journey Into Night|Eugene O’Neill|true|en|true
08:30|0830-011|8:30 صباحًا| في 25 يوليو، الساعة 8:30 صباحًا، نفقت الكلبة نوفايا أثناء الولادة. وفي الساعة 10:00، وُضعت في قبرها البارد، وفي الساعة 7:30 من مساء اليوم نفسه، رأينا أولى الكتل الجليدية ورحبنا بها متمنين لو كانت الأخيرة. |The Terrors of Ice and Darkness|Christoph Ransmayr|false|en|true
08:30|0830-012|الثامنة والنصف|كان من المقرر إلقاء المحاضرة غدًا، وقد اقتربت الساعة الآن من الثامنة والنصف.|A Confederacy of Dunces|John Kennedy Toole|true|en|true
08:30|0830-013|الثامنة والنصف|عندما استيقظ في الساعة الثامنة والنصف، كان وحيدًا في غرفة النوم. ارتدى رداءه ووضع سماعة أذنه وتوجه إلى غرفة المعيشة.|Deaf Sentence|David Lodge|true|en|true
08:30|0830-014|الثامنة والنصف|أستطيع أن أرى من ساعتي، دون أن أرفع يدي عن المقبض الأيسر للدراجة، أنها الثامنة والنصف صباحًا.|Zen and the Art of Motorcycle Maintenance|Robert M. Pirsig|true|en|true
08:31|0831-000|8:31 صباحًا|في تمام الساعة 8:31 صباحًا بتوقيت جبال روكي، انفجرت امرأة على متن رحلة الخطوط الجوية العالمية رقم 196 بالبكاء وبدأت تُردد رأيها، الذي ربما لم يكن غريبًا على بعض الركاب الآخرين (أو حتى الطاقم)، بأن الطائرة ستتحطم.|The Shining|Stephen King|true|en|true
08:32|0832-000|الثامنة واثنان وثلاثون دقيقة|"استيقظ فجأةً عندما سقط غلاف كتاب ""آخر سجلات بارست"" على الأرض. تحسس ساعته، فرأى بدهشة أنها الثامنة واثنان وثلاثون دقيقة، بداية متأخرة لليوم."|The Lighthouse|P.D. James|true|en|true
08:32|0832-001|8:32 صباحًا|إنها الساعة 8:32 صباحًا من يوم 24 ديسمبر، وأنا وهنري في طريقنا إلى منزل ميدولارك لقضاء عيد الميلاد. إنه يوم جميل صافٍ، لا ثلج هنا في شيكاغو، ولكن ست بوصات على الأرض في ساوث هافن.|The Time Traveler’s Wife|Audrey Niffenegger|true|en|true
08:32|0832-002|0832|"أتساءل يا دون، هل يعرف أحد الوقت بدقة أكبر، لأن داي لا يعرفه.<br>ينظر غيتلي إلى ساعته الرقمية الرخيصة، ورأسه لا يزال متدليًا على ذراع الأريكة. ""لديّ 0832:14، 15، 16 يا راندي.""<br>""شكرًا جزيلًا يا دي. جي. يا رجل."""|Infinite Jest|David Foster Wallace|true|en|true
08:32|0832-003|8.32 صباحًا|8.32 صباحًا. استقل الحافلة إلى المدرسة|The Curious Incident of the Dog in the Night-Time|Mark Haddon|true|en|true
08:33|0833-000|8:33|بدأ هبوطه في الساعة 8:33، ووصل إلى البوابة في الموعد المحدد لأول مرة منذ شهور. عندما أطفأ المحرك، قام ثلاثة رجال على الفور بسد الممر وظلوا هناك حتى دخل نائب المدير ومرافقوه إلى داخل مبنى الركاب.|Honor Among Thieves|Jeffrey Archer|true|en|true
08:33|0833-001|08:33| لقد فات الأوان لمشاهدة التلفاز بسبب الكعكة، الساعة تشير إلى 08:33. كاد هودي الأصفر أن يمزق رأسي عندما كانت أمي تسحبه.|Room|Emma Donoghue|true|en|true
08:34|0834-000|08:34| في تمام الساعة 08:34، توقفت سيارة روفر 800 الرسمية السوداء التابعة للجنرال كونراد باين خارج الحاجز الحديدي القبيح الذي يحرس مدخل داونينج ستريت.|Doomsday Ultimatum|James Follett|true|en|true
08:35|0835-000| ٨:٣٥ صباحًا | تم التسليم عن طريق خدمة البريد السريع، وكان ختم المكتب يشير إلى الساعة ٨:٣٥ صباحًا كموعد التسليم. فتحت الظرف وسحبت الصورة اللامعة مقاس ٤¼ × ٣¼ بوصة، والتي كانت كل ما بداخله. |The Big Sleep|Raymond Chandler|true|en|true
08:35|0835-001|الثامنة وخمس وثلاثون دقيقة| كانت الساعة الثامنة وخمس وثلاثون دقيقة على الساعة الكبيرة للمبنى المركزي عندما عبر ماثيو الساحة متجهاً إلى المكتب الذي يشغله ككبير المصممين. عمل لمدة ثماني سنوات في المصنع حيث بدأ مسيرته المهنية كمساعد رسام هندسي وهو في التاسعة عشرة من عمره فقط، بعد دراسة متميزة ومتخصصة، وكان يتقاضى آنذاك راتباً قدره مئة فرنك شهرياً.|Fruitfulness|Emile Zola|true|en|true
08:35|0835-002| 8:35 صباحًا | الجدة العجوز: (تلوح بخنجر نحو يد ستيفن) أبعديه يا أكوشلا. في الساعة 8:35 صباحًا ستكونين في الجنة وستتحرر أيرلندا. (تدعو) يا إلهي، خذه! |Ulysses|James Joyce|true|en|true
08:36|0836-000|الساعة 08:36|أُطلقت القنبلة الحمراء الأولى في الساعة 08:36 والثانية بعدها بلحظات. كانت سحب الدخان الأخضر من القنابل الحمراء لا تزال معلقة في السماء عندما وصل بيت، يلهث ولكنه لا يزال يركض.|Lifeboat!|Margaret Dickinson|true|en|true
08:37|0837-000|8:37| نهض بيرس وأخرج ساعته من سترته، قطعة ذهبية نظيفة بشكل غريب في نهاية سلسلة سوداء كالسخام. فتحها بسرعة: كانت الساعة 8:37.|The Great Train Robbery|Michael Crichton|true|en|true
08:37|0837-001|8:37 صباحًا|الجمعة 8:37 صباحًا<br>عندما نزل فانس من العربة الآلية، كان الحظيرة المحيطة به مغطاة ببخار أبيض. السحابة الدوامة على الأرض، والتباين الغريب بين الضوء والظلام، والصوت المُكبّر الذي أعلن العد التنازلي - كل ذلك زاد من غرابة المشهد.|Project Daedalus|Thomas Hoover|true|en|true
08:37|0837-002|الثامنة وسبعة وثلاثون دقيقة|الثامنة وسبعة وثلاثون دقيقة صباحًا، باتريس لين، خطر بيولوجي: الكلب سليم. كانت المرأة التي قامت بالمساعدة امرأة تتحدث بلكنة ما. لماذا لم تتصل بي؟|Magic Bleeds|Ilona Andrews|true|en|true
08:38|0838-000|08:38|" توقفت سيارة فاسكيز في كارفراميل - في الساعة 08:38، كما أشار.<br>""أجل - و...؟""<br>""متجه شمالًا يا رجل!"" قالها بنبرة حادة."|A Deviant Breed|Stephen Coill|true|en|true
08:39|0839-000|8:39 صباحًا|"8:39 صباحًا<br>""سيبدأ كل شيء خلال خمس دقائق،"" أعلنت كارولين شيفر بصوتٍ خافتٍ على المسرح، وهي تميل فوق كتفه. كانت كارولين، وهي فتاة شقراء من أوهايو، تعمل سكرتيرةً صحفيةً - وهو منصبٌ ناضلت من أجله وأحبته - وكانت تُنظّم ظهور الرئيس الإعلامي بكفاءةٍ باردةٍ تُشبه كفاءة رقيب تدريبٍ نازي."|Project Cyclops|Thomas Hoover|true|en|true
08:39|0839-001|8:39 صباحًا| وذلك لأنه عندما أُطلقت الرصاصة الأولى في الساعة 8:39 صباحًا، كنت نائمًا بجانب صديقتي كارمن، بينما كان البوربون يغمر كبدنا، وقطرات الكوكايين عالقة في حناجرنا، ومنعتها حبوب منع الحمل من الحمل في ليلة بالكاد نتذكرها. ليلة محرمة بكل معنى الكلمة؛ كان بإمكاني تغيير اسمي إلى باتريك وإطلاق مدونة للملحدين.|Cairo Circles|Doma Mahmoud|false|en|true
08:39|0839-002|8:39 صباحًا| لاحظ دوغ ماكغواير الساعة المبكرة، 8:39 صباحًا، على ساعة الحائط الوحيدة التي كانت تُعلن التوقيت الصيفي للساحل الشرقي. |Terminal Compromise|Winn Schwartau|true|en|true
08:40|0840-000|8:40|غادر شيري-نيذرلاند بعد الساعة 8:40 بقليل، وبحلول الوقت الذي وصل فيه إلى ليكسينغتون، كان على وشك مواجهة غضب المدير.|Cometh the Hour|Jeffrey Archer|true|en|true
08:40|0840-001|٨:٤٠ صباحًا| في تمام الساعة ٨:٤٠ صباحًا، تم نقلها على نقالة إلى مستشفى مايو العام، وقد أصيبت بحروق وبثور نتيجة استخدام جهاز تسمير تحول إلى غرفة تعذيب. |Pomegranate Soup|Marsha Mehran|false|en|true
08:40|0840-002|8:40|" في هذه اللحظة، أشارت الساعة إلى 8:40. قال أندرو ستيوارت: ""خمس دقائق أخرى"". نظر الأصدقاء الخمسة إلى بعضهم البعض. يمكن للمرء أن يخمن أن دقات قلوبهم كانت متسارعة قليلاً، لأنه حتى بالنسبة للمقامرين الجريئين، كان الرهان كبيرًا."|Around the World in Eighty Days|Jules Verne|true|en|true
08:40|0840-003|التاسعة إلا عشرين دقيقة| عندما وقفت أمامها، متجنبًا النظر إليها، لاحظت الأشياء المحيطة بي بتفصيل، ورأيت أن ساعتها توقفت عند التاسعة إلا عشرين دقيقة، وأن ساعة في الغرفة توقفت عند التاسعة إلا عشرين دقيقة.|Great Expectations|Charles Dickens|true|en|true
08:41|0841-000|08:41|الساعة الآن 08:41 وأنا في السرير أتدرب. ملأت أمي كيسًا بلاستيكيًا بماء ساخن جدًا وربطته بإحكام حتى لا ينسكب منه شيء، ثم وضعته في كيس آخر وربطته أيضًا.|Room|Emma Donoghue|true|en|true
08:41|0841-001|الثامنة وإحدى وأربعين دقيقة|بحلول الساعة الثامنة وإحدى وأربعين دقيقة، كنا على بُعد خمسمئة ياردة من حافة الماء، وبين طريقنا وسفح الجبل، رأينا بقايا برج مُهدم مُكدسة.|Narrative of a Journey Round the Dead Sea and in the Bible Lands in 1850 and 1851|Félicien de Saulcy|true|en|true
08:42|0842-000|الثامنة واثنتان وأربعون دقيقة|"""أجل، كنت أفكر للتو...""<br>ألقى شان نظرة خاطفة على ساعة الحائط ذات البندول. الثامنة واثنتان وأربعون دقيقة. ثماني عشرة دقيقة قبل أن يُرافق إلى الخلف. ""أنا قلق من أنني تركت خرطوم الري بالتنقيط مفتوحًا. إذا وصل الحارس روي مبكرًا، فأخبره أنني سأعود بعد قليل."""|The Edge of Lost|Kristina McMorris|true|en|true
08:42|0842-001|الساعة التاسعة إلا ثماني عشرة دقيقة|عندما ظهر بلاك أخيرًا في الساعة التاسعة إلا ثماني عشرة دقيقة، انغمست تمامًا في تفاصيل مراقبة يوم الأربعاء. لدرجة أنها بالكاد لاحظت وجوده واقفًا عند باب غرفتها حتى تكلم.|His Hot Number|Shannon Hollis|true|en|true
08:43|0843-000|8:43|"""في كلتا الحالتين، يجب ألا يُسمح له بالعودة إلى البيت الأبيض."" انقطع الخط. أدرك كافالي أن والده كان محقًا في كلا الأمرين. نظر كافالي إلى ساعته مرة أخرى: 8:43."|Honor Among Thieves|Jeffrey Archer|true|en|true
08:43|0843-001|الثامنة وثلاث وأربعون دقيقة|"هل تفهم أن جهاز التسجيل هذا يعمل؟<br>""أجل""<br>""واليوم الأربعاء، 15 مايو، الساعة الثامنة وثلاث وأربعون دقيقة صباحًا.""<br>""كما تقول"""|A Time to Kill|John Grisham|true|en|true
08:43|0843-002|8.43 صباحًا|8.43 صباحًا. تجاوز متجر أسماك الزينة الاستوائية|The Curious Incident of the Dog in the Night-Time|Mark Haddon|true|en|true
08:44|0844-000|الثامنة وأربعًا وأربعين دقيقة|كان العديد من الجنود - بعضهم بزيّهم مفتوح الأزرار - يتفحصون دراجة نارية ويتجادلون بشأنها. نظر الرقيب إلى ساعته؛ كانت الساعة الثامنة وأربعًا وأربعين دقيقة. كان عليهم الانتظار حتى التاسعة. شعر هلاديك، الذي بدا أكثر ضآلة من كونه سيئ الحظ، بأنه على كومة من الحطب.|The Secret Miracle|Jorge Luis Borges|true|en|true
08:45|0845-000|8:45|وصل ديفيد إلى المكتب في تمام الساعة التاسعة صباحًا يوم الاثنين ليجد الباب الأمامي مغلقًا. لم يستطع فهم السبب. كان من المفترض أن تكون السكرتيرات موجودات بحلول الساعة 8:45.|Not a Penny More, Not a Penny Less|Jeffrey Archer|true|en|true
08:45|0845-001|الساعة الثامنة وخمس وأربعون دقيقة|تم اكتشاف الجثتين في الساعة الثامنة وخمس وأربعون دقيقة من صباح يوم الأربعاء 18 سبتمبر/أيلول على يد الآنسة إميلي وارتون، وهي عزباء تبلغ من العمر 65 عامًا من رعية سانت ماثيو في بادينغتون، لندن، ودارين ويلكس، البالغ من العمر عشر سنوات، والذي لم يكن من رعية معينة على حد علمه أو اهتمامه.|A Taste for Death|P.D. James|true|en|true
08:45|0845-002|الساعة التاسعة إلا الربع| عندما استيقظ غاردنر، كان ضوء ساطع يتدفق على وجهه من النافذة الغربية. كان ظهره يؤلمه بشدة، وعندما وقف، أصدر عنقه صريرًا مؤلمًا بسبب التهاب المفاصل جعله يتألم. كانت الساعة التاسعة إلا الربع.|The Tommyknockers|Stephen King|false|en|true
08:45|0845-003|الساعة التاسعة إلا ربع|عندما حلت الساعة التاسعة إلا ربع ولم يظهر أحد بعد، بدأ غاردنر يتساءل عما إذا كانوا قد انسحبوا. راودته الفكرة وهو جالس على كرسي بوبي الهزاز في الشرفة، يلمس الكدمة الكبيرة المنتفخة على جانب وجهه حيث ضربه بوزمان.|The Tommyknockers|Stephen King|true|en|true
08:45|0845-004|الساعة الثامنة وخمس وأربعون دقيقة|"في الساعة الثامنة وخمس وأربعون دقيقة، اتصلت وقلت: ""أحتاج إلى بعض النصائح المالية. في الواقع، أنا جادة. أنا في مأزق."""|My Year of Rest and Relaxation|Ottessa Moshfegh|true|en|true
08:45|0845-005|8:45|دفع للنادلة وغادر المقهى. كانت الساعة 8:45. ضغطت الشمس على الجانب الداخلي لطبقة رقيقة من السحاب. فك أزرار سترته وهو يسرع في شارع كوينزواي. انطلق عقله، متحرراً، إلى الأمام.|Dreams of Leaving|Rupert Thomson|true|en|true
08:46|0846-000|08:46|لا شك أن بيتروف كان يملك جهاز التحكم عن بعد، لذا لم يكن هناك شك الآن في أن هذا الأحمق قد أعاد ضبط الوقت من 08:46 إلى... الآن.|Radiant Angel|Nelson DeMille|false|en|true
08:47|0847-000|٨:٤٧ صباحًا| ٨:٤٧ صباحًا. دخنت سيجارة للتو. لكن يوم الامتناع عن التدخين لا يبدأ رسميًا حتى أرتدي ملابسي. |Bridget Jones’s Diary|Helen Fielding|true|en|true
08:47|0847-001|8.47|في طريقي إلى الكوخ. إنها، اممم، ...8.47. ضباب خفيف على الطرق.|Dirk Gently’s Holistic Detective Agency|Douglas Adams|true|en|true
08:48|0848-000|التاسعة إلا اثنا عشر دقيقة|بالتأكيد لو سارت في شارع سوان ثم في طريق ليدز، لكان بإمكانها الدخول من الباب القديم، وصعود الدرجات القديمة، والجلوس على كرسيها القديم، وجمع مخزونها القديم من الورق والعطور والعلكة، واستئناف عملها من حيث توقفت؟ لكن الساعة كانت التاسعة إلا اثنا عشر دقيقة.|Courage|Malachi Whitaker|true|en|true
08:49|0849-000|8:49|في تمام الساعة 8:49، سُمع طرقٌ عالٍ على الباب، وهمس السير هاميش بكلمة لوم غير مسموعة بينما ذهب ديفيد هيث لفتحه. فوجد الشخص الذي كان على اتصال به واقفًا هناك.|A Matter of Principle|Jeffrey Archer|true|en|true
08:49|0849-001|الساعة 8:49|كنت قد رتبت للقاء مسؤول الصحة المهنية في الساعة 10:30. استقللت القطار من محطة واتفورد جانكشن في الساعة 8:19 ووصلت إلى محطة لندن يوستون متأخرًا سبع دقائق، في الساعة 8:49.|The Terrible Privacy of Maxwell Sim|Jonathan Coe|true|en|true
08:50|0850-000|الساعة التاسعة إلا عشر دقائق|في تمام الساعة التاسعة إلا عشر دقائق، توقفت شاحنة البريد أمام منزل سبروج على مشارف تشيفيشام لتسليم رسالة واحدة.|Death of an Expert Witness|P.D. James|true|en|true
08:50|0850-001|8:50 صباحًا| كان يعلم أنها أساسية لزيارة البابا. عندما وصلت في الساعة 8:50 صباحًا يوم الثلاثاء، سلمتها سكرتيرة كارولان إليه. طلب منها الأسقف إغلاق الباب عند مغادرتها مكتبه.|Warrior Monk|Ray Keating|true|en|true
08:50|0850-002|التاسعة إلا عشر دقائق| اتصل بخادمه، وارتدى ملابسه على عجل، وخرج إلى الدرج، ناسياً الحلم تماماً، ولم يكن قلقه إلا تأخره. وبينما كان يقود سيارته إلى مدخل منزل عائلة كارنينا، نظر إلى ساعته فرأى أنها التاسعة إلا عشر دقائق.|Anna Karenina|Leo Tolstoy|true|en|true
08:50|0850-003|التاسعة إلا عشر دقائق|في تمام الساعة التاسعة إلا عشر دقائق، بدأ الموظفون بالوصول. بعد أن علقوا معاطفهم وقبعاتهم، توجهوا إلى الموقد ووقفوا يتدفؤون. وإن لم تكن هناك نار، فقد وقفوا هناك على أي حال.|The Chestnut Tree|V.S. Pritchett|true|en|true
08:50|0850-004|8:50|"كانت الساعة 8:50 صباحًا، وكنت أنا وبيرني وحدنا في شارع جانبي في أستوريا، ليس بعيدًا عن محل سندويشات يبيع شطيرة سوبريساتا تُسمى ""ذا باي باس"". كنت أتناول تلك الشطيرة أسبوعيًا، وأشرب معها قهوة إسبريسو مع صودا، وأدخن سيجارة، وأذهب للركض. الآن، أصبحت قريبًا جدًا من النكتة لدرجة أنني لا أستطيع طلب الشطيرة، وروضة ابني في خضم انشقاق عقائدي."|The Ask|Sam Lipsyte|true|en|true
08:50|0850-005|الساعة التاسعة إلا عشر دقائق|في تمام الساعة التاسعة إلا عشر دقائق، أي بعد ربع ساعة من القداس المبكر، وقف الصبي مرتدياً زيه المدرسي الخاص بيوم الأحد أمام باب والده.|The Radetzky March|Joseph Roth|true|en|true
08:51|0851-000|٨:٥١ صباحًا|٨:٥١ صباحًا.<br>لم يسبق لبراك أن ذهبت إلى هول فودز في هذا الوقت من الصباح. كان المكان أقل ازدحامًا بكثير من وقت الغداء. كان من المزعج جدًا أن تضطر إلى تفويت تمارين رفع الأثقال، ولكن بعد التقيؤ، احتاجت إلى موزتين، وماء مُعالَج بالتناضح العكسي، ومشروب بروتين لتعويض ما فقدته، بالإضافة إلى مشروب بروتين إضافي لباتريشيا لتعويضها. |Kitchens of the Great Midwest|J. Ryan Stradal|false|en|true
08:51|0851-001|8.51 صباحًا|8.51 صباحًا الوصول إلى المدرسة|The Curious Incident of the Dog in the Night-Time|Mark Haddon|true|en|true
08:52|0852-000|8.52 صباحًا|الرسالة الأولى. الثلاثاء، 8.52 صباحًا. هل من أحد هنا؟ مرحبًا؟|Extremely Loud and Incredibly Close|Jonathan Safran Foer|true|en|true
08:53|0853-000|8:53 صباحًا | نظر روس من النافذة فرأى دييغو مارتينيز يركض بأقصى سرعة على طول السكة باتجاه المحطة. نظر إلى ساعته: 8:53 صباحًا |Be Careful What You Wish For|Jeffrey Archer|true|en|true
08:53|0853-001|8:53 صباحًا|الجمعة 8:53 صباحًا<br>حدق فانس في الجيش الصغير الذي يواجهه، بمن فيهم تانزان مينو وطياره. من المؤكد أن هذا لم يكن التدريب. لقد حدث خطأ جسيم. هل فقد بعض أفراد الطاقم الأرضي السوفيتي أعصابهم وتحدثوا؟ مهما كان ما حدث، فإن الأمور تسير في الاتجاه الخاطئ.|Project Daedalus|Thomas Hoover|true|en|true
08:54|0854-000|8:54 صباحًا| اضطر لدفع ما يقارب جنيهًا إسترلينيًا لسيارة أجرة لضمان وصوله إلى مركز الشرطة في تمام الساعة 8:54 صباحًا. اصطحبه شرطي شاب مباشرةً إلى مكتب المحقق الرقيب وارويك، وليس إلى غرفة التحقيق. |Heads You Win|Jeffrey Archer|true|en|true
08:54|0854-001|الساعة 08:54|هل تعلم أنه في تمام الساعة 08:54 بتوقيت كارثيديان القياسي أمس، ورد تقرير من الكابتن ج. ل. جافيسكا من سفينة الشحن أكسيوس يفيد بالعثور على جثث ركاب السفينة المستأجرة KS55NZ/4 على متنها؟|Doctor Who: The Dalek Generation|Nicholas Briggs|true|en|true
08:55|0855-000|الساعة 8:55|"لكن لم يرن الهاتف إلا في الساعة 8:55 وسمع الصوت المتوقع. بدت كارولين هادئة تمامًا؛ فقط الكلمات كانت ملحة.<br>""يجب أن أراك. الآن. هل يمكنك المغادرة؟"""|Devices and Desires|P.D. James|true|en|true
08:55|0855-001|الساعة التاسعة إلا خمس دقائق| وصلت في تمام الساعة التاسعة إلا خمس دقائق، ووقفت في قاعة عمتيه وهي تقطر ماءً، ملفوفة بكيس بلاستيكي أزرق فاتح لا يظهر منه سوى وجهها. كانت تحمل كيسًا ورقيًا رطبًا، وفمها الكبير مرسوم عليه ابتسامة مترددة. يبدو أنها فقدت بعضًا من ثقتها بنفسها خلال الليل.|The Partridge Festival|Flannery O’Connor|true|en|true
08:55|0855-002|التاسعة إلا خمس دقائق| كان ميرال دافانوس جالسًا على سريره في غرفة العزل الصحي ذات الجدران البيضاء الناصعة، ونظر إلى ساعة الحائط. كانت الساعة تشير إلى التاسعة إلا خمس دقائق. تسللت أشعة شمس الصباح من بين الأشجار. لم يسمع سوى صوت العصافير وهي تتشاجر على الشرفة.|The Dark Foundations|Chris Walley|true|en|true
08:55|0855-003|الساعة التاسعة إلا خمس دقائق| بدأ لينوس يمشي ببطء في الردهة. كان المطر يضرب النوافذ على يساره. تومضت أضواء المصابيح الجدارية على يمينه قليلاً. صرّ حذاؤه على الأرض. شدّ ربطة عنقه. بحلول الوقت الذي وصل فيه إلى الطرف الآخر من الردهة، كانت قد مرت أربع دقائق. وفقًا لساعته، كانت الساعة التاسعة إلا خمس دقائق.|The House in the Cerulean Sea|TJ Klune|true|en|true
08:55|0855-004|الساعة التاسعة إلا خمس دقائق| في تمام الساعة التاسعة إلا خمس دقائق، فُتح باب غرفة الفحص ودخل طبيب أطفال عائلة ستونز. كان الدكتور جون دالتون زميلًا كان دان تورانس سيتعرف عليه، وإن لم يكن باسم عائلته. بالنسبة لدان، كان مجرد الدكتور جون، الذي كان يُعد القهوة في اجتماع الكتاب الكبير مساء الخميس في نورث كونواي.|Doctor Sleep|Stephen King|true|en|true
08:55|0855-005|الساعة التاسعة إلا خمس دقائق|"في تمام الساعة التاسعة إلا خمس دقائق، نزل جاك، مرتدياً زي كبير الخدم الرمادي، من الدرج وقال: ""سيدي الشاب، والدك قادم."""|The Radetzky March|Joseph Roth|true|en|true
08:55|0855-006|التاسعة إلا خمس دقائق|أخرج جورج ساعته ونظر إليها: كانت الساعة تشير إلى التاسعة إلا خمس دقائق!|Three Men in a Boat|Jerome K. Jerome|true|en|true
08:56|0856-000| قبل التاسعة بأربع دقائق|" أخبرتها بأحداث نهاية الأسبوع، وشحب وجهها عندما أخبرتها عن إطلاق النار. ""الحمد لله أنك لم تُصب بأذى.""<br>ناقشنا الحادث لبضع دقائق أخرى، ثم انتبهت إلى الوقت. قبل التاسعة بأربع دقائق."|No Cats Allowed|Miranda James|true|en|true
08:56|0856-001|تقارب التاسعة|كانت الساعة تقارب التاسعة، وكانت الشمس تزداد حرارة كل دقيقة.|Burmese Days|George Orwell|true|en|true
08:56|0856-002|تقارب التاسعة|"أيقظتني السيدة بوبيتس في صباح اليوم التالي.<br>قالت:<br>""هل تعلم أن الساعة تقارب التاسعة يا سيدي؟""<br>""التاسعة ماذا؟"" صرختُ وأنا أنهض.<br>""التاسعة،"" أجابت من ثقب المفتاح. ""ظننت أنكم تنامون أكثر من اللازم."""|Three Men in a Boat|Jerome K. Jerome|true|en|true
08:57|0857-000|الساعة التاسعة إلا ثلاث دقائق| لم يكن مفاجئًا أن يقرع تشارلز أبليجيت جرس بابنا في تمام الساعة التاسعة إلا ثلاث دقائق. فقد بدا وكأنه مثال يُحتذى به في الاعتمادية على الهاتف.|Death of an Art Collector|Robert Goldsborough|true|en|true
08:57|0857-001|08:57|تشير إلى الساعة التي تشير إلى 08:57، أي قبل التاسعة بثلاث دقائق فقط. فأركض إلى غرفة الملابس وأستلقي على وسادتي وأتغطى ببطانية رمادية ناعمة ذات حواف حمراء.|Room|Emma Donoghue|true|en|true
08:57|0857-002|ثلاث دقائق قبل التاسعة|عليك الإسراع. قبل ذلك بسنوات طويلة، في أحد القرون الماضية، ترك مواطنٌ جليلٌ من رايتشستر، يُدعى مارتن، مبلغًا من المال لعميد ورهبان الكاتدرائية بشرط أن يُقرع جرسٌ من برج أجراسها الصغير لمدة ثلاث دقائق قبل التاسعة كل صباح، طوال العام، ما دامت الكاتدرائية قائمة.|The Paradise Mystery|J.S. Fletcher|true|en|true
08:58|0858-000|التاسعة إلا دقيقتين|كانت الآن التاسعة إلا دقيقتين - دقيقتان قبل أن تنفجر القنابل - وكان ثلاثة أو أربعة أشخاص متجمعين أمام البنك ينتظرون فتحه.|The Getaway|Jim Thompson|true|en|true
08:59|0859-000| دقيقة واحدة قبل التاسعة|" دقيقة واحدة قبل التاسعة. جلس على رأس الطاولة وقال: ""صباح الخير أيها السادة. سأطلب من سكرتير الشركة قراءة محضر الاجتماع الأخير."""|This Was a Man|Jeffrey Archer|true|en|true
08:59|0859-001|الدقيقة الواحدة قبل التاسعة|" ضحك بينغهام. ""إذن سأكون واقفًا بجانب الهاتف في الدقيقة الواحدة قبل التاسعة يوم الاثنين،"" راجع مفكرته، ""السابع عشر من أغسطس."""|Be Careful What You Wish For|Jeffrey Archer|true|en|true
08:59|0859-002|قبلها بدقيقة واحدة|" قال ديمتري: ""يفتح متجر غودويل في التاسعة. يجب أن نكون في الخارج قبلها بدقيقة واحدة."""|Heads You Win|Jeffrey Archer|true|en|true
08:59|0859-003|8:59|كان يستقل عربة أجرة من منزله في حدائق كادوجان في تمام الساعة 8:20 ويصل إلى وزارة الخارجية في تمام الساعة 8:59، ويعود إلى منزله مرة أخرى عند الساعة السادسة تمامًا.|The Chinese Statue|Jeffrey Archer|true|en|true
08:59|0859-004|8:59|كانت مستلقية على سريرها تقرأ عن محادثة صوفي وألبرتو حول ماركس، ثم غفت. ظل مصباح القراءة بجانب السرير مضاءً طوال الليل. أشارت الأرقام الخضراء المتوهجة على ساعة المنبه المكتبية إلى 8:59.|Sophie’s World|Jostein Gaarder|true|en|true
09:00|0900-000|الساعة التاسعة من صباح اليوم|لم يُعثر على أي أثر لإنجي في ذلك اليوم أو تلك الليلة. بالنسبة للبعض، استمر البحث طوال الليل. ثم، حوالي الساعة التاسعة من صباح اليوم التالي، بدأت أجراس برج كنيسة صهيون تدق بشكل عشوائي.|Bright Valley of Love|Edna Hong|true|en|true
09:00|0900-001|الساعة التاسعة|في تمام الساعة التاسعة، نقلتهم عربة منزل القس جنوبًا على الطريق السريع باتجاه رافيلوندا. شعر فريدفيلدت براحة أكبر شمال قرية الكنيسة. هناك كان الإحياء أكثر وضوحًا. هنا في فانبيرغا، كانت إحدى آخر معاقله. خلفها تقع سوربيغدن حيث كانت الحياة الروحية من نوع آخر. هناك كان بإمكان المرء أن يدخن ويعترف بالمخلص؛ هناك كانت تُبشر عقيدة الفساد الكامل للخطيئة، وقيل إنه يمكن العثور على الويسكي أيضًا بين المستيقظين.|The Hammer of God|Bo Giertz|true|en|true
09:00|0900-002|الساعة التاسعة|في تمام الساعة التاسعة من صباح اليوم التالي، جاء الجندي ذو الشارب الأخضر إليهم، وبعد أربع دقائق دخلوا جميعًا إلى قاعة عرش أوز العظيم.|The Wizard of Oz|L. Frank Baum|true|en|true
09:00|0900-003|الساعة التاسعة| ظنت أنها رأت شيئًا مختلفًا في بيتر، لكنها لم تستطع تحديد ماهيته بالضبط. عندما استيقظت أندرسون في صباح اليوم التالي (في تمام الساعة التاسعة)، رأته على الفور تقريبًا.|The Tommyknockers|Stephen King|true|en|true
09:00|0900-004|الساعة التاسعة|"تأخرت العاصفة حتى الساعة التاسعة، وبحلول ذلك الوقت كان أندرسون متأكدًا تمامًا من أنهم سيقضون ليلة رائعة - ما يسميه سكان هافن ""عاصفة حقيقية""."|The Tommyknockers|Stephen King|true|en|true
09:00|0900-005|الساعة التاسعة|في تمام الساعة التاسعة من صباح اليوم التالي، كنتُ أفتح المدرسة في الموعد المحدد؛ هادئة، مستقرة، مستعدة لمهام اليوم الروتينية.|Jane Eyre|Charlotte Brontë|true|en|true
09:00|0900-006|الساعة التاسعة| في تمام الساعة التاسعة، جاءت سكرتيرته وقرأت عليه مواعيده لهذا اليوم.<br>ولكن عندما فعل ذلك هذا الصباح، وجده لا يزال يحدق في طبقه بتعبير غريب. |Johnny and the Bomb|Terry Pratchett|true|en|true
09:00|0900-007|التاسعة صباحًا| عندما نزلت من القطار، تساءلت بقلق إلى أين يجب أن أتجه. كانت النوادي الليلية مكانًا رائعًا لشراء الكوكايين، لكن القليل منها كان مفتوحًا في التاسعة صباحًا. |Rachel’s Holiday|Marian Keyes|false|en|true
09:00|0900-008|التاسعة|"استيقظ في التاسعة، وعمل قليلاً في غرفته، ثم قال إنه يشعر بالنعاس. ذهب إلى المطبخ، وأعد بعض القهوة، وشربها. لكن القهوة لم تُجدِ نفعاً.<br>قال: ""أعتقد أنني سآخذ قيلولة. أسمع طنيناً في مؤخرة رأسي"". كانت تلك كلماته الأخيرة. تكوّر في سريره، ونام، ولم يستيقظ أبداً."|Blind Willow, Sleeping Woman|Haruki Murakami|true|en|true
09:00|0900-009|التاسعة|من قصر اللوفر إلى النجمة، يبدو الأمر وكأنه مقطوعة موسيقية للبيانو. لخمسة أيام لم ألمس الآلة الكاتبة ولم أنظر إلى كتاب؛ ولم تخطر ببالي أي فكرة سوى الذهاب إلى أمريكان إكسبريس. كنت هناك في التاسعة من صباح اليوم، لحظة فتح الأبواب، ثم مرة أخرى في الواحدة ظهرًا.|Tropic of Cancer|Henry Miller|true|en|true
09:00|0900-010|التاسعة|" يبتسم طوال الوقت، ابتسامة تشبه ابتسامة بقّة صغيرة وردية اللون شبعت. يقول مرة أخرى: ""كانت الساعة التاسعة عندما اتصلت بكِ، أليس كذلك؟"" أومئ برأسي بتعب. نعم، كانت الساعة التاسعة. هو متأكد الآن من أنها كانت التاسعة لأنه يتذكر أنه أخرج ساعته. "|Tropic of Cancer|Henry Miller|true|en|true
09:00|0900-011|الساعة التاسعة|" في تمام الساعة التاسعة، اتصلتُ به مجددًا. أجاب.<br>سألني: ""ماذا تريدين؟"". <br>قلتُ: ""كنتُ أتمنى أن أسمعك تقول إنك تفتقدني"". <br>قال: ""أنا أفتقدكِ. هل هذا كل شيء؟"". <br>أغلقتُ الخط. "|My Year of Rest and Relaxation|Ottessa Moshfegh|true|en|true
09:00|0900-012| التاسعة صباحًا |" بدأ روتين العمل يتشكل. أنا وآيرز نكون في غرفة الموسيقى بحلول التاسعة صباحًا كل يوم، ما دامت آلامه وأمراضه المختلفة تسمح له بذلك. أجلس على البيانو، وآيرز على الأريكة، يدخن سجائره التركية البشعة، ونعتمد إحدى طرق عملنا الثلاث. ""المراجعات"" - يطلب مني مراجعة عمل الصباح السابق. أُدندن أو أغني أو أعزف، حسب الآلة، ويُعدّل آيرز النوتة الموسيقية. "|Cloud Atlas|David Mitchell|true|en|true
09:00|0900-013|التاسعة صباحًا| لم يكن هناك مطر، كما تنبأ هولمز، وأشرق الصباح مشرقًا وصافيًا. في التاسعة صباحًا، جاء ليستراد إلينا بالعربة، وانطلقنا إلى مزرعة هاثرلي وبركة بوسكومب. |The Adventures of Sherlock Holmes|Sir Arthur Conan Doyle|true|en|true
09:00|0900-014|الساعة التاسعة|"""لا تفكر في الأمر مرة أخرى يا صديقي."" لم يكن لهذا التعبير المألوف أي ألفة أكثر من اليد التي لامست كتفي مطمئنة. ""ولا تنسَ أننا سنصعد في الطائرة المائية غدًا صباحًا، في تمام الساعة التاسعة."""|The Great Gatsby|F. Scott Fitzgerald|true|en|true
09:00|0900-015|الساعة التاسعة| كانت الساعة التاسعة عندما انتهينا من الإفطار وخرجنا إلى الشرفة. لقد أحدث الليل فرقًا كبيرًا في الطقس، وكان هناك عبق خريفي في الهواء. |The Great Gatsby|F. Scott Fitzgerald|true|en|true
09:00|0900-016|الساعة 9:00 صباحًا| خُلقت الأرض يوم الأحد 21 أكتوبر، عام 4004 قبل الميلاد، في تمام الساعة 9:00 صباحًا، لأن الله كان يحب إنجاز العمل في الصباح الباكر عندما يكون نشيطًا. |Good Omens|Terry Pratchett and Neil Gaiman|true|en|true
09:00|0900-017| التاسعة صباحًا | في التاسعة صباحًا فقط، كان المطبخ مكتظًا بأطباق مرجان الشهية، حيث غطت إبداعاتها كل زاوية وركن. كانت الخضراوات المخللة (<em>ترشي</em> المانجو والباذنجان والنوع المعتاد بسبعة توابل) موضوعة على طاولة المطبخ، معبأة حتى حافتها في علب شفافة سعة خمسة جالونات. أما الأطباق الزرقاء الكبيرة فكانت مليئة بالسلطات (سلطة العدس، والطماطم، والخيار، والنعناع، والدجاج المقلي على الطريقة الفارسية)، و<em>الدولمة</em>، والصلصات (صلصة الجبن والجوز، وصلصة الزبادي والخيار، وصلصة بابا غنوج، وصلصة الحمص الحارة)، والتي كانت مغطاة ومكدسة في الثلاجة الزجاجية الضخمة، إلى جانب جبن الفيتا، والستيلتون، والشيدر. |Pomegranate Soup|Marsha Mehran|true|en|true
09:00|0900-018|الساعة التاسعة| بحلول الوقت الذي ارتدى فيه ملابسه بالكامل، كانت الساعة التاسعة. تبقى ست ساعات حتى انتهاء مهلة هتلر.<br>ذهب للبحث عن الإفطار.|Munich|Robert Harris|true|en|true
09:00|0900-019|الساعة التاسعة|مع ذلك، في تمام الساعة التاسعة، خرج الأمير، مرتدياً معطفه المخملي ذو الياقة والقبعة من الفرو، في نزهته المعتادة.|War and Peace|Leo Tolstoy|true|en|true
09:00|0900-020|الساعة التاسعة|كانت الساعة التاسعة صباحًا. كان الضباب كثيفًا كالبحر في الأسفل، لكن في قرية شلابانيتز حيث كان نابليون يقف محاطًا بقادة جيشه، كان الضوء ساطعًا. فوقه كانت السماء زرقاء صافية، وقرص الشمس الضخم يرتجف كعوامة قرمزية مجوفة على سطح ذلك البحر الحليبي من الضباب.|War and Peace|Leo Tolstoy|true|en|true
09:00|0900-021|التاسعة صباحًا| عندما دق جرس الإفطار في التاسعة صباحًا، وجد الجميع مستيقظين ينتظرون الاستدعاء. |And Then There Were None|Agatha Christie|true|en|true
09:00|0900-022|الساعة التاسعة|لم أكن أستطيع الوصول إلى هناك قبل الساعة التاسعة.|A Confederacy of Dunces|John Kennedy Toole|true|en|true
09:00|0900-023|الساعة التاسعة|انظر يا إغناطيوس، أنا منهك. لقد كنت على الطريق منذ الساعة التاسعة من صباح أمس.|A Confederacy of Dunces|John Kennedy Toole|true|en|true
09:00|0900-024|التاسعة|في صباح اليوم الثالث بعد وصولهم، وبينما كانت جميع ساعات المدينة تدق التاسعة بشكل فردي، وحوالي 999 ساعة مجتمعة، كان سام يستنشق الهواء في ساحة جورج، عندما توقفت سيارة غريبة مطلية حديثًا، قفز منها برشاقة كبيرة، وألقى بزمام القيادة لرجل قوي البنية كان يجلس بجانبه، رجل غريب الأطوار، بدا وكأنه خُلق للسيارة، والسيارة له.|The Pickwick Papers|Charles Dickens|true|en|true
09:00|0900-025|9:00 صباحًا| 9:00 صباحًا: اجتماع المدرسة |The Curious Incident of the Dog in the Night-Time|Mark Haddon|true|en|true
09:00|0900-026|الدقات الذهبية التسع|"طنين ذبابة، وبدأت ساعة الحائط تدق. بعد أن خفتت الدقات الذهبية التسع، بدأ قائد المنطقة: ""كيف حال السيد العقيد ماريك؟""<br>""شكرًا لك يا أبي، إنه بخير.""<br>""هل ما زلت ضعيفًا في الهندسة؟""<br>""شكرًا لك يا أبي، إنه أفضل قليلًا.""<br>""هل قرأت أي كتب؟""<br>""نعم سيدي يا أبي."""|The Radetzky March|Joseph Roth|true|en|true
09:00|0900-027|الساعة التاسعة|بما أن الساعة التاسعة قد فاتت، فقد غمرني شعورٌ بالاستغراب من هذا التأخير، فذهبتُ غاضباً إلى صاحب المطعم وقلتُ له إنني أعتقد أنه يجب عليه توظيف طاهٍ آخر ووزن قطع الخشب والرحيل.|A Single Pebble|John Hershey|true|en|true
09:00|0900-028|الساعة التاسعة|في تمام الساعة التاسعة صباحًا، في أواخر شهر يوليو، صعدت سيارة غاتسبي الفخمة الطريق الوعر المؤدي إلى باب منزلي، وأطلقت نغمة موسيقية من بوقها ذي النغمات الثلاث.|The Great Gatsby|F. Scott Fitzgerald|true|en|true
09:00|0900-029|التاسعة|"كان يتناول فطوره في التاسعة، وللمرة العشرين استشار ""برادشو"" ليرى في أي ساعة يمكن أن يصل الدكتور غرانتلي من بارتشستر."|The Warden|Anthony Trollope|true|en|true
09:00|0900-030|التاسعة صباحًا| لن يتسامح مع الضرب. الآن، إذا حافظت على علاقة جيدة معه، فسيفعل أي شيء تريده تقريبًا بالساعة. على سبيل المثال، لنفترض أنها التاسعة صباحًا، وقت بدء الدروس: ما عليك سوى أن تهمس بتلميح للوقت، وستدور الساعة في لمح البصر! الواحدة والنصف، وقت العشاء! |Alice’s Adventures in Wonderland|Lewis Carroll|true|en|true
09:00|0900-031|الساعة التاسعة| حوالي الساعة التاسعة عبرتُ الحدود إلى كورنوال. كان ذلك قبل ثلاث ساعات على الأقل من بدء المطر، وكانت الغيوم لا تزال بيضاء ناصعة. في الواقع، كانت العديد من المناظر التي استقبلتني هذا الصباح من بين أكثر المناظر سحرًا التي رأيتها حتى الآن. كان من المؤسف، إذن، أنني لم أتمكن من منحها الاهتمام الذي تستحقه طوال معظم الوقت؛ لأنه يمكن للمرء أن يقولها صراحةً، كان في حالة انشغال بفكرة أنه - ما لم تحدث أي مشكلة غير متوقعة - سيقابل الآنسة كينتون مرة أخرى قبل نهاية اليوم.|The Remains of the Day|Kazuo Ishiguro|true|en|true
09:00|0900-032|في التاسعة| فتح آشنباخ نافذته، فظن أنه يشم رائحة البحيرة الكريهة. انتابه شعور مفاجئ باليأس. فكر في المغادرة فورًا. ذات مرة، قبل سنوات، بعد أسابيع من ربيع جميل، عاوده هذا الطقس، وأثر على صحته لدرجة اضطرته إلى الفرار. ألم تكن نفس الحمى الخاملة تتسلل إليه؟ الضغط في الصدغين، وثقل الجفون؟ سيكون تغيير الفنادق مرة أخرى أمرًا مزعجًا، ولكن إذا لم تتغير الرياح، فلا يمكنه البقاء هنا. ولضمان سلامته، لم يفرغ حقائبه. في التاسعة، ذهب لتناول الإفطار في البوفيه المخصص بين الردهة وغرفة الطعام.|Death in Venice|Thomas Mann|true|en|true
09:00|0900-033| 9:00 صباحًا | أحيانًا أتمنى لو كنا نجلس في حانة مرة أخرى في الساعة 9:00 صباحًا نتبادل الأكاذيب، بعيدًا عن الله. |Jesus’ Son|Denis Johnson|true|en|true
09:00|0900-034|الساعة التاسعة| دقت الساعة التاسعة عندما أرسلت الممرضة؛ وعدت بالعودة بعد نصف ساعة.|Romeo and Juliet|William Shakespeare|true|en|true
09:00|0900-035|دقة التاسعة الأخيرة|إلى حيث كانت القديسة ماري وولنوث تحفظ الساعات<br>مع صوت مكتوم عند دقة التاسعة الأخيرة.|The Waste Land|T.S. Eliot|true|en|true
09:00|0900-036|الساعة التاسعة|في تمام الساعة التاسعة، يتحدث نزلاء صغار يرتدون أربطة جلدية على أكواعهم مع المرضى الحادين لمدة خمسين دقيقة عما فعلوه عندما كانوا صغارًا. تشعر الممرضة الكبيرة بالريبة من مظهر هؤلاء النزلاء ذي الشعر القصير، وتعتبر الخمسون دقيقة التي يقضونها في الجناح وقتًا عصيبًا بالنسبة لها.|One Flew Over the Cuckoo’s Nest|Ken Kesey|true|en|true
09:00|0900-037| التاسعة صباحًا | حتى ذلك الخميس المشؤوم، حين حدد له أقل الأطباء شهرةً ممن فحصوه موعدًا في التاسعة صباحًا في جناح الأعصاب. |Doce cuentos peregrinos|Gabriel García Márquez|true|es-CO|true
09:00|0900-038|التاسعة صباحًا|"""هل تشعر بالملل الشديد؟""<br>""إلى حد ما. لقد نظمت حياتي مثل رجل أعمال. كل يوم أنام عند منتصف الليل وأستيقظ في التاسعة صباحًا."""|Los siete locos|Roberto Arlt|true|es-AR|true
09:01|0901-000|الساعة التاسعة ودقيقة واحدة|"""جيد. قد أتصل بك في تمام الساعة التاسعة ودقيقة واحدة من ذلك الصباح، وقد أتمكن من ردّ بعضٍ من معروفك."""|Be Careful What You Wish For|Jeffrey Archer|true|en|true
09:01|0901-001|9:01| عندما مرّ ديكستر أسفل الساعة الرقمية، نقرت أرقامها الحمراء على 9:01. انزلقت الأبواب مفتوحةً وخرج إلى الرصيف. كانت ثلاث سيارات ليموزين سوداء تنتظر في صف، والسائقون عند أبوابها.|Honor Among Thieves|Jeffrey Archer|true|en|true
09:01|0901-002|التاسعة ودقيقة واحدة| كان يذرع الغرفة جيئة وذهابًا، مستغلًا الوقت للتدرب على أسئلته، أسئلة يجب ألا تبدو مُعدّة مسبقًا. في الدقيقة التاسعة ودقيقة واحدة، أخرج الورقة من جيبه واتصل بالرقم.|A Prisoner of Birth|Jeffrey Archer|true|en|true
09:01|0901-003|9:01 صباحًا|9:01 صباحًا مستلقيًا على السرير، أحدق في السقف.|A Fraction of the Whole|Steve Toltz|true|en|true
09:02|0902-000|الساعة التاسعة ودقيقتان|"كانت الساعة التاسعة ودقيقتان. أومأ هانلي لرئيس قسم الإسكان. وقال: ""تفضل"". اقترب موظف المجلس من باب المنزل وطرق بقوة."|No Comebacks|Frederick Forsyth|true|en|true
09:02|0902-001|بعد التاسعة ببضع دقائق|كنا نسير على طريق سريع، في مكان ما، لكن المطر كان يحجب رؤية الأفق، فلم أستطع تحديد موقعنا. أشارت الأرقام المضيئة لساعة لوحة القيادة إلى أنها بعد التاسعة ببضع دقائق فقط.|Fool Moon|Jim Butcher|true|en|true
09:02|0902-002|9:02 صباحًا|9:02 صباحًا مستلقيًا على السرير، أحدق في السقف.|A Fraction of the Whole|Steve Toltz|true|en|true
09:03|0903-000| 9:03 صباحًا | 9:03 صباحًا مستلقيًا على السرير، أحدق في السقف. |A Fraction of the Whole|Steve Toltz|true|en|true
09:03|0903-001|الساعة التاسعة وثلاث دقائق|بقي سيباستيان جالسًا، يحدق في الهاتف، متمنيًا أن يرن. في الساعة التاسعة وثلاث دقائق، استجاب أحدهم لأمره.|Be Careful What You Wish For|Jeffrey Archer|true|en|true
09:03|0903-002|التاسعة وثلاث دقائق| وصل بائع الخضار على دراجته في تمام الساعة التاسعة وثلاث دقائق، وتحسس جيب سترته الجينز الضيقة، ثم فتح الباب. لكن ظهره كان متجهًا بقوة نحو الشارع، وكان من المستحيل على سكيس إلقاء نظرة على المفاتيح.|Innocent Blood|P.D. James|true|en|true
09:03|0903-003| التاسعة وثلاث دقائق|" هذه ليست بداية جيدة للعام الدراسي الجديد. حدقت بها. عمّا تتحدث؟ لماذا تنظر إلى ساعتها؟ لم أكن متأخرة. حسنًا، رن جرس المدرسة بينما كنت أعبر الملعب، لكن لديك دائمًا خمس دقائق للوصول إلى فصلك.<br>أعلنت الآنسة بيكوورث: ""إنها التاسعة وثلاث دقائق. أنتِ متأخرة."""|The Lottie Project|Jacqueline Wilson|true|en|true
09:04|0904-000|9:04 صباحًا|9:04 صباحًا، مستلقيًا على السرير، أحدق في السقف. |A Fraction of the Whole|Steve Toltz|true|en|true
09:04|0904-001|9:04|في ضوء فانوس ذي شعاع ضيق، نظر بيرس إلى ساعته. كانت الساعة 9:04. هذا يمنحهم ساعة للعثور على المفتاح قبل أن يُقدم بارلو حيلته للتغطية على هروبهم.|The Great Train Robbery|Michael Crichton|true|en|true
09:05|0905-000| التاسعة وخمس دقائق|" ألم يقل الأب بريستاين أن البريد وصل في التاسعة أو بعدها بقليل؟ ""بعدها بقليل"" قد يعني أي شيء. ربما كانوا ينتظرون لمدة نصف ساعة. التاسعة وخمس دقائق. سبع دقائق. ثم وصل."|A Certain Justice|P.D. James|true|en|true
09:05|0905-001| 9:05 صباحًا | 9:05 صباحًا مستلقيًا على السرير، أحدق في السقف. |A Fraction of the Whole|Steve Toltz|true|en|true
09:05|0905-002|9:05|"يلاحقني كالدين كظلٍّ متوهج. لقد كتب على البوابة بالطباشير ""96,688,365,498,702"". من المفترض أن يُربك ساعي البريد. استيقظتُ الساعة 9:05. أنام الساعة 6:36."|The Voices of Time|J.G. Ballard|true|en|true
09:05|0905-003|9:05 صباحًا| لم تستغرق جولة المكتب وقتًا طويلاً. في الواقع، انتهينا تقريبًا بحلول الساعة 9:05 صباحًا. نظر إد إلى كل شيء مرتين وقال إنه رائع، وأعطاني قائمة بجهات اتصال قد تكون مفيدة، ثم اضطر إلى المغادرة إلى مكتبه.|Twenties Girl|Sophie Kinsella|true|en|true
09:06|0906-000|الساعة التاسعة وست دقائق|"يجب أن يتم ذلك يا مادلين؛ يجب أن أتمكن من التحدث إليه قبل الساعة العاشرة من صباح الغد، لأن عروسي قادمة.<br>""الباريسية؟ إنها قادمة إلى هنا!""<br>""نعم، مع والدها، بالقطار الذي يصل في تمام الساعة التاسعة وست دقائق غدًا."""|The Ink-Stain|René Bazin|true|en|true
09:06|0906-001|التاسعة وست دقائق|في الحقيقة، إنها التاسعة وست دقائق فقط. لقد ضبطت ساعتي الضخمة (كبيرة الحجم لأتمكن من الرؤية بدون عدساتي اللاصقة) متقدمة تسع دقائق على أمل أن يجعلني هذا الخداع أصل في الوقت المحدد.|Milkrun|Sarah Miynowski|true|en|true
09:06|0906-002|9:06 صباحًا|9:06 صباحًا مستلقيًا على السرير، أحدق في السقف.|A Fraction of the Whole|Steve Toltz|true|en|true
09:07|0907-000|9:07|خلال الرحلة، كان سيبتيموس يقرأ جريدته ويدخن سيجارتين، ليصل إلى شارع كانون في الساعة 9:07.|Broken Routine|Jeffrey Archer|true|en|true
09:07|0907-001|التاسعة وسبع دقائق|"ألم يقل الأب بريستاين أن البريد وصل في التاسعة أو بعدها بقليل؟ ""بعدها بقليل"" قد يعني أي شيء. ربما كانوا ينتظرون لمدة نصف ساعة. التاسعة وخمس دقائق. التاسعة وسبع دقائق. ثم وصل."|A Certain Justice|P.D. James|true|en|true
09:07|0907-002|9:07|في اليوم السابع، تُركت ستائر نافذة الطابق السفلي مفتوحة في الصباح. رأى لوك ضوءًا يضيء وينطفئ في الساعة 9:07، بعد ساعتين كاملتين من مغادرة عائلة سبورتس.|Among the Hidden|Margaret Peterson Haddix|true|en|true
09:07|0907-003|9:07 صباحًا|9:07 صباحًا مستلقيًا على السرير، أحدق في السقف.|A Fraction of the Whole|Steve Toltz|true|en|true
09:07|0907-004|9:07|كان صباحًا مشرقًا، في تمام الساعة 9:07 عندما صعدت السيدة فليت على متن قطار إمبريال ليميتد في محطة تيندال، متأكدة من أن حياتها قد دُمرت، لكنها تمكنت، بفضل إرادتها القوية، من الحفاظ على رباطة جأشها وإظهار مظهر من الانشغال والحيوية.|The Stone Diaries|Carol Shields|true|en|true
09:08|0908-000|بين التاسعة والعاشرة|" سأل إدموند: ""كم الساعة؟""<br>قال ترامبكين: ""بين التاسعة والعاشرة.""<br>قال جميع الأطفال، وهم ينظرون إلى بعضهم البعض بعيون لامعة: ""عندما كنا في محطة القطار!"""|Prince Caspian|C.S. Lewis|true|en|true
09:08|0908-001|بين التاسعة والعاشرة| توقف، وجفف العرق عن جبينه، وأخذ دقيقة ليبحث عن الشمس. كان اليوم رماديًا تمامًا بلا ظل. لا بد أنها كانت بين التاسعة والعاشرة. استمر إطلاق النار بلا هوادة في الأمام. واصل سيره.|Faith Alone: The Heart of Everything|Bo Giertz|true|en|true
09:08|0908-002|9:08 صباحًا|9:08 صباحًا انقلبت على جانبها الأيسر.|A Fraction of the Whole|Steve Toltz|true|en|true
09:09|0909-000|9:09 صباحًا|9:09 صباحًا كنت مستلقيًا على السرير، أحدق في الحائط.|A Fraction of the Whole|Steve Toltz|true|en|true
09:09|0909-001| التاسعة وتسع دقائق صباحًا|"""ربما عليّ أن أُنهي هذا الأمر العالق تحسبًا لفشل العملية. لن يستغرق الأمر سوى بضع دقائق، وأنا متأكد من وجود ما يكفي من ضوء النهار لإتمام العملية، فبحسب جهازي النبضي، إنها التاسعة وتسع دقائق صباحًا فقط. ها!"""|Survivor Type|Stephen King|true|en|true
09:10|0910-000| 9:10 صباحًا | 9:10 صباحًا مستلقيًا على السرير، أحدق في الحائط. |A Fraction of the Whole|Steve Toltz|true|en|true
09:10|0910-001|9:10 صباحًا| 9:10 صباحًا. فجأةً أدركتُ أن شعري يجف بشكل غريب. بحثتُ عن فرشاة الشعر. وجدتها في حقيبتي. |Bridget Jones’s Diary|Helen Fielding|true|en|true
09:11|0911-000|9:11|استجابت هذه الأقفال الجديدة بسهولة لاهتمام أغار. في تمام الساعة 9:11، فتحوا الباب الشبكي ودخلوا قبو النبيذ. وبدأوا على الفور البحث عن المفتاح.|The Great Train Robbery|Michael Crichton|true|en|true
09:11|0911-001|9:11|"""ما هو القطار الذي يمكنني ركوبه؟""<br>""هناك قطار في حوالي الساعة 9:11 إذا كنت مضطرًا للذهاب."""|This Side of Paradise|F. Scott Fitzgerald|true|en|true
09:11|0911-002| 9:11 صباحًا | 9:11 صباحًا مستلقيًا على السرير، أحدق في الحائط. |A Fraction of the Whole|Steve Toltz|true|en|true
09:12|0912-000|9:12|" عندما لاحت نصب جيفرسون التذكاري في الأفق، نظر ديكستر إلى ساعته مرة أخرى. كانت الساعة 9:12. علّق قائلاً: ""وقت كافٍ"". بعد أقل من دقيقة، علقوا في زحام مروري."|Honor Among Thieves|Jeffrey Archer|true|en|true
09:12|0912-001|الساعة التاسعة واثنتي عشرة دقيقة|في صباح يوم الأربعاء، عند الساعة التاسعة واثنتي عشرة دقيقة بتوقيت شرق الولايات المتحدة، كانت عنقود الثريا معلقًا عاليًا فوق مقر شركة سولار سيستم إنتربرايزز.|The Galaxy Primes|E.E. Smith|true|en|true
09:12|0912-002|التاسعة واثنتي عشرة دقيقة|لم يُفتح الباب الحديدي الضخم إلا في الساعة التاسعة واثنتي عشرة دقيقة. قفز هاري بينما وقف حارس السجن جانبًا وسمح لرجل طويل القامة أنيق ذي شعر رمادي فضي بالدخول.|The Sins of the Father|Jeffrey Archer|true|en|true
09:12|0912-003| 9:12 صباحًا | 9:12 صباحًا مستلقيًا على السرير، أحدق في الحائط. |A Fraction of the Whole|Steve Toltz|true|en|true
09:13|0913-000| 9:13 صباحًا | 9:13 صباحًا مستلقيًا على السرير، أحدق في الحائط. |A Fraction of the Whole|Steve Toltz|true|en|true
09:13|0913-001| 9:13 صباحًا | وضعت الهاتف في ثنية رقبتها وقلبت بسرعة رسائلها الوردية. د. بروفيتو، الساعة 9:13 صباحًا |Mistaken Identity|Lisa Scottoline|true|en|true
09:14|0914-000| 9:14 صباحًا | عندما استيقظت فرجينيا في صباح اليوم التالي، وجدت ظرفًا كبيرًا ملقى على عتبة الباب. لم ترغب في معرفة من أوصله، أو متى. نظرت إلى ساعتها، 9:14 صباحًا |This Was a Man|Jeffrey Archer|true|en|true
09:14|0914-001| 9:14 صباحًا | 9:14 صباحًا مستلقيًا على السرير، أحدق في الحائط. |A Fraction of the Whole|Steve Toltz|true|en|true
09:15|0915-000|الساعة التاسعة والربع صباحًا|كانت الساعة التاسعة والربع صباحًا فقط، لكن الضباب الخفيف قد انقشع بالفعل، وبدأت السماء، شبه الصافية، تشرق ببياض ناصع مع لمحات من زرقة صافية ناعمة.|Original Sin|P.D. James|true|en|true
09:15|0915-001| التاسعة والربع| بدأ رواد الإفطار في مطعم صن سبوت بالمغادرة. قريبًا، ستنظر المسؤولة، وقد استعادت وعيها، إلى لوحة عروض الإفطار الخاصة وتستبدلها بلوحة عروض الغداء.<br>الساعة التاسعة والربع، ويبدو أن الدخان المتصاعد فوق مبنى المحكمة بدأ يخف. بدأ بيلي يتساءل عما إذا كان هناك خلل ما.|Billy Summers|Stephen King|true|en|true
09:15|0915-002|التاسعة والربع|كانت الساعة التاسعة والربع عندما انطلقت من المنزل وشققت طريقي عبر الحديقة، ومن ثم عبر شارع أكسفورد إلى شارع بيكر.|The Adventures of Sherlock Holmes|Sir Arthur Conan Doyle|true|en|true
09:15|0915-003|الساعة 09:15|" رائع! علّق جونز. ""لم أره يفعل ذلك من قبل. لا بأس. حسنًا."" أخرج جونز حفنة من الأقلام الرصاص من جيبه الخلفي. ""الآن، حصلت على الاتصال أولًا في حوالي الساعة 09:15، وكان السمت حوالي 269."""|The Hunt for Red October|Tom Clancy|true|en|true
09:15|0915-004|9:15 صباحًا| 9:15 صباحًا، انحنيت على الوسادة، وجلست لأرى من النافذة. |A Fraction of the Whole|Steve Toltz|true|en|true
09:15|0915-005|9:15 صباحًا| 9:15 صباحًا، الحصة الصباحية الأولى |The Curious Incident of the Dog in the Night-Time|Mark Haddon|true|en|true
09:15|0915-006|الساعة التاسعة والربع|دفعت الآنسة بيتيغرو باب وكالة التوظيف ودخلت عندما دقت الساعة التاسعة والربع.|Miss Pettigrew Lives for a Day|Winifred Watson|true|en|true
09:16|0916-000|9:16 صباحًا|الخميس 9:16 صباحًا<br>وقف يوري أندروف في الطرف البعيد من الحظيرة المضاءة، يحدق في الجزء السفلي من ديدالوس 1 ويفكر. لقد سارت عملية التشغيل في جهاز الطرد المركزي هذا الصباح على ما يرام. وأخيرًا اقتنع بأنه لا يوجد عائق فسيولوجي أمام الطيران فوق الصوتي، على الأقل ليس عائقًا لا يستطيع التغلب عليه.|Project Daedalus|Thomas Hoover|true|en|true
09:16|0916-001| 9:16 صباحًا | 9:16 صباحًا جالسًا في السرير، أحدق من النافذة. |A Fraction of the Whole|Steve Toltz|true|en|true
09:17|0917-000|09:17| أُسندت المهمة إلى قاطرة بحرية. لم تكن فقط سفينة أنسب من المدمرة للعمل بالقرب من الشاطئ بين الصخور، بل كانت أيضًا أقرب بكثير. أبحرت من لوخ مادي في الساعة 09:17.|Atlantic Fury|Hammond Innes|true|en|true
09:17|0917-001|9:17 صباحًا|9:17 صباحًا جالسًا في السرير، أحدق من النافذة.|A Fraction of the Whole|Steve Toltz|true|en|true
09:18|0918-000|الساعة التاسعة وثماني عشرة دقيقة|"أصطاد السمك في هذه ""الحفرة"" منذ حوالي أربعين عامًا، بشكل متقطع، وقد اكتشفت أن أسماك الشمس هذه تنتهي من تناول فطورها في تمام الساعة التاسعة وثماني عشرة دقيقة."|Quill’s Window|George Barr McCutcheon|true|en|true
09:18|0918-001|9:18 صباحًا|9:18 صباحًا جالسًا على السرير، أحدق من النافذة.|A Fraction of the Whole|Steve Toltz|true|en|true
09:19|0919-000|الساعة التاسعة وتسع عشرة دقيقة صباحًا|بحسب هذا، كان منسوب المياه مرتفعًا للغاية عند الساعة التاسعة وتسع عشرة دقيقة صباحًا: لاحظت أن الفيضان قادم من الجنوب، مع أنني ظننت في جزيرة ريستوريشن أنه قادم من الشمال.|Mutiny on the Bounty|Captain William Bligh|true|en|true
09:19|0919-001|9:19 صباحًا|9:19 صباحًا جالسًا في السرير، أحدق من النافذة.|A Fraction of the Whole|Steve Toltz|true|en|true
09:20|0920-000|التاسعة وعشرون دقيقة|تناولنا الفطور معًا في الكوخ - جريب فروت، خبز محمص، وقهوة - ثم خرجتُ إلى العيادة لأنتظر أوليفر. كان من المقرر أن يتبرع بالدم في التاسعة. عندما لم يصل بحلول التاسعة وعشرون دقيقة، بدأتُ بالاتصال بالعيادة لمعرفة سبب تأخره.|The Lighthouse|P.D. James|true|en|true
09:20|0920-001|التاسعة وعشرين دقيقة|هنا، وكما كانت عادتها كل أربعاء وجمعة، كانت الآنسة وارتون تُزيل الزهور الذابلة من المزهرية أمام تمثال العذراء، وتُزيل الشمع وبقايا الشموع من الحوامل النحاسية، وتُنظف صفّي الكراسي في مصلى السيدة العذراء، اللذين كانا كافيين للحضور القليل المتوقع في قداس الصباح الباكر، وتُجهز كل شيء لوصول الأب بارنز في التاسعة وعشرين دقيقة.|A Taste for Death|P.D. James|true|en|true
09:20|0920-002|الساعة التاسعة وعشرون دقيقة|في تمام الساعة التاسعة وعشرون دقيقة، كان دوق دنستابل، الذي تناول عشاءه على صينية في غرفته، لا يزال هناك، ينتظر قهوته ومشروبه الكحولي.|Uncle Fred in the Springtime|P.G. Wodehouse|true|en|true
09:20|0920-003|التاسعة وعشرون دقيقة|كان غرانت يعلم أن الحيوانات غالبًا ما تؤدي طقوس التزاوج هذه لساعات متواصلة. كانوا يمتنعون عن الطعام، ولا يكترثون لأي شيء آخر... نظر إلى ساعته. التاسعة وعشرون دقيقة.|Jurassic Park|Michael Crichton|true|en|true
09:20|0920-004|الساعة التاسعة وعشرون دقيقة|سأحل محل ذلك بالقول إنني غادرت المنزل في الثامنة وقضيت ساعة في السفر إلى موعد في التاسعة. بعد عشرين دقيقة تصبح الساعة التاسعة وعشرون دقيقة.|Girl, Interrupted|Susanna Kaysen|true|en|true
09:20|0920-005|الساعة 9:20|في صباح اليوم التالي، في تمام الساعة 9:20، قام السيد كريبج بتسوية ربطة عنقه القديمة الدهنية، ومشط شاربه الذي يشبه شارب هتلر، ورتب خصلات شعره القليلة على بقعة الصلع في رأسه.|Red Dog|Louis de Bernieres|true|en|true
09:21|0921-000|التاسعة وواحدًا وعشرين دقيقة|كانت الساعة التاسعة وواحدًا وعشرين دقيقة. قبل دقيقة واحدة من انتهاء الوقت، لم يكن هناك أي أثر لوالدة هربرت.|This is Life|Dan Rhodes|true|en|true
09:22|0922-000|التاسعة واثنتين وعشرين دقيقة|"لا مزيد من رمي الحجارة عليه، وسأراك هنا بعد أسبوع بالضبط. نظرت إلى ساعتها. ""في التاسعة واثنتين وعشرين دقيقة من يوم الأربعاء القادم."""|This is Life|Dan Rhodes|true|en|true
09:22|0922-001|9:22|بعد يومين، في الثاني من فبراير/شباط الساعة 9:22 بتوقيت القدس، شنّت الدومينيون هجومًا متزامنًا وواسع النطاق على اثنين وعشرين عالمًا من عوالم بانرمير والأرض.|The Infinite Day|Chris Walley|true|en|true
09:23|0923-000|9.23|9.23. ما الذي دفعني لشراء هذا المشط؟|Ulysses|James Joyce|true|en|true
09:23|0923-001|9:23|قاد هوغو سيارته البوغاتي عبر بوابات حوض بناء السفن بارينغتون لأول مرة منذ أكثر من عامين، في تمام الساعة 9:23 من صباح اليوم التالي. ركن سيارته في موقف رئيس مجلس الإدارة قبل أن يتوجه إلى مكتب والده القديم.|The Sins of the Father|Jeffrey Archer|true|en|true
09:24|0924-000|9.24|9.24. أشعر بالانتفاخ بعد تناول تلك الكرنب. ذرة غبار على الجلد اللامع لحذائها.|Ulysses|James Joyce|true|en|true
09:25|0925-000|9:25|مع وضع ذلك في الاعتبار، غادرت إيما منزل مانور في الساعة 9:25 من صباح ذلك اليوم، وتم نقلها عبر بوابات حوض بناء السفن بارينغتون في تمام الساعة 9:52 صباحًا.|The Sins of the Father|Jeffrey Archer|true|en|true
09:25|0925-001|9:25| كان قطار الساعة 9:25 من محطة ليفربول ستريت شبه فارغ. كان الوقت لا يزال مبكرًا بما يكفي لفيليبا لتسافر عكس اتجاه حركة المسافرين.|Innocent Blood|P.D. James|true|en|true
09:25|0925-002|الساعة التاسعة وخمسة وعشرين دقيقة|رن الهاتف على مكتبه، فانتفض. كانت الساعة التاسعة وخمسة وعشرين دقيقة. لم يدرك أنه كان جالسًا كما لو كان في حالة ذهول.|The Lighthouse|P.D. James|true|en|true
09:25|0925-003|التاسعة وخمس وعشرين دقيقة|رجل كنت أعبر الشارع لأتجنبه في التاسعة صباحًا - وبحلول التاسعة وخمس وعشرين دقيقة، كنت أرغب في مضاجعته حتى يبكي. ارتجفت ساقاي من شدة الرغبة. خرج صوتي من فمي عندما فتحت فمي لأتكلم. كان الجدار الزجاجي لغرفة الاجتماعات ضخمًا وفجأة أصبح شفافًا للغاية.|The Forgotten Waltz|Anne Enright|false|en|true
09:26|0926-000|09:26|" كان هذا هو العطل السادس في المعدات خلال أسبوع، والحادي عشر منذ وفاة نولا. كان الأمر بالغ الأهمية. أومأت برأسها، تخفي ردة فعلها.<br>""هناك أيضًا تقرير من موقع الاختبار، سيدتي.""<br>""تابعي.""<br>""انتهت رحلة الاختبار في الساعة 09:26 عند النقطة 45 على الخريطة، القطاع 14."""|New Doctor Who Adventures: Zamper|Gareth Roberts|true|en|true
09:27|0927-000|9:27|" قالت له: ""لا بد أنك لم تتسوق في باريس منذ مدة. هذا يكفي لشراء بنطال جينز وقميصين."" قدّم كراتز على مضض خمسة آلاف فرنك أخرى.<br>في تمام الساعة 9:27 رنّ الهاتف."|Honor Among Thieves|Jeffrey Archer|true|en|true
09:27|0927-001|9:27 صباحًا|9:27 صباحًا<br>اتكأ فانس على شجيرات السرو وأنصت إلى صفير الريح الخفيفة وهي تخترق نتوءات الجرانيت. كان قد جلس على أحد المنحدرات الوعرة، حيث كان بإمكانه رؤية كل ما يجري فوق سطح الأرض تقريبًا. من حوله، كانت النمل تزحف غير مبالية بحرارة الشمس التي كانت تحرق الصخور ذات اللون العظمي من جميع الجهات، بينما كانت الأمواج الهادئة تغريه في الأسفل.|Project Cyclops|Thomas Hoover|true|en|true
09:27|0927-002|الساعة التاسعة وسبع وعشرون دقيقة|من الساعة التاسعة وعشرون دقيقة حتى الساعة التاسعة وسبع وعشرون دقيقة، ومن الساعة الحادية عشرة وخمس وعشرون دقيقة حتى الساعة الحادية عشرة وثمان وعشرون دقيقة، ومن الساعة الثالثة إلا عشر دقائق حتى الساعة الثالثة إلا دقيقتين، اجتمع أبطال المدرسة في جوٍّ من الألفة الكبيرة، حيث أذهل ضحكهم الهستيري الصبي الصغير الخائف الذي مرّ مسرعًا بقلق، وأرعب الطالب الأكبر المتراخي الذي توقف بتهوّر ليتفحص الإعلانات مدعيًا حقًا لم يكتسبه.|Sinister Street|Compton Mackenzie|true|en|true
09:28|0928-000|9:28|تم إجراء المكالمة في تمام الساعة 9:28. كان هذا دليلاً إضافياً، بل دليلاً هاماً. فقد أثبت ما اشتبهوا به منذ البداية: أن القاتل كان في سانت أنسيلم.|Death in Holy Orders|P.D. James|true|en|true
09:28|0928-001|التاسعة وثمان وعشرين دقيقة|" سأل كبير الخدم في الردهة: ""هل هذه الساعة مضبوطة؟"".<br>""نعم سيدي"". كانت الساعة تشير إلى التاسعة وثمان وعشرين دقيقة. وأضاف كبير الخدم، وهو على الدرج، بفخر وروح دعابة محترمة: ""يجب أن تكون الساعات هنا مضبوطة يا سيدي""."|Lord Raingo|Arnold Bennett|true|en|true
09:29|0929-000|9:29|كانت الساعة 9:29، ودخل رافائيل غرفة الملابس الكنسية أخيرًا، فلم يجد سوى الأب سيباستيان وهو يخلع عباءته قبل أن يرتدي رداءه للقداس.|Death in Holy Orders|P.D. James|true|en|true
09:29|0929-001|التاسعة والنصف تقريبًا|كانت الساعة التاسعة والنصف تقريبًا. في تمام الساعة العاشرة، ستبدأ صلاة الصباح في الكنيسة. لقد حان وقت رحيله.|The Hammer of God|Bo Giertz|true|en|true
09:30|0930-000|التاسعة والنصف|ثم ارتجف وهو يكسر ختم الإشعار وبدأ يقرأ؛ ظل يقرأ لفترة طويلة قبل أن يفهم. لقد كان استدعاءً عاديًا من مركز شرطة المنطقة للمثول في ذلك اليوم في تمام الساعة التاسعة والنصف في مكتب مدير المنطقة.|Crime and Punishment|Fyodor Dostoyevsky|true|en|true
09:30|0930-001|التاسعة والنصف|لدينا ثلاث سنوات من الماضي لنناقشها. فلنكتفِ بذلك حتى التاسعة والنصف، حين نبدأ مغامرة المنزل الخالي الشهيرة.|The Empty House|Sir Arthur Conan Doyle|true|en|true
09:30|0930-002|التاسعة والنصف|فتح غرانت عينيه. كان ضوء أزرق ساطع يتدفق إلى المبنى عبر قضبان البوابة. ضوء كوارتز: لقد عادت الكهرباء! نظر إلى ساعته بنعاس. كانت التاسعة والنصف فقط. لقد كان نائمًا لبضع دقائق فقط.|Jurassic Park|Michael Crichton|true|en|true
09:30|0930-003| التاسعة والنصف صباحًا |" ""بالمعنى الدقيق للكلمة - لحظة - بالمعنى الدقيق للكلمة، حدثت آخر نوبة تقيؤ لي في 14 يوليو، في التاسعة والنصف صباحًا عندما تقيأت خبزي المحمص وسلطة الطماطم والحليب."" "|Blind Willow, Sleeping Woman|Haruki Murakami|false|en|true
09:30|0930-004| التاسعة والنصف صباحًا | كان الصباح - التاسعة والنصف صباحًا - وكانت الشمس تُلقي بنقاط ذهبية صغيرة على الماء. عندما كان كل شيء هادئًا، بدت البحيرة كمرآة زرقاء داكنة تشق التلال مباشرة، وبدا لها، إذا كانت حذرة، أنها تستطيع المشي عليها دون أن تبتل. |Reprieve|James Han Mattson|true|en|true
09:30|0930-005|9:30 صباحًا| كان الرصيف خاليًا. نظر إلى ساعته. كانت ساعة جيدة، رولكس، أهدتها له والدته في عيد ميلاده الحادي والعشرين. وصلوا بكفاءة رائعة في تمام الساعة 9:30 صباحًا. تساءل عما إذا كان الوفد البريطاني قد أقلع بعد. |Munich|Robert Harris|true|en|true
09:30|0930-006|التاسعة والنصف|"في التاسعة والنصف، كان يجلس على حافة سريره ينظر إلى ساعته. وضعها على أذنه. ثم انفرجت شفتاه عن أسنانه في تلك الابتسامة الغريبة الشبيهة بابتسامة الذئب، وهي سمة مميزة لهذا الرجل. قال بصوت خافت للغاية:<br>""أعتقد أن الوقت قد حان لفعل شيء حيال هذا."""|And Then There Were None|Agatha Christie|true|en|true
09:30|0930-007|التاسعة والنصف|نظر إلى ساعته؛ كانت التاسعة والنصف|A Watcher by the Dead|Ambrose Bierce|true|en|true
09:30|0930-008|التاسعة والنصف|"كانت الساعة التاسعة والنصف. بعد عشر دقائق أخرى، ستطفئ المدفأة؛ ثم سيستغرق الماء بعض الوقت ليبرد. في هذه الأثناء، لم يكن هناك ما تفعله سوى الانتظار. ""هل فكرتِ في الأمر جيدًا يا أبريل؟"" لا تُقدمي على فعل أي شيء حتى تتأكدي من – لكنها لم تكن بحاجة إلى مزيد من النصائح أو التوجيهات. كانت هادئة الآن، مطمئنة لما كانت تعرفه دائمًا، ما لم يُعلّمها إياه والداها ولا عمتها كلير ولا فرانك ولا أي شخص آخر: أنه إذا أردتِ فعل شيء صادق تمامًا، شيء حقيقي، فإنه دائمًا ما يكون شيئًا يجب القيام به بمفردك."|Revolutionary Road|Richard Yates|true|en|true
09:30|0930-009|التاسعة والنصف|وصلت الجثة في تمام الساعة التاسعة والنصف من صباح اليوم. ذهب أحد رجال هولدينغ إلى المنزل وأخذها. لم يكن هناك شيء غير عادي في الوفاة. كان الرجل يعاني من رهاب المستشفيات وتوفي في منزله، حيث كانت زوجته المخلصة ترعاه بشكل كافٍ.|Trumpet|Jackie Kay|true|en|true
09:30|0930-010|9:30| نصعد تلة الصباح الدافئة، جنبًا إلى جنب، متجهين أخيرًا إلى قاعة المشاهير. إنها الساعة 9:30، والوقت يمر سريعًا. |Independence Day|Richard Ford|true|en|true
09:31|0931-000|9:31|رن هاتفه في تمام الساعة 9:31. أمسك بات به، وشعر بالارتياح لسماع صوت السيد ليفي على الطرف الآخر من الخط.|You’ll Never Live to Regret It|Jeffrey Archer|true|en|true
09:31|0931-001|9:31 صباحًا|الثلاثاء 9:31 صباحًا<br>عندما دخل مايكل فانس إلى غرفة التداول في الطابق الثالث من بنك ويستمنستر يونيون التابع لكينجي نوغامي، كانت قد افتُتحت للتو لأعمال الصباح. كانت شاشات الكمبيوتر تعرض أرقامًا خضراء؛ وكان المتداولون الذين يرتدون قمصانًا بأكمام قصيرة يُجرون مكالماتهم الأولى إلى باريس وزيورخ؛ وبدأت الجنيهات الإسترلينية والدولارات والماركات الألمانية والين في التدفق.|Project Daedalus|Thomas Hoover|true|en|true
09:32|0932-000|الساعة 9:32| قال إنه لا يستطيع الجزم بذلك بالطبع، لكنه يعتقد أنه كذلك. على أي حال، إذا لم يكن هو قطار الساعة 11:05 المتجه إلى كينغستون، قال إنه واثق تمامًا من أنه قطار الساعة 9:32 المتجه إلى فيرجينيا ووتر، أو قطار الساعة 10 صباحًا السريع المتجه إلى جزيرة وايت، أو قطار في مكان ما في ذلك الاتجاه، وسنعرف جميعًا متى نصل إلى هناك.|Three Men in a Boat|Jerome K. Jerome|true|en|true
09:32|0932-001|الساعة التاسعة واثنتين وثلاثين دقيقة| بالكاد وصلت ساندي إلى الساعة التاسعة واثنتين وثلاثين دقيقة، ووجدت مقعدًا في منطقة ممنوع التدخين. كانت تتطلع إلى هذه الزيارة مع ليسبث. لم تتقابلا منذ شهور، منذ يناير، عندما عادت ساندي من جامايكا. وفي ذلك اليوم، كانت ساندي تعاني من فيروس الهربس بشكل واضح على شفتها السفلى.|Wifey|Judy Blume|true|en|true
09:33|0933-000| 9:33 صباحًا | وجد هاري نفسه واقفًا خارج السفارة في تمام الساعة 9:33 صباحًا |Best Kept Secret|Jeffrey Archer|true|en|true
09:33|0933-001|الساعة التاسعة وثلاث وثلاثون دقيقة| ثم تذكر أن غد عيد الميلاد سيكون اليوم السابع والعشرين من الشهر القمري، وبالتالي سيكون المد العالي في الساعة الثالثة وواحد وعشرين دقيقة، والجزر النصفي في الساعة السابعة والربع، والجزر المنخفض في الساعة التاسعة وثلاث وثلاثون دقيقة، والمد النصفي في الساعة الثانية عشرة وتسع وثلاثون دقيقة.|The Toilers of the Sea|Victor Hugo|true|en|true
09:34|0934-000|الساعة التاسعة وأربع وثلاثون دقيقة صباحًا|بمعنى آخر، على العكس من ذلك، فإن قطاراتنا، في هذا الخط العرضي، تتقدم على الشمس بأكثر من 900 كيلومتر في الساعة، متفوقة على هذا الكوكب: فمثلاً، إذا غادر المسافر ليفربول عند الظهر، فسيصل إلى المحطة التي نحن فيها الآن في الساعة التاسعة وأربع وثلاثون دقيقة صباحًا - أي قبل موعد انطلاقه!|An Express of the Future|Jules Verne|true|en|true
09:35|0935-000|9:35 صباحًا| فتح الملف الأول وبدأ بمراجعة الأسئلة السبعة التي كتبها بدقة في الليلة السابقة. نظر إلى الساعة على الحائط. كانت الساعة 9:35 صباحًا. |A Prisoner of Birth|Jeffrey Archer|true|en|true
09:35|0935-001|9:35 صباحًا| أرسل نسخة بالبريد الإلكتروني إلى رون، وكذلك إلى زاك. ثم نظر أخيرًا إلى الساعة في الزاوية العلوية اليمنى من حاسوبه المحمول. كانت تشير إلى 9:35 صباحًا. |Under the Golden Dome|Ray Keating|true|en|true
09:35|0935-002|العاشرة إلا بخمس وعشرين دقيقة| نظرت تيس إلى ساعتها ودهشت عندما رأت أنها تشير إلى العاشرة إلا بخمس وعشرين دقيقة. بدا أنها أطعمت فريتزي حصصًا مضاعفة وغادرت المنزل قبل أربع سنوات. ربما خمس، ظنت أنها سمعت صوت محرك يقترب، ثم قررت أنها لم تسمعه.|Full Dark, No Stars|Stephen King|true|en|true
09:35|0935-003| التاسعة وخمس وثلاثون دقيقة| التاسعة وخمس وثلاثون دقيقة. لا بد أنه رحل حقًا. لم يعد الطائر يتغذى، بل يجلس على قمة لفة من الأسلاك الشائكة.|The Memory of Love|Aminatta Forna|true|en|true
09:35|0935-004|العاشرة إلا خمسًا وعشرين دقيقة| في تمام الساعة العاشرة إلا خمسًا وعشرين دقيقة، كان يطرق على باب غرفة بلور المغلق.<br>فتحه الأخير بحذر. كان شعره أشعثًا وعيناه لا تزالان نعستان من النوم.|And Then There Were None|Agatha Christie|true|en|true
09:36|0936-000|9:36|كانت الساعة 9:36، وعادت حركة المرور إلى طبيعتها. توجه نحو الضابط المسؤول عن تنسيق التصوير لصالح مكتب السينما والتلفزيون بالمدينة.|Honor Among Thieves|Jeffrey Archer|true|en|true
09:36|0936-001|9:36 صباحًا| نظر داني إلى ساعة نيك: 9:36 صباحًا. نزل الدرج مسرعًا وتوجه إلى مكتب الاستقبال، حيث حاول حيلة مختلفة. |A Prisoner of Birth|Jeffrey Archer|true|en|true
09:36|0936-002|9:36| أمسك قلمًا ودفترًا بجانب الهاتف وأبدأ بتدوين قائمة مهام اليوم. أتخيل نفسي أنتقل بسلاسة من مهمة إلى أخرى، فرشاة في يد ومنفضة غبار في الأخرى، وأرتب كل شيء. مثل ماري بوبينز.<br>9:30-9:36 ترتيب سرير جايجرز|The Undomestic Goddess|Sophie Kinsella|true|en|true
09:36|0936-003|9:36 صباحًا| 9:36 صباحًا. يا إلهي، يا إلهي. ربما وقع في الحب في نيويورك وبقي هناك. |Bridget Jones’s Diary|Helen Fielding|true|en|true
09:37|0937-000|9:37|انحرفت السيارة الأمامية بين حاجزين للشرطة ودخلت شارع الدستور في تمام الساعة 9:37. عندما رأى ديكستر العربات تصطف للمشاركة في الموكب، أصدر الأمر بإطفاء صفارات الإنذار.|Honor Among Thieves|Jeffrey Archer|true|en|true
09:37|0937-001|الساعة التاسعة وسبع وثلاثون دقيقة|شمل ذلك كل ما هو مطلوب من الخادم، من الساعة الثامنة صباحًا، وهي الساعة التي يستيقظ فيها فيلياس فوغ، وحتى الساعة الحادية عشرة والنصف، عندما يغادر المنزل إلى نادي الإصلاح - جميع تفاصيل الخدمة، الشاي والخبز المحمص في الساعة الثامنة وثلاث وعشرين دقيقة، وماء الحلاقة في الساعة التاسعة وسبع وثلاثون دقيقة، والاستحمام في الساعة العاشرة وعشرون دقيقة.|Around the World in Eighty Days|Jules Verne|true|en|true
09:38|0938-000|تبقى 22 دقيقة [حتى الساعة العاشرة]|تبقى 22 دقيقة [حتى الساعة العاشرة]. كان على وشك الانعطاف إلى الممر خلف حظيرة الخنازير. سيستغرق الوصول إلى الكنيسة 10 دقائق. لم يتبق له سوى أقل من 15 دقيقة للاستعداد.|The Hammer of God|Bo Giertz|true|en|true
09:39|0939-000|9:39 صباحًا| في اللحظة التي وصلت فيها الساعة إلى 9:39 صباحًا، سمعت طرقًا بعيدًا على باب منزلي. أكره المتباهين. |Fated|Benedict Jacka|true|en|true
09:39|0939-001|9:39 صباحًا|9:39 صباحًا<br>كانت براك في حمام النساء بالطابق الأرضي في قاعة تشابين، وسروالها منزّل إلى ركبتيها، لكن يومها لم يفسد بعد. نعم، كان هذا انحرافًا كبيرًا عن مسارها، لكن لا يزال أمامها ساعة للوصول إلى آخر مجموعة نقاش في مقرر مايكرو 1 قبل الامتحان النهائي.|Kitchens of the Great Midwest|J. Ryan Stradal|false|en|true
09:40|0940-000|9:40|قام الرئيس بقطع الدائرة وأشعل سيجارة أخرى: 9:40.|Shall We Tell the President?|Jeffrey Archer|true|en|true
09:40|0940-001|9:40|بعد الإفطار، اختارت ملابس حمل جعلتها، بمساعدة بسيطة، تبدو وكأنها حامل في شهرها السابع تقريبًا. غادرت الفندق في الساعة 9:40 صباحًا، واستقلت سيارة أجرة إلى شارع لافاييت، حيث دخلت مبنىً زجاجيًا وفولاذيًا، وبعد مراجعة الدليل على الحائط، استقلت المصعد إلى الطابق الحادي والعشرين.|Cometh the Hour|Jeffrey Archer|true|en|true
09:40|0940-002|الساعة التاسعة وأربعون دقيقة|اتصل شريكه في العمل بالمكتب حوالي الساعة التاسعة وأربعون دقيقة ليخبره أنه لم يتمكن من الاتصال بروبن منذ صباح أمس وأنه قلق. حضرت السيدة فرينشام أولاً ووجدت بقايا وجبة على طاولة المطبخ، وسيارته في الممر، وسريره يبدو أنه لم ينم فيه.|The Private Patient|P.D. James|true|en|true
09:40|0940-003|العاشرة إلا عشرون دقيقة| أغلق هارتمان باب قاعة الولائم وتوقف ليربط ساعته. كانت الساعة تشير إلى العاشرة إلا عشرون دقيقة. من المكتب على طول الممر، صدر صوت خافت لآلة كاتبة؛ رنّ الهاتف.|Munich|Robert Harris|true|en|true
09:40|0940-004|العاشرة إلا عشرين دقيقة|شمل ذلك كل ما هو مطلوب من الخادم، من الساعة الثامنة صباحًا، وهي الساعة التي يستيقظ فيها فيلياس فوغ، وحتى الساعة الحادية عشرة والنصف، عندما يغادر المنزل إلى نادي الإصلاح - جميع تفاصيل الخدمة، الشاي والخبز المحمص في الساعة الثامنة وثلاث وعشرين دقيقة، وماء الحلاقة في الساعة التاسعة وسبع وثلاثين دقيقة، والاستحمام في الساعة العاشرة إلا عشرين دقيقة.|Around the World in Eighty Days|Jules Verne|true|en|true
09:40|0940-005|9:40|يجب فصل الهاتف. يتصل بي مقاول باستمرار بشأن دفع ثمن 50 كيسًا من الإسمنت يدّعي أنني استلمتها قبل عشرة أيام. يقول إنه ساعدني في تحميلها على شاحنة بنفسه. لقد قدت شاحنة ويتبي إلى المدينة، ولكن فقط للحصول على بعض مصفاة الرصاص. ماذا يظن أنني سأفعل بكل هذا الإسمنت؟ إنه بالضبط نوع الشيء المزعج الذي لا تتوقع أن يعلق فوق مخرجك الأخير. (العبرة: لا تحاول جاهدًا نسيان إنيويتوك.) استيقظت 9:40. نمت 4:15.|The Voices of Time|J.G. Ballard|true|en|true
09:41|0941-000|09:41|نظرت ماريا إلى شاشة عرض الوقت في الزاوية اليمنى السفلى من الشاشة؛ 09:41، أي بعد إحدى عشرة دقيقة بالضبط من دخولها مجمع التصنيع|The Stone Dogs|S.M. Stirling|true|en|true
09:42|0942-000|9:42|9:36<br>تباً. لا أستطيع ترتيب هذا السرير. لماذا لا تستقر هذه الملاءة بشكل مسطح؟<br>9:42<br>ولماذا يصنعون المراتب ثقيلة جدًا؟|The Undomestic Goddess|Sophie Kinsella|false|en|true
09:42|0942-001|التاسعة واثنتين وأربعين دقيقة وأربع ثوانٍ|مع اقترابها من الساعة التاسعة واثنتين وأربعين دقيقة وأربع ثوانٍ، تباطأت فجأة، ثم توقفت تمامًا.|The Space Machine|Christopher Priest|true|en|true
09:43|0943-000|9:43|وجد هاري نفسه واقفًا خارج السفارة في تمام الساعة 9:33 صباحًا. دار حول المبنى مرة واحدة: 9:43. ثم مرة أخرى، ببطء أكبر: 9:56. وأخيرًا، عبر البوابات، وعبر فناء مرصوف بالحصى، وصعد اثنتي عشرة درجة، حيث فتح له حارس بابًا مزدوجًا كبيرًا، وكانت أوسمته تشير إلى أنه خدم في نفس مسرح الحرب.|Best Kept Secret|Jeffrey Archer|true|en|true
09:43|0943-001|9:43 صباحًا|"الاثنين 9:43 صباحًا<br>""مايكل، لا أستطيع وصف مدى سعادتي بسماع صوتك يا صديقي. يجب أن نتناول الغداء معًا اليوم."" خرج الصوت من سماعة الهاتف بلكنة لندن المالية المميزة، على الرغم من أن المتحدث وُلد في الجانب الآخر من العالم."|Project Daedalus|Thomas Hoover|true|en|true
09:44|0944-000|9:44 صباحًا|"الجمعة 9:44 صباحًا<br>""أعتقد أنه من الأفضل أن نبدأ بلعب الغميضة بجدية،"" لاحظ فانس.<br>""التخفي يا صديقي الأمريكي،"" أجاب أندروف. ""بصمة الرادار المعادية لهذا الهيكل تكاد تكون معدومة."""|Project Daedalus|Thomas Hoover|true|en|true
09:45|0945-000|العاشرة إلا ربع|في تمام الساعة العاشرة إلا ربع من صباح يوم 15 أغسطس، عبر لياندرو إلى بلدة تروي. كان يشعر بضيق في معدته من فرط الترقب، ودعونا نواجه الأمر، يا رفاق، بوخزة من الخوف. شعر ببرودة في جلده.|The Tommyknockers|Stephen King|true|en|true
09:45|0945-001|العاشرة إلا ربع| نظرت إلى الساعة على المنضدة الجانبية فرأت أنها العاشرة إلا ربع. لقد نامت ساعتين إضافيتين. شعرت بالذعر للحظة؛ ربما تكون قد أصيبت بارتجاج في المخ أو كسر في النهاية.|Full Dark, No Stars|Stephen King|true|en|true
09:45|0945-002|9.45|9.15، 9.30، 9.45، 10! شعر بوند بالإثارة تتجمع داخله كفراء قطة.|On Her Majesty’s Secret Service|Ian Fleming|true|en|true
09:46|0946-000|9:46 صباحًا| في تمام الساعة 9:46 صباحًا، كما ينبغي في مثل هذه الأمور، كنت قد ألقيت صنارتي ثلاث مرات فوق المخبأ المعروف لهذه السمكة. ثم ألقيت للمرة الرابعة، بدافع العادة أكثر من الأمل؛ وبدأت المعركة. |Ma Pettengill|Harry Leon Wilson|true|en|true
09:47|0947-000|9:47 صباحًا |" غادر الفندق في تمام الساعة 9:47 صباحًا بخطاه السريعة المعتادة قائلًا: ""استعدوا!"".<br>استيقظ ستيفن وروبن من شرودهما. "|Not a Penny More, Not a Penny Less|Jeffrey Archer|true|en|true
09:47|0947-001|9:47|"أكد قائلاً: ""لقد ماتت. لا بد أن موتها كان مفاجئًا للغاية وبأقل قدر من الألم."" نظر إلى ساعته؛ كانت الساعة 9:47. غطى مريضته ببطانية واتصل بالإسعاف."|Old Love|Jeffrey Archer|true|en|true
09:47|0947-002|9:47 صباحًا| كان توقيت دخول وخروج اللورد المستشار من البرج الشمالي لقصر وستمنستر ليثير إعجاب رقيب أول في فوج عسكري. في تمام الساعة 9:47 صباحًا، سُمع طرق على الباب، ودخل سكرتيره، ديفيد بارثولوميو، الغرفة. |Best Kept Secret|Jeffrey Archer|true|en|true
09:47|0947-003|تسعة وسبعة وأربعون|"صحيح... تسعة وسبعة وأربعون وتسعة وثمانية وأربعون. لقد ماتا في نفس الوقت.<br>""هذا ليس نفس الوقت يا هاري.""<br>لوّحت بيدي، نافد الصبر."|Blood Rites|Jim Butcher|true|en|true
09:47|0947-004|09:47|"عندما أشعر بالجوع مجدداً، أنظر إلى الساعة، لكنها تُظهر فقط 09:47. انتهت الرسوم المتحركة، لذا أشاهد كرة القدم وبرنامج ""الكوكب"" حيث يفوز الناس بجوائز."|Room|Emma Donoghue|true|en|true
09:47|0947-005|9:47|"أخيرًا، في تمام الساعة 9:47، جاء الاتصال. أجابت إيلين، واستمعت لثانية، ثم ناولَتني السماعة بصمت. ""أريدكِ أن تكوني وزيرة خارجيتي."""|Madam Secretary|Madeleine Albright|true|en|true
09:47|0947-006|9:47 صباحًا|9:47 صباحًا. أو ذهبت إلى لاس فيغاس وتزوجت. |Bridget Jones’s Diary|Helen Fielding|true|en|true
09:47|0947-007|9:47 صباحًا| عادةً ما كنت سأكون في المدرسة في الساعة 9:47 صباحًا، لكن كان لدي موعد مع طبيب متخصص في الأذن والأنف والحنجرة، والذي كان سيخبرني بسبب معاناتي من التهابات الجيوب الأنفية المتكررة. |When You Are Mine|Michael Robotham|true|en|true
09:47|0947-008|9:47 صباحًا|9:47 صباحًا (35 دقيقة من الاحتجاز)<br>ولاعة واحدة، 3 زجاجات فودكا، مقص واحد، لا خطة.|The Girls I’ve Been|Tess Sharpe|true|en|true
09:47|0947-009|9:47|في تمام الساعة 9:47 من صباح اليوم التالي، تلقت إدارة شرطة مقاطعة تاماراك مكالمة. وكان كورك وماكدوغال أول من وصل إلى مكان الحادث.|Corpus Delicti|William Kent Krueger|true|en|true
09:47|0947-010|العاشرة إلا ثلاث عشرة دقيقة|بالنسبة لهنتر، الذي تدرب على تدوين الأوقات بدقة، بدأت حالة الطوارئ الأخيرة في العاشرة إلا ثلاث عشرة دقيقة.|Elegy for a Revolutionary|C.J. Driver|true|en|true
09:48|0948-000|تسعة وثمانية وأربعون|"صحيح... تسعة وسبعة وأربعون وتسعة وثمانية وأربعون. لقد ماتا في نفس الوقت.<br>""هذا ليس نفس الوقت يا هاري.""<br>لوّحت بيدي، نافد الصبر."|Blood Rites|Jim Butcher|true|en|true
09:48|0948-001|الساعة التاسعة وثمانية وأربعين|هذه هي الجثة التي رأيتها لأول مرة في تمام الساعة التاسعة وثمانية وأربعين من يوم الجمعة الموافق 15 أكتوبر في منزل إينوسنت، إينوسنت ووك، وابينغ.|Original Sin|P.D. James|true|en|true
09:49|0949-000|الساعة 09:49| بعد مرور أربع وعشرين ساعة، وردت رسالة جديدة على محطة الأرقام. استمع بورتر إليها مرتين قبل فك شفرتها. نصت الرسالة ببساطة على: تم استلام الرسالة. الأصول في طريقها. ستهبط غدًا الساعة 09:49. مقر الاتصالات الحكومية البريطانية يستمع.|Deathlist|Chris Ryan|true|en|true
09:50|0950-000|الساعة التاسعة وخمسين دقيقة صباحًا|دخل العقيد وزميلاه الغرفة شبه الممتلئة في تمام الساعة التاسعة وخمسين دقيقة صباحًا، وكما هو مُوعز إليهم، جلسوا في المقاعد التي تلي خصمهم مباشرةً.|As the Crow Flies|Jeffrey Archer|true|en|true
09:50|0950-001|الساعة العاشرة إلا عشر دقائق| غادر لامونت شقته في هامرسميث في تمام الساعة العاشرة إلا عشر دقائق، وبدلاً من الانعطاف يمينًا والتوجه إلى أقرب محطة مترو، كما كان يفعل كل صباح من أيام الأسبوع على مدار السنوات الثماني الماضية، انعطف يسارًا.|Turn a Blind Eye|Jeffrey Archer|true|en|true
09:50|0950-002|9:50|"قالت مادي: ""كان يجب أن أعرف. كان من المعتاد أن تكون الكنيسة شبه فارغة في الساعة 9:50 وممتلئة في الساعة 9:59."""|Blood Stained|Gayl Siegel|true|en|true
09:50|0950-003|العاشرة إلا عشر دقائق|تصل إلى راديانس في تمام الساعة العاشرة إلا عشر دقائق، مبكرًا هذه المرة، وتدخل بمفتاحها، وترتدي المئزر الموف والأزرق الفاتح الذي صممته شانيتا لهما حتى يعرف الزبائن أنهما ليسا زبائن.|The Robber Bride|Margaret Atwood|true|en|true
09:50|0950-004|العاشرة إلا عشر دقائق|"قال فيليب لومبارد:<br>""كم الساعة الآن؟""<br>""العاشرة إلا عشر دقائق يا سيدي.""<br>ارتفع حاجبا لومبارد. أومأ برأسه ببطء."|And Then There Were None|Agatha Christie|true|en|true
09:50|0950-005|9:50 صباحًا| 9:50 صباحًا. هممم. أعتقد أنني سأذهب لأتفقد المكياج في حال دخل. |Bridget Jones’s Diary|Helen Fielding|true|en|true
09:50|0950-006|العاشرة إلا عشر دقائق.|"العاشرة إلا عشر دقائق. ""كان لديّ الوقت الكافي لإخفاء الزجاجة (بعد أن غادرتني الممرضة) عندما دخلتَ غرفتي."""|The Law and the Lady|Wilkie Collins|true|en|true
09:51|0951-000|9:51|توقفوا أمام الكتل الخرسانية الضخمة التي بُنيت لإيواء إعلان الاستقلال، تمامًا كما يفعل الكاهن أمام المذبح. نظر سكوت إلى ساعته. كانت الساعة 9:51.|Honor Among Thieves|Jeffrey Archer|true|en|true
09:51|0951-001|9:51 صباحًا|9:51 صباحًا<br>هزّ جيه جيه رأسه باشمئزاز وهو ينظر إلى الخراب الذي حلّ بالمنصة. كان الدكتور أندروس قد اتصل به للتو من القيادة، وطلب منه إجراء تقييم أولي لحالة المنشأة، لتقدير حجم الضرر تقريبًا. كانت المهمة تُشعره بالاكتئاب بالفعل.|Project Cyclops|Thomas Hoover|true|en|true
09:51|0951-002|9:51 صباحًا| كانت قد خططت للوصول قبل الموعد ببضع دقائق، وأنزلها سائق التاكسي أمام المبنى في تمام الساعة 9:51 صباحًا. وبينما كانت تُعطي السائق ربع دولار، شعرت بالارتياح لأن زيارتها لنيويورك كانت على وشك الانتهاء؛ فقد تبين أنها كانت أغلى بكثير مما توقعت. |The Sins of the Father|Jeffrey Archer|true|en|true
09:52|0952-000|9:52| استقلت قطار الساعة 9:52 المتجه إلى فيكتوريا. ابتعدت عنها تمامًا في القطار، والتقطتها عندما عبرت الحاجز.|Call for the Dead|John le Carré|true|en|true
09:52|0952-001|الساعة العاشرة إلا ثماني دقائق| مع وضع ذلك في الاعتبار، غادرت إيما منزل مانور في الساعة 9:25 من صباح ذلك اليوم، وتم نقلها عبر بوابات حوض بناء السفن بارينغتون في تمام الساعة العاشرة إلا ثماني دقائق.|The Sins of the Father|Jeffrey Archer|true|en|true
09:53|0953-000|العاشرة إلا سبع دقائق|لم يكن الناس يتحدثون معها بهذه الطريقة. كان والدها محامياً. كانت الساعة العاشرة إلا سبع دقائق.|Carrie|Stephen King|true|en|true
09:53|0953-001|العاشرة إلا سبع دقائق| ذهبت الآنسة بيتيغرو إلى موقف الحافلات في انتظار الحافلة. لم تكن تملك ثمن الأجرة، لكنها لم تكن لتتحمل خسارة أي فرصة محتملة بالتأخر. أنزلتها الحافلة على بُعد حوالي خمس دقائق سيرًا على الأقدام من قصر أونسلو، وفي تمام الساعة العاشرة إلا سبع دقائق، كانت خارج وجهتها.|Miss Pettigrew Lives for a Day|Winifred Watson|true|en|true
09:54|0954-000|9:54|سار داني عائدًا مسرعًا مارًا بالفندق، متفقدًا كل تقاطع حتى رأى أخيرًا اسم شارع أرجيل محفورًا بأحرف كبيرة على لوح حجري فوقه. نظر إلى ساعته وهو يدخل الشارع: 9:54.|A Prisoner of Birth|Jeffrey Archer|true|en|true
09:54|0954-001|9:54|9:54 هذا عذابٌ لا يُطاق. لم أشعر بألمٍ كهذا في ذراعيّ طوال حياتي. البطانيات ثقيلةٌ جدًا، والملاءات لا تستقرّ بشكلٍ مستقيم، ولا أعرف كيف أُرتّب الزوايا اللعينة. كيف تفعلها الخادمات؟|The Undomestic Goddess|Sophie Kinsella|true|en|true
09:54|0954-002|العاشرة إلا ست دقائق| كانت السيارة متوقفة خارج منزل بارينغتون في تمام الساعة العاشرة إلا ست دقائق. وبحلول الوقت الذي خرجت فيه من المصعد في الطابق الخامس وسارت في الممر إلى مكتب الرئيس، كانت الساعة العاشرة إلا دقيقتين.|The Sins of the Father|Jeffrey Archer|true|en|true
09:55|0955-000|العاشرة إلا خمس دقائق|اخرج من غرفتك في تمام الساعة العاشرة إلا خمس دقائق، وانضم إلى الأوركسترا في الردهة، ثم توجه إلى الباب الأمامي، حيث ستجد حافلتهم متوقفة.|A Matter of Honor|Jeffrey Archer|true|en|true
09:55|0955-001|العاشرة إلا خمس دقائق|على الرغم من أن الجميع كانوا يعلمون أن الدكتور أوكشوت لن يصل قبل الموعد بدقيقة أو بعده بدقيقة، إلا أنه بحلول الساعة العاشرة إلا خمس دقائق، كانت معظم العيون تحدق عبر الساحة في انتظار فتح باب منزل المدير.|Only Time Will Tell|Jeffrey Archer|true|en|true
09:55|0955-002|تمام الساعة العاشرة إلا خمس دقائق| في يوم الثلاثاء الموافق 17 أكتوبر، في تمام الساعة العاشرة إلا خمس دقائق، توجه الأب مارتن من غرفة البرج الصغيرة التي كان يشغلها في جنوب المنزل، نازلاً الدرج الحلزوني، ثم سار على طول الممر إلى مكتب الأب سيباستيان.|Death in Holy Orders|P.D. James|true|en|true
09:55|0955-003|العاشرة إلا خمس دقائق|كان من المقرر أن يأتوا لأخذها من منزلها في حدائق تاوريدا في تمام الساعة العاشرة، ولكن كانت الساعة العاشرة إلا خمس دقائق، ولم تكن الفتيات قد ارتدين ملابسهن بعد.<br>كانت ناتاشا ذاهبة إلى أول حفل راقص كبير لها. استيقظت في الثامنة من صباح ذلك اليوم، وكانت في حالة من الحماس والنشاط طوال اليوم.|War and Peace|Leo Tolstoy|true|en|true
09:55|0955-004|الساعة العاشرة إلا خمس دقائق|في تمام الساعة العاشرة إلا خمس دقائق، كنتُ جاهزة في الردهة. منزل والدة ناثانيال قريب، لكن يبدو أنه يصعب إيجاده، لذا الخطة هي أن نلتقي هنا وسيوصلني. نظرتُ إلى انعكاسي في مرآة الردهة وتألمتُ. كان أثر صبغة الشعر في شعري واضحًا كالعادة. هل سأخرج حقًا إلى العلن هكذا؟|The Undomestic Goddess|Sophie Kinsella|true|en|true
09:55|0955-005|الساعة العاشرة إلا خمس دقائق|" قال ألبرت: ""صباح الخير يا لوسيان، صباح الخير. إن دقتك في المواعيد تُقلقني حقًا. ماذا أقول؟ الدقة في المواعيد! أنت الذي كنت أتوقع وصولك أخيرًا، تصل في تمام الساعة العاشرة إلا خمس دقائق، بينما كان الموعد المحدد هو العاشرة والنصف! هل استقالت الوزارة؟"""|The Count of Monte Cristo|Alexandre Dumas|true|en|true
09:56|0956-000|9:56|وجد هاري نفسه واقفًا خارج السفارة في تمام الساعة 9:33 صباحًا. دار حول المبنى مرة أخرى: 9:43. ثم مرة أخرى، ببطء أكبر: 9:56. وأخيرًا، عبر البوابات، وعبر فناء مرصوف بالحصى، وصعد اثنتي عشرة درجة، حيث فتح له حارس بابًا مزدوجًا كبيرًا، وكانت أوسمته تشير إلى أنه خدم في نفس مسرح الحرب.|Best Kept Secret|Jeffrey Archer|true|en|true
09:56|0956-001|9:56 صباحًا|9:56 صباحًا<br>خرجت آلي من سيارة الأجرة، وهي تحمل الحقيبة الكبيرة ذات الغلاف الجلدي، وقارنت الرقم الموجود على البطاقة باللوحة البرونزية فوق الباب. عاش وينستون بارتليت كأحد أقطاب اللصوص في القرن التاسع عشر.|Syndrome|Thomas Hoover|true|en|true
09:57|0957-000|العاشرة إلا ثلاث دقائق|في صباح ذلك الخميس، كان جميع أعضاء مجلس الإدارة جالسين في أماكنهم حول الطاولة بحلول العاشرة إلا ثلاث دقائق. بدأ الاجتماع بهدوء، مع تقديم اعتذارات عن الغياب، تلاها قبول محضر الاجتماع السابق.|As the Crow Flies|Jeffrey Archer|true|en|true
09:57|0957-001|9:57 صباحًا|الجمعة 9:57 صباحًا<br>«حدث انفجار»، أبلغ العقيد أركادي عبر ميكروفون خوذته. كانت طائرته فوكسهاوند ذات المحركين مائلة بزاوية 50 درجة.<br>«نستقبلك»، أجاب الجنرال سوكولوف. «هل يمكنك تأكيد إسقاط الطائرة؟»|Project Daedalus|Thomas Hoover|true|en|true
09:58|0958-000|العاشرة إلا دقيقتين| كانت السيارة متوقفة خارج منزل بارينغتون في تمام الساعة العاشرة إلا ست دقائق. وبحلول الوقت الذي خرجت فيه من المصعد في الطابق الخامس وسارت في الممر إلى مكتب الرئيس، كانت الساعة قد اقتربت من العاشرة إلا دقيقتين.|The Sins of the Father|Jeffrey Archer|true|en|true
09:58|0958-001|العاشرة إلا دقيقتين|في الساعة العاشرة إلا دقيقتين، توجه الاثنان إلى مقر رئاسة الوزراء في داونينج ستريت رقم 10، وتم اصطحابهما على الفور إلى رئيس الوزراء.|John Dene of Toronto|Herbert George Jenkins|true|en|true
09:58|0958-002|حوالي الساعة العاشرة| لم أنم طويلاً، لأنني أعتقد أنني استيقظت حوالي الساعة العاشرة. شعرت بجوع شديد بمجرد أن دخنت سيجارة. آخر مرة أكلت فيها كانت تلك البرغرتان اللتان تناولتهما مع بروسارد وأكلي عندما ذهبنا إلى السينما في أجرستاون. كان ذلك منذ زمن بعيد. بدا وكأنه قبل خمسين عامًا.|Catcher in the Rye|J.D. Salinger|true|en|true
09:59|0959-000|الساعة العاشرة إلا دقيقة واحدة| طرق العقيد سكوت-هوبكنز باب المنزل رقم 44 في ميدان إيتون في تمام الساعة العاشرة إلا دقيقة واحدة. وبعد لحظات، فتح الباب رجل ضخم الجثة كان يفوق في طوله قائد القوات الخاصة البريطانية.|Be Careful What You Wish For|Jeffrey Archer|true|en|true
09:59|0959-001|الساعة العاشرة إلا دقيقة واحدة|" كان أليكس يتمنى لو أنه أخبره، ولو لمرة واحدة، ""معذرةً يا صديقي، لا أستطيع الحضور. لدي موعد أهم بكثير في ذلك الوقت""، لكنه كان يعلم أنه سيقف خارج 44 ميدان إيتون في تمام الساعة العاشرة إلا دقيقة واحدة صباح اليوم التالي."|Be Careful What You Wish For|Jeffrey Archer|true|en|true
09:59|0959-002|قبل العاشرة بدقيقة واحدة|كان أليكس يقف خارج مكتب المدير قبل العاشرة بدقيقة واحدة، بعد أن ذهب إلى السوق في الرابعة صباحًا، وعمل لمدة ساعة في الكشك قبل أن يتولى بيرني الأمر في الثامنة.|Heads You Win|Jeffrey Archer|true|en|true
09:59|0959-003|الدقيقة الواحدة قبل العاشرة| نظر فليتشر حوله عندما جلس دون كولفر، رئيس الشرطة، والمحقق بيتروفسكي في الصف الأمامي، خلف طاولة المدعي العام مباشرةً. عند الدقيقة الواحدة قبل العاشرة، لم يتبق سوى ثلاثة عشر مقعدًا شاغرًا.|Sons of Fortune|Jeffrey Archer|true|en|true
09:59|0959-004|قبل لحظات من دقات الساعة العاشرة| جلس هاري على مكتب في الصف الأمامي، وقبل لحظات من دقات الساعة العاشرة، دخل عدد من الأساتذة يرتدون أردية سوداء طويلة وقبعات التخرج ووضعوا أوراق الامتحان على المكاتب أمام كل مرشح.|Only Time Will Tell|Jeffrey Archer|true|en|true
09:59|0959-005|قبل العاشرة بدقيقة واحدة|رن جرس الباب الأمامي قبل العاشرة بدقيقة واحدة، فأجاب كارل.|Best Kept Secret|Jeffrey Archer|true|en|true
09:59|0959-006|9:59|قالت مادي: كان يجب أن أعرف. كان من المعتاد أن تكون الكنيسة شبه فارغة في الساعة 9:50 وممتلئة في الساعة 9:59.|Blood Stained|Gayl Siegel|true|en|true
09:59|0959-007|دقيقة واحدة قبل العاشرة|دقيقة واحدة قبل العاشرة. نظر بيرت إلى الساعة بقلب مثقل. كانت ساقاه لا تزالان تؤلمانه بشدة. لم يستطع رؤية عقارب الساعة تتحرك، لكنها كانت تتقدم ببطء على أي حال.|The Ragged Trousered Philanthropists|Robert Tressell|true|en|true
10:00|1000-000|العاشرة|في حوالي الساعة العاشرة، بدأت أولى رقاقات الثلج الصغيرة تتساقط ببطء وتستقر على ذراع جيل. وبعد عشر دقائق، أصبحت تتساقط بغزارة. وفي غضون عشرين دقيقة، أصبحت الأرض بيضاء بشكل ملحوظ.|The Silver Chair|C.S. Lewis|true|en|true
10:00|1000-001|العاشرة|" تم تقديم ساعات شنغهاي ساعةً واحدةً حتى تتمكن المدينة من ""توفير ضوء النهار""، لكن عائلة باي قالت: ""نحن نعتمد الساعة القديمة"". كانت العاشرة بالنسبة لهم بمثابة الحادية عشرة بالنسبة للجميع. كان غناؤهم متأخرًا عن الإيقاع؛ لم يتمكنوا من مواكبة آلة الهوكين [آلة وترية صينية] التي تُصدر أصواتًا كئيبة وموحشة للحياة."|Love in a Fallen City|Eileen Chang|true|en|true
10:00|1000-002|العاشرة|في تمام الساعة العاشرة من هذا اليوم، بدأت أول آلة زمن مسيرتها. نقرتُ عليها نقرة أخيرة، وأعدتُ ربط جميع البراغي، ووضعتُ قطرة زيت أخرى على قضيب الكوارتز، وجلستُ على السرج. أعتقد أن من ينتحر ويضع مسدسًا على رأسه يشعر بنفس الدهشة التي شعرتُ بها حينها حيال ما سيحدث بعد ذلك.|The Time Machine|H.G. Wells|false|en|true
10:00|1000-003|العاشرة صباحًا|يفكر: إذا قفز، فسيهوي، يهوي ببطء عبر الفضاء الفارغ، موت مروع. يشعر، للحظة، بحرارة الارتطام، ورطوبة جمجمته الشبحية وهي تنهار. يتبدد وهم انعدام الوزن. يرتد المصعد ليغلق بصوت رنين.<br>إنها بعد العاشرة صباحًا بقليل يوم سبت.|Real Life|Brandon Taylor|false|en|true
10:00|1000-004|العاشرة|بدأ رواد إفطار الساعة العاشرة بالظهور: رجال صغار متوترون، كئيبون، مشغولون، يمسحون أطباقهم بقشور الخبز؛ نساء ضخمات وقحات، مثل أصنام بدائية محفورة من الأرض، تعفنت على مر السنين؛ رجال أنيقون مزخرفون بوجوه مثيرة للاشمئزاز، يذكرونه بشكل مزعج برسوم توضيحية في كتيبات طبية.|Crazy Cook|Henry Miller|true|en|true
10:00|1000-005|العاشرة|هناك بعض الأشياء الجيدة في العيش بمفردك. الغرفة باردة، لكن الهواء البارد ينعش البشرة. من الأشياء الجيدة في وظيفتها أنها لا تبدأ حتى العاشرة، مما يمنحها صباحًا طويلًا، وقتًا لتبدأ يومها ببطء.|The Robber Bride|Margaret Atwood|true|en|true
10:00|1000-006|العاشرة|في تمام الساعة العاشرة، ذهب إلى شينجوكو واشترى معالج نصوص من فوجيتسو ببطاقته الائتمانية. كان أحدث طراز، أخف وزنًا بكثير من الإصدارات السابقة.|1Q84, Book One|Haruki Murakami|true|en|true
10:00|1000-007|العاشرة|كانت الساعة العاشرة. والآن هو ميت، وسيتم استدعاء الشرطة، وسأُشتبه في أنني متورط في الأمر. أجل، أنا متأكد من ذلك.|The Sign of Four|Sir Arthur Conan Doyle|true|en|true
10:00|1000-008|العاشرة| بيلي مستعد للانطلاق باكرًا في صباح اليوم التالي، لكن باكي يطلب منه الانتظار حتى العاشرة صباحًا لأنه لديه مهمة. وبينما هو كذلك، يزور بيلي المنزل الصيفي للمرة الأخيرة. يأخذ صورة حيوانات السياج من على الحائط ويحملها إلى نهاية الطريق. ينظر إلى الوادي لدقيقة أو دقيقتين، نحو المكان الذي كان يقف فيه الفندق الذي يُشاع أنه مسكون بالأشباح.|Billy Summers|Stephen King|true|en|true
10:00|1000-009|الساعة العاشرة|"كان ذلك اليوم الأول فوضوياً للغاية. أدرتُ لعبة ""كارولينا سبين"" مع لين حتى الساعة العاشرة، ثم بقيتُ وحدي لمدة تسعين دقيقة بينما كان يركض في أرجاء الحديقة لإخماد حرائق يوم الافتتاح."|Joyland|Stephen King|true|en|true
10:00|1000-010|العاشرة|" في حوالي العاشرة من كل صباح، كنت أنا وزوجتي نأخذ مبردًا إلى الشاطئ. كنا نضع واقي الشمس، ثم نتمدد على الحصائر على الرمال. كنت أستمع إلى أغاني فرقة رولينج ستونز أو مارفن جاي على جهاز ووكمان، بينما كانت زوجتي منهمكة في قراءة رواية ""ذهب مع الريح"" بنسختها الورقية. كانت تدّعي أنها تعلمت الكثير عن الحياة من تلك الرواية. لم أكن قد قرأتها قط، لذلك لم أكن أفهم ما تعنيه."|Blind Willow, Sleeping Woman|Haruki Murakami|true|en|true
10:00|1000-011|عشرة|"""حماتي ليست شخصًا سيئًا. ليس لدي أي مشاعر سلبية تجاهها. إنها فقط من النوع العصبي، ودائمًا ما تعتمد كثيرًا على الآخرين. هل تفهمين الموقف؟""<br>""أعتقد ذلك،"" قلت.<br>وضعت ساقًا فوق الأخرى، منتظرةً أن أكتب شيئًا جديدًا على دفتري. لكنني لم أكتب شيئًا.<br>""اتصلت بنا في العاشرة صباحًا يوم أحد. قبل أسبوعين - عشرة أيام.""<br>في العاشرة أطفأت التلفاز، وعدت إلى غرفتي، ونمت."|Blind Willow, Sleeping Woman|Haruki Murakami|true|en|true
10:00|1000-012|العاشرة|"أمضت تلك الليلة في غرفة جونبي. شربا النبيذ - هدية من المطعم - ومارسا الجنس، ثم خلدا إلى النوم. عندما استيقظ جونبي في العاشرة من صباح اليوم التالي، كانت قد رحلت، ولم تترك سوى أثرٍ كذكرى مفقودة في الوسادة المجاورة لوسادته، وملاحظة: ""عليّ الذهاب إلى العمل. تواصل معي إن شئت."" أرفقت رقم هاتفها المحمول."|Blind Willow, Sleeping Woman|Haruki Murakami|false|en|true
10:00|1000-013|العاشرة|حياة جديدة تنفتح أمامي في فيلا بورغيزي. لم يمضِ سوى العاشرة صباحًا وقد تناولنا الفطور وخرجنا في نزهة.|Tropic of Cancer|Henry Miller|true|en|true
10:00|1000-014|العاشرة|على أي حال، عندما نظر إلى ساعته مرة أخرى كانت العاشرة. في العاشرة كانت مستلقية على الأريكة ويداها على ثدييها. هكذا يعطيني إياها - قطرات.|Tropic of Cancer|Henry Miller|false|en|true
10:00|1000-015|العاشرة|بدأ الحر في الساعات الأولى من الصباح، وتصاعد بسرعة. حوالي الساعة العاشرة، بلغ ذروته، بعد أن انتهى الأتراك واليونانيون على جانبي الخط الأخضر من تناول قهوتهم الصباحية.|The Island of Missing Trees|Elif Shafak|true|en|true
10:00|1000-016|العاشرة|" بحلول الساعة العاشرة، كانت جائعة للغاية. أعدت لنفسها وجبة فطور وغداء دسمة والتهمت كل لقمة. ثم أعادت فيلمها إلى بلوكباستر وسألت إن كان لديهم فيلم ""<em>قبلة الموت</em>"". لم يكن لديهم، ولكن بعد عشر دقائق من التصفح، استقرت على بديل بعنوان ""<em>المنزل الأخير على اليسار</em>""."|Full Dark, No Stars|Stephen King|true|en|true
10:00|1000-017|العاشرة|في العاشرة صباحًا يصل البريد. أحيانًا يصلك ظرف ممزق.|One Flew Over the Cuckoo’s Nest|Ken Kesey|true|en|true
10:00|1000-018|العاشرة صباحًا|"استيقظ فرودو ليجد نفسه مستلقيًا في سريره.<br>قال بصوت عالٍ وهو ينظر إلى السقف: ""أين أنا؟ وما هو الوقت؟""<br>قال غاندالف: ""في منزل إلروند، والساعة الآن العاشرة صباحًا. إنه صباح الرابع والعشرين من أكتوبر، إن كنت تريد أن تعرف."""|The Fellowship of the Ring|J.R.R. Tolkien|true|en|true
10:00|1000-019|العاشرة صباحًا|"أعادوه إلى الجناح حوالي العاشرة صباحًا - ""مفعم بالحيوية يا رفاق؛ فحصوا شمعات الإشعال ونظفوا نقاط التلامس، وأصبح محركي متوهجًا مثل ملف إشعال سيارة فورد موديل تي. هل سبق لك استخدام أحد هذه الملفات في وقت الهالوين؟ <em>Zam</em>! متعة بريئة."""|One Flew Over the Cuckoo’s Nest|Ken Kesey|false|en|true
10:00|1000-020|العاشرة صباحًا|ساعات من الجلوس والمشاهدة، وكل ما كان لديها لتقدمه إلى رعية باليناكرواغ الجائعة في الساعة العاشرة صباحًا هو بيني كوركوران الآثم ومجموعة من السكارى القذرين. لم يكن ذلك كافيًا لعمل أسبوع كامل.|Pomegranate Soup|Marsha Mehran|false|en|true
10:00|1000-021|العاشرة صباحًا|كانت الساعة العاشرة صباحًا، وكان لارس على وشك القيادة إلى محل الجزارة القديم للحصول على المكون الرئيسي للمفاجأة عندما توقفت سيارة مازدا 626 الخاصة بآمي جو ووجتك دراغلسكي في موقف سيارات الضيوف بالخارج.|Kitchens of the Great Midwest|J. Ryan Stradal|true|en|true
10:00|1000-022|العاشرة|كان من المقرر أن يأتوا لأخذها من منزلها في حدائق تاوريدا في تمام الساعة العاشرة، لكن الساعة كانت قد أصبحت العاشرة إلا خمس دقائق، ولم تكن الفتيات قد ارتدين ملابسهن بعد.<br>كانت ناتاشا ذاهبة إلى أول حفل راقص كبير لها. استيقظت في الثامنة صباحًا، وكانت في حالة من الحماس والنشاط طوال اليوم.|War and Peace|Leo Tolstoy|true|en|true
10:00|1000-023|العاشرة|في هذه الأثناء، اكتسب دم قديسي المدينة مجموعة كاملة من الخصائص التي لم تكن معروفة للعلم من قبل. كان دم إحدى السيدات يسيل في تمام الساعة العاشرة من كل يوم ثلاثاء، بينما كان دم القديس جيوفاني يغلي بسخاء كلما سمع الكتاب المقدس.|The Wedding Officer|Anthony Capella|true|en|true
10:00|1000-024|العاشرة|عندما حاول عمي توبي ارتداء معطفه وسترته العسكرية، وجد نفس المشكلة في شعره المستعار، فخلعه هو الآخر؛ وهكذا، وكما يحدث دائمًا عندما يكون المرء في عجلة من أمره، لم يخرج عمي توبي إلا في العاشرة من عمره، أي بعد نصف ساعة من موعده المعتاد.|Tristram Shandy|Laurence Sterne|true|en|true
10:00|1000-025|لم يمضِ سوى ساعة منذ التاسعة| لم يمضِ سوى ساعة منذ التاسعة، وبعد ساعة أخرى ستصبح الحادية عشرة.|As You Like It|William Shakespeare|true|en|true
10:00|1000-026|الساعة العاشرة صباحًا|لثوانٍ معدودة، ازداد الضوء سطوعًا، ورأت كل شيء بوضوح متزايد، وازداد دقات الساعة ارتفاعًا حتى دوى انفجار هائل في أذنها. قفزت أورلاندو كما لو أنها تعرضت لضربة عنيفة على رأسها. عشر مرات تلقتها الضربات. في الواقع، كانت الساعة العاشرة صباحًا. كان الحادي عشر من أكتوبر. كان عام 1928. كانت اللحظة الراهنة.|Orlando|Virginia Woolf|true|en|true
10:00|1000-027|الساعة العاشرة|انتهت المحاكمة بشكل نهائي؛ قيل كل ما يمكن قوله، لكنه لم يشك قط في خسارته. صدر الحكم المكتوب في تمام الساعة العاشرة من صباح يوم الجمعة، ولم يتبق سوى ملخص من الصحفيين المنتظرين في الردهة خارج المحكمة الجزئية.|The Girl With the Dragon Tattoo|Stieg Larsson|true|en|true
10:00|1000-028|10 صباحًا|وفقًا للسجلات العسكرية، لم تكن هناك قاذفات أمريكية أو أي نوع آخر من الطائرات تحلق فوق تلك المنطقة في ذلك الوقت، أي حوالي الساعة 10 صباحًا في 7 نوفمبر 1944.|Kafka on the Shore|Haruki Murakami|true|en|true
10:00|1000-029|العاشرة|في حوالي الساعة العاشرة صباحًا، ألقت الشمس شعاعًا ساطعًا محملًا بالغبار عبر إحدى النوافذ الجانبية، ودخلت الذباب وخرجت من الشعاع كالنجوم المتساقطة.|Of Mice And Men|John Steinbeck|true|en|true
10:00|1000-030|العاشرة|ذهبت إلى الفراش، وفجأة استيقظت، وكانت الساعة تقترب من العاشرة صباحًا. رنّ، رنّ، قال الهاتف، رنّ، رنّ.|The Medusa Frequency|Russell Hoban|true|en|true
10:00|1000-031|العاشرة|لو أن يوم الأربعاء قد أتى! لقد أتى، وفي الوقت الذي كان متوقعًا تمامًا. لقد أتى - وكان الجو رائعًا - وشعرت كاثرين بسعادة غامرة. بحلول الساعة العاشرة، نقلت العربة التي تجرها أربعة خيول الاثنين من الدير؛ وبعد رحلة ممتعة لمسافة تقارب 20 ميلًا، دخلوا وودستون، وهي قرية كبيرة مكتظة بالسكان، في موقع ليس سيئًا.|Northanger Abbey|Jane Austen|true|en|true
10:00|1000-032|العاشرة|الملك ريتشارد: حسنًا، ولكن ما هي الساعة؟<br>باكنغهام: عند تمام العاشرة.|Richard III|William Shakespeare|true|en|true
10:00|1000-033|الساعة العاشرة|الاثنين 30 مارس 1668 استيقظت مبكرًا، ثم ذهبت إلى المكتب، حيث سأقوم ببعض الأعمال حتى حوالي الساعة العاشرة|The Diary of Samuel Pepys|Samuel Pepys|true|en|true
10:00|1000-034|الساعة 10|في 25 يوليو، الساعة 8:30 صباحًا، نفقت الكلبة نوفايا أثناء الولادة. وفي الساعة 10:00، وُضعت في قبرها البارد، وفي الساعة 7:30 من مساء اليوم نفسه، رأينا أولى كتل الجليد الطافية ورحبنا بها متمنين لو كانت الأخيرة.|The Terrors of Ice and Darkness|Christoph Ransmayr|false|en|true
10:00|1000-035|العاشرة|" تنهد الخبير. قال: ""لا يترك بابه مفتوحًا إلا أحمق مثلي، في حين أن أعمال الشغب قد تندلع في أي لحظة، ولا يوافق على طلبك إلا أحمق مثلي. متى؟""<br>كان رأسه فقط يطل من الباب المفتوح جزئيًا. لا بد أن المال الذي جناه من مباركة مصنع الآيس كريم قد أضعف رغبته في العمل، هكذا فكرت.<br>""العاشرة.""<br>""العاشرة والنصف."" أغلق الباب دون أن ينبس ببنت شفة."|An Obedient Father|Akhil Sharma|true|en|true
10:00|1000-036|الساعة العاشرة|كان يوم السبت الذي سبق الامتحانات مباشرةً يومًا حافلاً للغاية بالنسبة لكينيدي. في تمام الساعة العاشرة، كان يدخل غرفة ويلي؛ كان الأخير قد أعطاه مفتاحًا وترك الغرفة شاغرة بترتيب مسبق - في الواقع، كان قد اصطحب أوليفيا في رحلة بحث أخرى عن منزل.|The Greeks Have a Word for It|Barry Unsworth|true|en|true
10:00|1000-037|العاشرة صباحًا| كانت العطلة الصيفية على الأبواب عندما قررتُ التخلص من رتابة الحياة المدرسية ليوم واحد على الأقل. خططتُ مع ليو ديلون وفتى يُدعى ماهوني ليوم من الدراسة. ادخر كلٌّ منا ستة بنسات. كان من المقرر أن نلتقي في العاشرة صباحًا على جسر القناة.|Dubliners|James Joyce|true|en|true
10:00|1000-038|العاشرة صباحًا|حسنًا، سأصل إلى كونكورديا في السابع والعشرين، في تمام الساعة العاشرة صباحًا؛ سأسافر بالقطار. لدي الأرقام والعناوين وما إلى ذلك، لكنني لا أعتقد أنني سأحتاج إليها.|Respiración artificial|Ricardo Piglia|true|es-AR|true
10:00|1000-039|العاشرة صباحًا|إنها إحدى دور السينما التي تبقى مفتوحة على مدار الساعة: كانت الساعة العاشرة صباحًا ودخلت لأنسى البرد قليلًا.|Respiración artificial|Ricardo Piglia|true|es-AR|true
10:00|1000-040|العاشرة صباحًا|شوهد في العاشرة صباحًا وهو ينزل من القطار القادم من العاصمة. توقف على درجات المحطة، مرتبكًا بعض الشيء، وسأل عن اتجاه النهر.|Respiración artificial|Ricardo Piglia|true|es-AR|true
10:01|1001-000|10:01|" قال المدير بحزم: ""حسنًا، تفضلوا. أبلغوني حالما يصبحون جاهزين، لكن اتركوا الإحاطة النهائية إلى آخر لحظة ممكنة، ومات، لا أريد أي طائرات هليكوبتر قبل الساعة 10:01. لا أريد أي فرصة لتسريب أي معلومات؛ إنه أملنا الوحيد في القبض على القاتل."""|Shall We Tell the President?|Jeffrey Archer|true|en|true
10:01|1001-001|الساعة العاشرة ودقيقة واحدة|دخل مكتب المحامي الزجاجي في تمام الساعة العاشرة ودقيقة واحدة، وجلس مقابل موكله وابتسم، قبل أن يضع حقيبة غلادستون على الأرض بجانب كرسيه.|Next in Line|Jeffrey Archer|true|en|true
10:01|1001-002|10:01 صباحًا|10:01 صباحًا<br>دمار كارثي هائل، بكل معنى الكلمة.|Kitchens of the Great Midwest|J. Ryan Stradal|false|en|true
10:01|1001-003|10:01 صباحًا|10:01 صباحًا<br>جلس الدكتور عبدول كيرواني، سفير جمهورية باكستان الإسلامية لدى الولايات المتحدة الأمريكية، جامدًا أمام المكتب الصغير في المكتب البيضاوي. عندما تلقى مكالمة من رئيس ديوان يوهان هانسن في الليلة السابقة يطلب فيها اجتماعًا، أرسل على عجل رسالة تلكس آمنة إلى إسلام آباد للاستفسار عما إذا كان بحاجة إلى أي تحديثات.<br>كان بحاجة إليها. وكانت كارثة.|Project Cyclops|Thomas Hoover|true|en|true
10:01|1001-004|حوالي الساعة العاشرة|في حوالي الساعة العاشرة صباحًا، ألقت الشمس شعاعًا ساطعًا محملًا بالغبار عبر إحدى النوافذ الجانبية، ودخلت الذباب وخرجت من الشعاع كالنجوم المتساقطة.|Of Mice And Men|John Steinbeck|true|en|true
10:02|1002-000|10:02|10:02، استقرت عيناها لثانية خاطفة على كل شخص يدخل.|The Sins of the Father|Jeffrey Archer|true|en|true
10:02|1002-001|تجاوزت العاشرة بدقيقتين| كانت الساعة قد تجاوزت العاشرة بدقيقتين؛ لم تكن راضية عن ملابسها، ولا عن مظهرها، ولا عن شقتها. سخّنت القهوة مرة أخرى وجلست على الكرسي بجانب النافذة. لا يمكنني فعل أي شيء آخر الآن، فكرت، لا جدوى من محاولة تحسين أي شيء في اللحظة الأخيرة.|The Daemon Lover|Shirley Jackson|true|en|true
10:03|1003-000|العاشرة وثلاث دقائق| تمر بمبنى مكتب التحقيقات الفيدرالي في العاشرة وثلاث دقائق، وتمر بنصب السلام التذكاري في الركن الشمالي الغربي من ساحة الكابيتول في العاشرة وخمس دقائق.|Shall We Tell the President?|Jeffrey Archer|true|en|true
10:03|1003-001|10:03|"الساعة الآن 10:03، وهو مسافر عبر المرتفعات الاسكتلندية إلى إنفرنيس، متعبًا وقلقًا بعض الشيء خشية أن يغلبه النعاس قبل وصول القطار إلى المحطة، فيفوته الوقت ليقول لأليس ودرو وأليشا: ""حسنًا، هذه إنفرنيس، هيا بنا."""|Vanilla-Bright like Eminem|Michel Faber|true|en|true
10:03|1003-002|10:03|كان التاريخ هو الرابع عشر من مايو، وكانت الساعة على مكتبه تشير إلى العاشرة وثلاث وعشرين دقيقة، فضغط على الأرقام 10:23. على الأقل، هذا ما كان ينوي فعله. في الواقع، كتب الأرقام 10:03.|Ctrl-Z|Andrew Norriss|true|en|true
10:04|1004-000|10:04|في يوم السبت، 12 نوفمبر 1955، ضربت صاعقة برج ساعة محكمة هيل فالي، مما أدى إلى تدفق 1.21 جيجاوات من الطاقة إلى المبنى. وتوقف الزمن عند الساعة 10:04 على وجه الساعة منذ ذلك اليوم.|Back to the Future: Race Through Time|Marc Sumerak|true|en|true
10:05|1005-000|العاشرة وخمس دقائق| تمر بمبنى مكتب التحقيقات الفيدرالي في الساعة العاشرة وثلاث دقائق، وتمر بنصب السلام التذكاري في الركن الشمالي الغربي من ساحة الكابيتول في الساعة العاشرة وخمس دقائق.|Shall We Tell the President?|Jeffrey Archer|true|en|true
10:05|1005-001|10:05|طرق غاي باب جورج، لكن لم يكن هناك رد. نظر إلى ساعته: 10:05. لا يمكن أن يكون جورج في القاعة يتناول الإفطار، لأنهم ينتهون من تقديم الطعام في التاسعة مساءً يوم الأحد، وبالتأكيد لم يكن ليذهب إلى معرض الطلاب الجدد بدونه.|Paths of Glory|Jeffrey Archer|true|en|true
10:05|1005-002|العاشرة وخمس دقائق|" شاهدنا كلانا زوجًا من البجع يبحران بمهابة تحت الجسر الصغير. ثم ألقيت نظرة خاطفة على ساعتي. كانت العاشرة وخمس دقائق بالفعل. قلتُ بفزع: ""يجب أن ننطلق. والدتك ستنتظرك.""<br>""لا داعي للعجلة،"" نادى ناثانيال بينما أسرعتُ إلى الجانب الآخر من الجسر. ""لدينا اليوم كله."" ثم هرول نزولًا على الجسر. ""لا بأس. يمكنكِ التمهل."" حاولتُ مجاراة وتيرته الهادئة. لكنني لستُ معتادة على هذا الإيقاع السهل. أنا معتادة على السير بخطى واسعة على الأرصفة المزدحمة، أشق طريقي بصعوبة، وأدفع وأحتك."|The Undomestic Goddess|Sophie Kinsella|true|en|true
10:06|1006-000|10:06|حسنًا يا مات، لنفترض أن نقطة الخطر القصوى هي مبنى الكابيتول نفسه، في تمام الساعة 10:06، على الدرج تحديدًا - ماذا بعد؟|Shall We Tell the President?|Jeffrey Archer|true|en|true
10:06|1006-001|العاشرة وست دقائق|تخرج من سيارتها عند الواجهة الشرقية لمبنى الكابيتول في العاشرة وست دقائق.|Shall We Tell the President?|Jeffrey Archer|true|en|true
10:06|1006-002|10:06 صباحًا| قال: لديك خمس عشرة دقيقة. ثم انقطع الاتصال. الأربعاء، 10:06 صباحًا|Gone|Lisa Gardner|true|en|true
10:07|1007-000|10:07|"قال دون أن ينظر إليها: ""اتبعي إشارة التحويل"".<br>نظرت إلى الساعة على لوحة القيادة. كانت الساعة 10:07."|Honor Among Thieves|Jeffrey Archer|true|en|true
10:07|1007-001|العاشرة وسبع دقائق|"""لا بد أنها كانت حوالي العاشرة وسبع دقائق. أتذكر ذلك لأني نظرت إلى ساعتي عندما غادرت تلك الحافلة.""<br>""الحافلة؟"" قال رومانوف.<br>""نعم، تلك التي كانت تُحمّل بالآلات الموسيقية. غادرت حوالي..."""|A Matter of Honor|Jeffrey Archer|true|en|true
10:07|1007-002|10:07 بتوقيت غرينتش|10:07 بتوقيت غرينتش<br>بمجرد استقرارهم في مكتب المشرف وول، قام ضباط الشرطة الثلاثة بفحص كل تفاصيل عملية الفترة الزرقاء بدقة متناهية.|Nothing Ventured|Jeffrey Archer|true|en|true
10:07|1007-003|10:07 صباحًا|10:07 صباحًا. رسالة الوصول فقط، بشأن عدم دفع الحد الأدنى للدفع. حاول أن تتذكر ما كنت تبحث عنه. أعد البحث عن حقيبة اليد.|Bridget Jones’s Diary|Helen Fielding|true|en|true
10:07|1007-004|10:07 صباحًا|10:07 صباحًا: في اجتماع مع رود ومومو وجاي. نتدرب على العرض النهائي للمرة الثالثة، حيث يؤدي رود وجاي دوري العميلين، عندما تقتحم سكرتيرة رود، لورين، المكان.|I Don’t Know How She Does It|Allison Pearson|true|en|true
10:08|1008-000|العاشرة وثماني دقائق| استدار رئيس المفتشين آدم دالغليش عن فحصه لملابس الفتاة المتوفاة، وقد انحشر طوله البالغ ستة أقدام وبوصتين بشكل غير مريح بين أسفل السرير وباب الخزانة. نظر إلى ساعته. كانت العاشرة وثماني دقائق.|Shroud for a Nightingale|P.D. James|true|en|true
10:08|1008-001|العاشرة وثمانية|"قلت: ساعتي تتقدم قليلاً دائماً. ""كم الساعة عندكِ الآن؟""<br>""العاشرة وثمانية.""<br>""العاشرة وثمانية عشر عند ساعتي. كما ترى."""|The Quiet American|Graham Greene|true|en|true
10:09|1009-000|10:09|تبع الصرخات في الممر. كانت ساعة الحائط تشير إلى 8:09-10:09 بتوقيت دالاس.|American Tabloid|James Ellroy|true|en|true
10:10|1010-000|العاشرة وعشر دقائق|في تمام الساعة العاشرة وعشر دقائق من صباح اليوم التالي، تلقى ويليام مكالمة أخرى من وسيطه الذي بدا عليه التوتر. فقد تم طرح أسهم شركة إنترستيت بقيمة مليون دولار إضافية في السوق عند افتتاح التداول.|Kane & Abel|Jeffrey Archer|true|en|true
10:10|1010-001|10:10|في تمام الساعة 10:10، قام اثنان من الممرضين، يرتديان معاطف بيضاء، بدفع رجل طويل القامة مفتول العضلات على كرسي متحرك عبر الأبواب المفصلية، ولما رأيا السيارة متوقفة في موقف العميد، أرشداه إليها. قفز السائق من السيارة وفتح الباب الخلفي بسرعة. يا له من مسكين، فكر العميد، رأسه مغطى بالضمادات، ولم يتبق سوى شق صغير لشفتيه وأنفه. تساءل عما إذا كانت حروقًا.|Honor Among Thieves|Jeffrey Archer|true|en|true
10:10|1010-002|10:10 صباحًا|10:10 صباحًا<br>بالنسبة لبراك، كان سكن طلاب العلوم الإنسانية أشبه بجليدة عالقة في ثقب المجد. لقد وضعته كخيارها الخامس من بين خمسة خيارات. فقط بعد وصولها إلى المدرسة علمت أن أي شخص وضعه كخيار <em>أي</em> سيعلق هناك.|Kitchens of the Great Midwest|J. Ryan Stradal|false|en|true
10:10|1010-003|10:10|10:10 إطلاق النار.|The Hollow Man|John Dickson Carr|true|en|true
10:10|1010-004|العاشرة وعشر دقائق|كان صباح يوم السبت مشرقًا ومشمسًا، وفي تمام الساعة العاشرة وعشر دقائق، وصل دونالد إلى مدخل إمبانكمنت لمحطة تشارينغ كروس للأنفاق، حاملًا حقيبة صغيرة مليئة بملابس مناسبة للرياضات والأنشطة الخارجية.|England, Their England|A.G. Macdonell|true|en|true
10:10|1010-005|بعد عشر دقائق|في حوالي الساعة العاشرة، بدأت أولى رقاقات الثلج الصغيرة تتساقط ببطء وتستقر على ذراع جيل. وبعد عشر دقائق، أصبحت تتساقط بغزارة. وفي غضون عشرين دقيقة، أصبحت الأرض بيضاء بشكل ملحوظ.|The Silver Chair|C.S. Lewis|true|en|true
10:11|1011-000|العاشرة وإحدى عشرة دقيقة|" قالت فلورنتينا كين وهي تنظر إلى ساعتها: ""بخير"". كانت الساعة تشير إلى العاشرة وإحدى عشرة دقيقة. تغيرت الأرقام، واستُبدلت بمعدل نبضات قلبها - 72 نبضة في الدقيقة؛ طبيعي، كما فكرت."|Shall We Tell the President?|Jeffrey Archer|true|en|true
10:11|1011-001|10:11|10:11، هل كشف زيفها؟|The Sins of the Father|Jeffrey Archer|true|en|true
10:11|1011-002|العاشرة وإحدى عشرة دقيقة|كان صباحًا صيفيًا جميلًا. أشارت عقارب الساعة الهولندية في الردهة إلى التاسعة وثلاث عشرة دقيقة؛ وعقارب الساعة البرونزية المذهبة في غرفة الجلوس إلى العاشرة وإحدى عشرة دقيقة؛ وعقارب ساعة العربة على رف الكتب إلى السادسة إلا أربع عشرة دقيقة.|Three Men and a Maid|P.G. Wodehouse|true|en|true
10:12|1012-000|10:12|اختفى هذا، وأظهرت الساعة 10:12. تدربت الرئيسة على السطر الافتتاحي لخطابها للمرة الأخيرة. كانت قد راجعت المسودة النهائية مع إدوارد في ذلك الصباح، وكانت راضية عنها.|Shall We Tell the President?|Jeffrey Archer|true|en|true
10:12|1012-001|10:12| نظر جورج إلى ساعته: 10:12. على الرغم من أن تقدمهم كان أبطأ مما توقع، إلا أنه كان لا يزال يعتقد أنه إذا تمكنوا من الوصول إلى القمة بحلول منتصف النهار، فسيكون لديهم وقت كافٍ للعودة إلى الممر الشمالي قبل غروب الشمس.|Paths of Glory|Jeffrey Archer|true|en|true
10:12|1012-002|العاشرة واثنتي عشرة|"""سأحضر صينية القهوة،"" اقترحتُ بتواضع. وبينما كنتُ أحملها، ألقيتُ نظرةً أخرى على ساعتي. العاشرة واثنتي عشرة. أتساءل إن كانوا قد بدأوا الاجتماع."|The Undomestic Goddess|Sophie Kinsella|true|en|true
10:12|1012-003|10:12 صباحًا| نهض مرةً واحدةً في الصباح الباكر ليغلق باب مكتبه، ثم كان يقرأ الصفحة الأخيرة، وكانت الساعة 10:12 صباحًا بالضبط، وكانت الشمس التي تسطع على نوافذ مكتبه شمسًا مختلفة عن تلك التي عرفها دائمًا.|Freedom|Jonathan Franzen|true|en|true
10:13|1013-000|العاشرة وثلاث عشرة دقيقة|"بالمناسبة، قال الأول: ""تمكنت هذا الصباح من إرسال نص الأمر بالبرقية إلى ابن عمي في تمام الساعة العاشرة وسبع عشرة دقيقة.""<br>""وأرسلته إلى صحيفة ديلي تلغراف في تمام الساعة العاشرة وثلاث عشرة دقيقة.""<br>""أحسنت يا سيد بلونت!""<br>""جيد جدًا يا سيد جوليفيه."""|Michel Strogoff|Jules Verne|true|en|true
10:13|1013-001|العاشرة-13|"أعلن كلانسي: ""العاشرة-13. بعد دقيقتين—""<br>قلت: ""موعد الانطلاق."""|The Anthem Sprinters|Ray Bradbury|true|en|true
10:14|1014-000|10:14|10:14، هل يجب أن يكون موعدها التالي مع السيد بريت إيلدرز؟|The Sins of the Father|Jeffrey Archer|true|en|true
10:14|1014-001|العاشرة وأربعة عشر|حسنًا. العاشرة وأربعة عشر: أبلغت السيدة نارادا أن قطتها تعرضت لهجوم من كلب كبير. أرسلتُ جميع الأولاد للبحث، لكنهم لم يعثروا على شيء حتى الحادية عشرة. ثم اتصل أحدهم ليخبر أن كلبًا كبيرًا قد عضّ إطارات عربة الغولف الخاصة به وهرب.|Coyote Blue|Christopher Moore|true|en|true
10:15|1015-000|العاشرة والربع|"كلفني دومينو الثاني بالوقوف حارسًا في غرفة السيد ميك، أراقب من خلال شق الباب. نظرًا لحالته الصحية المتدهورة، لم يكن تميمة غرفة الغلايات المخلص على علم بالهروب الكبير، لكن غرفته كانت مقابل غرفتي، وكان يفهم كلمة ""شش!"". في تمام الساعة العاشرة والربع، ذهب إرني إلى الاستقبال ليُعلن وفاتي للممرضة نوكس."|Cloud Atlas|David Mitchell|true|en|true
10:15|1015-001|العاشرة والربع|عندما استيقظت أخيرًا بصعوبة - مصابة بصداع، بائسة، تشعر بآثار السُكر - كان النصف الآخر من السرير فارغًا. كان بوب قد أعاد ساعته إلى وضعها السابق، ورأت أنها العاشرة والربع. كان هذا هو آخر وقت نامت فيه منذ سنوات، ولكن بالطبع لم تغفو حتى بزوغ الفجر، وكان النوم الذي حصلت عليه مليئًا بالأهوال.|Full Dark, No Stars|Stephen King|true|en|true
10:15|1015-002|10:15|في تمام الساعة 10:15، غادرت أرلينا مكان لقائها، وبعد دقيقة أو دقيقتين، نزل باتريك ريدفيرن وأبدى دهشته وانزعاجه، وما إلى ذلك. كانت مهمة كريستين سهلة بما فيه الكفاية. أخفت ساعتها وسألت ليندا في تمام الساعة 11:25 عن الوقت. نظرت ليندا إلى ساعتها وأجابت بأنها الساعة 11:45.|Evil Under the Sun|Agatha Christie|true|en|true
10:16|1016-000|10:16|10:16 أخيرًا. أربعون دقيقة من العمل الشاق، ولم أرتب سوى سرير واحد. أنا متأخرة جدًا. لكن لا بأس. سأواصل العمل. الغسيل هو الخطوة التالية.|The Undomestic Goddess|Sophie Kinsella|true|en|true
10:17|1017-000|العاشرة وسبع عشرة دقيقة| كان بيسي يُدندن لنفسه وهو يسير ببطء نحو مكتب آبل لحضور اجتماعهما اليومي في تمام الساعة العاشرة. كانت الساعة العاشرة وسبع عشرة دقيقة.|Kane & Abel|Jeffrey Archer|true|en|true
10:17|1017-001|10:17 صباحًا| نظرت إلى زاوية الشاشة. كانت الساعة 10:17 صباحًا فقط. لقد كانت على مكتبها لمدة 47 دقيقة بالضبط.|New York Valentine|Carmen Reid|true|en|true
10:17|1017-002|العاشرة وسبع عشرة دقيقة|" قال الأول: ""بالمناسبة، تمكنت هذا الصباح من إرسال نص الأمر بالبرقية إلى ابن عمي في تمام الساعة العاشرة وسبع عشرة دقيقة.""<br>""وأرسلته إلى صحيفة ديلي تلغراف في تمام الساعة العاشرة وثلاث عشرة دقيقة.""<br>""أحسنت يا سيد بلونت!""<br>""جيد جدًا يا سيد جوليفيه."""|Michel Strogoff|Jules Verne|true|en|true
10:18|1018-000|10:18 صباحًا|الأربعاء 10:18 صباحًا<br>جلس كينجي نوغامي منتصبًا على مكتبه العريض المصنوع من خشب البلوط، منتظرًا رنين الهاتف. كيف سيتصرف مايكل؟ صحيح أن التكتم كان تصرفًا حكيمًا، لكن مع ذلك، كان سيشعر براحة أكبر لو أن مايكل فانس الابن منحه مزيدًا من الثقة.|Project Daedalus|Thomas Hoover|true|en|true
10:18|1018-001|10:18|أعلم أن الساعة كانت 10:18 عندما وصلت إلى المنزل لأنني أنظر إلى ساعتي كثيرًا.|Extremely Loud and Incredibly Close|Jonathan Safran Foer|true|en|true
10:19|1019-000|10:19 صباحًا|"الجمعة 10:19 صباحًا<br>""الارتفاع 73 ألف قدم. سرعة الهواء 9 آلاف عقدة.""<br>""بيترا، ارفعي الخوذة."" كان يستعيد بصره ببطء مع بدء انحسار قوى التسارع. كانت قمرة القيادة أشبه بفرن، مما أدى إلى تجاوز قدرة معدات التحكم البيئي، وهو دليل واضح على أن درجة حرارة هيكل المركبة قد تجاوزت التصميم."|Project Daedalus|Thomas Hoover|true|en|true
10:20|1020-000|الساعة العاشرة وعشرين دقيقة|" وصلوا إلى خارج محل ""عرائس بومباي"" في تمام الساعة العاشرة وعشرين دقيقة. لم يكن هذا موعدًا سيتأخر عنه سيب أبدًا. لم يعلق فيجاي عندما طلب منه سيب ركن السيارة بعيدًا عن الأنظار، لكنه فوجئ بتعليماته التالية."|Cometh the Hour|Jeffrey Archer|true|en|true
10:20|1020-001|10:20|"في تمام الساعة 10:20، سُمعت طرقة خفيفة على الباب، وظهر السيد هاريسون من جديد، وكأنه عرابة سحرية.<br>قال مترددًا: ""أتمنى أن تكونا قد استمتعتما بنوم هانئ"". <br>قال ويليام بعد أن أنهى قهوته: ""لم يكن من الممكن أن يكون أفضل من ذلك"". <br>أرادت بيث أن تخبره: ""ليس هناك فرصة كبيرة لذلك عندما تكون متزوجًا من رجل بدائي""، لكنها كتمت أفكارها."|Hidden in Plain Sight|Jeffrey Archer|true|en|true
10:20|1020-002|العاشرة وعشرون دقيقة|"هبت ريح مايو، تنتفخ كقطعة فاكهة، ذات قشرة خارجية خشنة، ولب لزج، وعشرات البذور. انشق اللب في الهواء، ونثر البذور كطلقات خفيفة على جلد ذراعي العاري، تاركًا وراءه أثرًا خفيفًا من الألم.<br>سألني ابن عمي: ""كم الساعة؟"". كان أقصر مني بحوالي ثماني بوصات، وكان عليه أن يرفع رأسه عندما يتحدث.<br>نظرت إلى ساعتي. ""العاشرة وعشرون دقيقة."""|Blind Willow, Sleeping Woman|Haruki Murakami|true|en|true
10:20|1020-003|في غضون عشرين دقيقة|في حوالي الساعة العاشرة، بدأت أولى رقاقات الثلج الصغيرة تتساقط ببطء وتستقر على ذراع جيل. وبعد عشر دقائق، كانت تتساقط بغزارة. وفي غضون عشرين دقيقة، أصبحت الأرض بيضاء بشكل ملحوظ.|The Silver Chair|C.S. Lewis|true|en|true
10:20|1020-004|الساعة العاشرة وعشرين دقيقة صباحًا|في يوم اثنين، في تمام الساعة العاشرة وعشرين دقيقة صباحًا، كانت أمارانتا تُلبس أوريليانو خوسيه عندما سمعت صوتًا بعيدًا لحشد من الناس وصوت بوق|100 años de soledad|Gabriel García Márquez|true|es-CO|true
10:21|1021-000|10:21|"10:21، وقال صوت من خلفها: ""صباح الخير يا آنسة بارينغتون."""|The Sins of the Father|Jeffrey Archer|true|en|true
10:21|1021-001|10:21| تحدق ليز هيدلاند في المرآة، وكأنها مسحورة. لا ترى نفسها ولا الأشياء الموجودة على منضدة الزينة. تهتز الساعة فجأة إلى 10:21.|The Radiant Way|Margaret Drabble|true|en|true
10:22|1022-000|10:22| نظر سيب إلى عقرب الدقائق الأسود الضخم على الساعة الذي كان يتحرك للأمام كل ستين ثانية: 10:22. هل سيذهب كل العمل الذي بذله سيدريك سدى؟|Be Careful What You Wish For|Jeffrey Archer|true|en|true
10:22|1022-001|10:22|استمعتُ إليهم، ثم استمعتُ إليهم مرة أخرى، وقبل أن أتمكن من معرفة ما يجب فعله، أو حتى ما يجب التفكير فيه أو الشعور به، بدأ الهاتف يرن. كانت الساعة 10:22:27. نظرتُ إلى رقم المتصل ورأيتُ أنه هو.|Extremely Loud and Incredibly Close|Jonathan Safran Foer|true|en|true
10:23|1023-000|العاشرة وثلاث وعشرين دقيقة| كان التاريخ هو الرابع عشر من مايو، وكانت الساعة على مكتبه تشير إلى العاشرة وثلاث وعشرين دقيقة، لذا ضغط على الأرقام 10:23. على الأقل، هذا ما كان ينوي فعله. في الواقع، كتب الأرقام 10:03|Ctrl-Z|Andrew Norriss|true|en|true
10:24|1024-000|10:24| نظر كافالي إلى ساعته، كانت الساعة 10:24، وكانوا قد دخلوا المبنى بالفعل لمدة سبع عشرة دقيقة. على الرغم من أن سيارات الليموزين كانت تنتظر، لم يكن لديه خيار سوى السماح للوصي بالمضي قدمًا بوتيرته الخاصة.|Honor Among Thieves|Jeffrey Archer|true|en|true
10:24|1024-001|10:24 صباحًا|دخل أرنيت منطقة إدارة الحياة البرية في بيبودي الساعة 10:24 صباحًا، وصعد إلى قمة تل، ولاحظ آثار انزلاق حديثة تؤدي إلى بقع داكنة تشبه البرك بالقرب من جانب الطريق.|Labyrinth|Mark T. Sullivan|true|en|true
10:25|1025-000|10:25|تأمل دالغليش أن إتيان لم يكن ليجد وسيلة ردع أكثر فعالية للزوار، وتساءل للحظة عما إذا كان سيمشي نصف ميل بدلاً من المخاطرة بإيقافه عن العمل. نظر إلى ساعته، فرأى أنها 10:25. سيصل في الموعد المحدد تمامًا.|Original Sin|P.D. James|true|en|true
10:25|1025-001|10:25 صباحًا|بينما كانت أربعة فرق من مكتب التحقيقات الفيدرالي، مسلحة ومدرعة، تحاصر المستودع في تمام الساعة 10:25 صباحًا، كان نيد جينينغز هو الشخص الوحيد المفقود.|An Advent for Religious Liberty|Ray Keating|true|en|true
10:25|1025-002|10:25|10:25: مكالمة هاتفية من لودينغ، كان متوترًا للغاية، يحثني على العودة فورًا والتواصل مع ألويس، الذي كان متوترًا بنفس القدر.|The Lost Honour of Katharina Blum|Heinrich Böll|true|en|true
10:25|1025-003|10:25|"تكفي وجبة واحدة الآن، مع جرعة إضافية من الجلوكوز. ما زال النوم ""مظلمًا""، غير منعش على الإطلاق. الليلة الماضية صورتُ فيلمًا 16 ملم لأول ثلاث ساعات، وعرضته هذا الصباح في المختبر. أول فيلم رعب حقيقي. بدوتُ كجثة نصف متحركة. استيقظتُ الساعة 10:25. أنام الساعة 3:45."|The Voices of Time|J.G. Ballard|true|en|true
10:26|1026-000|10:26|10:26 لا. أرجوكِ، لا. بالكاد أستطيع النظر. إنها كارثة بكل معنى الكلمة. كل شيء في الغسالة أصبح ورديًا. كل شيء. ماذا حدث؟ بأصابع مرتعشة، أخرجتُ سترة كشمير رطبة. كانت بلون كريمي عندما وضعتها في الغسالة. الآن أصبحت بلون حلوى القطن الباهت.|The Undomestic Goddess|Sophie Kinsella|true|en|true
10:26|1026-001|العاشرة وستة وعشرين|كانت ساعة المنبه في منتصف مجال رؤيتي تمامًا، تشير عقاربها إلى العاشرة وستة وعشرين. ساعة منبه تلقيتها كتذكار من حفل زفاف أحدهم.|Hard-Boiled Wonderland and the End of the World|Haruki Murakami|true|en|true
10:27|1027-000|الساعة العاشرة وسبع وعشرين دقيقة|استيقظ السيد هاركورت فجأةً في تمام الساعة العاشرة وسبع وعشرين دقيقة، وبمحض الصدفة، دخل كبير الخدم في تلك اللحظة بالذات ومعه خادمان يحملان صواني من الويسكي والبراندي وأكواب الشرب والبسكويت.|England, Their England|A.G. Macdonell|true|en|true
10:27|1027-001|10:27 صباحًا| هي في إجازة في نورفولك. تشير ساعة الراديو المتواضعة إلى الساعة 10:27 صباحًا. الضجيج هو صوت كاترينا، عاملة النظافة، وهي تضرب المكنسة الكهربائية على ألواح الحواف وأبواب غرفة النوم. يدها مخدرة. لا تزال معلقة بحزام الكاميرا. تفصلها وتهزها لتنشيط الدورة الدموية فيها. تضع قدميها فوق حذائها الرياضي وتمررهما على السجادة المتواضعة. عليها أقدام عارية لمئات الموتى أو كبار السن، لا أحد يعلم عددهم.|The Accidental|Ali Smith|true|en|true
10:29|1029-000|العاشرة وتسع وعشرون دقيقة|"حتى عندما كنتُ مضطرةً لقول شيء ما، لم تكن الكلمات المناسبة تخرج. وفي كل مرة كنتُ أتردد، في كل مرة كنتُ أكتم فيها شيئًا على وشك قوله، كان ابن عمي ينظر إليّ بنظرة مرتبكة بعض الشيء. مالت أذنه اليسرى نحوي قليلًا.<br>سألني: ""كم الساعة الآن؟"" <br>أجبته: ""العاشرة وتسع وعشرون دقيقة."""|Blind Willow, Sleeping Woman|Haruki Murakami|true|en|true
10:30|1030-000|العاشرة والنصف|"في العاشرة والنصف، يدخل مسؤول العلاقات العامة ومعه مجموعة من السيدات. يصفق بيديه السمينتين على باب غرفة المعيشة.<br>""أهلاً يا شباب؛ تظاهروا بالصرامة... انظرن حولكن يا فتيات؛ أليس المكان نظيفاً ومشرقاً؟ هذه الآنسة راتشيد. اخترت هذا الجناح لأنه جناح <em>الآنسة راتشيد</em>. إنها يا فتيات، تماماً كالأم. لا أقصد العمر، لكنكن تفهمن..."""|One Flew Over the Cuckoo’s Nest|Ken Kesey|true|en|true
10:30|1030-001|العاشرة والنصف| تفقد أندرسون فرأى أنها ما زالت نائمة كالحجر. قرر غاردنر إيقاظ بوبي بحلول العاشرة والنصف إذا لم تستيقظ من تلقاء نفسها.|The Tommyknockers|Stephen King|true|en|true
10:30|1030-002|العاشرة والنصف بالضبط|" أجاب الكونت: ""فليكن كذلك إذن"". ومدّ يده نحو تقويم معلق قرب المدفأة، وقال: ""اليوم هو الحادي والعشرون من فبراير"". ثم أخرج ساعته، وأضاف: ""إنها العاشرة والنصف بالضبط. الآن، عاهدني أن تتذكر هذا، وأن تنتظرني في الحادي والعشرين من مايو في تمام العاشرة والنصف صباحًا""."|The Count of Monte Cristo|Alexandre Dumas|true|en|true
10:30|1030-003|العاشرة والنصف|في تمام الساعة العاشرة والنصف، وجدت كيندرا نفسها على الأريكة مرة أخرى، هذه المرة مع كريستي. شعرت بعدم الارتياح للجلوس بجانبها، خاصة بعد وابل الكراهية الذي وجهه زملاؤها في العمل إلى الشقراء، لكن كريستي بدت ودودة بشكل غير عادي في تلك اللحظة، مليئة بالابتسامات والضحكات والإيماءات السلسة.|Reprieve|James Han Mattson|true|en|true
10:30|1030-004|10:30 صباحًا|استراحة 10:30 صباحًا|The Curious Incident of the Dog in the Night-Time|Mark Haddon|true|en|true
10:30|1030-005|العاشرة والنصف|بحسب الساعة على الحائط، إنها بالكاد العاشرة والنصف.|The Hours|Michael Cunningham|true|en|true
10:30|1030-006|العاشرة والنصف|في تمام الساعة العاشرة والنصف، أكون قد انتهيت من تنظيف نفسي وحلاقة ذقني وارتديت أفضل ملابسي لعيد الفصح - طقم بالم بيتش من قطعتين من قماش السيرسيكر أملكه منذ أيام الجامعة.|The Sportswriter|Richard Ford|true|en|true
10:31|1031-000|10:31 صباحًا|أخبرنا المفتش ساندرسون أنه فحص الخزنة في الساعة 10:31 صباحًا ووجد قطرتين كبيرتين من الدم في قاعها.|The Red Thumb Mark|R. Austin Freeman|true|en|true
10:32|1032-000|10:32 صباحًا|التاريخ: السبت، 16 مايو 2009، 10:32 صباحًا<br>الموضوع: رد: نيزك<br>عزيزي أليكس<br>أنا بخير جدًا (شكرًا لسؤالك)، ويسعدني أن أسمع أنك تشعر بتحسن كبير. فيما يتعلق بنيزكك، فهذا عرض سخي للغاية (ومرحب به جدًا!)، لكنني بحاجة للتأكد من أنه ما تريده حقًا.|The Universe versus Alex Woods|Gavin Extence|true|en|true
10:32|1032-001|الساعة العاشرة واثنتين وثلاثين دقيقة|كانت الساعة العاشرة واثنتين وثلاثين دقيقة عندما ظهرت الحافلة أخيرًا.<br>كانت الحافلة التي أتت من نوع جديد، وليست مثل تلك التي اعتدتُ ركوبها إلى المدرسة الثانوية.|Blind Willow, Sleeping Woman|Haruki Murakami|true|en|true
10:33|1033-000|10:33 صباحًا|التوقيت صحيح. 12 ديسمبر، 10:33 صباحًا. يقول جيمس إن المتصل غيّر صوته. وجدنا جهازًا تجاريًا لتغيير الصوت في المنزل، في غرفة نومها.|The Big Law|Chuck Logan|true|en|true
10:34|1034-000|10:34 صباحًا|10:34 صباحًا على تردد 198.088، انقطعت الكهرباء في لابرادور، وتم تشغيل مولدات الطاقة الاحتياطية، لكن خط الشمس في لابرادور ظل غائبًا.|Aurora|Kim Stanley Robinson|true|en|true
10:35|1035-000|10:35|كانت الساعة 10:35، وبريندا بريدمور، عند مكتب الاستقبال في الجزء الخلفي من القاعة الرئيسية لمختبر هوغارت، تراقب بعيون واسعة بينما كان المفتش بلاكلوك يسحب نحوه أول حقيبة مُعَلَّمة من الأدلة من جريمة قتل حفرة الطعام.|Death of an Expert Witness|P.D. James|true|en|true
10:36|1036-000|العاشرة وستة وثلاثين دقيقة|"قال هولمز وهو يقرأها مرارًا وتكرارًا: ""ختم بريد ستراند وأُرسلت في العاشرة وستة وثلاثين دقيقة. من الواضح أن السيد أوفرتون كان متحمسًا للغاية عندما أرسلها، ولذلك كان كلامه غير مترابط إلى حد ما."""|The Adventure of the Missing Three-Quarter|Sir Arthur Conan Doyle|true|en|true
10:37|1037-000|10:37 صباحًا|" قال السيد موربلز: ""أوافقك الرأي تمامًا. إنه موقف محرج للغاية. توفيت الليدي دورمر في تمام الساعة 10:37 صباحًا يوم 11 نوفمبر."""|The Unpleasantness at the Bellona Club|Dorothy L. Sayers|true|en|true
10:38|1038-000|10:38 صباحًا|10:38 صباحًا<br>لم يكن وينستون بارتليت راضيًا تمامًا عن سير الأمور. وبينما كان يتفحصها، كان يفكر في أمور كثيرة. هذه هي المرأة التي تشاركه فصيلة دمه النادرة، والتي قد تمثل أمله الأخير.|Syndrome|Thomas Hoover|true|en|true
10:38|1038-001|10:38|لا بد من وجود حل، لا بد من ذلك. أُلقي نظرةً محمومةً على علب المنتجات المكدسة على الرفوف. مزيل البقع. فانيش. لا بد من وجود علاج... أحتاج فقط إلى التفكير... 10:38 حسنًا، لديّ الحل. قد لا ينجح تمامًا، لكنه أفضل ما لديّ.|The Undomestic Goddess|Sophie Kinsella|true|en|true
10:38|1038-002|الحادية عشرة إلا اثنتين وعشرين دقيقة|" سأل السيد كودلين بصوت خافت: ""متى سيكون جاهزًا؟""<br>قال صاحب المنزل وهو ينظر إلى الساعة - وكانت الساعة نفسها ملونة في وجهها الأبيض السميك، وبدت وكأنها ساعة ليطلع عليها جولي ساندبويز - ""سيكون جاهزًا في تمام الساعة الحادية عشرة إلا اثنتين وعشرين دقيقة."""|The Old Curiosity Shop|Charles Dickens|true|en|true
10:39|1039-000|10:39 صباحًا|مع ذلك، لا يمكنني السماح لك بدفع نفقات سفري، فنحن غرباء وقد لا يثمر لقاؤنا عن شيء. تصل رحلتي الساعة 10:39 صباحًا.|Duncan’s Bride|Linda Howard|true|en|true
10:40|1040-000|العاشرة وأربعون دقيقة صباحًا|العاشرة وأربعون دقيقة صباحًا ليس وقتًا مناسبًا لبدء الشرب، لذا أقترح عليك أن تأخذه معك. لا أعتقد أنك ستبقى طويلًا.|The Private Patient|P.D. James|true|en|true
10:40|1040-001|10:40|هناك، في تمام الساعة 10:40، ستشتعل محركات البلازما بكامل طاقتها لبدء التسارع السريع في خط مستقيم، مما سيمنحها سرعة عشرة آلاف كيلومتر في الساعة اللازمة للانزلاق بسرعة على طول نفق الفضاء العادي الذي يربط البوابات.|The Shadow and Night|Chris Walley|true|en|true
10:40|1040-002|إنها الحادية عشرة إلا عشرين دقيقة| بعد مرور خمس عشرة دقيقة وعدم عودة شاحنة الأشغال العامة المزيفة، قرر بيلي أنهم إما انتقلوا إلى جزء آخر من المدينة، ربما لتفقد المنزل في شارع إيفرغرين، أو عادوا إلى القصر الفخم في انتظار أوامر أخرى من نيك. أغلق الستارة، حاجبًا المنظر، ونظر إلى ساعته. إنها الحادية عشرة إلا عشرين دقيقة. كم يمر الوقت سريعًا عندما تستمتع، فكر.|Billy Summers|Stephen King|true|en|true
10:40|1040-003|10:40|10:40: مكالمة من كاتارينا تسألني عما إذا كنت قد قلت بالفعل ما نُشر في الأخبار.|The Lost Honour of Katharina Blum|Heinrich Böll|true|en|true
10:41|1041-000|10:41|كان رجل مسن في شقة مطلة على البحر ينظر من نافذة شقته في الطابق السادس وقت الانفجار، وتمكن من تحديد وقته بدقة عند الساعة 10:41 بتوقيت شرق الولايات المتحدة الصيفي.|Cinnamon Skin|John D. MacDonald|true|en|true
10:41|1041-001|10:41|"صعد إلى المقعد الأمامي وشغل السيارة. انطلقت بصوت أزيز قوي، جاهزة للانطلاق. قال جوليان: ""ها هم الأوغاد""، وحطم الساعة بأسفل الزجاجة، ليعطيهم الوقت التقريبي. كانت الساعة 10:41."|Appointment in Samarra|John O’Hara|false|en|true
10:42|1042-000|10:42| قام إليس بمسح الساعات المثبتة على الحائط والتي تغطي أربع مناطق زمنية. كانت الساعة تشير إلى 10:42 بالتوقيت المحلي. هل وصل خبر خطئه إلى شركة تريمبل؟|Sold on a Monday|Kristina McMorris|true|en|true
10:43|1043-000|10.43 صباحًا|24 يناير، 10.43 صباحًا: بعد شهر ويومين، أتساءل عما إذا كان عليّ القلق بشأن حقيقة أن حبيبي اشترى لي هدية عيد ميلاد قد تتسبب في موتي الفوري...|The Wish List|Jane Costello|true|en|true
10:44|1044-000|العاشرة وأربع وأربعين دقيقة|"عند سماع عبارة ""ألف جنيه إسترليني لمن يكشف هوية الليدي ويستلداون""، كانت الساعة تشير إلى العاشرة وأربع وأربعين دقيقة."|Romancing Mr. Bridgerton|Julia Quinn|true|en|true
10:45|1045-000|الساعة 10:45|تبين أن رامونا نورفيل امرأة عريضة الكتفين، ممتلئة الصدر، مرحة، في الستين من عمرها تقريبًا، ذات خدود متوردة، وقصة شعر تشبه قصة شعر جنود البحرية، ومصافحة قوية لا تعرف الرحمة. كانت تنتظر تيس خارج المكتبة، في منتصف موقف السيارات المخصص لكاتب اليوم المميز. بدلًا من أن تتمنى لتيس صباحًا سعيدًا (كانت الساعة 10:45)، أو أن تثني على أقراطها (أقراط ألماس متدلية، وهي قطعة فاخرة تحتفظ بها لعشاءاتها القليلة في الخارج ومناسبات كهذه)، سألت سؤالًا رجوليًا: هل أتت تيس عبر الطريق رقم 84؟|Full Dark, No Stars|Stephen King|true|en|true
10:45|1045-001|10:45|إذا كان الأمر كذلك، فعلينا الآن تحديد ما كان يفعله باركر والسيدة دوغلاس، بافتراض أنهما ليسا القاتلين الحقيقيين، من الساعة 10:45، عندما جعلهما صوت الطلقة ينزلان، وحتى الساعة 11:15، عندما قرعا الجرس واستدعيا الخدم.|The Valley of Fear|Sir Arthur Conan Doyle|true|en|true
10:45|1045-002|الحادية عشرة إلا الربع| وصلوا إلى محطة كينغز كروس في تمام الساعة الحادية عشرة إلا الربع. اندفع السيد ويزلي عبر الطريق ليحضر عربات لحقائبهم، وسارعوا جميعًا إلى داخل المحطة.|Harry Potter and the Chamber of Secrets|J.K. Rowling|true|en|true
10:46|1046-000|10:46 صباحًا|مدّ يده عشوائيًا إلى هاتفه وفتحه بسرعة. 10:46 صباحًا. يا إلهي. متأخر عن العمل بالفعل و... ثم تذكر.|Wimmera|Mark Brandi|false|en|true
10:46|1046-001|الساعة الحادية عشرة إلا أربع عشرة دقيقة|أوليف: [بجانب كاثرين - تفحص ساعتها على حاملها] الساعة الحادية عشرة إلا أربع عشرة دقيقة.<br>كاثرين: أوليف، أوليف!<br>أوليف: أردت فقط أن أرى الوقت.|The Mob|John Galsworthy|true|en|true
10:47|1047-000|10:47 صباحًا|10:47 صباحًا. سأرسل له رسالة ودية قصيرة، لا شيء فيها مغازلة، فقط لاستعادة العلاقات الجيدة.|Bridget Jones’s Diary|Helen Fielding|true|en|true
10:47|1047-001|الساعة 10:47|يُصفر في الحمام. إنها الساعة 10:47 وهو مستعد للانطلاق.|Trumpet|Jackie Kay|true|en|true
10:47|1047-002|10:47 صباحًا| أمد يدي إلى هاتفي وأتصل بسام. لا يزال رقمه غير متاح. أعيد توصيل ذاكرة USB، وأحاول مجددًا تصفح ملفاته. يبرد قهوتي ويؤلمني ظهري وأنا أحدق في الشاشة. لا جدوى من ذلك. ألقيت نظرة سريعة على الساعة. 10:47 صباحًا|The Ex-Husband|Karen Hamilton|true|en|true
10:48|1048-000|10:48|أليكس... حسنًا، ربما يفقد أليكس صوابه. إنها الساعة 10:48. إنه يتمشى جيئة وذهابًا. ألقى سترته وربطة عنقه على ظهر الكرسي بمجرد عودته إلى غرفته، وقد فكّ الزرين الأولين من قميصه. يداه متشابكتان في شعره. لا بأس. لا بأس. إنها بالتأكيد فكرة سيئة. لكن لا بأس.|Red, White and Royal Blue|Casey McQuinston|true|en|true
10:48|1048-001|10:48 صباحًا| في تمام الساعة 10:48 صباحًا، أغلقتُ ملفي لكنني لم أكلف نفسي عناء إعادته إلى حقيبتي، فعرفتَ أنني في طريقي إلى لجنة أو غرفة اجتماعات قريبة. قبل أن أنهض، طويتُ منديلًا ورقيًا ووضعته مع الملعقة في فنجان قهوتي، يا له من شخص أنيق، كما ظننتَ.|Apple Tree Yard|Louise Doughty|true|en|true
10:49|1049-000|10:49 صباحًا|10:49 صباحًا<br>بينما كانت آلي تراقب وينستون بارتليت وهو يغادر الغرفة، كانت لا تزال تحاول فهم الرجل. ما أزعجها هو سبب حرص كل من غرانت وبارتليت على إخراجها هي ووالدتها إلى العيادة.|Syndrome|Thomas Hoover|true|en|true
10:49|1049-001|العاشرة وتسع وأربعون دقيقة|في تمام الساعة العاشرة وتسع وأربعون دقيقة، نعود إلى جزء جميل من الطريق القديم، الذي يتبعه المسار الحديث باستمرار، وننزل عبر بعض المنعطفات الحادة، المنحوتة في جانب جرف شديد الانحدار، إلى المكان الذي يبدأ منه وادي الهوود.|Narrative of a Journey Round the Dead Sea and in the Bible Lands in 1850 and 1851|Félicien de Saulcy|true|en|true
10:50|1050-000|10:50|كان من المقرر أن يصل اللورد بارينغتون، صاحب السعادة، من أحواض بريستول، إلى كاتدرائية القديس بولس في تمام الساعة 10:50 من صباح يوم 10 أبريل 1992.|This Was a Man|Jeffrey Archer|true|en|true
10:50|1050-001|10:50 صباحًا|10:50 صباحًا حصة فنون مع السيدة بيترز|The Curious Incident of the Dog in the Night-Time|Mark Haddon|true|en|true
10:50|1050-002|الحادية عشرة إلا عشر دقائق| بينما كان لامبرت عائدًا إلى مكتب الطيران، كان الطيارون يصطفون في انتظار وصول شاحنة NAAFI التي تحمل الشاي والكعك الصباحي. نظر لامبرت إلى ساعته؛ كانت الساعة تشير إلى الحادية عشرة إلا عشر دقائق.|Bomber|Len Deighton|true|en|true
10:51|1051-000|10:51|لكنه ظل واثقًا من قدرتهم على الوصول إلى القمة عندما بلغوا ارتفاع 27,550 قدمًا في الساعة 10:51. حينها سمع صرخة بدت كحيوان جريح. عرف أنها ليست صرخة فينش.|Paths of Glory|Jeffrey Archer|true|en|true
10:51|1051-001|10:51|سأل وهو يلقي نظرة خاطفة أخرى على الساعة: 10:51: «هل هناك أي شيء آخر؟». لا يزال هناك وقت للقتل.<br>قال فولكنر: «تحدثت مع مسؤول الإفراج المشروط يوم الاثنين، ولم يذكر أي شيء عن الإفراج المبكر».|Next in Line|Jeffrey Archer|true|en|true
10:51|1051-002|الحادية عشرة إلا تسع دقائق|في تمام الساعة الحادية عشرة إلا تسع دقائق من صباح يوم الاثنين، خرجت شابة شقراء ذات شعر قصير جداً من مكتب سوزان، وأخذت معطفها الأصفر الواقي من المطر من على الرف، وخرجت من غرفة الانتظار دون أن تنظر إليّ.|Crimson Joy|Robert B. Parker|true|en|true
10:52|1052-000|الحادية عشرة إلا ثماني دقائق| كانت الساعة الآن الحادية عشرة إلا ثماني دقائق، وبدأ يشعر بالضيق ونفاد الصبر. لم يكن هناك ما يفعله في الغرفة الكبيرة والقبيحة والفخمة التي أُدخل إليها.|From Out of the Vasty Deep|Marie Belloc Lowndes|true|en|true
10:53|1053-000|10:53|في تمام الساعة 10:53، استقبله عند الباب الشمالي الغربي القس إريك إيفانز، الكاهن المقيم.|This Was a Man|Jeffrey Archer|true|en|true
10:53|1053-001|10:53|" أراد جورج أن يقول لا، لكنه أدرك أنه لا يستطيع. نظر إلى ساعته - 10:53 - وأومأ برأسه. قال: ""حظًا سعيدًا، ولكن يجب عليك العودة بحلول منتصف النهار على أقصى تقدير."""|Paths of Glory|Jeffrey Archer|true|en|true
10:53|1053-002|10.53 ساعة|" بدأ بتسجيل ملاحظاتنا. كتب ""10.53 ساعة""، بينما كنا نجلس القرفصاء أعلى الدرج، نستمع إلى والدته في الردهة بالأسفل."|Spies|Michael Frayn|true|en|true
10:53|1053-003|10:53|أحدق وأحدق مجدداً في ذلك الوجه، الذي يبدو لي غريباً ومألوفاً في آنٍ واحد، قال أوسترليتز، أعيد تشغيل الشريط مراراً وتكراراً، ناظراً إلى مؤشر الوقت في الزاوية العلوية اليسرى من الشاشة، حيث تُظهر الأرقام التي تغطي جزءاً من جبينها الدقائق والثواني، من 10:53 إلى 10:57، بينما تومض أجزاء الثانية بسرعةٍ فائقةٍ بحيث لا يمكنك قراءتها أو التقاطها.|Austerlitz|W. G. Sebald|true|en|true
10:54|1054-000|الحادية عشرة إلا ست دقائق|توقفت همهمة الثرثرة المتوترة في الساعة الحادية عشرة إلا ست دقائق عندما دخل رجل طويل القامة أنيق يرتدي زي الصباح الغرفة، وتوقف عند أسفل الدرج، واستدار لمواجهة الحضور.|This Was a Man|Jeffrey Archer|true|en|true
10:54|1054-001|10:54 بتوقيت غرينتش|"10:54 بتوقيت غرينتش<br>""مكتب القائد هوكسبي.""<br>""أنا بروس لامونت يا أنجيلا. هل يمكنكِ تحويلي إلى الرئيس؟""<br>""لا يزال في إيطاليا يا بروس. لا أتوقع عودته قبل يوم الاثنين."""|Nothing Ventured|Jeffrey Archer|true|en|true
10:54|1054-002|10:54 صباحًا|كانت الساعة 10:54 صباحًا. ستتلقى مكالمتها الهاتفية خلال دقيقة. كانت المكالمات في أوقات مختلفة كل صباح، وكان لديها مخطط بلاستيكي مغلف يوضح لها وقت توقع المكالمة كل يوم.|Last Call|Warren Murphy and Richard Sapir|true|en|true
10:54|1054-003|10:54 صباحًا|"أصر فروست قائلًا: ""أؤكد لك أنك أودعت 6495 في بنك بينينجتون في شارع هاي ستريت الساعة 10:54 صباحًا اليوم.""<br>وردّ الرجل بحدة قائلًا: ""وأنا أؤكد لك أنني لم أفعل ذلك."""|Hard Frost|R.D. Wingfield|true|en|true
10:55|1055-000|10:55|في تمام الساعة 10:55، كان الكاهن يرافق اللورد المستشار إلى داخل الكاتدرائية، ثم يتوجهان إلى مقدمة الصحن حيث كان من المفترض أن يصل -بحسب كلام الكاهن- في تمام الساعة 10:57.|This Was a Man|Jeffrey Archer|true|en|true
10:55|1055-001|العاشرة وخمس وخمسين دقيقة|في تمام الساعة العاشرة وخمس وخمسين دقيقة، وقف العريف ترامبر يرتجف خارج خيمة العقيد، خائفًا من قائده بقدر خوفه من الهجوم. بعد دقائق قليلة، خرج رقيب السرية من الخيمة ليصطحبه.|As the Crow Flies|Jeffrey Archer|true|en|true
10:55|1055-002|الساعة العاشرة وخمس وخمسين دقيقة|"جاءت المكالمة على هاتفه المحمول المخصص في تمام الساعة العاشرة وخمس وخمسين دقيقة، بينما كان يضيف إلى تشكيلته من الخضراوات العضوية، وكان صوت كيت. ""لدينا قضية. جريمة قتل على ما يبدو لمريض في عيادة خاصة في ستوك تشيفيريل، في دورست. إنها في قصر."""|The Private Patient|P.D. James|true|en|true
10:55|1055-003|الساعة العاشرة وخمس وخمسين دقيقة|لكن هذا الاجتماع، الذي عُقد في مكتب مساعد المفوض هاركنس في الطابق السابع من نيو سكوتلاند يارد في تمام الساعة العاشرة وخمس وخمسين دقيقة من صباح يوم السبت الموافق 23 أكتوبر، كان يحمل، منذ دخوله الأول إلى الغرفة، نذيرًا لا لبس فيه بجريمة قتل.|The Lighthouse|P.D. James|true|en|true
10:55|1055-004|10:55|في تمام الساعة 10:55 سيدخلون بوابة فارهولم، ليخرجوا بعد عشر دقائق ونصف فقط عند بوابة بانرمير. على بُعد أربعين سنة ضوئية.|The Shadow and Night|Chris Walley|true|en|true
10:55|1055-005|10:55|"""جلست أمام المكتب الفارغ، وابتسمت له بطريقةٍ تأمل أن تُظهر كفاءتها وذكاءها، ثم تنهدت واتكأت على ظهرها ونظرت إلى ساعتها. كان موعد المقابلة في تمام الساعة الحادية عشرة. كانت الساعة 10:55."""|The Grammarians: A Novel|Cathleen Schine|true|en|true
10:55|1055-006|الحادية عشرة إلا خمس دقائق| كانت الساعة لا تزال تشير إلى الحادية عشرة إلا خمس دقائق عندما انطلق بو وبيغليت في طريقهما بعد نصف ساعة.|The House at Pooh Corner|A.A. Milne|true|en|true
10:55|1055-007|الحادية عشرة إلا خمس دقائق|" قال القاضي وارغريف:<br>""إنها الآن الحادية عشرة إلا خمس دقائق. أعتقد أنه يجب علينا استدعاء الآنسة برنت للانضمام إلى اجتماعنا."""|And Then There Were None|Agatha Christie|true|en|true
10:56|1056-000|10:56|" كان عقرب الثواني يتحرك بلا هوادة نحو الساعة 10:56. انشغل بتناول فطوره وقراءة صحيفة الصباح. أخبرته صحيفة ""الواشنطن بوست"" أن العديد من المباني اشتعلت فيها النيران خلال الليل في واحدة من أسوأ العواصف في تاريخ واشنطن، وأن نهر لوبر رن في فرجينيا قد فاض عن ضفافه، مما تسبب في أضرار جسيمة بالممتلكات."|Shall We Tell the President?|Jeffrey Archer|true|en|true
10:56|1056-001|الحادية عشرة إلا أربع دقائق|" قال: ""هذه ساعتك يا كاتي. لقد أصلحتها لتدق بشكل صحيح. فقط عليكِ الحذر من الضغط على الزر عند بدء البندول.""<br>قالت كاتي: ""هل فعلت ذلك حقًا؟ يا دوري، أنت عبقري! أنا ممتنة لك جدًا.""<br>تابع دوري: ""إنها الآن الحادية عشرة إلا أربع دقائق."""|What Katy Did|Susan Coolidge|true|en|true
10:56|1056-002|10:56|أدرك بوث واتسون أن الأمر سيتطلب توقيتًا دقيقًا إذا أراد النجاح. كان عليه أن يراقب الساعة للتأكد من أنها 10:56 قبل أن يتحرك.|Next in Line|Jeffrey Archer|true|en|true
10:57|1057-000|10:57|في تمام الساعة 10:55، كان الكاهن يرافق اللورد المستشار إلى الكاتدرائية، ثم يتوجهان إلى مقدمة الصحن حيث كان من المفترض أن يصل -بحسب كلام الكاهن- في تمام الساعة 10:57.|This Was a Man|Jeffrey Archer|true|en|true
10:57|1057-001|10:57|أُعيد تشغيل الشريط مرارًا وتكرارًا، ناظرًا إلى مؤشر الوقت في الزاوية العلوية اليسرى من الشاشة، حيث تُظهر الأرقام التي تُغطي جزءًا من جبينها الدقائق والثواني، من 10:53 إلى 10:57.|Austerlitz|W. G. Sebald|true|en|true
10:58|1058-000|10:58|في أحد الأيام، كان جو جالسًا في المكتب ينتظر موعده في الساعة الحادية عشرة، وفي الساعة 10:58 دخلت هذه الفتاة السوداء.|Lightning Rods|Helen DeWitt|true|en|true
10:59|1059-000|10:59|في تمام الساعة 10:59، فتح كبير الخدم الباب الأمامي، وبدأت الحشود بالهتاف.<br>لوّحت الرئيسة وزوجها للعيون المبتسمة، ولم يدركا إلا من خلال خبرتهما وحدسهما المهني أن خمسين شخصًا لم يكونوا ينظرون إليهما.|Shall We Tell the President?|Jeffrey Archer|true|en|true
10:59|1059-001|قبل الحادية عشرة بدقيقة| كانت قد عادت لتوها من التسوق الوحيد الذي احتاجت إليه ذلك اليوم، وما زالت الساعة قبل الحادية عشرة بدقيقة.|That Hideous Strength|C.S. Lewis|true|en|true
11:00|1100-000|الساعة الحادية عشرة|تطلب شرطة السكان حضوركم اجتماعًا في تمام الساعة الحادية عشرة في ساحة المدينة. سيتم إصدار بطاقة هوية جديدة لكم. لن تكون أي بطاقات أو أوراق أخرى صالحة بعد إصدار هذه البطاقات، قال لوك على عجل.|Among the Free|Margaret Peterson Haddix|true|en|true
11:00|1100-001|الحادية عشرة|" تم تقديم ساعات شنغهاي ساعةً واحدةً حتى تتمكن المدينة من ""توفير ضوء النهار""، لكن عائلة باي قالت: ""نحن نعتمد الساعة القديمة"". كانت الساعة العاشرة بالنسبة لهم هي الحادية عشرة بالنسبة للجميع. كان غناؤهم متأخرًا عن الإيقاع؛ لم يتمكنوا من مواكبة آلة الهوكين [آلة وترية صينية] التي تُصدر أصواتًا كئيبة وموحشة للحياة."|Love in a Fallen City|Eileen Chang|true|en|true
11:00|1100-002|الساعة 11| كانت قاطرة بخارية قرمزية تنتظر بجوار رصيف مكتظ بالناس. لافتة معلقة في الأعلى تقول: قطار هوجورتس السريع، الساعة 11.|Harry Potter and the Sorcerer’s Stone|J.K. Rowling|true|en|true
11:00|1100-003|الحادية عشرة|توقفت عند الحادية عشرة. اللعنة. ذهبت إلى الحظيرة، وأحضرت المجرفة والجاروف، وتوقفت، وأضافت عتلة. خرجت من الحظيرة، وعادت، وأخذت مفك براغي ومفتاح ربط قابل للتعديل من صندوق الأدوات.|The Tommyknockers|Stephen King|false|en|true
11:00|1100-004|11 صباحًا| قضى بابا ديوب الساعات الست والثلاثين الأخيرة من حياته في فلوري ميروجيس. في الساعة 11 صباحًا من اليوم الثاني، طُعن في حلقه بمشط حاد أثناء اقتياده تحت حراسة إلى مكتب الحاكم.|The Nameless Ones|John Connolly|false|en|true
11:00|1100-005|الحادية عشرة صباحًا| إذن، نهاية. 11 نوفمبر 1991، في تمام الساعة الحادية عشرة صباحًا، الساعة الحادية عشرة من الشهر الحادي عشر. إنه يوم الاثنين.|The Robber Bride|Margaret Atwood|true|en|true
11:00|1100-006|الساعة الحادية عشرة| جلست أمام المكتب الفارغ، وابتسمت له بطريقةٍ تأمل أن تُظهر كفاءتها وذكاءها، ثم تنهدت واتكأت على ظهرها ونظرت إلى ساعتها. كانت المقابلة في تمام الساعة الحادية عشرة. كانت الساعة 10:55.|The Grammarians: A Novel|Cathleen Schine|true|en|true
11:00|1100-007|الحادية عشرة صباحًا|كانت الساعة حوالي الحادية عشرة صباحًا، في منتصف أكتوبر، والشمس غائبة، ويبدو المطر غزيرًا ورطبًا في صفاء سفوح التلال. كنت أرتدي بدلتي الزرقاء الفاتحة، مع قميص أزرق داكن، وربطة عنق، ومنديل جيب، وحذاء بروغ أسود، وجوارب صوفية سوداء عليها ساعات زرقاء داكنة. كنت أنيقًا، ونظيفًا، وحليق الذقن، ورصينًا، ولم أكن أهتم بمن يعرف ذلك. كنت كل ما يجب أن يكون عليه المحقق الخاص الأنيق. كنت أطالب بأربعة ملايين دولار.|The Big Sleep|Raymond Chandler|true|en|true
11:00|1100-008|الساعة الحادية عشرة|" اكتشفت الخادمات اللازمات بتناولها الإفطار في السرير صباح أحد الأيام (وهي لا تزال في الفندق)، ومنحت خادمتها إجازة بشرط أن ""تبدأ الفتاة بالاستمتاع بوقتها بإحضار الآنسة كلاك"". وجدتها تلوح بمروحة بهدوء وهي ترتدي رداءها في الساعة الحادية عشرة."|The Moonstone|Wilkie Collins|true|en|true
11:00|1100-009|11:00|لم يكن لدى سو سوى رخصة قيادة مؤقتة، لكنها أخذت مفاتيح سيارة والدتها من لوحة المفاتيح بجانب الثلاجة وركضت إلى المرآب. كانت ساعة المطبخ تشير إلى الساعة 11:00 بالضبط.|Carrie|Stephen King|true|en|true
11:00|1100-010|الساعة الحادية عشرة|وصلت عائلة ديلاكور في صباح اليوم التالي في تمام الساعة الحادية عشرة. كان هاري ورون وهيرميون وجيني يشعرون باستياء شديد تجاه عائلة فلور في ذلك الوقت، وعاد رون إلى الطابق العلوي بخطوات متثاقلة لارتداء جوارب متطابقة، وحاول هاري تصفيف شعره.|Harry Potter and the Deathly Hallows|J.K. Rowling|true|en|true
11:00|1100-011|الساعة الحادية عشرة|حدث ذلك صباح يوم الأربعاء من أسبوعي الثاني، عندما كنت في المكتبة أقوم بتصوير بعض الأوراق للدكتور رولاند قبل محاضرتي التي تبدأ الساعة الحادية عشرة.|The Secret History|Donna Tartt|true|en|true
11:00|1100-012|الساعة الحادية عشرة|اسم شبحك المزعوم هو ليندا غراي، وكانت من فلورنسا. تقع هذه المنطقة في ولاية كارولاينا الجنوبية. قضت هي وصديقها -إن كان كذلك؛ فلم تعثر الشرطة على أي أثر له- ليلتها الأخيرة على الأرض في فندق لونا إن، على بُعد نصف ميل جنوبًا من هنا على طول الشاطئ. دخلا جويلاند حوالي الساعة الحادية عشرة من صباح اليوم التالي.|Joyland|Stephen King|true|en|true
11:00|1100-013|الساعة الحادية عشرة صباحًا|"سأل الصديق الذي توفي بنوبة قلبية زوجته: ""هل يمكنكِ ترتيب السرير لي؟"". كان مصمم أثاث. كانت الساعة الحادية عشرة صباحًا."|Blind Willow, Sleeping Woman|Haruki Murakami|true|en|true
11:00|1100-014|الساعة الحادية عشرة|في تمام الساعة الحادية عشرة، تم الاتفاق على كل شيء؛ سيهربان إلى بورنيو. تباً للزوج! لم تحبه قط على أي حال. ما كانت لتكتب الرسالة الأولى لو لم يكن الزوج عجوزاً فاقداً للعاطفة.|Tropic of Cancer|Henry Miller|false|en|true
11:00|1100-015|الساعة الحادية عشرة| حوالي الساعة الحادية عشرة، فُتح الباب. استعددتُ لرفض الاعتذارات والهجوم. دخلت امرأةٌ كانت ذات يومٍ وقورة. سبعون عامًا، ثمانون، خمسة وثمانون، من يدري متى يبلغون هذا العمر؟ تبعها كلب سلوقي هزيل يرتدي سترة.|Cloud Atlas|David Mitchell|true|en|true
11:00|1100-016|الساعة الحادية عشرة|في حوالي الساعة الحادية عشرة، يتراجع رجل الثلج إلى الغابة، بعيدًا عن أنظار البحر تمامًا، لأن الأشعة الشريرة ترتد عن الماء وتصيبه حتى لو كان محميًا من السماء، ثم يحمر وجهه وتتقرح بشرته.|Oryx and Crake|Margaret Atwood|true|en|true
11:00|1100-017|الساعة الحادية عشرة|تزوجنا، كما تعلم، في كنيسة القديس كليمنت، لأن مسكن ويكهام كان في تلك الرعية. واتفقنا على أن نكون جميعًا هناك بحلول الساعة الحادية عشرة. كان من المقرر أن أذهب أنا وعمي وعمتي معًا؛ وأن يقابلنا الآخرون في الكنيسة.|Pride and Prejudice|Jane Austen|true|en|true
11:00|1100-018|الحادية عشرة|" كانت هناك حركة وصيحة من يميني، ومن خلال العتمة رأيت ويتني، شاحبًا ومرهقًا ومهمل المظهر، يحدق بي.<br>قال: ""يا إلهي! إنه واتسون"". كان في حالة رد فعل مثيرة للشفقة، وكل عصب من أعصابه يرتجف. ""أقول يا واتسون، كم الساعة؟""<br>""تقارب الحادية عشرة."""|The Adventures of Sherlock Holmes|Sir Arthur Conan Doyle|true|en|true
11:00|1100-019|الساعة الحادية عشرة|كان اليوم المتفق عليه ممطرًا بغزارة. في تمام الساعة الحادية عشرة، طرق رجل يرتدي معطفًا واقيًا من المطر، ويجر جزازة عشب، باب منزلي الأمامي وقال إن السيد غاتسبي قد أرسله لجزّ عشب حديقتي.|The Great Gatsby|F. Scott Fitzgerald|true|en|true
11:00|1100-020|الحادية عشرة صباحًا|" كان ويني الدبدوب يحب دائمًا تناول شيء خفيف في الساعة الحادية عشرة صباحًا، وكان سعيدًا جدًا برؤية الأرنب وهو يُخرج الأطباق والأكواب؛ وعندما سأله الأرنب: ""عسل أم حليب مكثف مع خبزك؟""، كان متحمسًا جدًا لدرجة أنه قال: ""كلاهما""، ثم أضاف، حتى لا يبدو جشعًا: ""لكن لا تهتم بالخبز، من فضلك."""|Winnie|A.A. Milne|true|en|true
11:00|1100-021|الساعة الحادية عشرة| حوالي الساعة الحادية عشرة، تناولت هي وستان قطعة دونات أخرى. ثم توقفا على أمل العثور على شيء ما عند حاوية قمامة خلف مطعم حساء، لكن دون جدوى، فقد تم فرز الأشياء بالفعل.|The Heart Goes Last|Margaret Atwood|true|en|true
11:00|1100-022|الساعة الحادية عشرة|"في تمام الساعة الحادية عشرة، يأتي الطبيب إلى باب غرفة الاستراحة وينادي على ماكمورفي ليخبره أنه يرغب في حضوره إلى مكتبه لإجراء مقابلة. ""أجري مقابلات مع جميع المرضى الجدد في اليوم الثاني."""|One Flew Over the Cuckoo’s Nest|Ken Kesey|true|en|true
11:00|1100-023|الساعة الحادية عشرة|"""في تمام الساعة الحادية عشرة، ذهبتُ إلى رصيف أورسيه بسيارة أجرة، ودخلتُ وجلستُ مع نحو اثني عشر مراسلاً، بينما كان المتحدث باسم وزارة الخارجية، وهو دبلوماسي شاب من مجلة ""نوفيل ريفو فرانسيز"" يرتدي نظارة ذات إطار سميك، يتحدث ويجيب على الأسئلة لمدة نصف ساعة."""|The Sun Also Rises|Ernest Hemingway|true|en|true
11:00|1100-024|الساعة الحادية عشرة|"قرأ: ""سأستقل القطار من الرصيف تسعة وثلاثة أرباع في تمام الساعة الحادية عشرة."""|Harry Potter and the Sorcerer’s Stone|J.K. Rowling|true|en|true
11:00|1100-025|11 صباحًا|"""لا بد أن أرمسترونغ قد دخل البحر في وقت ما خلال ليلة 10-11 - وسأشرح السبب. لقد وجدنا المكان الذي جرفته الأمواج إلى الشاطئ - كانت عالقة بين صخرتين، وكانت هناك قطع من القماش والشعر وما إلى ذلك عليها. لا بد أنها رُسيت هناك عند المد العالي في 11 - أي حوالي الساعة 11 صباحًا. بعد ذلك، هدأت العاصفة، وأصبحت علامات المد العالي اللاحقة أقل بكثير."""|And Then There Were None|Agatha Christie|true|en|true
11:00|1100-026|الساعة الحادية عشرة|" سألت السيدة دالواي (التي اعتبرت مقاطعتها في الساعة الحادية عشرة من صباح يوم حفلتها أمرًا شائنًا): ""من يستطيع... ماذا يستطيع؟""، وذلك بعد سماعها صوت خطوات على الدرج."|Mrs. Dalloway|Virginia Woolf|true|en|true
11:00|1100-027|الساعة 11| بحلول الساعة 11، كنت قد انتهيت من قراءة الفصل الأول من رواية السيد واي. بدأت شمس الشتاء تتسلل بخفوت من خلال الستائر الرقيقة، فقررت النهوض.|The End of Mr. Y|Scarlett Thomas|true|en|true
11:00|1100-028|في الحادية عشرة| لقد تأخر قليلاً، وبدأت أشعر بالاختناق، مثقلةً بأشياء ثقيلة وصمت. فكرت: لن يعود أبدًا؛ وعندما عاد، بدا وكأنه قادم إليّ من بعيد جدًا، كحلم، يتقلص حجمه، وهو يشق طريقه عائدًا عبر نفق. أجرؤ على القول إنه كان كؤوس الشمبانيا في الحادية عشرة صباحًا.|The Weather in the Streets|Rosamond Lehmann|true|en|true
11:00|1100-029|إحدى عشرة مرة|بينما كانوا ينظرون، ساد صمتٌ مطبقٌ في العالم بأسره، وعبر سربٌ من النوارس السماء، يقوده نورسٌ تلو الآخر، وفي هذا الصمت والسكينة الاستثنائيين، في هذا الشحوب، في هذه الصفاء، دُقّت الأجراس إحدى عشرة مرة، وتلاشى صوتها هناك بين النوارس.|Mrs. Dalloway|Virginia Woolf|true|en|true
11:00|1100-030|الساعة الحادية عشرة|في تمام الساعة الحادية عشرة صباحًا، ظهرت رقاقات ثلجية كبيرة من سماء باهتة اللون، واجتاحت حقول وحدائق ومروج روميريك كجيش جرار من الفضاء الخارجي.|The Snowman|Jo Nesbø|true|en|true
11:00|1100-031|الساعة الحادية عشرة|في تمام الساعة الحادية عشرة، رنّ الهاتف، ولم يستجب المتصل، تمامًا كما لم يستجب عندما رنّ الهاتف في الساعة 7:55، ومرة أخرى لمدة عشر دقائق متواصلة بدءًا من الساعة 7:55.|The Long Dark Tea-Time of the Soul|Douglas Adams|true|en|true
11:00|1100-032|الساعة الحادية عشرة|كانت ساعة بيغ بن تدق عندما خرجت إلى الشارع. كانت الساعة الحادية عشرة، وكانت الساعة غير المستخدمة جديدة كما لو كانت مُنحت لأطفال على الشاطئ.|Mrs. Dalloway|Virginia Woolf|true|en|true
11:00|1100-033|الحادية عشرة|كانت الساعة حوالي الحادية عشرة صباحًا، في منتصف أكتوبر، والشمس غائبة، ويبدو المطر غزيرًا ورطبًا في صفاء سفوح التلال. كنت أرتدي بدلتي الزرقاء الفاتحة، مع قميص أزرق داكن، وربطة عنق، ومنديل جيب، وحذاء بروغ أسود، وجوارب صوفية سوداء عليها ساعات زرقاء داكنة. كنت أنيقًا، ونظيفًا، وحليق الذقن، ورصينًا، ولم أكن أهتم بمن يعرف ذلك. كنت كل ما يجب أن يكون عليه المحقق الخاص الأنيق. كنت أطالب بأربعة ملايين دولار.|The Big Sleep|Raymond Chandler|true|en|true
11:00|1100-034|الساعة الحادية عشرة|" أختي مرعوبة من أن أكتب وأفشي جميع أسرار العائلة. لماذا أشعر وكأنني متمردة، وكأنني محطمة للتقاليد؟ أنا فقط أحاول حضور دورة في الكتابة، ما الخطأ في ذلك؟ أظل أقول لنفسي أنني سأكون بخير بمجرد ركوبي السيارة، يمكنني الاستماع إلى برنامج ""ساعة المرأة"" على راديو فور، وهذا سيكفيني حتى الساعة الحادية عشرة عندما تبدأ الدورة."|The Saints|Patsy Hickman|true|en|true
11:00|1100-035|الحادية عشرة|في صباح اليوم التالي للأحداث المذكورة، كانت السيدة أرلينغتون جالسة تتناول فطورها في صالون صغير وجميل في القصر الفخم الذي استأجره إيرل وارينغتون وجهزه لها في شارع دوفر، بيكاديللي. كانت الساعة حوالي الحادية عشرة، وكانت الساحرة ترتدي ثوبًا أنيقًا. وقد وضعت قدميها الصغيرتين على مسند قدم بالقرب من المدفأة، بينما كان جسدها الرشيق مسترخيًا في كرسي بذراعين كبير فاخر، وقسمت انتباهها بين الشوكولاتة وأعمدة صحيفة مورنينغ هيرالد.|The Mysteries of London|G.W.M. Reynolds|true|en|true
11:00|1100-036|الساعة الحادية عشرة|على الرغم من هدوئي، إلا أنني أتحول في تمام الساعة الحادية عشرة صباحًا كل يوم من أيام الأسبوع ما عدا الأحد إلى مجنون هائج، يهذي، مجنون خطير، يلهث برغبات جنونية لإلحاق الأذى ليس بنفسي فحسب، بل بالآخرين أيضًا، وأشعر بأنني مسكون بداء الكلب أكثر من كوني أعيش في عالم من الهلوسة.|Twice Around the Clock|George Augustus Sala|true|en|true
11:00|1100-037|الحادية عشرة|ربما - لكن هنا دارت ساعة القوس ثم دقت الحادية عشرة بشكل محموم، وسقطت أثقالها إلى أسفل على حساب مفاجئ للطاقة. كان عليها أن تجلس للحظة، عندما اختفى الصدى، لتستعيد أفكارها.|The Stranger’s Child|Alan Hollinghurst|true|en|true
11:00|1100-038|الحادية عشرة|وصلنا إلى واترلو في تمام الساعة الحادية عشرة، وسألنا من أين يبدأ قطار الساعة الحادية عشرة وخمس دقائق. بالطبع لم يكن أحد يعرف؛ لا أحد في واترلو يعرف أبدًا من أين سيبدأ القطار، أو إلى أين سيتجه عندما يبدأ، أو أي شيء عن ذلك.|Three Men in a Boat|Jerome K. Jerome|true|en|true
11:00|1100-039|الساعة الحادية عشرة|قضينا بضع ساعات حزينة حتى الساعة الحادية عشرة، موعد بدء المحاكمة. ولأن والدي وبقية أفراد العائلة كانوا مُلزمين بالحضور كشهود، رافقتهم إلى المحكمة. وخلال هذه المهزلة البائسة للعدالة، عانيتُ عذابًا لا يُطاق.|Frankenstein|Mary Shelley|true|en|true
11:01|1101-000|الحادية عشرة ودقيقة واحدة| دارت عقارب الساعة. في الدقيقة الحادية عشرة، كان كل شيء هادئًا ومنظمًا. في الساعة الحادية عشرة، غادر المعلمون للاستراحة القصيرة المعتادة. في الدقيقة الحادية عشرة ودقيقة واحدة، اندلع الصخب والفوضى!|Jack of Both Sides: The Story of a School War|Florence Coombe|true|en|true
11:01|1101-001|تجاوزت الحادية عشرة بقليل| نهض أونيل وأخذ الصينية. لقد انتهى من الشاي، لكن الكعك لا يزال هنا في سلة من الخوص مغطاة بمنديل أزرق. تشير الساعة فوق الموقد إلى أنها تجاوزت الحادية عشرة بقليل، وسيصل الضيوف إلى المنزل الآن.|Mary and O’Neil|Justin Cronin|true|en|true
11:01|1101-002|تجاوزت الحادية عشرة بقليل| كانت الساعة قد تجاوزت الحادية عشرة بقليل. سكون الغرفة الكبيرة، الذي لم يقطعه سوى الغناء المتصاعد من الأسفل، جعلها تتثاءب. كانت التماثيل البرونزية والألبومات والصور على الجدران، التي تمثل سفينة في البحر وأبقارًا في مرعى ومناظر لنهر الراين، باهتة لدرجة أن عينيها انزلقتا عليها ببساطة دون أن تلاحظاها.|The Party and Other Stories|Anton Pavlovich Chekhov|true|en|true
11:02|1102-000|11:02 صباحًا|في 9 أغسطس، بعد ثلاثة أيام، في تمام الساعة 11:02 صباحًا، ألقت طائرة B-29 أخرى القنبلة الثانية على المنطقة الصناعية لمدينة ناغازاكي، مما أدى إلى تدمير 1.5 ميل مربع من المدينة بالكامل، ومقتل 39000 شخص وإصابة 25000 آخرين.|The Atomic Bombings of Hiroshima and Nagasaki|The Manhattan Engineer District|true|en|true
11:02|1102-001|11:02|"""نعم."" لم يسمح صوت بيرينا الحازم بأي جدال. ""انفجر في الساعة 11:07. كنت ستدخل في الساعة 11:02، بحيث كنت ستكون حينها في منتصف المسافة بين البوابتين تمامًا."""|The Shadow and Night|Chris Walley|true|en|true
11:03|1103-000|الساعة الحادية عشرة وثلاث دقائق|"ما الذي يجعلك تعتقد أنه حقيقي؟<br>""مجرد حدس، حقًا. بدا جادًا. أحيانًا يمكنك معرفة حقيقة الناس"" - ابتسم - ""حتى لو كنت شخصًا عاديًا من الطبقة الأرستقراطية البيضاء البروتستانتية.""<br>""أعتقد أنها مكيدة.""<br>""لماذا؟""<br>""أعتقد ذلك فحسب. لماذا قد يرغب شخص من الحكومة في مساعدتك؟""<br>""سؤال وجيه. أعتقد أنني سأكتشف ذلك.""<br>عادت إلى المطبخ. ""متى ستلتقي به؟"" نادت.<br>""الساعة الحادية عشرة وثلاث دقائق،"" قال. ""هذا ما جعلني أعتقد أنه جاد. يحدد العسكريون ورجال الاستخبارات مواعيد دقيقة لتجنب أي لبس أو غموض. لا يوجد أي غموض في الساعة الحادية عشرة وثلاث دقائق."""|Little Green Men|Christopher Buckley|true|en|true
11:03|1103-001|11:03 صباحًا|"في الرابع من الشهر، في تمام الساعة 11:03 صباحًا، اتصل به رئيس تحرير صحيفة ""يديشيه تسايتونغ""؛ لم يُجب الدكتور يارمولينسكي. وُجد في غرفته، وقد بدأ وجهه يُصبح داكنًا بعض الشيء، وشبه عارٍ تحت عباءة كبيرة عفا عليها الزمن."|Death and the Compass|Jorge Luis Borges|false|en|true
11:04|1104-000|11:04|توفي السيناتور هاريسون قبل وصوله إلى المستشفى، وقام طبيب مقيم بتضميد جرح مارك. نظر مارك إلى ساعته وضحك. كانت الساعة 11:04 - كان سيعيش.|Shall We Tell the President?|Jeffrey Archer|true|en|true
11:04|1104-001|الساعة 11:04|وبالتالي، يسعدنا أن نعلن أنه بعد استنفاد جميع الأعذار، فإن رحلة ديب دروب المتجهة إلى سيدني في الساعة 11:04 جاهزة للصعود من البوابة رقم 6.|Lost in a Good Book|Jasper Fforde|true|en|true
11:04|1104-002|تجاوزت الحادية عشرة|كما أخبرها زوجها، كانت لا تزال في الفراش رغم أن الساعة كانت قد تجاوزت الحادية عشرة. كان وجهها، الذي عادةً ما يكون متحركًا، مغطى بالطين، جامدًا ومهددًا كقناع أزتيكي.|Scoop|Evelyn Waugh|true|en|true
11:05|1105-000|الساعة الحادية عشرة وخمس دقائق|الساعة الحادية عشرة وخمس دقائق؛ أقل من ربع ساعة قبل أن تنجح أميثيست أو تفشل|The Infinite Day|Chris Walley|true|en|true
11:05|1105-001|11:05|3 يوليو: 5 ساعات و45 دقيقة. لم أنجز الكثير اليوم. ازداد خمولِي، جررتُ نفسي إلى المختبر، وكدتُ أنحرف عن الطريق مرتين. كنتُ مُركزًا بما يكفي لإطعام حديقة الحيوانات وتحديث السجل. قرأتُ كتيبات التشغيل التي تركها ويتبي للمرة الأخيرة، وقررتُ معدل تعرّض قدره 40 رونتجن/دقيقة، ومسافة مستهدفة 530 سم. كل شيء جاهز الآن. استيقظتُ الساعة 11:05. أنام الساعة 3:15.|The Voices of Time|J.G. Ballard|true|en|true
11:05|1105-002|الساعة الحادية عشرة وخمس دقائق|وصل سانسوم بسيارة فاخرة في تمام الساعة الحادية عشرة وخمس دقائق. لوحات محلية، مما يعني أنه قطع معظم الطريق بالقطار. أقل راحة بالنسبة له، لكنها أقل ضررًا بالبيئة من القيادة طوال الطريق أو الطيران. كل تفصيل مهم في الحملة.|Gone Tomorrow|Lee Child|true|en|true
11:06|1106-000|11:06|11:06 و... آه. الكي. ماذا سأفعل حيال ذلك؟|The Undomestic Goddess|Sophie Kinsella|true|en|true
11:06|1106-001|11:06 صباحًا|على الرغم من إعادة تصميم عالم الكتب، ظلت بعض الكتب بعيدة المنال بشكلٍ مغرٍ [...] كان من المحتمل تمامًا أنهم لم يكونوا على دراية بوجود عالم الكتب، ومع ذلك اعتقدوا أنها حقيقية. فكرة رائعة، إلى أن تفكر في أنه حتى الساعة 11:06 صباحًا من يوم 12 أبريل 1948، كان الجميع يعتقدون الشيء نفسه.|One of Our Thursdays is Missing|Jasper Fforde|true|en|true
11:07|1107-000|11:07|"""نعم."" لم يسمح صوت بيرينا الحازم بأي جدال. ""انفجر في الساعة 11:07. كنت ستدخل في الساعة 11:02، بحيث كنت ستكون حينها في منتصف المسافة تمامًا بين البوابات."""|The Shadow and Night|Chris Walley|true|en|true
11:07|1107-001|الساعة الحادية عشرة وسبع دقائق|في تمام الساعة الحادية عشرة وسبع دقائق على ساعة السفينة، أطلقت سفينة المغامرة صرخة مدوية، وبعد فكّ مراسيها، شقت طريقها خارج الحوض وغطست أنفها في مياه الخليج الضاحكة، لتنطلق أخيرًا في رحلة ستثبت جدارتها باسمها الجديد.|The Adventure Club Afloat|Ralph Henry Barbour|true|en|true
11:08|1108-000|11:08| عاد إليس إلى مكتبه، وهو يكافح نوبة من الذعر. في صف ساعات الحائط، كانت عقارب الثواني تتحرك بلا هوادة كما لو كانت في سباق. كانت الساعة 11:08 بالتوقيت المحلي.<br>يا للخسارة! ضاعت خطط غدائه.|Sold on a Monday|Kristina McMorris|true|en|true
11:08|1108-001|11:08| رفع بصره ليرى الوقت على شريط البيانات على الحافة العلوية لخوذته: 11:08:23. عشر دقائق. واصلوا سيرهم بخطى غير ثابتة.|The Infinite Day|Chris Walley|true|en|true
11:08|1108-002|11:08|"قال ويلسون: ""هذه هي طلعتي الأولى. من الشرق إلى الغرب، في تمام الساعة 11:08. ننظر من كاميرا الجناح الأيسر التي تعمل بسرعة 96 إطارًا في الثانية. كما ترون، ينخفض ارتفاعي بسرعة. أمامي مباشرةً الشارع الرئيسي للهدف."""|The Andromeda Strain|Michael Crichton|true|en|true
11:08|1108-003|الساعة الحادية عشرة وثماني دقائق|كان أمين الصندوق واقفًا في الردهة وذراعاه مطويتان على صدره، وعندما لمح الشاب البدين نظر إلى الساعة بتمعن. كانت الساعة الحادية عشرة وثماني دقائق.|Stephen Hero|James Joyce|true|en|true
11:09|1109-000|11:09 صباحًا|"كان آخرها في 12 أكتوبر الساعة 11:09 صباحًا.<br>قلت: ""استغرق الأمر منه خمسة أسابيع كاملة. إلا أن..."" لم أستطع النطق. في الواقع، كنت أخشى أن أتقيأ إذا فتحت فمي."|NYPD Red 3|James Patterson|true|en|true
11:10|1110-000|الساعة الحادية عشرة وعشر دقائق| تراجعت بسيارتها إلى أسفل الممر، وتأكدت من خلو الطريق، ثم اتجهت نحو الطريق السريع. الساعة الحادية عشرة وعشر دقائق. وقت كافٍ.<br>هذا ما فكرت به حينها.|If It Bleeds|Stephen King|true|en|true
11:10|1110-001|بعد عشر دقائق من الحادية عشرة|بعد عشر دقائق من الحادية عشرة في غرفة آرتشي ماكيو في الطابق الثالث من ملحق برج روبرت ماثيوز الشاهق الذي يعود إلى ستينيات القرن الماضي - برج الملكة، على الرغم من أنه من غير المرجح أن تعيش فيه أي ملكة.|Emotionally Weird|Kate Atkinson|true|en|true
11:11|1111-000|11:11| تومض شاشة LCD على ساعة Super G Digital Athletic Chronometer الخاصة به، 11:11، تضيء وتطفئ وتضيء وتطفئ. أحد عشر أحد عشر. أحد عشر أحد عشر. أحد عشر أحد عشر.|The Indifference League|Richard Scarsbrook|true|en|true
11:12|1112-000|11:12|"""11:12، استعدوا، استعدوا.""<br>تسلل جيمس بسرعة إلى معرض لامانز بينما أزال جان بيير مرة أخرى من نافذته لوحة ساذرلاند المائية لنهر التايمز وقائد القارب، واستبدلها بلوحة زيتية لفان جوخ، وهي مثال رائع على أعمال الفنان لم يشهده أي معرض في لندن من قبل."|Not a Penny More, Not a Penny Less|Jeffrey Archer|true|en|true
11:12|1112-001|11:12|11:12 لديّ حلٌّ، عبر الجريدة المحلية. ستجمع فتاة من القرية القميص، وتكويه طوال الليل مقابل 3 جنيهات إسترلينية للقميص الواحد، وتخيط زر إيدي عليه.|The Undomestic Goddess|Sophie Kinsella|true|en|true
11:12|1112-002|11:12|"حدقتُ في ساعة البنك في الشارع: 11:12، 87 درجة.<br>""إنها مجرد بناية ونصف، والجو ليس حارًا جدًا يا أبي. المشي سيفيدك."" جعلني هذا الحديث ألهث، كما لو كنت أرتدي مشدًا ضيقًا."|A Thousand Acres|Jane Smiley|true|en|true
11:13|1113-000|الحادية عشرة وثلاث عشرة دقيقة|كانت حالته أكثر يأسًا، وتطلبت حيلة يائسة - ركوب قطار الساعة الحادية عشرة وثلاث عشرة دقيقة دون شراء تذكرة. واصل سيره حتى وصل إلى حافة منطقة مصانع الجعة، حيث توقف عند محل صغير لبيع التبغ لشراء تبغ الغليون وطرح بعض الأسئلة.|The Golden Bough|George Gibbs|true|en|true
11:13|1113-001|حوالي الحادية عشرة، الحادية عشرة والربع|في المرة الأولى التي رأيتهم فيها كانت حوالي الحادية عشرة، الحادية عشرة والربع، صباح يوم سبت، كنت قد قطعت ثلثي مساري تقريبًا عندما انعطفت إلى شارعهم ولاحظت سيارة فورد سيدان موديل ’56 متوقفة في الفناء مع شاحنة نقل كبيرة مفتوحة من نوع يو-هول خلفها.|Where I’m Calling From|Raymond Carver|true|en|true
11:14|1114-000|11:14 صباحًا| كان التقرير مؤرخًا يوم الأحد، 25 سبتمبر 1966، الساعة 11:14 صباحًا. كان النص مقتضبًا. مكالمة من هرك فانجر؛ تفيد بأن ابنة شقيقه (؟) هارييت أولريكا فانجر، المولودة في 15 يونيو 1960، مفقودة من منزلها في جزيرة هيدلي منذ ظهر يوم السبت.|The Girl With the Dragon Tattoo|Stieg Larsson|true|en|true
11:14|1114-001|الحادية عشرة وأربعة عشر|"عندما انتهوا من تناول البرغر، نظرت ميليسا إلى ساعتها، وهي ساعة بلاستيكية رقمية كبيرة تبدو وكأنها تخص طفلاً.<br>قالت ميليسا: ""الحادية عشرة وأربعة عشر. ما زال أمامنا أربع وأربعون دقيقة قبل نهاية العالم."""|The Glass Hotel|Emily St. John Mandel|true|en|true
11:15|1115-000|الحادية عشرة والربع|" تم وضع لافتة ""موقف سيارات مخصص للمصرح لهم فقط"" على جزء من الرصيف أمام برج جيرارد. في تمام الساعة الحادية عشرة والربع، توقفت شاحنة تحمل قبعة سومبريرو كبيرة على جانبها. أسفل القبعة، كُتب ""مطعم خوسيه"". وأسفلها، ""الجميع مدعوون!"". بدأ الناس بمغادرة المبنى، يتدفقون نحو الشاحنة كالنمل المنجذب إلى السكر."|Billy Summers|Stephen King|true|en|true
11:15|1115-001|الحادية عشرة والربع|يقع الشاليه منعزلاً في نهاية وادٍ أعمى. في الأعلى، لا يوجد سوى الخزان، وخلفه النهر الجليدي الغادر. في تمام الساعة الحادية عشرة والربع، تستنتج أنه من المستحيل أن يكون نيك يتجول هناك، في هذا الطقس.|Echo|Thomas Olde Heuvelt|true|en|true
11:15|1115-002|11:15|هل لديك بضعة أيام فراغ؟ لقد تلقيت للتو برقية من غرب إنجلترا بخصوص مأساة وادي بوسكومب. سأكون سعيدًا إذا أتيت معي. الجو والمناظر رائعة. غادر بادينغتون بحلول الساعة 11:15.|The Adventures of Sherlock Holmes|Sir Arthur Conan Doyle|true|en|true
11:16|1116-000|11:16|أخيرًا، في تمام الساعة 11:16، حضر وجلس في مكانه المحجوز على طاولة الباكارات. توقف ستيفن عن احتساء عصير الطماطم، وانتقل جان بيير وانتظر بصبر بجانب الطاولة حتى يغادر أحد الرجال الجالسين على يسار أو يمين هارفي.|Not a Penny More, Not a Penny Less|Jeffrey Archer|true|en|true
11:17|1117-000|11:17|عندما كان السير ماثيو خلف موكلته مباشرةً، نظر إلى ساعته. كانت الساعة 11:17. كان يعلم أن توقيته يجب أن يكون دقيقًا، لأنه أصبح مدركًا بشكل مزعج أنه لا يتعامل مع امرأة ذكية فحسب، بل مع امرأة ماكرة للغاية أيضًا.|An Eye for an Eye|Jeffrey Archer|true|en|true
11:17|1117-001|11:17| وصل تيد إلى الباب الأمامي للمبنى رقم 10 في تمام الساعة 11:17 من اليوم التالي. رافقه نائب الكاتب عبر الممر الطويل إلى الطابق الأرضي وطلب منه الجلوس في منطقة الانتظار الصغيرة المجاورة لغرفة مجلس الوزراء.|Shoeshine Boy|Jeffrey Archer|true|en|true
11:17|1117-002|الحادية عشرة وسبع عشرة دقيقة| ألقت السيدة موني نظرة خاطفة غريزية على الساعة الذهبية الصغيرة على رف المدفأة حالما أدركت من خلال شرودها أن أجراس كنيسة جورج قد توقفت عن الرنين. كانت الساعة الحادية عشرة وسبع عشرة دقيقة: سيكون لديها متسع من الوقت لمناقشة الأمر مع السيد دوران ثم اللحاق بالقطار الذي يبدأ الساعة الثانية عشرة في شارع مارلبورو. كانت متأكدة من أنها ستفوز.|Dubliners|James Joyce|true|en|true
11:18|1118-000|11:18|الساعة الآن 11:18. صف من المنازل الصغيرة على شكل دائرة مع مجموعة من أشجار الأرز في المنتصف.|Trumpet|Jackie Kay|true|en|true
11:19|1119-000|11:19| قاطعت صفارة حادة كلماته. جثا بيتر على ركبتيه لينظر من النافذة، وحدقت به الآنسة فولر. نظرت بولي إلى ساعتها: 11:19. القطار. لكن رئيس المحطة قال إنه دائمًا متأخر.|Blackout|Connie Willis|true|en|true
11:20|1120-000|الحادية عشرة وعشرون دقيقة| بحلول الساعة الحادية عشرة وعشرون دقيقة، قرر آدم أنه لم يعد بإمكانه المخاطرة بأن يراه أحد على الطريق. حدق في الوادي، مدركًا أنه لم يعد أمامه أي خيار سوى المشي.|A Matter of Honor|Jeffrey Archer|true|en|true
11:20|1120-001|11:20 صباحًا| في يوم الجمعة 17 سبتمبر/أيلول، في تمام الساعة 11:20 صباحًا، تغيرت حياتي إلى الأبد. كنت أقف في غرفة النوم الرئيسية في منزل في موسمان، أحدق في السرير الكبير وأفكر فيما إذا كنت سأضع عليه ألوانًا محايدة أم سأختار غطاءً فاخرًا مطرزًا بالخرز الفضي، عندما رن هاتفي المحمول، مما أفزعني.|Southern Ruby|Belinda Alexandra|true|en|true
11:20|1120-002|11:20|ملاحظات الضابط: تم تسجيل تنبيه إخلال بالنظام في تمام الساعة 11:20 من صالة ستونز للبلياردو (معرف المنشأة 33CBD-Long181). استجاب الضابط وAito /379. عند الوصول، وجدوا الشخص المعني يصرخ بتهديدات ويتصرف بطريقة عدوانية. كشف فحص سجل معرف شريحة SIM الخاصة بالشخص المعني أن لديه سوابق حديثة، بما في ذلك إخلالات سابقة بالنظام العام وسجل جنائي في مرحلة الأحداث.|Moxyland|Lauren Beukes|true|en|true
11:20|1120-003|الساعة 11:20| أشار سويني إلى الساعة فوق البار، المثبتة بين فكي رأس تمساح محنط ضخمين لا يباليان. كانت الساعة 11:20.|American Gods|Neil Gaiman|true|en|true
11:21|1121-000|الحادية عشرة وواحد وعشرون| نظرت إلى ساعتها مرة أخرى: الحادية عشرة وواحد وعشرون. ولأول مرة، بدأت تشعر ببعض القلق. ثم فجأة رأته يخطو عبر الرصيف نحوها، يتبعه رجل يسحب حقيبتين، وحمال يدفع المزيد من الأمتعة.|As the Crow Flies|Jeffrey Archer|true|en|true
11:21|1121-001|الحادية عشرة وإحدى وعشرين دقيقة|كانت الساعة تشير إلى الحادية عشرة وإحدى وعشرين دقيقة على باب المصعد عندما دخل جويل كايرو من الشارع. كان جبينه ملفوفًا بضمادة. وكانت ملابسه بالية وغير نظيفة نتيجة ارتدائها لساعات طويلة متواصلة.|The Maltese Falcon|Dashiell Hammett|true|en|true
11:22|1122-000|11:22 صباحًا|"ظهر فيليكس بولك من الطريق 16، صندوق بريد ريفي 12، هنا أمس في حوالي الساعة 11:22 صباحًا، متسائلًا عما إذا كان أي شخص قد أحضر طرف إبهامه لأنه، كما قال حرفيًا، ""أراد استعادته وتحويله إلى سلسلة مفاتيح""."|Junkyard Dogs|Craig Johnson|false|en|true
11:23|1123-000|11:23 صباحًا| كانت الموسيقى صاخبة تقريبًا. أطفأتها. استلقت في صمت، تنتظر النوم. كانت الساعة 11:23 صباحًا.|The Black Corridor|Michael Moorcock|true|en|true
11:24|1124-000|11:24|في تمام الساعة 11:24 شكرنا هيلين جيلارد وطلبنا منها أن تشكر الطبيب نيابةً عنا، ثم غادرنا المنزل، وسرنا ستين ياردة إلى مستشفى وولف، فوجدنا الباب مغلقًا، فضغطنا على الزر، واستقبلنا فريتز.|The Final Deduction|Rex Stout|true|en|true
11:25|1125-000|الساعة الحادية عشرة وخمس وعشرين دقيقة|هبطت طائرة الخطوط الجوية البريطانية الأوروبية (BEA) من طراز فيسكونت في مطار جنيف في تمام الساعة الحادية عشرة وخمس وعشرين دقيقة بالتوقيت المحلي صباح ذلك اليوم، أي بعد دقائق قليلة من الموعد المحدد. نصحت المضيفة الركاب بتقديم ساعاتهم ساعة واحدة إلى توقيت وسط أوروبا.|A Matter of Honor|Jeffrey Archer|true|en|true
11:25|1125-001|الساعة الحادية عشرة وخمس وعشرين دقيقة|في تمام الساعة 10:15، غادرت أرلينا مكان لقائها، وبعد دقيقة أو دقيقتين نزل باتريك ريدفيرن وأبدى دهشته وانزعاجه، وما إلى ذلك. كانت مهمة كريستين سهلة بما فيه الكفاية. أخفت ساعتها، وسألت ليندا في تمام الساعة الحادية عشرة وخمس وعشرين دقيقة عن الوقت. نظرت ليندا إلى ساعتها وأجابت بأنها الثانية عشرة إلا ربع.|Evil Under the Sun|Agatha Christie|true|en|true
11:25|1125-002|11:25 صباحًا|عندما تم اقتياد كاتارينا بلوم من شقتها للاستجواب، حوالي الساعة 11:25 صباحًا، تقرر عدم تقييد يديها بالأصفاد على الإطلاق.|The Lost Honour of Katharina Blum|Heinrich Böll|true|en|true
11:26|1126-000|11:26 صباحًا|" ظهر زوج من الأحذية البنية تحت كيس البول. ""لقد أحصيت أحد عشر جرسًا.""<br>""الوقت الحالي هو 11:26 صباحًا.""<br>""في أي يوم؟""<br>""حدثت إصابتك أمس."""|The Wind Knot|John Galligan|true|en|true
11:26|1126-001|11:26 صباحًا|في تمام الساعة 11:26 صباحًا، واجه البرنامج 0xAA289 عطلًا في أحد الأجهزة غير المتصلة في إحدى العقد التي كان يعمل عليها.|The Turing Exception|William Hertling|true|en|true
11:27|1127-000|الساعة الحادية عشرة وسبع وعشرين دقيقة|انعطف توم إلى ساحة سافوي في تمام الساعة الحادية عشرة وسبع وعشرين دقيقة، ليجد أسطولًا من سيارات الليموزين المتوقفة تُنزل ركابها خارج الفندق.|Be Careful What You Wish For|Jeffrey Archer|true|en|true
11:27|1127-001|11:27 صباحًا|هذه من إحدى اللوحات الأحدث التي مسحتها الشجرة ضوئيًا: 11:27 صباحًا من يوم 4 أبريل 1175|The Second Internet Cafe, Part 2: The Cascade Annihilator|Chris James|true|en|true
11:28|1128-000|الحادية عشرة وثمان وعشرون دقيقة|من الساعة التاسعة وعشرون دقيقة حتى التاسعة وسبع وعشرين دقيقة، ومن الساعة الحادية عشرة وخمس وعشرين دقيقة حتى الحادية عشرة وثمان وعشرون دقيقة، ومن الساعة الثالثة إلا عشر دقائق حتى الثالثة إلا دقيقتين، اجتمع أبطال المدرسة في جوٍّ من الألفة الكبيرة، أذهل ضحكهم الهستيري الصبي الصغير الخائف الذي مرّ مسرعًا بقلق، وأرعب الطالب الأكبر المتراخي الذي توقف بتهوّر ليتفحص الإعلانات مدعيًا حقًا لم يكتسبه.|Sinister Street|Compton Mackenzie|true|en|true
11:29|1129-000|11:29| نظر إلى ساعة الردهة: 11:29. سار بسرعة نحو المصاعد، وتأكد من ربطة عنقه في المرآة، ثم أخذ نفسًا عميقًا. دقت الساعة مرتين، وانفتحت أبواب المصعد، وخرج السيد موريتا وزميلاه.|Be Careful What You Wish For|Jeffrey Archer|true|en|true
11:29|1129-001|الساعة الحادية عشرة وتسع وعشرون دقيقة صباحًا|أنت متأخر بأربع دقائق. لا يهم، يكفي ذكر الخطأ. من هذه اللحظة، الساعة الحادية عشرة وتسع وعشرون دقيقة صباحًا، يوم الأربعاء 2 أكتوبر، أنت في خدمتي.|Around the World in Eighty Days|Jules Verne|true|en|true
11:29|1129-002|تنقصها دقيقة واحدة عن 11:30|كانت الساعة لا تزال تنقصها دقيقة واحدة عن 11:30. سيخصص وقتًا لزيارة المعالم الأثرية في كنيسة سانت جورج في برادويل، ولكن بعد تلك الزيارة القصيرة، لن يكون هناك أي عذر لعدم العودة بالسيارة إلى لندن لتناول الغداء في نيو سكوتلاند يارد.|Original Sin|P.D. James|true|en|true
11:30|1130-000|11:30|لكن ضحكات الأولاد العالية تحولت إلى أنين عندما أخبرهم ببرود أنهم سيقضون فترة ما بعد الظهر بأكملها في المدرسة ذلك اليوم بدلاً من الدوام المعتاد من الساعة 8:00 إلى 11:30.|Bright Valley of Love|Edna Hong|true|en|true
11:30|1130-001|11:30 صباحًا|في تمام الساعة 11:30 صباحًا، ركض تشارلي خارجًا من الباب الأمامي للمدرسة، وقفز، وتجاوز جميع الدرجات الخرسانية الست. انطلق بسرعة على الرصيف، وضربت كراته الحمراء الرصيف حتى وصل إلى الشارع.|Blue Springs|Peter Rennebohm|true|en|true
11:30|1130-002|11:30 صباحًا|كان يوم الثلاثاء - نصف يومي - وفي الساعة 11:30 صباحًا وردت مكالمة. انقلاب الرحم في بقرة. هذه هي المهمة الصعبة في العيادة الريفية، وشعرت بالقشعريرة المعتادة.|All Creatures Great and Small|James Herriot|true|en|true
11:30|1130-003|الحادية عشرة والنصف|بعد خمس دقائق، توقفت شاحنة أخرى خلف الأولى. على جانبها، كان هناك صبي كرتوني مبتسم يلتهم شطيرة برجر بالجبنة المزدوجة. في تمام الساعة الحادية عشرة والنصف، بينما كان الناس يصطفون لشراء البرجر والبطاطا المقلية والتاكو والإنتشلادا، ظهرت عربة هوت دوج.|Billy Summers|Stephen King|true|en|true
11:30|1130-004|11:30|استيقظتُ مذعورًا، لم أصرخ، بل أنينٌ مكتومٌ من أعماق حلقي. كنتُ قد غفوتُ على الكرسي البلاستيكي الصلب بجوار النافذة. كانت الساعة فوق الباب تُشير إلى 11:30، وكان الصمت مُطبقًا في وحدة العناية المركزة. لم ينضب مخزون الأدرينالين لديّ بعد، فترنّحتُ واقفًا.|Echo|Thomas Olde Heuvelt|true|en|true
11:30|1130-005|الحادية عشرة والنصف|وهكذا، حوالي الساعة الحادية عشرة والنصف، وجدت نفسي أستقل حافلة الجادة الخامسة متجهةً إلى القرية، وعنوان شارع هوبارت وبلاك ويل في جيبي، مكتوبًا على صفحة من إحدى دفاتر الملاحظات المزخرفة التي كانت السيدة باربور تحتفظ بها بجانب الهاتف.|The Goldfinch|Donna Tartt|true|en|true
11:30|1130-006|الحادية عشرة والنصف|"قال لليفيا في الساعة الحادية عشرة والنصف: ""الأمر الغريب هو أنكِ تبدين المتقدمة الوحيدة. أو على الأقل، الوحيدة التي حضرت."""|The Wedding Officer|Anthony Capella|true|en|true
11:30|1130-007|11:30|الساعة الآن 11:30. باب هذه الغرفة مغلق، وسيظل مغلقًا، ما لم تحدث حالات طارئة، حتى الساعة 12:00. أنا مخوّل بإبلاغكم بأننا الآن تحت أوامر القتال.|Singularity Sky|Charles Stross|true|en|true
11:30|1130-008|الحادية عشرة والنصف|يا فرانك، لقد أخطأت! ظننت أن تلك الكنيسة ذات المئذنة هي كنيسة جميع القديسين، وكنت عند الباب في تمام الساعة الحادية عشرة والنصف كما قلت.|Far From the Maddening Crowd|Thomas Hardy|true|en|true
11:30|1130-009|الحادية عشرة والنصف|شكرًا لك، قال سي. بي. بهدوء؛ لكن وجهه كان عابسًا وهو يغلق الهاتف. في غضون دقائق قليلة، سيتعين عليه إخبار جون بأنه على الرغم من أنهم واجهوا مخاطر جسيمة خلال الجزء الأول من الليل، إلا أنهم فشلوا في إنقاذ كريستينا. كان بيدوز قد نبذ الشيطان بعد الحادية عشرة والنصف بقليل. وبعد حوالي ثماني عشرة دقيقة، سبقهم الكاهن إلى ذلك مرة أخرى.|To the Devil a Daughter|Dennis Wheatley|true|en|true
11:30|1130-010|11:30|هذه المرة كانت كوميكو. كانت ساعة الحائط تشير إلى 11:30.|The Wind-up Bird Chronicle|Haruki Murakami|true|en|true
11:30|1130-011|11:30| حوالي الساعة 11:30 من صباح اليوم، سألتها إن كانت ستُحضّر أي شيء لعيد الشكر، فنظرت إليّ وكأنها لا تفهم ما أقول.|Don’t You Dare Read This, Mrs. Dunphrey|Margaret Peterson Haddix|true|en|true
11:31|1131-000|الساعة 11:31|مرت طائرة ألباتروس 8 فوق خليج بامليكو في الساعة 11:31 بالتوقيت المحلي. صُممت برمجتها الداخلية لتتبع المستقبلات الحرارية على كامل الأفق المرئي، واستجواب كل شيء في مجال الرؤية، وتحديد أي إشارة تتوافق مع معايير الاستحواذ الخاصة بها.|The Hunt for Red October|Tom Clancy|true|en|true
11:32|1132-000|الساعة الحادية عشرة واثنتين وثلاثين دقيقة|وبعد ذلك، لا ننسى الأسطول الفلمنكي، الذي تشتت شمله، وغرق جميع أفراده رسميًا، هناك وفي ذلك الصباح الجميل، بعد الطوفان العظيم، حوالي الساعة الحادية عشرة واثنتين وثلاثين دقيقة، أليس كذلك؟ قبالة ساحل العودة إلى الوطن.|Finnegans Wake|James Joyce|true|en|true
11:33|1133-000|11:33|في تمام الساعة 11:33، توقفت سيارة أستون مارتن ذات المقدمة الكريمية الأنيقة عند البوابة، ونزل منها موريس كيمب لور. تمدد، متصلبًا من القيادة، وألقى نظرة خاطفة على واجهة المنزل الريفي.|Nerve|Dick Francis|true|en|true
11:34|1134-000|11:34 صباحًا|انضم إليه المحقق الخاص في تمام الساعة 11:34 صباحًا، بعد دقائق فقط من وصول قطار بادينغتون السريع إلى محطة تمبل ميدز. انزلق ميتشل إلى الكرسي المقابل لعميله الوحيد، على الرغم من أنه لم يتلق أي أجر لعدة أشهر.|The Sins of the Father|Jeffrey Archer|true|en|true
11:34|1134-001|11:34 صباحًا|"ليلة عيد الميلاد 1995. 11:34 صباحًا. في المرة الأولى، قالت ألماسا ببطء وهدوء، كما لو كانت تبحث حقًا عن إجابة، ""هل تتحدث معي؟"" تحدق في المرآة الصغيرة المتسخة في حمام القطار."|How to Fare Well and Stay Fair|Adnan Mahmutovic|true|en|true
11:35|1135-000|الحادية عشرة وخمس وثلاثون دقيقة|"كانت هذه بالضبط القضية التي كنت أتمناها. مع ذلك، تظاهرت بمراجعة جدولي، وكأنني أعيد ترتيب بعض الأمور. فإذا وافقت على الفور على قبول قضية، فقد يشك العميل في وجود دافع خفي.<br>قلتُ، وأنا ألقي نظرة خاطفة على ساعتي: ""لحسن الحظ، أنا متفرغ حتى وقت لاحق من بعد الظهر"". كانت الساعة الحادية عشرة وخمس وثلاثون دقيقة. ""إذا سمحتِ، هل يمكنكِ اصطحابي إلى مبناكِ الآن؟ أود أن أرى آخر مكان رأيتِ فيه زوجكِ."""|Blind Willow, Sleeping Woman|Haruki Murakami|true|en|true
11:35|1135-001|11:35 صباحًا| توقفت طائرة رئيس الوزراء في مطار أوبرفايزنفيلد الساعة 11:35 صباحًا. أصدرت المحركات صوت أزيز ثم توقفت. داخل المقصورة، وبعد ثلاث ساعات من الطيران، كان الصمت ضجيجًا بحد ذاته.|Munich|Robert Harris|true|en|true
11:35|1135-002|الساعة 11:35|في تمام الساعة 11:35، خرج الكولونيل؛ بدا عليه الغضب الشديد وهو يتجه نحو المصعد. ها هو ذا قاضٍ يُشنق، فكّر وورمولد.|Our Man in Havana|Graham Greene|true|en|true
11:36|1136-000|11:30، ووصلت متأخرة ست دقائق| وافقت فيلما بيت-كولي، الوكيلة الأدبية للسيدة كارلينغ، على التواجد في الشقة الساعة 11:30، ووصلت متأخرة ست دقائق. وما كادت تدخل حتى بدا واضحًا أنها لم تكن في مزاج جيد.|Original Sin|P.D. James|true|en|true
11:36|1136-001|الحادية عشرة وستة وثلاثون دقيقة| ركضتُ صعودًا على الدرج، بعيدًا عن الحرارة والضوضاء والفوضى والارتباك. رأيتُ راديو الساعة بجانب سريري. الحادية عشرة وستة وثلاثون دقيقة.|Losing You|Nicci French|true|en|true
11:37|1137-000|الحادية عشرة وسبعة وثلاثون دقيقة|في تمام الساعة الحادية عشرة وسبعة وثلاثون دقيقة، سلمتُ التسوية الكاملة والنهائية للسيد فوثرجيل مقابل حق الملكية المطلقة للمنزل رقم 1 في شارع تشيلسي.|As the Crow Flies|Jeffrey Archer|true|en|true
11:37|1137-001|١١:٣٧ صباحًا|تلقيت مكالمة في تمام الساعة ١١:٣٧ صباحًا من امرأة عرّفت نفسها باسم جين غارفيلد، سكرتيرة جيم لونغ، فاحص شهادات بان-كون من دالاس. سألت عن كيفية تقديم شكوى تحرش ديني ضد رايفورد ستيل بسبب ضغطه على لونغ أثناء إعادة اعتماده هذا الصباح.|Tribulation Force|Tim LaHaye and Jerry B. Jenkins|true|en|true
11:38|1138-000|11:38| نظر إلى ساعته: 11:38. وضع مشروبه، وركض خارج الشقة.|Cometh the Hour|Jeffrey Archer|true|en|true
11:38|1138-001|11:38|في تمام الساعة 11:38، غادرت مكتبها وسارت إلى الباب الجانبي للقاعة، ووصلت قبل الظهر بعشر دقائق.|The Circle|Dave Eggers|true|en|true
11:39|1139-000|الحادية عشرة وتسع وثلاثون دقيقة|"سأل رايث: ""ما الوقت؟""<br>أجاب الحارس الشخصي: ""الحادية عشرة وتسع وثلاثون دقيقة يا سيدي.""<br>""حسنًا، لا يزال هناك وقت."" سار نحو مجموعة من الوسائد في الزاوية البعيدة من الغرفة، وأدركت أنها كانت مبعثرة حول منصة حجرية صغيرة مرتفعة."|Blood Rites|Jim Butcher|true|en|true
11:39|1139-001|الساعة 11:39|بعد محادثات مطولة مع موظفي شباك التذاكر واستشارات حول جداول المواعيد، تأكدتُ، بقدر ما يمكن أن يأمله أي سائح، أن قطار الساعة 11:39 المتجه إلى باريس الشرقية هو خدمة تسمح بنقل الدراجات الهوائية مجانًا.|French Revolutions|Tim Moore|true|en|true
11:40|1140-000|11:40|كانت هناك مجموعة من حوالي عشرين شخصًا ينتظرون قطار الساعة 11:40، وسارت القاتلة وابنتها حوالي خمسين ياردة أخرى على طول الرصيف ووقفتا بمفردهما، صامتتين.|Innocent Blood|P.D. James|true|en|true
11:40|1140-001|11:40 صباحًا|"لكن الباب كان مغلقًا، والنافذة موصدة بإحكام بقضبان حديدية. جلس مرة أخرى، وأخرج مذكراته من جيبه. على السطر الذي كُتبت فيه هذه الكلمات، ""21 ديسمبر، السبت، ليفربول""، أضاف، ""اليوم الثمانون، 11:40 صباحًا""، وانتظر."|Around the World in Eighty Days|Jules Verne|true|en|true
11:40|1140-002|قبل الظهر بعشرين دقيقة| خلال جلساته في إيتو، كان يقرأ سوترا اللوتس في صباحات اللعب، وبدا الآن وكأنه يُعيد ترتيب أفكاره من خلال التأمل الصامت. ثم، فجأة، سُمع صوت طرق حجر على متن السفينة. كانت الساعة قبل الظهر بعشرين دقيقة.|The Master of Go|Yasunari Kawabata|true|en|true
11:41|1141-000|11:41|استدار جايلز فرأى العميد واقفًا بجانبه. انحنى. لا بد أنها الساعة 11:41.|This Was a Man|Jeffrey Archer|true|en|true
11:41|1141-001|11:41| بمجرد عودته إلى مقعد القيادة، نظر إلى ساعته: 11:41. لا يوجد سبب يمنعه من الوصول إلى شيلينغفورد في غضون ساعتين، على الرغم من أنه كان يعلم أن والده سيظل يذرع الممر ذهابًا وإيابًا قبل ذلك بوقت طويل.|Best Kept Secret|Jeffrey Archer|true|en|true
11:41|1141-002|الحادية عشرة وواحد وأربعون دقيقة|"أخذ سبانيولا نفسًا عميقًا وبدأ في تدوين اليوميات مرة أخرى. ""الحادية عشرة وواحد وأربعون دقيقة: كلب كبير يتبرز في سيارة أستون مارتن الخاصة بالدكتور ياماتا. الثانية عشرة وثلاث دقائق: كلب يأكل قطتين، نعم قطتين، قطتين من قطط السيدة ويتينغهام السيامية. لقد فقدت زوجها الأسبوع الماضي؛ وهذا الأمر زاد من حزنها. اضطررنا إلى استدعاء الدكتور ياماتا من ملعب الغولف لإعطائها مهدئًا."""|Coyote Blue|Christopher Moore|false|en|true
11:42|1142-000|11.42|يُفتح الباب الأمامي. يدق قلبها بشدة. تنظر إلى الساعة في أسفل يمين شاشتها. 11.42|The Woman Downstairs|Elisabeth Carpenter|true|en|true
11:42|1142-001|11:42|11:42 أنا بخير. أنا على ما يرام. لقد شغّلت المكنسة الكهربائية، وأنا أسير على ما يرام— ما هذا؟ ما الذي دخل للتو إلى المكنسة الكهربائية؟ لماذا تُصدر صوت الطحن هذا؟ هل كسرتها؟|The Undomestic Goddess|Sophie Kinsella|true|en|true
11:43|1143-000|إحدى عشرة وثلاث وأربعون دقيقة|إحدى عشرة وثلاث وأربعون دقيقة. في غضون أربع دقائق تقريبًا، ستموت إيما.|Blood Rites|Jim Butcher|true|en|true
11:43|1143-001|11:43|"لولا غطاء السحب، لكان بإمكان مراقب في طائرة تحلق على ارتفاع منخفض رؤية السيارات الثلاث جميعها في نفس الوقت، سيارة سوبارو وسيارتي هامفي، في تمام الساعة 11:43 بتوقيت شرق الولايات المتحدة، عندما أنهى الرئيس خطابه قائلاً: ""بارك الله فيكم يا أبناء وطني الأمريكيين، وبارك الله في أمريكا."""|Dreamcatcher|Stephen King|true|en|true
11:44|1144-000|ست عشرة دقيقة قبل الثانية عشرة| كانت ساعة فايس تشير إلى ست عشرة دقيقة قبل الثانية عشرة، وكان من المقرر تفجير القنبلة عند الظهر، وفقًا لما حددته مجموعة من الساعات الكهربائية وثلاثة كابلات تحكم منفصلة. ولكن عندما احتضن التنين القنبلة وشد قبضته، كان ذلك كافيًا.|To Hold the Bridge|Garth Nix|true|en|true
11:45|1145-000|الحادية عشرة وخمس وأربعون دقيقة|كانت الساعة الحادية عشرة وخمس وأربعون دقيقة، لكن ابنة عمي لم تعد بعد. اقترب وقت الغداء، وبدأت الكافتيريا تزدحم. امتزجت جميع أنواع الأصوات والهمسات معًا كالدخان الذي يلف المكان. عدتُ مرة أخرى إلى عالم الذكريات. وذلك القلم الذهبي الصغير الذي كان في جيب صدرها.|Blind Willow, Sleeping Woman|Haruki Murakami|true|en|true
11:45|1145-001|11:45 صباحًا|11:45 صباحًا - 06/05/2014<br>ظهرت تفاصيل إضافية في التحقيق في جرائم القتل التي وقعت في فال دو غراس فجر الأربعاء.|The Catacombs|Jeremy Bates|true|en|true
11:45|1145-002|الثانية عشرة إلا ربعًا|انتظرت حتى الثانية عشرة إلا ربعًا، ووجدت حينها أنني في كنيسة جميع الأرواح. لكنني لم أكن خائفًا كثيرًا، لأنني ظننت أنه قد يكون غدًا أيضًا.|Far From the Maddening Crowd|Thomas Hardy|true|en|true
11:45|1145-003|الثانية عشرة إلا ربعًا|سأخبرك بالوقت، قال سيبتيموس ببطء شديد، بنعاس شديد، مبتسمًا ابتسامة غامضة. وبينما كان جالسًا يبتسم للرجل الميت ذي البدلة الرمادية، دقت الساعة الربع، الثانية عشرة إلا ربعًا.|Mrs. Dalloway|Virginia Woolf|true|en|true
11:45|1145-004|11:45 صباحًا|وصلتُ إلى سانت غاتيان قادمًا من نيس يوم الثلاثاء الموافق 14 أغسطس. أُلقي القبض عليّ في تمام الساعة 11:45 صباحًا يوم الخميس الموافق 16 أغسطس من قِبل شرطي ومفتش بملابس مدنية، ونُقلتُ إلى المفوضية.|Epitaph for a Spy|Eric Ambler|true|en|true
11:45|1145-005|الثانية عشرة إلا ربعًا| قامت والدته بتعديل ساعة المنبه المتهالكة التي كانت ملقاة على جانبها في منتصف رف المدفأة حتى أظهر ميناؤها الثانية عشرة إلا ربعًا، ثم أعادتها إلى جانبها مرة أخرى.|A Portrait of the Artist as a Young Man|James Joyce|true|en|true
11:46|1146-000|الساعة الحادية عشرة وست وأربعون دقيقة|كانت أول سيارة وصول إلى مكان الحادث سيارة شرطة تابعة لمركز شرطة أوسترمالم، ووصولها في تمام الساعة الحادية عشرة وست وأربعون دقيقة وفقًا للتقرير المقدم لم يكن بسبب امتلاك قائد الدورية قدرات خارقة؛ فقد كانت ساعته متأخرة دقيقتين عندما سجل الوقت، وبالنظر إلى ما حدث لاحقًا، كان هذا خطأً بسيطًا.|Another Time, Another Life|Leif GW Persson|true|en|true
11:47|1147-000|الساعة الحادية عشرة وسبع وأربعون دقيقة صباحًا|لأن اللعنتين اللتين حلتا هنا في شيكاغو وصلتا في الساعة الحادية عشرة وسبع وأربعون دقيقة صباحًا، وقريبتين جدًا من ذلك الليلة الماضية. أضف ساعتين إلى عدد الوفيات في كاليفورنيا لمراعاة اختلاف المناطق الزمنية. أُرسلت اللعنة في نفس الوقت. قبل الظهر بثلاث عشرة دقيقة أو منتصف الليل.|Blood Rites|Jim Butcher|false|en|true
11:47|1147-001|ثلاث عشرة دقيقة أبدية قبل الظهر|كان سهلاً شاسعاً خالياً من السكان، لا حيّ على الأرض ولا ميت تحتها؛ وسرتُ طويلاً تحت سماءٍ باهتة اللون، لم تُمكنني من تحديد الوقت (ساعتي، المضبوطة كجميع الساعات العسكرية على توقيت برلين، لم تصمد أمام السباحة وأظهرت ثلاث عشرة دقيقة أبدية قبل الظهر).|The Kindly Ones|Jonathan Littell|true|en|true
11:48|1148-000|الساعة الحادية عشرة وثمانية وأربعون دقيقة|"حسنًا، من الأفضل أن تعود معي. سيسعدون جدًا برؤيتك.<br>قال: ""يمكننا الوصول إلى الساعة الحادية عشرة وثمانية وأربعون دقيقة إذا أسرعنا. سأضطر إلى تغيير بعض الأشياء."""|The Wrong Twin|Harry Leon Wilson|true|en|true
11:49|1149-000|11:49 صباحًا|لم يُجرِ ريتشي أي مكالمات صادرة بعد الساعة 11:49 صباحًا. ومع ذلك، كانت هناك قائمة طويلة من المكالمات الواردة بعد ظهر ذلك اليوم، وهي مكالمات لن يرد عليها أبدًا.|After All These Years|Susan Isaacs|true|en|true
11:50|1150-000|قبل الظهر بعشر دقائق|في الساعة 11:38، غادرت مكتبها وسارت إلى الباب الجانبي للقاعة، ووصلت قبل الظهر بعشر دقائق.|The Circle|Dave Eggers|true|en|true
11:50|1150-001|الساعة الثانية عشرة إلا عشر دقائق| ناول الرجل الذي أعطاه إياها ورقة نقدية من فئة عشرة شلنات ووعده بأخرى إذا تم تسليمها في تمام الساعة الثانية عشرة إلا عشر دقائق.|The Adventure of Johnnie Waverley: A Hercule Poirot Story|Agatha Christie|true|en|true
11:51|1151-000|الثانية عشرة إلا تسع دقائق| في اليوم التالي، عند الساعة الثانية عشرة إلا تسع دقائق، توقفت الساعة الأخيرة. ثم وُضعت في متحف المدينة، كقطعة تذكارية، أو قطعة متحفية، مع مراسم وخطابات مناسبة وما شابه.|Lanterns & Lances|James Thurber|true|en|true
11:52|1152-000|الساعة الثانية عشرة إلا ثماني دقائق| عاد إلى شارع ديلاني في تمام الساعة الثانية عشرة إلا ثماني دقائق وتظاهر بتصفح المكتبة. عند الساعة الثانية عشرة، نادى مونتي جاره، وبعد ثانية أو ثانيتين، ظهر من خلف المتجر مرتديًا سترته الجينزية وتوجه إلى متجر المتسول الأعمى.|Innocent Blood|P.D. James|true|en|true
11:52|1152-001|11:52 صباحًا| تحضر باتي غوس-سيمبسون كل يوم أربع قطع من أصابع السمك إلى المدرسة وعلبة غداء تايتان ديب فريز، وفي تمام الساعة 11:52 صباحًا، وبسبب تجديد الكافتيريا، تضع باتي أصابع السمك البشعة في الميكروويف البشع الموجود في الجزء الخلفي من غرفة السيد بيتس، وتضغط على الأزرار المزعجة التي تصدر صوت صفير مزعج، ويشعر سيمور بالرائحة الكريهة المنبعثة وكأنها تغمر وجهه في مستنقع.|Cloud Cuckoo Land|Anthony Doerr|true|en|true
11:52|1152-002|ثماني دقائق قبل الثانية عشرة|"على أي حال، دخلنا المحطة مسرعين مع عدد أكبر، تمامًا كما أشارت الساعة الكبيرة إلى ثماني دقائق قبل الثانية عشرة. قال الشاب: ""الحمد لله! لقد وصلنا في الوقت المحدد، وشكرًا لك أيضًا يا صديقي، ولحصانك الجيد."""|Black Beauty|Anna Sewell|true|en|true
11:53|1153-000|سبع دقائق قبل الثانية عشرة| بعد ذلك، تذكر المواطنون المراقبون أنه قبيل الظهر بقليل - في الواقع، سبع دقائق قبل الثانية عشرة - عبرت سحابة صغيرة لا يتجاوز حجمها حجم اليد الشمس بسرعة كما لو كانت تخشى التباطؤ.|The Daughter of Anderson Crow|George Barr McCutcheon|true|en|true
11:54|1154-000|الثانية عشرة إلا ست دقائق| شرب ما تبقى من [بيرته] ونظر إلى الساعة. كانت الثانية عشرة إلا ست دقائق.|Hangover Square|Patrick Hamilton|true|en|true
11:54|1154-001|ست دقائق قبل الظهر| اقتبس إيتش: «سيعطّل هان ذلك الدرع. علينا أن نمنحه المزيد من الوقت!»<br>ضحكت، ثم استخدمت يد الروبوت اليمنى للنقر على ظهر معصمه الأيسر، مشيرًا إلى الوقت. «إيتش محق. ما زالت ست دقائق قبل الظهر.»|Ready Player One|Ernest Cline|true|en|true
11:55|1155-000|11:55| سيُسمح للسجناء بالخروج من زنازينهم لمشاهدة مباراة كأس العالم بين إنجلترا والأرجنتين. في تمام الساعة 11:55، فُتحت الأبواب وتدفق السجناء من زنازينهم، متجهين جميعًا في اتجاه واحد.|A Prisoner of Birth|Jeffrey Archer|true|en|true
11:55|1155-001|خمس دقائق قبل الثانية عشرة| كان ينطلق بدراجته إلى إحدى الوظائف حوالي خمس دقائق قبل الثانية عشرة ليرى ما إذا كان بإمكانه اللحاق بأي شخص يغادر لتناول العشاء قبل الوقت المحدد.|The Ragged Trousered Philanthropists|Robert Tressell|true|en|true
11:55|1155-002|11:55 صباحًا|كانت الساعة 11:55 صباحًا في 30 أبريل.|All the President’s Men|Bernstein & Woodward|true|en|true
11:55|1155-003|11:55|"متى وصلت إلى الموقع؟<br>""كانت الساعة 11:55. أتذكر ذلك لأني نظرت إلى ساعتي صدفةً عندما وصلنا. ركبنا دراجاتنا إلى أسفل التل، إلى أقصى حد ممكن، ثم صعدنا بقية الطريق سيرًا على الأقدام."""|Kafka on the Shore|Haruki Murakami|true|en|true
11:56|1156-000|الثانية عشرة إلا أربع دقائق| نظر آرون إلى ساعته أثناء الجري: الثانية عشرة إلا أربع دقائق. دعا أن يتأخر هاري. لم يتأخر هاري أبدًا.|Cometh the Hour|Jeffrey Archer|true|en|true
11:56|1156-001|11:56 صباحًا|"16 ديسمبر 1985، 11:56 صباحًا<br>[الوحدة 4ب، كينغز ميلز. (أمي تجبرني على الجلوس في المكتب لأنها لا تثق بي لأكون في المنزل بمفردي.)]<br>""يا دكتور، يا دكتور، الجميع يعتقد أنني كاذب.""<br>""أجد صعوبة في تصديق ذلك."""|The Book of Lies|Mary Horlock|true|en|true
11:57|1157-000|الساعة الثانية عشرة إلا ثلاث دقائق|"""في تمام الساعة الثانية عشرة إلا ثلاث دقائق، سأرحب رسميًا بضيفة الشرف. سيستمر خطابي لمدة ثلاث دقائق، وعند دقات الساعة الثانية عشرة الأولى، ستُعلن جلالتها اسم حاملة الطائرات باكنغهام بالتقليد المتبع بكسر زجاجة ماغنوم من الشمبانيا على هيكلها."""|Be Careful What You Wish For|Jeffrey Archer|true|en|true
11:57|1157-001|ثلاث دقائق قبل الظهر| بحلول الوقت الذي لم يتبق فيه سوى ثلاث دقائق قبل الظهر، تبين أن الشيء الغريب المذكور هو شاب صغير الحجم ذو مظهر أجنبي. نزل التلال بسرعة كبيرة، حتى تمكن الجميع من رؤيته بوضوح.|The Devil in the Belfry|Edgar Allan Poe|true|en|true
11:57|1157-002|حوالي الظهر|بضع دقائق من الضوء حوالي الظهر تكفي لاكتشاف الخطأ وإعادة ضبط الساعة - بشرط أن تكلف نفسك عناء الصعود وإجراء الملاحظة.|Odalisque: The Baroque Cycle #3|Neal Stephenson|true|en|true
11:57|1157-003|لا يمكن أن تكون الثانية عشرة بعيدة|"تساءلتُ كم الساعة؟ قال الأخير بعد صمت.<br>""لا أعرف بالضبط،"" أجاب إيستون، ""لكن لا يمكن أن تكون الثانية عشرة بعيدة."""|The Ragged Trousered Philanthropists|Robert Tressell|true|en|true
11:58|1158-000|الثانية عشرة إلا دقيقتين|" التفت داني إلى القسم الاقتصادي من صحيفة التايمز ليُراجع استثماراته بينما كان ينتظر ظهور السيد هول البريء. في الساعة الثانية عشرة إلا دقيقتين، كان ماريو يقف بجانبه. ""سيدي نيكولاس، لقد وصل ضيفك."""|A Prisoner of Birth|Jeffrey Archer|true|en|true
11:58|1158-001|11:58 صباحًا|"هز نغوين كتفيه. وأشار إلى الساعة على لوحة القيادة التي كانت تشير إلى 11:58 صباحًا. ""ربما هم ذاهبون لتناول الغداء."" ابتسم، وهو يعيد تركيزه على الطريق والمركبات أمامه.<br>تمتم نواك، ""يا ليت."""|Lionhearts|Ray Keating|true|en|true
11:58|1158-002|11:58|وعندما تنزل الدرج، تكون الساعة دائمًا 11:58 صباح يوم التاسع من سبتمبر عام 1958.|11/22/63|Stephen King|true|en|true
11:58|1158-003|قبل دقيقتين من دقات الساعة الثانية عشرة ظهرًا|قبل دقيقتين من دقات الساعة الثانية عشرة ظهرًا، كان البارون المتوحش على المنصة يتفقد الاستعدادات لحفل منتصف النهار المرعب. وُضِعَت المنصة - وكان وزير الانتقام البشع، المقنّع والمرتدي السواد، جاهزًا، ممسكًا بالرمح المشتعل. جرّب البارون حافة النصل بإصبعه، وسأل المبارز الرهيب إن كانت يده ثابتة؟ فأجاب رجل الدماء بإيماءة.|Burlesques|William Makepeace Thackeray|true|en|true
11:58|1158-004|قريبًا من الظهر|لا بد أنه كان قريبًا من الظهر عندما وضعونا في القارب، وأعطونا برميلين من الماء وبعض بسكويت السفينة|Don Quijote de la Mancha|Miguel de Cervantes|true|es-ES|true
11:59|1159-000|دقيقة واحدة قبل الثانية عشرة|" نظرت تيري إلى الرجل العجوز بقلق. ""لم توقع أي أوراق، أليس كذلك يا سيد لانغلي؟"" نظرت إلى ساعتها. ""إنها دقيقة واحدة قبل الثانية عشرة. لا يزال لدي وقت لاتخاذ هذا القرار. تفضل شيكك!"""|On Adventure Island|Bess Moyer|true|en|true
11:59|1159-001|اقتربت عقاربها من الثانية عشرة|توجد هناك ساعة جد كبيرة، وعندما اقتربت عقاربها من الثانية عشرة، لا أمانع في الاعتراف بأنني كنت متوترًا للغاية.|The Adventure of Johnnie Waverley: A Hercule Poirot Story|Agatha Christie|true|en|true
11:59|1159-002|حوالي الظهر|في اليوم التالي، حوالي الظهر، اقتربت فرقة عسكرية بقيادة عشرة فرسان من الناصرة من الجنوب، أي من جهة القدس. كانت الناصرة آنذاك قرية صغيرة متناثرة على سفح تل، وغير ذات أهمية تُذكر، حتى أن شارعها الوحيد لم يكن سوى طريق مُمهّد بفعل مرور القطعان.|Ben-Hur|Lew Wallace|true|en|true
12:00|1200-000|الظهيرة|مع اقتراب الظهيرة، نهض وبدأ بكتابة رسالة إليها، لكنه لم يجد الكلمات المناسبة، وبعد أن وضع ريشته جانبًا مرات عديدة، قرر أخيرًا أن يرسل لها بعض الصور الجميلة بدلًا من ذلك.|The Tale of Genji|Murasaki Shikibu|true|en|true
12:00|1200-001|الظهيرة|وهناك، عند سفحه تقريبًا، قريبًا جدًا لدرجة أن ظل برج القصر كان يسقط عليه في شمس الظهيرة، كان منزله، محصورًا بين الجدران، بفنائه الصغير، وبابيه المنخفضين، وبركة الماء الصغيرة.|With My Own Eyes|Bo Giertz|true|en|true
12:00|1200-002|ظهيرة|في ظهيرة ذلك اليوم، كانت السفينة الشراعية تبحر على سطح البحر قبالة بايستوم. كانت الرياح لا تزال تهب من الغرب، تملأ الشراع بما يرضي الربان. تم تحديد النوبات. على سطح السفينة الأمامي، تم وضع المذبح ورشه بالملح والشعير، وأمامه قدم القائد صلوات رسمية إلى جوبيتر ونبتون وجميع المحيطات، ومع النذور، سكب النبيذ وأحرق البخور.|Ben-Hur|Lew Wallace|true|en|true
12:00|1200-003|الظهيرة|مرت ساعة، ورغم أن بيلاطس لم يُجبهم، بقي الحاخامات والحشد. حلّ الظهيرة، مصحوبًا بأمطار من الغرب، لكن لم يطرأ أي تغيير على الوضع، باستثناء أن الحشد كان أكبر وأكثر ضجيجًا، والشعور بالغضب أشدّ وضوحًا.|Ben-Hur|Lew Wallace|true|en|true
12:00|1200-004|الظهيرة|في تمام الظهيرة، توقف الجمل من تلقاء نفسه، وأطلق صرخة أو أنينًا مثيرًا للشفقة، وهو ما يستخدمه جنسه دائمًا للاحتجاج على الإرهاق، وأحيانًا لطلب الاهتمام والراحة. عندئذٍ، نهض السيد، وكأنه استيقظ من نومه.|Ben-Hur|Lew Wallace|true|en|true
12:00|1200-005|الظهر|" كان الوقت حوالي الظهر اليوم عندما اتصل جيم بيتر بالمكتب عبر الهاتف.<br>""اسمع يا بيتر،"" بدأ حديثه. ""ما هذه المزحة التي تحاول افتعالها؟""<br>ضحكت في نفسي ونظرت إليه ببرود.<br>""ماذا تقصد يا فتى؟"" سألته عبر الهاتف. ""مزحة؟ أي مزحة؟ عما تتحدث؟""<br>""عملة معدنية. عملة معدنية."" كان متلهفًا. ""أتتذكر أنك أرسلت لي عملة معدنية بالبريد؟"""|Star, Bright|Mark Clifton|true|en|true
12:00|1200-006|ظهراً|" قال كلاوس وهو يطعم غونتر حساء العدس في وجبة الغداء في غزة: ""خمن ماذا! لي شرف أن أكون أول رجل في غزة يقابل الفاحصين الطبيين. في تمام الساعة الواحدة ظهراً في الخليل."""|Bright Valley of Love|Edna Hong|true|en|true
12:00|1200-007|الظهيرة|"عندما أعادته الأخت آنا إلى باتموس عند الظهيرة، صرخ غونتر في وجه كل من كان في الجوار: ""أستطيع القراءة! أستطيع القراءة!"""|Bright Valley of Love|Edna Hong|true|en|true
12:00|1200-008|منتصف النهار|" قال القس فريتز بهدوء: ""يا ويلي، يا صديقي، أنت الذي تجلس في ظلام منتصف الليل في منتصف النهار، هل يسوع المسيح هو قرن الخلاص، نور في ظلامك؟"""|Bright Valley of Love|Edna Hong|true|en|true
12:00|1200-009|الظهيرة|كانوا الآن في طريق عودتهم نحو المدينة التي غمرتها أشعة شمس الظهيرة. كانت أشعة الشمس كثيفة عبر السهل، واختفت الجبال القريبة من ستيرنور في ضباب رمادي مزرق.|Faith Alone: The Heart of Everything|Bo Giertz|true|en|true
12:00|1200-010|الظهيرة|غبار ناعم في فمي وأنفي، يتغلغل عبر منديل قطني. رمل في زوايا عيني، في أذني، وفي شعري. عندما توقفنا لتناول وجبة الظهيرة، شعرت وكأن جسدي قد يتحول إلى الغبار الذي غطى جسدي.|One Bad Apple|Rachel Kovaciny|true|en|true
12:00|1200-011|الظهيرة|"سألت جوبيلي: ""ألا تنضم إلينا لتناول الغداء يا كريستوفر؟""<br>""أود ذلك، لكنني أخشى أنني سأكون في نوبة حراسة في السجن عند الظهيرة. من الأفضل أن أذهب."""|Cloaked|Rachel Kovaciny|true|en|true
12:00|1200-012|الظهيرة|كان وقت الظهيرة، وتسللت أشعة الشمس على شكل دفعات عبر نوافذ الجوقة، وبشكل أكبر عبر نوافذ الواجهة، لتشكل شلالات بيضاء، كأنها جداول غامضة من جوهر إلهي، تتقاطع في نقاط مختلفة من الكنيسة، لتغمر المذبح نفسه.|The Name of the Rose|Umberto Eco|true|en|true
12:00|1200-013|الساعة الثانية عشرة|في تمام الساعة الثانية عشرة، وصلت الحافلة، ووقف تورفيك عند مكتب البريد لاستقبالها. نزل القس بنغتسون. كان رجلاً قصير القامة، ممتلئ الجسم، ذو عينين سوداوين متيقظتين وشفتين ريفيتين سميكتين نوعًا ما.|The Hammer of God|Bo Giertz|true|en|true
12:00|1200-014|الساعة الثانية عشرة|في تمام الساعة الثانية عشرة، ستغادر الحافلة حاملةً بريد الصباح. كانت هذه آخر فرصة له في ذلك اليوم لإرسال الرسالة. لم يكن عليه حقًا أن ينتظر أكثر من ذلك بخصوص الطلب. لكن هل يجرؤ حقًا على اتخاذ هذه الخطوة قبل أن يتأكد من مشيئة الله؟ صلى من جديد.|The Hammer of God|Bo Giertz|true|en|true
12:00|1200-015|الظهر|تحاول هولي تجاهل الصداع الذي تسببه لها مكالمات والدتها - وهذه المكالمة تحديدًا - دائمًا تقريبًا. تؤكد لوالدتها أنها ستكون هناك يوم الأحد للمساعدة، وأنها ستكون هناك بحلول الظهر، حتى يتمكنوا من تناول وجبة أخرى كعائلة.|If It Bleeds|Stephen King|true|en|true
12:00|1200-016|الساعة الثانية عشرة|ثم أحالني طبيبي إلى طبيب نفسي في هذا المستشفى الكبير. كان لدي موعد في الساعة الثانية عشرة، وكنت في حالة يرثى لها.|The Bell Jar|Sylvia Plath|true|en|true
12:00|1200-017|الظهيرة| عندما استيقظت، كان الوقت قد تجاوز الظهيرة، وكان أحدهم يطرق الباب بقوة. ربما كان ويست، عاد لأنه نسي شيئًا ما. (اختفت ملابسه الداخلية من الدرج، وجواربه المرتبة بعناية، التي غسلها توني وطواها بعناية في أزواج. لقد أخذ حقيبة سفر.)|The Robber Bride|Margaret Atwood|true|en|true
12:00|1200-018|الساعة الثانية عشرة|"أُحضر حوض لإذابة الثلج لصنع الملاط. سمعوا أحدهم يقول إنها الساعة الثانية عشرة بالفعل.<br>أعلن شوخوف: ""لا بد أنها الثانية عشرة. الشمس في كبد السماء بالفعل.""<br>رد القبطان: ""إذا كان الأمر كذلك، فهي الواحدة، وليست الثانية عشرة.""<br>سأل شوخوف في دهشة: ""كيف عرفت ذلك؟ يقول كبار السن إن الشمس تكون في أعلى نقطة لها وقت العشاء.""<br>رد القبطان بحدة: ""ربما كان هذا صحيحًا في زمانهم! منذ ذلك الحين، تقرر أن الشمس تكون في أعلى نقطة لها في الواحدة.""<br>سأل: ""من أصدر هذا القرار؟""<br>""الحكومة السوفيتية."""|One Day in the Life of Ivan Denosovich|Aleksandr Solzhenitsyn|true|en|true
12:00|1200-019|الظهيرة|" سألني بقلق: ""هل تُدرج عزف الكمان ضمن فئة الصفوف؟""<br>أجبته: ""الأمر يعتمد على العازف. الكمان المُتقن متعة للآلهة، أما المُعزف عليه بشكل سيء...""<br>قال ضاحكًا: ""حسنًا، لا بأس. أعتقد أننا نستطيع اعتبار الأمر محسومًا، بشرط أن تُعجبك الغرف.""<br>سألته: ""متى سنراها؟""<br>أجابني: ""اتصل بي ظهر غد، وسنذهب معًا ونرتب كل شيء.""<br>قلتُ وأنا أصافحه: ""حسنًا، الظهيرة بالضبط."""|A Study in Scarlet|Sir Arthur Conan Doyle|true|en|true
12:00|1200-020|منتصف النهار|أتجول بلا هدف. يوم جميل - حتى الآن. شارع دو بوسي يعج بالحياة. الحانات مفتوحة على مصراعيها والأرصفة تصطف على جانبيها الدراجات. جميع أسواق اللحوم والخضراوات تعمل بكامل طاقتها. أذرع محملة بشاحنات ملفوفة بالصحف. يوم أحد كاثوليكي جميل - في الصباح على الأقل.<br>منتصف النهار، وها أنا ذا أقف على معدة فارغة عند ملتقى كل هذه الأزقة الملتوية التي تفوح منها رائحة الطعام.|Tropic of Cancer|Henry Miller|true|en|true
12:00|1200-021|الظهيرة|" قال للساعة: ""كم الساعة؟"" انحنت الساعة، ثم استقامت مرة أخرى.<br>""إنها الظهيرة. إنها الظهيرة، إنها الظهيرة، إنها...""<br>قال جيمي: ""اصمت"". ذبلت الساعة. لقد بُرمجت على الاستجابة للنغمات الحادة."|Oryx and Crake|Margaret Atwood|true|en|true
12:00|1200-022|الساعة الثانية عشرة|"""ممتاز. ألا تمانع هذه الرحلة يا واتسون؟""<br>""بالتأكيد.""<br>""إذن سنأتي معًا. ماذا ستفعل أنت؟""<br>""لديّ أمر أو أمران أودّ القيام بهما الآن بما أنني في المدينة. لكنني سأعود بقطار الساعة الثانية عشرة، لأكون هناك في الوقت المناسب لقدومك."""|The Adventures of Sherlock Holmes|Sir Arthur Conan Doyle|true|en|true
12:00|1200-023|الظهيرة|أكتب هذا عند الظهيرة. بن في الطابق السفلي يقرأ. يظن أنني أستريح، لكن رغم أنني متعبة، فأنا لست كذلك. ليس لدي وقت. عليّ أن أكتب هذا قبل أن أنساه. عليّ أن أكتب يومياتي.|Before I Go to Sleep|S.J. Watson|true|en|true
12:00|1200-024|الظهر|" أجريتُ حسابات دانييل في ذهني. ""إذا بدأنا الساعة العاشرة، وسرنا لمدة أربع ساعات، ثم استرحنا ساعة، وسرنا ساعتين أخريين، فسيكون المجموع سبع ساعات. سيستغرقنا ذلك حتى الخامسة صباحًا. بعد سبع ساعات من العودة، لن يكون الظهر حتى نعود إلى السطح."""|The Catacombs|Jeremy Bates|true|en|true
12:00|1200-025|الظهيرة|"ميركوتيو: ""لا أقل من ذلك، أقول لك، لأن عقرب الساعة الفاحش يشير الآن إلى وخزة الظهيرة."""|Romeo and Juliet|William Shakespeare|false|en|true
12:00|1200-026|الظهر|قبل الظهر، يأخذها ستان إلى مغسلة الملابس في أحد المراكز التجارية - لقد استخدموها من قبل، ولا تزال اثنتان من الآلات تعملان - ويراقب السيارة بينما تغسل حمولة من الملابس، ثم يدفع ثمنها عبر هاتفهما.|The Heart Goes Last|Margaret Atwood|true|en|true
12:00|1200-027|ظهيرة|في ظهيرة كل يوم، كان الجميع، من الكاهن دون برناردو إلى الأرملة إزميرالدا، عاهرة القرية، يتوقفون عن العمل ويتوجهون إلى شرفة عائلة بيرتيني المظللة بأشجار العنب، حيث كانوا يتناولون الطعام كالملوك لمدة ساعتين ويشربون النبيذ المصنوع من نفس العنب الذي نضج فوق رؤوسهم.|The Wedding Officer|Anthony Capella|true|en|true
12:00|1200-028|الثانية عشرة|"لا أحد هنا! أصررتُ. ""كنتِ أنتِ يا سيدتي لينتون، لقد كنتِ تعلمين ذلك منذ فترة.""<br>""أنا!"" شهقت، ""والساعة تدق الثانية عشرة!"""|Wuthering Heights|Emily Brontë|true|en|true
12:00|1200-029|الثانية عشرة|دقت ساعة صغيرة رخيصة على الحائط الثانية عشرة بسرعة، وكانت بمثابة بداية للمحادثة.|The Brothers Karamazov|Fyodor Dostoyevsky|true|en|true
12:00|1200-030|الظهيرة|لقد أنقذ [الجمهورية]، وهي الآن حاضرة، حية في كل مكان، والوجوه المحلقة حوله أشرقت وتلاشى بريقها، لتصبح صوت قناة في الصباح، ومظهر بعض الأسطح تحت شمس الظهيرة، وعطر زهرة مسائية معينة. ها هو ذا، في بيته أخيرًا. خلفه الجبال والمرأة النائمة في السماء، وأمامه، كألسنة اللهب الدخانية عند الغروب، المدينة الجميلة الحبيبة بأكملها.|The Woman Who Had Two Navels|Nick Joaquin|true|en|true
12:00|1200-031|الساعة الثانية عشرة|كانت الساعة الثانية عشرة تمامًا؛ الثانية عشرة مع بيغ بن؛ التي دوّت دقاتها فوق الجزء الشمالي من لندن؛ ممزوجة بدقات الساعات الأخرى، ومختلطة بطريقة رقيقة أثيرية مع السحب وخيوط الدخان، واختفت هناك بين طيور النورس.|Mrs. Dalloway|Virginia Woolf|true|en|true
12:00|1200-032|الظهيرة|وجده الظهيرة وحيدًا للحظات، بينما كانت العائلة تُعدّ الغداء في المطبخ. اتسعت الشقوق في السقف لتُصبح فجوات. غاصت عجلات سريره المُقفلة في خطوط صدع جديدة انفتحت في أرضية البلوط تحت السجادة. في أي لحظة كانت الأرضية على وشك الانهيار.|Tinkers|Paul Harding|true|en|true
12:00|1200-033|ظهر|في ظهر يوم الجمعة، الموافق 20 يوليو 1714، انهار أجمل جسر في بيرو، مما أدى إلى سقوط خمسة مسافرين في الهوة أدناه.|The Bridge of San Luis Rey|Thornton Wilder|true|en|true
12:00|1200-034|ظهيرة|ظهيرة صاخبة. في قبو جيد التهوية في شارع الثاني والأربعين، التقيت غاتسبي لتناول الغداء.|The Great Gatsby|F. Scott Fitzgerald|true|en|true
12:00|1200-035|الظهيرة|بدأت الطيور في الساعة الرابعة<br>فترة الفجر<br>موسيقى عديدة كالفضاء<br>لكنها متجاورة كالظهيرة|The Birds Begun at Four o’clock|Emily Dickinson|true|en|true
12:00|1200-036|الثانية عشرة|"ليلة عيد الميلاد، والساعة الثانية عشرة.<br>""الآن هم جميعًا على ركبهم،""<br>قال أحد الشيوخ ونحن نجلس مجتمعين<br>بجانب الجمر، مرتاحين قرب الموقد.<br>تخيلنا المخلوقات الوديعة اللطيفة حيث<br>سكنوا في حظيرتهم المصنوعة من القش،<br>ولم يخطر ببال أحد منا هناك<br>الشك في أنهم كانوا راكعين حينها.<br>يا له من خيال جميل ينسجه القليلون<br>في هذه السنوات! ومع ذلك، أشعر،<br>لو قال أحدهم ليلة عيد الميلاد،<br>""تعالوا؛ انظروا إلى الثيران وهي تركع،<br>في الحظيرة المنعزلة بجانب ذلك الوادي<br>الذي اعتادت طفولتنا معرفته،""<br>لذهبت معه في الظلام،<br>على أمل أن يكون الأمر كذلك."|The Oxen|Thomas Hardy|true|en|true
12:00|1200-037|الظهيرة|ثم حلّت ساعة الظهيرة، وتفرق جميع هؤلاء العاملين والمهنيين ككومة نمل مداسة في جميع الشوارع والاتجاهات. كان الجسر الأبيض يعجّ بنقاط رشيقة. وعندما تفكر في أن لكل نقطة فمًا تخطط الآن لتناول الغداء به، لا يسعك إلا أن تنفجر ضحكًا.|The Tanners|Robert Walser|true|en|true
12:00|1200-038|الثانية عشرة ظهرًا|"في أحد الأيام، حوالي الساعة الثانية عشرة ظهرًا، بعد أكثر من أسبوع بقليل من تجربتي الأولى، قمتُ بلفّ عشرين حبة من الحشيش على شكل حبة دواء وابتلعتها، وقلتُ وأنا أفعل ذلك: ""هذا هو الاختبار النهائي من أجل العلم."""|The Hasheesh Eater|Fitz Hugh Ludlow|false|en|true
12:00|1200-039|الظهيرة|" أجاب: ""ماذا تقصد بـ'خارج المدينة'؟ هل عيناك في مؤخرة رأسك، فلا ترى أن هؤلاء السيدات القادمات نحونا هنّ أنفسهنّ، متألقات كالشمس نفسها في الظهيرة؟"""|Don Quijote de la Mancha|Miguel de Cervantes|true|es-ES|true
12:00|1200-040|الظهيرة| انزل عن حصانك واستخدم خطواتك، وحركاتك الدائرية، وزواياك، وعلمك؛ لأني أنوي أن أجعلك ترى النجوم في الظهيرة بمهارتي الحديثة غير المهذبة|Don Quijote de la Mancha|Miguel de Cervantes|true|es-ES|true
12:00|1200-041|منتصف النهار|أخبرني أنه ربما، أثناء مروره بأحد شوارع المدينة في منتصف النهار، نادته سيدة جميلة جدًا من نافذة.|Don Quijote de la Mancha|Miguel de Cervantes|true|es-ES|true
12:01|1201-000|دقيقة واحدة بعد الظهر|"""سيدتي الرئيسة..."" كان على فلورنتينا أن تفكر بسرعة حتى لا يلاحظ أحد رد فعلها التلقائي على الكلمات. ""إنها دقيقة واحدة بعد الظهر."""|Shall We Tell the President?|Jeffrey Archer|true|en|true
12:01|1201-001|الثانية عشرة ودقيقة واحدة|" في الساعة الثانية عشرة ودقيقة واحدة، وقف بيرسي في وضع الانتباه، ورفع علم الاتحاد ببطء على سارية العلم، وألقى الكلمات المطلوبة بموجب قانون تسوية الأراضي لعام 1762: ""أطالب بهذه الأرض ذات السيادة باسم جلالة الملكة إليزابيث الثانية، التي أقسم لها بالولاء."""|The Undiplomatic Diplomat|Jeffrey Archer|true|en|true
12:01|1201-002|١٢:٠١|كان ذلك في الثاني عشر من ديسمبر، الشهر الثاني عشر. كان عمر (أ) اثني عشر عامًا. كانت الساعة/الراديو الكهربائية بجانب سريره تشير إلى ١٢:٠١.|Boy A|Jonathan Trigell|true|en|true
12:02|1202-000|الثانية عشرة ودقيقتين|في الساعة الثانية عشرة ودقيقتين، فُتح الباب ودخل رجلان إلى الردهة. أحدهما طويل القامة بشعر أسود مُصفف على طريقة الخمسينيات. والآخر قصير القامة ويرتدي نظارة. كلاهما يرتديان بدلات.|Billy Summers|Stephen King|true|en|true
12:02|1202-001|الثانية عشرة ودقيقتان|" دقت الساعة الثانية عشرة ودقيقتان وربع. أمسك خادم البارون على عجل بكأس كبير، وشهق من الرعب وهو يملأه بالنبيذ الساخن المتبل.<br>""لقد فات الأوان، لقد فات الأوان،"" أنَّ في ألم، ""وبالتأكيد سأحصل الآن على قضيب التسخين المحمّى الذي وعدني به البارون مرارًا وتكرارًا، آه! يا ويلي! ليتني كنت قد أعددت غداء البارون من قبل!"""|Crundle Castle|Lewis Carroll|true|en|true
12:03|1203-000|بعد الظهر بثلاث دقائق|كانت الساعة الآن بعد الظهر بثلاث دقائق. أُسدل الستائر في وقت سابق، مما بدا وكأنه يفصل الزمن ويحجب ضوء الصباح الخافت الكئيب.|The Murder Room|P.D. James|true|en|true
12:03|1203-001|الساعة ١٢:٠٣|في تمام الساعة ١٢:٠٣، تكون الشمس قد غادرت. وهي تغرب، تُلطِّف حجارة وجص الساحة بضوءٍ خافتٍ بلون الكمان، لا يُمكنك إلا أن تكون كالحجر ألا تجده مؤثرًا.|The Yiddish Policemen’s Union|Michael Chabon|true|en|true
12:04|1204-000|١٢:٠٤|عندما تكون الساعة ١٢:٠٤، يكون وقت الغداء، لذا أفتح علبة فاصوليا مطبوخة بحذر. أتساءل هل ستستيقظ أمي إذا جرحت يدي وصرخت طلبًا للمساعدة؟|Room|Emma Donoghue|true|en|true
12:04|1204-001|١٢:٠٤ مساءً|استيقظت في اليوم التالي وأنا أشعر بالذعر. قفزت من السرير وتوجهت متعثرة إلى المطبخ حيث نظرت إلى الساعة على الميكروويف: ١٢:٠٤ مساءً|Dry: A Memoir|Augusten Boroughs|true|en|true
12:04|1204-002|الثانية عشرة وأربع دقائق|في تمام الساعة الثانية عشرة وأربع دقائق، دخل فرانك ماكنتوش وبولي لوغان إلى الردهة مرتدين بذلتيهما. تبادل الجميع المصافحات. بدا أن تسريحة شعر فرانك قد خضعت لتغيير زيت.|Billy Summers|Stephen King|true|en|true
12:04|1204-003|12:04 مساءً|"على الرغم من أن الساعة كانت تشير إلى 12:04 مساءً على ساعة مكتب تينا، إلا أنني كنت أشعر دائمًا بالتأثر عندما تستمر السكرتيرات، بعد يوم عمل طويل، في الرد بتحية الصباح لمدة ساعة تقريبًا بعد الظهر، تمامًا كما يفعل الناس عندما يربطون الأمور بالعام الماضي حتى شهر فبراير؛ أحيانًا يدركن خطأهن ويلجأن إلى أعذار مثل ""هذا ليس يومي"" أو ""أين عقلي؟""؛ لكنهن كنّ على حق بطريقة ما، لأن جوّ ما بعد الظهر الحقيقي لا يبدأ في المكاتب إلا قرب الساعة الثانية."|The Mezzanine|Nicholson Baker|true|en|true
12:05|1205-000|الثانية عشرة وخمس دقائق|لم أكن لأرتكب هذه الجريمة. سقطت بولين ستايسي من هذا الطابق إلى الأرض في تمام الثانية عشرة وخمس دقائق. سيشهد مئة شخص أنني كنت واقفًا على شرفة غرفتي في الطابق العلوي من قبيل تمام الساعة الثانية عشرة والربع - وهي الفترة المعتادة لصلواتي العلنية.|The Eye of Apollo|G.K. Chesterton|true|en|true
12:06|1206-000|حوالي الظهر|بضع دقائق من الضوء حوالي الظهر تكفي لاكتشاف الخطأ وإعادة ضبط الساعة - بشرط أن تكلف نفسك عناء الصعود وإجراء الملاحظة.|Odalisque: The Baroque Cycle #3|Neal Stephenson|true|en|true
12:06|1206-001|١٢:٠٦ مساءً|لكن يمكنني إخباركم بهذا: تم تأكيد رصد الزومبي في مركز روتفيلد التجاري أمس الساعة ١٢:٠٦ مساءً. الموقع: مطعم إن-بيتوين برجر. الشخص: مراهق، شعر بني فاتح، عيون زرقاء.|Zombie Field Day|Nadia Higgins|true|en|true
12:07|1207-000|الساعة الثانية عشرة وسبع دقائق|في يوم الاثنين، كان سيمون هيرش على وشك كسر ساقه في تمام الساعة الثانية عشرة وسبع دقائق من الظهر، وبمجرد أن أخبرنا الشيطان بذلك في اليوم السابق، ذهب سيبي للمراهنة معي على أن ذلك لن يحدث، وسرعان ما تحمسوا وذهبوا للمراهنة معي بأنفسهم.|The Chronicle of Young Satan|Mark Twain|true|en|true
12:08|1208-000|12:08|عندما دقت الساعة الثانية عشرة ظهرًا في واشنطن العاصمة، كانت الساعة 12:08 في فيلادلفيا، و12:12 في نيويورك، و12:24 في بوسطن.|Eighty Days|Matthew Goodman|true|en|true
12:09|1209-000|12.09|2069 يونيو 06 بتوقيت غرينتش 12.09 تسلسل الرسائل 2.<br>ستارجلايدر إلى الأرض: استنتاجك صحيح بأن ثقافات الفئة الخامسة الثلاث التي مارست أنشطة دينية كانت جميعها تعتمد على نظام التكاثر بوالدين، وأن الصغار ظلوا ضمن مجموعات عائلية لجزء كبير من حياتهم. كيف توصلت إلى هذا الاستنتاج؟|The Fountains of Paradise|Arthur C. Clarke|true|en|true
12:10|1210-000|الثانية عشرة وعشر دقائق|قال الطفل إنها الثانية عشرة وعشر دقائق وأن غوندا قد تأخر بالفعل. قال طفل آخر إن المطر ربما يكون قد أخّره. قال آخر: لا، ليس المطر، بل مخرجه كان يستقل طائرة من هوليوود.|Enoch and the Gorilla|Flannery O’Connor|true|en|true
12:10|1210-001|الثانية عشرة وعشر دقائق ظهرًا|خبأت سلة الخرق المتسخة وشمع تيرتل واكس بجوار باب الخروج في صالة الألعاب. كانت الساعة الثانية عشرة وعشر دقائق ظهرًا، لكنني لم أكن جائعًا للطعام في تلك اللحظة. مشيت ببطء على طول المسار ودخلت إلى بيت الرعب.|Joyland|Stephen King|true|en|true
12:10|1210-002|الظهر، وبعد عشر دقائق|وصلت مدام دوماس عند الظهر، وبعد عشر دقائق سلمها تراوس بطاقة الصراف الآلي الخاصة به وأمرها بالذهاب إلى فرع سيتي بنك القريب من ميدان شيريدان وتحويل أربعين ألف دولار من حساب التوفير الخاص به إلى حسابه الجاري.|Oracle Night|Paul Auster|true|en|true
12:10|1210-003|الساعة الثانية عشرة وعشرة| دفعوا ثمن غرفة واحدة فقط وأبقوا آينشتاين معهم لأنهم لم يكونوا بحاجة إلى الخصوصية لممارسة الحب. بالكاد تمكن ترافيس، المرهق، من تقبيل نورا قبل أن يغرق في نوم عميق. حلم بأشياء ذات عيون صفراء، ورؤوس مشوهة، وأفواه تماسيح مليئة بأسنان أسماك القرش. استيقظ بعد خمس ساعات، في تمام الساعة الثانية عشرة وعشرة من بعد ظهر يوم الخميس.|Watchers|Dean Koontz|true|en|true
12:11|1211-000|12:11|كان عليها مغادرة حفل الاستقبال بأسرع ما يمكن والعودة إلى غرفتها لتغيير ملابسها. في تمام الساعة 12:11، سيحدث انقطاع آخر للتيار الكهربائي، وخلاله ستسلك الدرج الخارجي إلى الطابق الأرضي وتنتظر عند المخرج شاحنة طعام تابعة لفندق برودمور.|The Enclave|Karen Hancock|true|en|true
12:11|1211-001|١٢:١١|"في تمام الساعة ١٢:١١، سُمع طرق على الباب. كان تيري، كما عرف (أ). لم يكن يعرف تيري لفترة طويلة، لكن كان هناك شيء أكثر هدوءًا وصبرًا يميز طرق تيري عن طرق بقية الموظفين. كان يطرق بدافع الأدب الحقيقي، لا من باب الرسمية.<br>قال (أ): ""تفضل بالدخول""، على الرغم من أن القفل كان على الجانب الآخر. دخل تيري.<br>قال: ""إنها والدتك. لا توجد طريقة سهلة لقول هذا."" على الرغم من أنه استخدم أسهل طريقة، لأن (أ) عرف الباقي الآن. تجمد وجه (أ) وهو يحاول استيعاب ما حدث، وهو يحاول تسجيل الخبر. ثم انهار، وبينما كان يفكر في هذه الصدمة الجديدة، انهمرت الدموع."|Boy A|Jonathan Trigell|true|en|true
12:12|1212-000|١٢:١٢|هل كنتَ في شارع كارلين حوالي الساعة ١٢:١٢ عندما خرجت كارييتا وايت من الكنيسة التجمعية الأولى في ذلك الشارع؟|Carrie|Stephen King|true|en|true
12:12|1212-001|١٢:١٢|كان ذلك في الثاني عشر من ديسمبر، الشهر الثاني عشر. كان عمر (أ) اثني عشر عامًا. كانت الساعة/الراديو الكهربائية بجانب سريره تشير إلى ١٢:٠١. كان (أ) ينتظر أن تُشير إلى ١٢:١٢، وكان يأمل أن يشعر بشيء من الصواب الكوني عندما يحدث ذلك.|Boy A|Jonathan Trigell|true|en|true
12:13|1213-000|١٢:١٣|الساعة الآن ١٢:١٣، لذا يمكن أن يكون وقت الغداء. الجزء المفضل لدي من الصلاة هو الخبز اليومي. أنا المسؤولة عن اللعب، لكن أمي هي المسؤولة عن الوجبات، فهي لا تسمح لنا بتناول حبوب الإفطار والغداء والعشاء خشية أن نمرض، وعلى أي حال، سيستهلكها ذلك بسرعة كبيرة.|Room|Emma Donoghue|true|en|true
12:14|1214-000|الساعة الثانية عشرة وأربعة عشر|غادرت لندن على متن قطار الساعة الثانية عشرة وأربعة عشر من بادينغتون، ووصلت إلى بريستول (حيث كان عليها تغيير القطار) في الساعة الثانية وخمسين دقيقة.|The Plymouth Express|Agatha Christie|true|en|true
12:15|1215-000|الربع|لم أكن لأرتكب هذه الجريمة. سقطت بولين ستايسي من هذا الطابق إلى الأرض في تمام الساعة الثانية عشرة وخمس دقائق. سيشهد مئة شخص أنني كنت واقفًا على شرفة غرفتي في الطابق العلوي من قبيل تمام الساعة الثانية عشرة والربع - وهي الفترة المعتادة لصلواتي العلنية.|The Eye of Apollo|G.K. Chesterton|true|en|true
12:15|1215-001|الثانية عشرة والربع|" قالت: ""حسنًا يا عزيزتي، لقد استقللتُ قطار الساعة 10:20 إلى إيستنور، وهو قطار جيد، إذا رغبتِ يومًا في الذهاب إلى هناك. وصلتُ في تمام الثانية عشرة والربع، وصعدتُ مباشرةً إلى المنزل - ألم تري المنزل من قبل، بالطبع؟ إنه ساحر للغاية - وأخبرتُ كبير الخدم أنني أريد مقابلة السيد فورد في أمر عمل. لقد اتخذتُ الاحتياط لأتأكد من أنه ليس هناك. إنه في درويتويتش."""|The Little Nugget|P.G. Wodehouse|true|en|true
12:15|1215-002|الساعة ١٢:١٥|ما الذي يجب أن أفكر فيه لأشعر بالحرية والانتعاش؟ أشعر بهذه الرغبة عندما أفتح نافذتي ليلاً وأنظر إلى النجوم. لسوء الحظ، إنها الساعة ١٢:١٥ في يوم رمادي كئيب، والطائرات لا تزال تحلق.|A Writer’s Diary: Being Extracts from the Diary of Virgina Woolf|Virginia Woolf|true|en|true
12:16|1216-000|١٢:١٦|في تمام الساعة ١٢:١٦، أحضرت الآنسة غلوري الطعام. استغرقني الأمر أسبوعًا لأتعلم الفرق بين طبق السلطة وطبق الخبز وطبق الحلوى.|I Know Why the Caged Bird Sings|Maya Angelou|true|en|true
12:17|1217-000|بعد سبع عشرة دقيقة بالضبط من الثانية عشرة| طلب كافا كوبين من القهوة له ولحبيبته وبعض الكعك. عندما غادر الاثنان، بعد سبع عشرة دقيقة بالضبط من الثانية عشرة، بدأ النادي يضج بالإثارة.|Vanvild Kava|Isaac Bashevis Singer|true|en|true
12:17|1217-001|12:17 مساءً|في حافلة من خط S، طولها 10 أمتار، وعرضها 3 أمتار، وارتفاعها 6 أمتار، على بُعد 3 كيلومترات و600 متر من نقطة انطلاقها، وعلى متنها 48 شخصًا في تمام الساعة 12:17 مساءً، كان هناك شخص ذكر يبلغ من العمر 27 عامًا و3 أشهر و8 أيام، طوله متر واحد و72 سنتيمترًا، ووزنه 65 كيلوغرامًا، ويرتدي قبعة ارتفاعها 35 سنتيمترًا، ويحيط بتاجها شريط طوله 60 سنتيمترًا.|Exercises in Style|Raymon Queneau|true|en|true
12:18|1218-000|١٢:١٨ مساءً|"الاثنين، ٦ أبريل<br>١٢:١٨ مساءً<br>سألت جينيفر آلي فور دخولها: ""مرحبًا، كيف سارت الأمور؟""<br>لم تكن متأكدة من معرفتها للإجابة. في البداية، بدت الوظيفة ممتعة للغاية، لكنها الآن شعرت أن ديناميكيات العلاقات الشخصية في منزل بارتليت كانت مشكلة حتى قبل أن تبدأ."|Syndrome|Thomas Hoover|true|en|true
12:19|1219-000|١٢:١٩ مساءً|يُعتقد أنها لم تنم في سريرها الليلة الماضية. لم تتمكن من مغادرة الجزيرة بسبب إغلاق الجسر. لا يملك أي من أفراد عائلتها أي معلومات عن مكان وجودها. في الساعة ١٢:١٩ مساءً: تم إبلاغ المدير العام هاتفيًا بالوضع.|The Girl With the Dragon Tattoo|Stieg Larsson|true|en|true
12:20|1220-000|12:20 مساءً|كانت الساعة قد بلغت 12:20 مساءً، ولم يسمع كلمة واحدة من فيشر، على الرغم من إعطائه تعليمات واضحة بالاتصال فور انتهاء الاجتماع.|Be Careful What You Wish For|Jeffrey Archer|true|en|true
12:20|1220-001|١٢:٢٠ مساءً|ارتشف مشروبه ببطء وأشعل سيجارة روميو وجولييتا تشرشل، التي كان مهاجر إيطالي يُهرّبها له في صناديق تحتوي على مئتين وخمسين سيجارة مرة واحدة شهريًا من كوبا. استرخى مستمتعًا باحتفال بسيط. في بوسطن، ماساتشوستس، كانت الساعة ١٢:٢٠ مساءً - اقترب موعد الغداء.|Not a Penny More, Not a Penny Less|Jeffrey Archer|true|en|true
12:20|1220-002|الساعة الثانية عشرة وعشرين دقيقة|في تمام الساعة الثانية عشرة وعشرين دقيقة، نهض، وأغلق الظرف البني الكبير بإحكام، وارتدى معطفه الواقي من المطر، وسار إلى القرية. وضع يديه في جيوبه وخطا خطوات أطول.|The Hammer of God|Bo Giertz|true|en|true
12:20|1220-003|الساعة الثانية عشرة وعشرون دقيقة|" قال صديقي: ""لكن بحلول الوقت الذي وصل فيه إلى قمة التل، كان جسد المرأة قد التهمته الذباب تقريبًا، أليس كذلك؟"" <br>أجابت صديقته: ""إلى حد ما."" <br>قال صديقي: ""إلى حد ما، أن تأكلها الذباب يجعلها قصة حزينة، أليس كذلك؟"" <br>قالت بعد أن فكرت في الأمر: ""نعم، أعتقد ذلك."" سألتني: ""ما رأيك؟"" <br>أجبت: ""تبدو لي قصة حزينة."" <br>كانت الساعة الثانية عشرة وعشرون دقيقة عندما عاد ابن عمي."|Blind Willow, Sleeping Woman|Haruki Murakami|false|en|true
12:20|1220-004|الساعة الثانية عشرة وعشرين دقيقة بعد الظهر| بحلول الساعة الثانية عشرة وعشرين دقيقة بعد الظهر، كان فينس جالسًا على كرسي من الخيزران ذي وسائد صفراء وخضراء مريحة على طاولة بجوار النوافذ في نفس المطعم. لمح هاينز عند دخوله. كان الطبيب جالسًا على طاولة أخرى بجوار النافذة، على بُعد ثلاث طاولات من فينس، يحجبها جزئيًا نخلة مزروعة في أصيص. كان هاينز يأكل الروبيان ويشرب المارجريتا مع شقراء فاتنة. كانت ترتدي بنطالًا أبيض وبلوزة قصيرة مخططة بألوان زاهية، وكان نصف الرجال في المكان يحدقون بها.|Watchers|Dean Koontz|true|en|true
12:20|1220-005|12:20|إنها الساعة 12:20 في نيويورك، يوم جمعة بعد ثلاثة أيام من يوم الباستيل، نعم، إنه عام 1959، وأذهب لتلميع حذائي لأنني سأنزل من قطار الساعة 4:19 في إيست هامبتون الساعة 7:15، ثم أذهب مباشرة لتناول العشاء، ولا أعرف من سيطعمني.|The Day Lady Died|Frank O’Hara|true|en|true
12:21|1221-000|١٢:٢١ بتوقيت غرينتش|"١٢:٢١ بتوقيت غرينتش<br>سألت جاكي بعد انتهاء إحاطتها: ""هل من أسئلة؟""<br>رفعت يد. ""أي الفريقين يُرجّح أن يكون مطلوبًا أكثر؟"""|Nothing Ventured|Jeffrey Archer|true|en|true
12:21|1221-001|اثنا عشر وواحد وعشرون|جايك، فكّر في شيء ما. من فضلك! اثنا عشر وواحد وعشرون.|11/22/63|Stephen King|true|en|true
12:22|1222-000|الساعة الثانية عشرة واثنتين وعشرين دقيقة|في تمام الساعة الثانية عشرة واثنتين وعشرين دقيقة، غادرنا، قبل الموعد الذي كنا نتمناه بكثير، هذا المكان البهيج، حيث اعتاد الحجاج الذين يأتون لزيارة نهر الأردن الاغتسال.|Narrative of a Journey Round the Dead Sea and in the Bible Lands in 1850 and 1851|Félicien de Saulcy|true|en|true
12:23|1223-000|١٢:٢٣|أدركت أنه سيكون من الغريب للغاية أن تنام في نفس السرير مع رجل لم تره منذ عامين.<br>لاحظت الوقت على ساعة المنبه الرقمية. ١٢:٢٣.|The Midnight Library|Matt Haig|true|en|true
12:23|1223-001|12:23 مساءً|"متى وصلت حافلة الخط S التي تنطلق في الساعة 12:23 مساءً المتجهة إلى بورت دو شامبيريه في ذلك اليوم؟<br>""في الساعة 12:38 مساءً.""<br>""هل كان هناك الكثير من الناس على متن حافلة الخط S المذكورة؟""<br>""كثيرون.""<br>""هل لاحظت أيًا منهم بشكل خاص؟""<br>""شخص ذو رقبة طويلة جدًا وشعر مضفر حول قبعته."""|Exercises in Style|Raymon Queneau|true|en|true
12:24|1224-000|١٢:٢٤|١٢:٢٤ ساقاي تؤلمني بشدة. لقد كنت راكعة على البلاط الصلب، أنظف حوض الاستحمام، لما يبدو وكأنه ساعات. هناك نتوءات صغيرة حيث انغرز البلاط في ركبتي، وأشعر بحرارة شديدة، ومواد التنظيف الكيميائية تجعلني أسعل. كل ما أريده هو الراحة. لكن لا يمكنني التوقف للحظة. لقد تأخرت كثيرًا.|The Undomestic Goddess|Sophie Kinsella|true|en|true
12:25|1225-000|١٢:٢٥|بعد لحظة، عادت الحقيقة إلى نصابها، وأدركت أنها لم تكن تهلوس، بل كانت تحلم. كانت الساعة على المكتب تشير إلى ١٢:٥٥. لقد بدأوا جلستهم التي تستغرق عشر دقائق في الساعة ١٢:٢٥، لذلك من الواضح أن عليها أن تُفسر عشرين دقيقة.|The Enclave|Karen Hancock|true|en|true
12:25|1225-001|الساعة الثانية عشرة وخمس وعشرين دقيقة مساءً|كان السيد هنري أوركهارت من مكتب أوركهارت، ويمبوش، وبورتواي محامي جوزفين فالون. وكان موعد دالغليش معه في تمام الساعة الثانية عشرة وخمس وعشرين دقيقة مساءً، وهو وقت اختاره دالغليش على نحوٍ غير لائق، كما شعر، للإشارة إلى أن كل دقيقة من وقت المحامي ثمينة، وأنه مستعد لإضاعة نصف ساعة على الأقل من وقت الشرطة قبل الغداء.|Shroud for a Nightingale|P.D. James|true|en|true
12:25|1225-002|١٢:٢٥|يا أولاد، افعلوا ذلك الآن. وقت الله هو ١٢:٢٥.|Ulysses|James Joyce|true|en|true
12:25|1225-003|١٢:٢٥ مساءً|١٢:٢٥ مساءً. ٢٦. ٢٧. في كل مرة كان بيلي يتصدى فيها لتسديدة، كان يبدو عليه الحزن الشديد.|A Kestrel for a Knave|Barry Hines|true|en|true
12:26|1226-000|١٢:٢٦ مساءً|"١٢:٢٦ مساءً<br>""أنا، فلورنتينا كين، أقسم رسميًا...""<br>""أنا، فلورنتينا كين، أقسم رسميًا..."""|Shall We Tell the President?|Jeffrey Archer|true|en|true
12:26|1226-001|٢٦|١٢:٢٥ مساءً. ٢٦. ٢٧. في كل مرة كان بيلي يتصدى فيها لتسديدة، كان يبدو عليه الحزن الشديد.|A Kestrel for a Knave|Barry Hines|true|en|true
12:27|1227-000|٢٧|١٢:٢٥ مساءً. ٢٦. ٢٧. في كل مرة كان بيلي يتصدى فيها لتسديدة، كان يبدو عليه الحزن الشديد.|A Kestrel for a Knave|Barry Hines|true|en|true
12:27|1227-001|الثانية عشرة وسبعة وعشرين|على مدى ثلاثة عقود، توقف الزمن عند الثانية عشرة وسبعة وعشرين. تقول الرواية إن عقارب الساعة توقفت في اللحظة التي توفي فيها والد كوركوران أوكونور. ربما كان ذلك صحيحًا.|Boundary Waters|William Kent Krueger|true|en|true
12:28|1228-000|١٢.٢٨|" ساعة الحائط ""اشرب قهوة للتشجيع"" تشير إلى ١٢.٢٨."|11/22/63|Stephen King|true|en|true
12:29|1229-000|الثانية عشرة وتسع وعشرون دقيقة|"سأل تيني-بيتس: ""كم الساعة؟""<br>أخرج موظف المحطة ساعته الفضية الكبيرة، ونظر إليها بتمعن، ثم أعلن: ""الثانية عشرة وتسع وعشرون دقيقة.""<br>كرر تيني-بيتس: ""الثانية عشرة! لا يُعقل."""|The Mark of the Knife|Clayton H. Ernst|true|en|true
12:30|1230-000|الثانية عشرة والنصف|حلت الثانية عشرة والنصف؛ بدأ وجه الديك الرومي يحمر، وقلب محبرته، وأصبح صاخبًا بشكل عام؛ هدأ نيبرز إلى الهدوء واللطف؛ قضم جينجر نات تفاحته وقت الظهيرة؛ وبقي بارتلبي واقفًا عند نافذته في واحدة من أعمق أحلامه التأملية.|Bartleby, the Scrivener|Herman Melville|true|en|true
12:30|1230-001|الثانية عشرة والنصف|لن تصدقي هذا، لكن (في إسبانيا) يتأخرون ساعتين عن كل وجبة - ساعتين يا فاني - (هل يمكننا تناول الغداء في الثانية عشرة والنصف اليوم؟)|Love in a Cold Climate|Nancy Mitford|true|en|true
12:30|1230-002|١٢:٣٠ مساءً|١٢:٣٠ مساءً غداء|The Curious Incident of the Dog in the Night-Time|Mark Haddon|true|en|true
12:30|1230-003|الثانية عشرة والنصف|"في تمام الساعة الثانية عشرة والنصف، عندما انتهى قلق كاثرين بشأن الطقس ولم يعد بإمكانها المطالبة بأي فائدة من تحسنه، بدأت السماء تصفو من تلقاء نفسها. فاجأها بريق الشمس تمامًا؛ نظرت حولها؛ كانت الغيوم تتلاشى، وعادت على الفور إلى النافذة لتراقب وتشجع هذا المنظر السعيد. عشر دقائق أخرى جعلت من المؤكد أن ظهيرة مشرقة ستتبع ذلك، وبررت رأي السيدة ألين، التي ""لطالما اعتقدت أن الجو سيصفو""."|Northanger Abbey|Jane Austen|true|en|true
12:30|1230-004|١٢:٣٠ مساءً|الثلاثاء، ١٢:٣٠ مساءً… بيكر، كاليفورنيا… الآن أحتسي بيرة بالانتاين، ثملًا كالميت الحي ومتوترًا. أعرف هذا الشعور: ثلاثة أو أربعة أيام من الكحول والمخدرات والشمس وقلة النوم واستنزاف مخزون الأدرينالين – نشوة خفيفة ومرتعشة تعني أن الانهيار قادم. لكن متى؟ إلى متى؟|Fear and Loathing in Las Vegas|Hunter S. Thompson|false|en|true
12:31|1231-000|١٢:٣١ مساءً|مرحباً بكم في تكساس. درجة الحرارة بالخارج ٩١ درجة، ولا توجد رياح. الساعة الآن ١٢:٣١ مساءً. نأمل أن تكونوا قد استمتعتم برحلتكم، وشكراً لاختياركم الخطوط الجوية الأمريكية.|Dark Obsession|William B. Lyons|true|en|true
12:32|1232-000|١٢:٣٢|"دوّن بدقة الوقت بجانب ساعة الحائط فوق المدفأة وسجله في دفتره. ""١٢:٣٢، السيد كورتني-بريجز يُبلغ عن سقوط شجرة على طريق وينشستر رود."""|Shroud for a Nightingale|P.D. James|true|en|true
12:32|1232-001|١٢:٣٢|١٢:٣٠ ما المشكلة في زجاجة المُبيّض هذه؟ في أي اتجاه تُشير الفوهة؟ أُديرها في حيرة، وأُحدّق في الأسهم الموجودة على البلاستيك... لماذا لا يخرج شيء؟ حسنًا، سأضغط عليها بقوة شديدة - كادت أن تُصيب عيني. ١٢:٣٢ اللعنة. ماذا فعلت بشعري؟|The Undomestic Goddess|Sophie Kinsella|false|en|true
12:32|1232-002|الساعة الثانية عشرة واثنتين وثلاثين دقيقة|قام عميدٌ يُدعى بويد-بويد، مُحبٌّ للصلصة، بتحديد موعدٍ هاتفي مع أوكستيد، في محطة هورنبورو، في تمام الساعة الثانية عشرة واثنتين وثلاثين دقيقة. وكان عليه تسليم البضائع.|Extremely Entertaining Short Stories|Stacy Aumonier|true|en|true
12:33|1233-000|الثانية عشرة وثلاث وثلاثون دقيقة|" نظر ستيفن ماكسي إليه مباشرة في عينيه وقال ببرود تقريبًا: ""كانت الثانية عشرة وثلاث وثلاثون دقيقة حسب ساعتي."""|Cover Her Face|P.D. James|true|en|true
12:33|1233-001|12:33|الساعة الآن 12:33 ويمكنني فعل ذلك، المحطة تقع أسفل ذلك الطريق الجانبي.|Five Red Herrings|Dorothy L. Sayers|true|en|true
12:34|1234-000|12:34 مساءً|"12:34 مساءً<br>قال كارل فان دي فليت في الميكروفون: ""دبليو بي، لدينا مشكلة"". كان في مكتبه الخاص، يتحدث عبر مكالمة فيديو مشوشة. ""حضرت والدة كريستين قبيل الظهر ومعها مسدس، مطالبةً بمعرفة مكانها."""|Syndrome|Thomas Hoover|false|en|true
12:35|1235-000|الساعة الثانية عشرة وخمس وثلاثون دقيقة|"""للأسف، فاتتك رحلة الصباح الباكر إلى روما. مع ذلك، تمكّنا من حجز مقعد لك على رحلة الساعة الثانية عشرة وخمس وثلاثون دقيقة، وقامت شركة الطيران بترقية حجزك إلى درجة الأعمال. ستكون سيارة ليموزين بانتظارك في الخارج لنقلك إلى المطار.""<br>""بالتأكيد،"" قالت بيث.<br>""عفوًا سيدتي؟"""|Hidden in Plain Sight|Jeffrey Archer|true|en|true
12:35|1235-001|الساعة الثانية عشرة وخمس وثلاثون دقيقة|كما كان أبثورب مرشحًا للترقية المبكرة، كان تريمر مرشحًا للإهانة. في ذلك الصباح، حضر في الوقت المحدد في الأوامر. كان الجميع ينتظرون خمس دقائق، ونادى رقيب الألوان كورك على المُعلِّم لحظة ظهور تريمر. لذا كانت الساعة الثانية عشرة وخمس وثلاثون دقيقة عندما تم صرفهم.|Men at Arms|Evelyn Waugh|true|en|true
12:36|1236-000|١٢:٣٦ بتوقيت وسط أوروبا|١٢:٣٦ بتوقيت وسط أوروبا<br>بمجرد أن رست السفينة، انحنى ويليام ومونتي فوق الحاجز وشاهدا غرانت وهو يسحب النعش إلى أسفل الممر. كان لا يزال ممسكًا به وهو يصعد إلى المقعد الخلفي لسيارة كانت تنتظره.|Nothing Ventured|Jeffrey Archer|true|en|true
12:36|1236-001|12:36|كانت ستصعد هذا الدرج المذهل بهدوء وثقة إلى داخل المبنى. هناك ستجد تايلور، لأن الساعة كانت قد بلغت 12:36 و30 ثانية، وقد أخبرها في رسالته النصية أن تكون في الموعد المحدد.|New York Valentine|Carmen Reid|true|en|true
12:37|1237-000|12:37|كانت الساعة 12:37 عندما وصل جيسون، مرتدياً بنطال جينز أزرق وقبعة وسترة داكنة ممزقة ذات ياقة على شكل حرف V، إلى بوابات المصنع القديم. أخرج علبة سجائر غولواز واتكأ على الحائط، وأشعل واحدة بعود ثقاب، وأبقى اللهب مشتعلاً لفترة أطول من اللازم قبل أن يطفئها.|The Bourne Ultimatum|Robert Ludlum|true|en|true
12:38|1238-000|12:38 مساءً|"متى وصلت حافلة الخط S المتجهة إلى بورت دو شامبيريه في ذلك اليوم، والتي كانت متجهة إلى الساعة 12:23 مساءً؟<br>""في الساعة 12:38 مساءً.""<br>""هل كان هناك الكثير من الناس على متن حافلة الخط S المذكورة؟""<br>""كثيرون.""<br>""هل لاحظت أيًا منهم بشكل خاص؟""<br>""شخص ذو رقبة طويلة جدًا وشعر مضفر حول قبعته."""|Exercises in Style|Raymon Queneau|true|en|true
12:39|1239-000|الثانية عشرة وتسع وثلاثون دقيقة| ثم تذكر أن غد عيد الميلاد سيكون اليوم السابع والعشرين من الشهر القمري، وبالتالي سيكون المد العالي في الساعة الثالثة وواحد وعشرين دقيقة، والجزر النصفي في الساعة السابعة والربع، والجزر المنخفض في الساعة التاسعة وثلاث وثلاثين دقيقة، والمد النصفي في الساعة الثانية عشرة وتسع وثلاثون دقيقة.|The Toilers of the Sea|Victor Hugo|true|en|true
12:40|1240-000|12:40 مساءً|عندما يتعلق الأمر بالعمل، كانت آن دائمًا في الموعد، وفي تمام الساعة 12:40 مساءً، ظهرت من جهة شارع بيكاديللي.|Not a Penny More, Not a Penny Less|Jeffrey Archer|true|en|true
12:40|1240-001|12:40|"""لقد تلقيت اسمكِ من وكالة النساء الماهرات مع توصيتهم. أعلم أنهم يعرفونكِ شخصيًا. سأكون سعيدًا بدفع الراتب الذي تطلبينه، وأتوقع منكِ أن تباشري مهامكِ في 8 أغسطس. موعد القطار هو الساعة 12:40 من بادينغتون، وسيتم استقبالكِ في محطة أوك بريدج. أرفقتُ خمس أوراق نقدية من فئة الجنيه للمصاريف."""|And Then There Were None|Agatha Christie|true|en|true
12:40|1240-002|الواحدة إلا عشرين دقيقة| أشارت ساعة صغيرة من البرونز في الممر الخارجي إلى الواحدة إلا عشرين دقيقة. كان من المقرر وصول السيارة في الواحدة والربع. خمس وثلاثون دقيقة: يا ليتني أستطيع الهروب ولو للحظات!|Extremely Entertaining Short Stories|Stacy Aumonier|true|en|true
12:41|1241-000|١٢:٤١|في تمام الساعة ١٢:٤١، استقل الرئيس المنتخب والسيدة تاكر سيارتهما الليموزين أخيرًا. وقد طلب مني العمل مع فيلي على إدراج خطاب يشرح سبب التأخير.|The White House Mess|Christopher Buckley|true|en|true
12:42|1242-000|الواحدة إلا ثماني عشرة دقيقة| كانت عقب السيجارة تسخن بين أصابعها، والآن يلسع طرفها المتوهج جلدها. أطفأت السيجارة ووقفت، تنفض الرماد عن تنورتها السوداء. كانت الواحدة إلا ثماني عشرة دقيقة. ذهبت إلى هاتف المنزل واتصلت بغرفته. رن الهاتف مرارًا وتكرارًا، لكن لم يكن هناك رد.|Marjorie Morningstar|Herman Wouk|true|en|true
12:43|1243-000|اثنا عشر وثلاث وأربعون دقيقة|"سأل: ""تقول إنك مت قبل خمس دقائق؟"". ثم نظر إلى ساعته على معصمه. وكتب على الورقة: ""اثنا عشر وثلاث وأربعون دقيقة""."|A Pocket Full of Rye|Agatha Christie|true|en|true
12:44|1244-000|لم يتبق سوى ست عشرة دقيقة على الواحدة|" بعد بضع دقائق، كانوا يعبرون الجسر فوق قناة أريزونا. أخرج مات ساعته الفضية القديمة.<br>""لم يتبق سوى ست عشرة دقيقة على الواحدة،"" أعلن بنبرة ابتهاج، ""ونحن على بعد خمسة عشر ميلاً من وجهتنا."""|Motor Matt’s Century Run|Stanley R. Matthews|true|en|true
12:45|1245-000|١٢:٤٥ مساءً|في يوم الجمعة الساعة ١٢:٤٥ مساءً، وصل ديفيد إلى الأثينيوم، وهو مبنى أبيض ضخم يقع على زاوية شارع بال مول، وتطل عليه تمثال دوق يورك.|Not a Penny More, Not a Penny Less|Jeffrey Archer|true|en|true
12:45|1245-001|الواحدة إلا ربع|كان ذلك الأحد يومًا صيفيًا مثاليًا في ولاية مين: صافيًا، مشرقًا، ودافئًا. في تمام الساعة الواحدة إلا ربع، غادرت روث مكوسلاند، مرتديةً فستانًا صيفيًا أزرق جميلًا، منزلها للمرة الأخيرة.|The Tommyknockers|Stephen King|true|en|true
12:45|1245-002|١٢:٤٥|" سلّم الصبي رسالة. أغلق البروفيسور الباب مجددًا، وبعد أن نظر إلى الاتجاه، فتحه وقرأ بصوت عالٍ: ""انتبهوا لـ د. لقد وصل للتو، الساعة ١٢:٤٥، من كارفاكس على عجل واتجه جنوبًا. يبدو أنه يتجول وقد يرغب في رؤيتكِ: مينا"""|Dracula|Bram Stoker|true|en|true
12:45|1245-003|الواحدة إلا ربع|لأنها كانت تمطر، ولأنها كانت مكتئبة ومضطربة، ولأن روبي لم يأتِ بحلول الواحدة إلا ربع، دللت إليزابيث نفسها بكأس مارتيني أثناء انتظارها، جالسةً على كرسي ضيق في المطعم، تراقب أشخاصًا آخرين عاديين يدخلون ويخرجون.|The Lottery, or the Adventure of James Harris|Shirley Jackson|true|en|true
12:46|1246-000|12:46 مساءً|وهكذا، في تمام الساعة 12:46 مساءً من يوم 9 يناير 1955، سفك عالم يحتضر أول دماء قتلة من خارج كوكب الأرض.|Don’t Panic!|Geoff St. Reynard|false|en|true
12:46|1246-001|الساعة الثانية عشرة وستة وأربعين دقيقة|"""الاثنين. لقد حصل على إذن بتقليص ساعات العمل الصباحية. أعتقد أنه سيغادر في تمام الساعة الثانية عشرة وستة وأربعين دقيقة.""<br>""سيكون ذلك متأخرًا جدًا،"" قال هال بضيق. ""يا إلهي، هذا أمرٌ سيء! لا أفهم لماذا لم يُخبر الناس أنه سيغادر."""|The Play That Won|Ralph Henry Barbour|true|en|true
12:46|1246-002|حوالي الواحدة إلا ربع|الساعة الآن حوالي الواحدة إلا ربع. لا يدخل ضوء الشمس إلى الغرفة من النوافذ على اليمين. الجو في الخارج صافٍ ولكنه يزداد حرارةً ورطوبةً، مع ضباب خفيف في الهواء يخفف من وهج الشمس.|Long Day’s Journey Into Night|Eugene O’Neill|true|en|true
12:47|1247-000|الساعة الثانية عشرة وسبع وأربعين دقيقة|في تمام الساعة الثانية عشرة وسبع وأربعين دقيقة، وصلوا إلى العوامة، وكانت في حالة ممتازة، ولا بد أنها تحركت قليلاً.|Around the Moon|Jules Verne|true|en|true
12:48|1248-000|الساعة 12:48|"ما كدنا نغادر ملعب الغولف حتى قال - ولم ينطق بكلمة واحدة حتى تلك اللحظة، ولا أنا - ""إذا كنت ستذهب في تمام الساعة 12:48 فسأودعك."""|Under One Flag|Richard Marsh|true|en|true
12:49|1249-000|12:49| لقي أول ضحية لغارة كريفيلد حتفه في الساعة 12:49 بتوقيت بريطانيا الصيفي المزدوج في السرب B، ولكن لم يكن ذلك بسبب الإهمال.|Bomber|Len Deighton|true|en|true
12:50|1250-000|12:50| نظر إلى ساعته: 12:50. لا يزال لديهم متسع من الوقت للوصول إلى القمة والعودة إلى خيمتهم الصغيرة قبل أن تختفي آخر أشعة الشمس.|Paths of Glory|Jeffrey Archer|true|en|true
12:50|1250-001|12:50|"""هناك رحلتان مغادرة من بومباي اليوم، وكلاهما تابعتان للخطوط الجوية الهندية."" نظرت إلى دفتر ملاحظاتها. ""واحدة بعد أربعين دقيقة، في تمام الساعة 12:50، لذا من المستحيل أن تصل إلى المطار في الوقت المناسب، والأخرى—"""|Cometh the Hour|Jeffrey Archer|true|en|true
12:50|1250-002|الواحدة إلا عشر دقائق|قبل الواحدة إلا عشر دقائق، يتبدد الضباب تمامًا، ويطلب الأولاد السود من أكيوتس إخلاء القاعة للاجتماع. تُنقل جميع الطاولات من غرفة المعيشة إلى غرفة الاستحمام المقابلة - تاركين القاعة، كما يقول ماكمورفي، كما لو كنا نعتزم إقامة رقصة صغيرة.|One Flew Over the Cuckoo’s Nest|Ken Kesey|false|en|true
12:50|1250-003|الواحدة إلا عشر دقائق| أُرسل بيرت بعد قليل إلى سطح المنزل لينظر إلى ساعة الكنيسة التي كانت مرئية من هناك، وعندما نزل أفاد بأنها الواحدة إلا عشر دقائق.|The Ragged Trousered Philanthropists|Robert Tressell|true|en|true
12:51|1251-000|١٢:٥١|في تمام الساعة ١٢:٥١، عاد جيمس بورديك إلى البث. ستصل مواد التبادل قريبًا، ونحتاج إلى إذنكم لهبوط الطائرة. وقد منحه زادي.|The Kobra Manifesto|Adam Hall|true|en|true
12:52|1252-000|١٢:٥٢|وقفت كونسويلا على الرصيف ونظرت إلى ساعتها. كانت الساعة ١٢:٥٢، وكان عليها أن تتقبل أن الصباح كان بلا جدوى.|Cheap at Half the Price|Jeffrey Archer|true|en|true
12:52|1252-001|الساعة ١٢:٥٢| كان الملهى الليلي قائمًا عند التقاطع، متألقًا، ساكنًا. كانت الساعة ١٢:٥٢.|Dreams of Leaving|Rupert Thomson|true|en|true
12:53|1253-000|١٢:٥٣|حوالي اثني عشر ميلاً. يجب أن نمر بها عند بينمور. من المتوقع وصولها هناك في الساعة ١٢:٥٣.|Five Red Herrings|Dorothy L. Sayers|true|en|true
12:54|1254-000|١٢:٥٤ مساءً|أستمع إلى أبواق القوارب المختلفة، على أمل معرفة نوع القارب الذي أسمعه وماذا تعني الإشارة: هل القارب يغادر الميناء أم يدخله؟ هل هي العبارة، أم قارب لمشاهدة الحيتان، أم قارب صيد؟ في الساعة ٥:٣٣ مساءً، يُسمع دويّ نغمتين عميقتين رنانتين تفصل بينهما مسافة ثلث كبير. في يوم آخر، يُسمع الدويّ نفسه في الساعة ١٢:٥٤ مساءً. وفي يوم آخر، في تمام الساعة ٨:٠٠ صباحًا.|Varieties of Disturbance|Lydia Davis|true|en|true
12:55|1255-000|الواحدة إلا خمس دقائق| في المنزل، كانت ساعة المطبخ تدق بصوت عالٍ. أخرجت الكرة الثلجية من علبتها وتحققت من الوقت. كان المنزل هادئًا وفارغًا جدًا بدون بيني. أشارت الساعة إلى الواحدة إلا خمس دقائق. كان لديها ساعة قبل وصول فريق الصيانة. حملت الكرة الثلجية إلى غرفة المعيشة. ستضعها بجانب جهاز الكمبيوتر الخاص بها كتميمة للحفاظ على هدوئها وتركيزها.|The Book of Form and Emptiness|Ruth Ozeki|true|en|true
12:55|1255-001|الواحدة إلا خمس دقائق|في الساعة الواحدة إلا خمس دقائق، خرجت مقدمة البرنامج من خيمة دافئة وسط تصفيق حار من الجمهور. كانت ترتدي معطفًا فوشيًا، وكنزة سوداء برقبة عالية، وتنورة تصل إلى الركبة، وجوارب سوداء طويلة، وحذاءً يصل إلى الركبة.|The First Phone Call From Heaven|Mitch Albom|true|en|true
12:55|1255-002|الواحدة إلا خمس دقائق| ألقى المفتش نظرة على الساعة. الواحدة إلا خمس دقائق. صباح حافل.|A Man Lay Dead|Ngaio Marsh|true|en|true
12:55|1255-003|الواحدة إلا خمس دقائق|" ولكن عندما نهض كاري في الساعة الواحدة إلا خمس دقائق لتقديم البند الثالث، كان هناك انتعاش حاد في الاهتمام. وقد سُمّي بـ ""تصحيح خلل في رواتب الزملاء المبتدئين""."|That Hideous Strength|C.S. Lewis|true|en|true
12:56|1256-000|أربع دقائق قبل الواحدة|وعد نفسه بأنه سيغادر إذا تم تجاهله حتى الساعة الواحدة. راقب عقرب الدقائق المزخرف وهو يتحرك من خمس دقائق قبل الواحدة إلى أربع دقائق قبل الواحدة.|Sharpe’s Revenge|Bernard Cornwell|true|en|true
12:57|1257-000|١٢:٥٧ مساءً|الاثنين، ٦ أبريل<br>١٢:٥٧ مساءً<br>كان ستون إيمز يتجول في الفضاء الإلكتروني، مخترقًا صفحات البيانات الضخمة للمعاهد الوطنية للصحة. ونظرًا لأن شركة جيريكس فرضت رقابة مشددة على نتائج تجاربها السريرية، فقد كان يحاول الالتفاف عليها.|Syndrome|Thomas Hoover|true|en|true
12:58|1258-000|الواحدة إلا دقيقتين|في الساعة الواحدة إلا دقيقتين، دخل تشارلي دنكان مطعم بالم كورت مرتديًا قميصًا مفتوح الياقة ويدخن سيجارة - كأنه شخصية كرتونية متحركة من شخصيات إتش إم باتمان.|A Prisoner of Birth|Jeffrey Archer|true|en|true
12:58|1258-001|١٢:٥٨ مساءً|أشارت الساعة على معصمي إلى الساعة ١٢:٥٨ مساءً. سيكون لدي وقت للذهاب إلى المشرحة.|Magic Bites|Ilona Andrews|true|en|true
12:59|1259-000|١٢:٥٩ مساءً|نحن بحاجة إلى الروح القدس. اقترب زمن المجيء. ننتظر. أرجوكم ساعدونا. آمين.<br>تحقق ستيفن من الساعة. كانت الساعة ١٢:٥٩ مساءً.|An Advent for Religious Liberty|Ray Keating|true|en|true
12:59|1259-001|١٢:٥٩ مساءً|١٢:٥٩ مساءً<br>بعد أن فوّتت تمرينها الصباحي وغدائها الأول، شعرت براك بانخفاض حاد في مستوى السكر في دمها، حتى أنها استطاعت شم رائحة الديك الرومي المشوي على بُعد نصف مبنى من قصر ستوكو.|Kitchens of the Great Midwest|J. Ryan Stradal|false|en|true
12:59|1259-002|12:59 مساءً|وكنت أنظر إلى ساعتي منذ أن انطلق القطار في الساعة 12:59 مساءً.|The Curious Incident of the Dog in the Night-Time|Mark Haddon|true|en|true
13:00|1300-000|الساعة الواحدة|"قال الساحر: ""تعالَ. قد تكون جميع الأوقات قريبةً من أصلان، لكن في بيتي، جميع أوقات الجوع هي الساعة الواحدة."""|The Voyage of the Dawn Treader|C.S. Lewis|true|en|true
13:00|1300-001|تمام الساعة الواحدة|" قال كلاوس وهو يطعم غونتر حساء العدس في وجبة الغداء في غزة: ""خمن ماذا! لي شرف أن أكون أول رجل في غزة يقابل الفاحصين الطبيين. في تمام الساعة الواحدة في الخليل."""|Bright Valley of Love|Edna Hong|true|en|true
13:00|1300-002|الساعة الواحدة|غدًا في تمام الساعة الواحدة، سيصل أندرس مع الزلاجة، وبعد ذلك ستتجولان أنتما الاثنان وفقًا للقائمة وتتركان سلة في كل مكان.|The Hammer of God|Bo Giertz|true|en|true
13:00|1300-003|الساعة الواحدة|أغلق على نفسه في تمام الساعة الواحدة. كان قد كتب صفحتين، وأصبح من الصعب عليه التخلص من شعوره بأنه يعود إلى الرجل العصبي والمضطرب الذي كاد أن يحرق منزله قبل ثلاث سنوات.|If It Bleeds|Stephen King|true|en|true
13:00|1300-004|الساعة الواحدة|"أُحضر حوض لإذابة الثلج لصنع الملاط. سمعوا أحدهم يقول إن الساعة الثانية عشرة قد حلت بالفعل.<br>أعلن شوخوف: ""لا بد أنها الثانية عشرة. الشمس في كبد السماء.""<br>رد القبطان: ""إذا كان الأمر كذلك، فهي الواحدة، وليست الثانية عشرة.""<br>سأل شوخوف في دهشة: ""كيف عرفت ذلك؟ يقول كبار السن إن الشمس تكون في أعلى نقطة لها وقت العشاء.""<br>رد القبطان بحدة: ""ربما كان هذا صحيحًا في زمانهم! منذ ذلك الحين، تقرر أن الشمس تكون في أعلى نقطة لها في الساعة الواحدة.""<br>سأل شوخوف: ""من الذي أصدر هذا القرار؟""<br>أجاب القبطان: ""الحكومة السوفيتية."""|One Day in the Life of Ivan Denosovich|Aleksandr Solzhenitsyn|true|en|true
13:00|1300-005|الساعة الواحدة|كانت الساعة الواحدة عندما غادرنا المنزل رقم ٣ في حدائق لوريستون. قادني شرلوك هولمز إلى أقرب مكتب بريد، ومن هناك أرسل برقية طويلة. ثم أوقف سيارة أجرة، وأمر السائق أن يأخذنا إلى العنوان الذي أعطانا إياه ليستراد|A Study in Scarlet|Sir Arthur Conan Doyle|true|en|true
13:00|1300-006|الساعة الواحدة|اشترى لهم تذاكر دخول ليوم واحد نقدًا. ركبوا بعض الألعاب ثم تناولوا غداءً متأخرًا في مطعم روك لوبستر، وهو مطعم للمأكولات البحرية يقع بالقرب من قاعة الحفلات الموسيقية. كان ذلك بعد الساعة الواحدة بقليل. أما بالنسبة لوقت الوفاة، فربما تعرف كيف يتم تحديده... محتويات المعدة وما إلى ذلك.|Joyland|Stephen King|true|en|true
13:00|1300-007|الواحدة|اليوم جميلٌ من جديد، وعلى طول شارع الشانزليزيه عند الغسق، يبدو المكان كقصرٍ مفتوحٍ يعجّ بالحوريات ذوات العيون الداكنة. الأشجار مورقةٌ بالكامل، بخضرةٍ نقيةٍ وغنيةٍ، حتى أنها تبدو وكأنها لا تزال رطبةً ومتلألئةً بالندى. من قصر اللوفر إلى النجمة، يبدو المشهد كمعزوفةٍ موسيقيةٍ للبيانو. لخمسة أيامٍ لم ألمس الآلة الكاتبة ولم أقرأ كتابًا؛ ولم تخطر ببالي أي فكرةٍ سوى الذهاب إلى أمريكان إكسبريس. كنت هناك في التاسعة من صباح اليوم، لحظة فتح الأبواب، ثم مرةً أخرى في الواحدة ظهرًا.|Tropic of Cancer|Henry Miller|true|en|true
13:00|1300-008|الواحدة بعد الظهر|" تدق ساعة عربة فضية في منزل جوديث راي في إيوينغزفيل معلنةً الواحدة بعد الظهر. تتحدث زوجة ممول مع بيل سموك. ""هذا المنزل لا يفشل أبدًا في إثارة شيطان الطمع بداخلي""، تُفصح المرأة الخمسينية المتألقة بالجواهر، ""إنه نسخة من تصميم فرانك لويد رايت، الأصل موجود في ضواحي سالم، على ما أعتقد."""|Cloud Atlas|David Mitchell|true|en|true
13:00|1300-009|الواحدة|" يقول ماكمورفي: ""أوه، أنا مفكرٌ جيد""، ثم يمشيان معًا في الردهة. عندما يعودان بعد ما يبدو وكأنه أيام، يكون كلاهما يبتسم ويتحدثان، ويبدو عليهما السعادة. يمسح الطبيب دموعه عن نظارته ويبدو أنه كان يضحك بالفعل، بينما يعود ماكمورفي بصوته العالي وجرأته المعهودة. يبقى على هذه الحال طوال وقت الغداء، وفي تمام الساعة الواحدة، يكون أول من يجلس في مقعده للاجتماع، وعيناه زرقاوان عابستان من مكانه في الزاوية."|One Flew Over the Cuckoo’s Nest|Ken Kesey|true|en|true
13:00|1300-010|الساعة الواحدة|تلقى مكالمة هاتفية دولية من بورتلاند، وكان في ردهة الهاتف مع أحد الشباب السود، ينتظران اتصالاً آخر. عندما حلت الساعة الواحدة، وبدأنا بنقل الأغراض وتجهيز غرفة المعيشة، سألها الشاب الأقل سوداً إن كانت تريد منه النزول لإحضار ماكمورفي وواشنطن للاجتماع، لكنها رفضت قائلةً إنه لا بأس، فليبقَ - فضلاً عن ذلك، قد يرغب بعض الرجال هنا في فرصة لمناقشة السيد راندل باتريك ماكمورفي في غياب حضوره المهيمن.|One Flew Over the Cuckoo’s Nest|Ken Kesey|false|en|true
13:00|1300-011|الساعة الواحدة|"""لا أستطيع يا فيندل، أنا مع شخص آخر! اتصل بي غدًا حوالي الساعة الواحدة!"""|This Side of Paradise|F. Scott Fitzgerald|true|en|true
13:00|1300-012|واحد| كلما فكر في الأمر ازداد حيرة. لم يفهم قصة المسدس هذه. شخص ما في المنزل حصل على ذلك المسدس. في الطابق السفلي، دقت الساعة الواحدة.|And Then There Were None|Agatha Christie|true|en|true
13:00|1300-013|تدق الساعة الواحدة|" قال بابتسامة منتصرة: ""أعتقد أنه يمكنني أن أتوقع بأمان أن أجد الشخص الذي أبحث عنه في غرفة الطعام، سيدتي الجميلة.""<br>""قد يكون هناك أكثر من شخص.""<br>""أياً كان من سيكون هناك، عندما تدق الساعة الواحدة، سيراقبه أحد رجالي؛ من هؤلاء، واحد، أو ربما اثنان، أو حتى ثلاثة، سيغادرون إلى فرنسا غداً. أحدهم سيكون ""الزهرة القرمزية""."""|The Scarlet Pimpernel|Baroness Orczy|true|en|true
13:00|1300-014|الساعة الواحدة|الساعة الواحدة، تبوّل عليهم! مرحباً، أدخل الاسم هنا!|Jingo|Terry Pratchett|true|en|true
13:00|1300-015|الساعة الواحدة|أفادت القيصرة كاثرين بدخولها غالاتز في الساعة الواحدة اليوم.|Dracula|Bram Stoker|true|en|true
13:00|1300-016|١:٠٠ مساءً|١:٠٠ مساءً أول حصة بعد الظهر|The Curious Incident of the Dog in the Night-Time|Mark Haddon|true|en|true
13:00|1300-017|الساعة الواحدة|بعد عمليات التفتيش في الساعة الواحدة، تخرج غريتا دائمًا للتدخين.|Girl, Interrupted|Susanna Kaysen|true|en|true
13:00|1300-018|الواحدة ظهرًا|وصل غوتفريد ريمبكه في تمام الساعة الواحدة ظهرًا. منذ اللحظة التي دخل فيها المطعم، وسلم معطفه للنادل، عرفوا أنه هو. جسده المتين، رأسه اللامع، تعبير وجهه المنفتح، مصافحته القوية: كل شيء فيه يشع بالراحة والحماس.|Platform|Michel Houellebecq|true|en|true
13:00|1300-019|الساعة الواحدة|"وصلتُ إلى مطعم شميدت مبكرًا، وأنا أشعر بتوتر شديد. في تمام الساعة الواحدة: كانت توني. كانت تنظر إلى قائمة الطعام التي تعرفها جيدًا - شموربراتن؟ شنيتزل؟ - عندما ظهر فجأة فوقها. كنت قد رأيته يدخل. نظرت إليّ من خلاله. ""خائنة"". قال جيمي، وهو يحوم ويبدو ضخمًا جدًا، اسم تدليلها، وهو اسم ألماني مصغر اختارته بنفسها."|Jigsaw|Sybille Bedford|true|en|true
13:00|1300-020|الثالثة عشرة|كان يومًا مشرقًا باردًا في أبريل، وكانت الساعات تدق الثالثة عشرة.|1984|George Orwell|true|en|true
13:00|1300-021|الساعة الواحدة|كانت الساعة الواحدة. اشتريت بعض التفاح وفطيرة لحم خنزير صغيرة، وقُدت سيارتي عبر الجسر إلى الجانب الآخر من ضفة النهر باتجاه أورفورد نيس.|The Swimmer|Roma Tearne|true|en|true
13:00|1300-022|في الواحدة| مرت أقمار كثيرة. هل طار البابون يومًا؟ هل وصل إلى الشمس؟ سمعت اليوم أنه في طريقه! سيمر عبر أكتون في الواحدة.|Silly Old Baboon|Spike Milligan|true|en|true
13:00|1300-023|الساعة الواحدة|في ذلك اليوم، كانت الساعة الواحدة قبل أن يجدف جون وروجر عبر النهر ويتجها إلى مزرعة ديكسون لجلب الحليب وإمدادات جديدة من البيض والزبدة.|Swallows and Amazons|Arthur Ransome|true|en|true
13:00|1300-024|الساعة الواحدة| يتم إخلاء أرضية غرفة المعيشة من الطاولات، وفي تمام الساعة الواحدة يخرج الطبيب من مكتبه في نهاية الممر، ويومئ برأسه مرة واحدة للممرضة وهو يمر من حيث كان يراقب من نافذتها، ثم يجلس على كرسيه إلى يسار الباب مباشرة.|One Flew Over the Cuckoo’s Nest|Ken Kesey|true|en|true
13:01|1301-000|الواحدة ودقيقة واحدة|سمع صراخًا بعيدًا مرتبكًا. هل هو هارس والشرطي؟ لكن لم يكن ذلك مهمًا. الشيء الوحيد المهم هو الوصول إلى نقطة نيكسوس في تمام الساعة الواحدة ودقيقة واحدة.|Survival Kit|Frederik Pohl|true|en|true
13:01|1301-001|حوالي الساعة الواحدة|قال: هناك خمسة قامات في الخارج. ستُجرف المياه إلى هناك عندما يرتفع المد حوالي الساعة الواحدة. اليوم هو اليوم التاسع.|Ulysses|James Joyce|true|en|true
13:01|1301-002|حوالي الساعة الواحدة|في حوالي الساعة الواحدة، وصل المشرف وأخبرهم أنه لا توجد لديه وظائف لهم.|A Clergyman’s Daughter|George Orwell|true|en|true
13:01|1301-003|بعد الواحدة بقليل|وصلتُ إلى هناك بعد الواحدة بقليل، حان وقت الغداء، فتناولته. كان الطعام سيئًا للغاية. لكنه سيُضاف إلى حساب المصروفات، وبعد أن انتهيت من الأكل، أخرجتُ دفتر ملاحظاتي ووضعته جانبًا. الغداء 1.50 دولار. سيارة أجرة 1.00 دولار.|The Big Clock|Kenneth Fearing|true|en|true
13:02|1302-000|13:02|في تمام الساعة 13:02.51، اشتعلت حواسه المُعززة بالزرعة في حالة تأهب قصوى، وتصلّب تريستين، ومدّ أصابعه، وسمع صوت طقطقة الزرعة. وبينما كانت أوامره المباشرة تتدفق عبر شبكة المحطة، شعر بأن الدروع قد استقرت في مكانها حتى قبل أن تؤكد الاهتزازات الخافتة عبر المحطة الإشارات الكهروضوئية العصبية.|The Parafaith War|L.E. Modesitt Jr.|true|en|true
13:03|1303-000|1:03 مساءً|"الاثنين 1:03 مساءً<br>ابتسم كينجي نوغامي ومد يده ليأخذ كوبًا من البيرة الكهرمانية اللون، قائلاً: ""مايكل، أنا سعيد للغاية لحضورك"". كانت ملابسه أنيقة للغاية، وكأنها مزيج بين أناقة سافيل رو وبرود ستريت، ولهجته كامبريدجية، وخلفيته مخفية جيدًا. في عالم الأعمال حيث المظاهر مهمة للغاية، كان يمتلك كل اللمسات الدقيقة التي تميز المحترفين عن المتظاهرين - خدود ناعمة من التمارين اليومية في ناديه، وعيون ثاقبة ويقظة دائمًا، وشعر رمادي عند الصدغين."|Project Daedalus|Thomas Hoover|true|en|true
13:04|1304-000|الواحدة وأربع دقائق|"يا إلهي! هتف وهو يلهث. ""إنها الواحدة وأربع دقائق!"" أمسك ليندن بزوج من الدرجات وبدأ يتجول بهما في الغرفة."|The Ragged Trousered Philanthropists|Robert Tressell|false|en|true
13:05|1305-000|الواحدة وخمس دقائق|" ""سامانثا؟"" سمعت تريش تقترب.<br>""امم... انتظري!"" أسرعتُ نحو الباب محاولةً حجب رؤيتها.<br>""إنها الواحدة وخمس دقائق بالفعل،"" سمعتها تقول بنبرة حادة بعض الشيء. ""وقد طلبتُ، بوضوح تام..."" تلاشى صوتها في صمت وهي تصل إلى باب المطبخ، وارتسمت على وجهها علامات الدهشة. استدرتُ وتبعتُ نظرتها وهي تتفحص أطباق السندويشات التي لا تنتهي. ""يا إلهي!"" أخيرًا استعادت تريش صوتها. ""هذا... هذا مثير للإعجاب حقًا!"""|The Undomestic Goddess|Sophie Kinsella|true|en|true
13:05|1305-001|الواحدة وخمس دقائق|في تمام الساعة الواحدة وخمس دقائق، فتح ألين الباب الخارجي، وأطفأ غليونه على حافة الدرجة الحجرية، وظل يحدق في الممر.|A Man Lay Dead|Ngaio Marsh|true|en|true
13:06|1306-000|13 و6 دقائق|ثم عند الساعة 13 و6 دقائق بالضبط، ساد الارتباك في المستطيل.|We|Yevgeny Zamyatin|true|en|true
13:07|1307-000|1307|" تقبّلت الدكتورة نيكسا استسلامها القسري للأمر المحتوم بقدرٍ أكبر من التسامح. نظرت إلى الممرضة ليكيم وقالت، مشيرةً إلى الإنسان، ثم البولياني، ثم الزالداني: ""وقت وفاة الملازم هاتشينسون، الساعة 1307""."|Star Trek: Destiny #3: Lost Souls|David Mack|true|en|true
13:08|1308-000|1:08|"""توقفتُ عند فصل أمي لبضع دقائق أخيرة من الغداء. أغلقتُ الباب خلفي وجلستُ على مكتب مقابل لها. نظرتُ إلى الساعة على الحائط. 1:08. لدي ست دقائق. لم أُرِد أكثر."""|Turtles All the Way Down|John Green|true|en|true
13:08|1308-001|1:08|تغيرت الأرقام على الساعة بصمت، وتقدمت إلى 1:08.|Replay|Kim Grimwood|true|en|true
13:08|1308-002|13:08 بتوقيت غرينتش|13:08 بتوقيت غرينتش<br>انضم لامونت وجاكي إلى الفريق في الكافتيريا لتناول الغداء، حيث كشفت أحاديثهم المليئة بالترقب عن مدى حماسهم جميعًا لبدء العمل.|Nothing Ventured|Jeffrey Archer|true|en|true
13:09|1309-000|الواحدة وتسع دقائق|في تمام الساعة الواحدة وتسع دقائق، اقترب زوج من الخيول (ليس من المدينة، التي توقعت كريجر قدومها منها، بل من الصحراء الشاسعة غير المكتشفة إلى حد كبير، غرب وجنوب غرب المدينة).|Tortured Souls: The Legend of Primordium|Clive Barker|true|en|true
13:10|1310-000|1:10|بعد ثلاثين دقيقة، مرّ فليتشر بهاري في الممر وهو في طريقه للخروج، حيث أصرّ جيمي على أنه إذا كانوا لا يزالون سيزورون كل مكتب محاسبة، فعليهم المغادرة بحلول الساعة 1:10.|Sons of Fortune|Jeffrey Archer|true|en|true
13:10|1310-001|الواحدة وعشر دقائق|في تمام الساعة الواحدة وعشر دقائق حسب ساعة بوند، تغير مسار اللعب بالكامل فجأة على الطاولة الرئيسية.|Casino Royale|Ian Fleming|true|en|true
13:10|1310-002|1:10|"يقول شيئًا ما، لكنني لا أسمعه لأنني أنظر إلى صحيفة ساوث هيفن ديلي. اليوم هو السبت، 23 أكتوبر 1993. يوم زفافنا. تشير الساعة فوق رف السجائر إلى 1:10.<br>""عليّ الذهاب،"" أقول للرجل العجوز، وأذهب."|The Time Traveler’s Wife|Audrey Niffenegger|true|en|true
13:10|1310-003|الواحدة وعشر دقائق|كانت الواحدة وعشر دقائق.<br>هل أنت متأكد من ذلك؟|Death on the Nile|Agatha Christie|true|en|true
13:11|1311-000|1.11|تابعتُ استفساراتي في المحطات الأخرى على طول الخط، ووجدتُ رجلاً يقود دراجة هوائية ويستقل قطار الساعة 1.11 في جيرفان.|Five Red Herrings|Dorothy L. Sayers|true|en|true
13:12|1312-000|الساعة الواحدة واثنتي عشرة دقيقة|"في تمام الساعة الواحدة واثنتي عشرة دقيقة، جلسنا أنا والمساعد وايلد لتناول الغداء.<br>قال المساعد: ""قال العقيد إنه لن يتأخر، لكننا لسنا بحاجة للانتظار""."|Pushed and the Return Push|George Herbert Fosdike Nichols|true|en|true
13:13|1313-000|الواحدة وثلاث عشرة دقيقة|"ها هي!ها هي! صاح البروفيسور. وأضاف باللغة الدنماركية: ""والآن إلى مركز الكرة الأرضية!"".<br>نظرت إلى هانز. ""فوروت!"" كانت إجابته الهادئة.<br>""إلى الأمام!"" أجاب عمي. كانت الساعة الواحدة وثلاث عشرة دقيقة."|Journey to the Center of the Earth|Jules Verne|true|en|true
13:14|1314-000|1:14 مساءً|"أخرج العميل بروكس دفتر ملاحظات صغيرًا وقلب الصفحة. ""في 26 سبتمبر/أيلول، الساعة 1:14 مساءً بتوقيت المنطقة الوسطى القياسي، سجل جهاز التتبع البيولوجي الخاص بأوكلي أكاديا لافو رمز خطأ. بعد ذلك، توقف كل النشاط البيولوجي."""|Extinction Island|Janice Boekhoff|true|en|true
13:15|1315-000|١:١٥ مساءً|في تمام الساعة ١:١٥ مساءً، نظر فليتشر إلى موظفة الاستقبال، التي بدت معتذرة وعرضت عليه فنجان قهوة ثانٍ.|Sons of Fortune|Jeffrey Archer|true|en|true
13:15|1315-001|واحدة وخمس عشرة دقيقة|" نهضتُ ببطء وسرتُ في الردهة.<br>""أنا <em>نائمة</em>،"" همستُ من وراء الباب. حدّقتُ من ثقب الباب: بدت ريفا مُرهقة ومُختلة.<br>""هل يُمكنني الدخول؟"" سألت. ""أحتاج حقًا للتحدث.""<br>""هل يُمكنني الاتصال بكِ لاحقًا؟ كم الساعة؟""<br>""واحدة وخمس عشرة دقيقة. حاولتُ الاتصال،"" قالت. ""ها هو، أرسل البواب بريدكِ. أحتاج للتحدث. الأمر خطير."""|My Year of Rest and Relaxation|Ottessa Moshfegh|true|en|true
13:15|1315-002|ساعة وربع|"قال مبتسمًا: ""لقد نام السيد جيدًا هذا الصباح.""<br>سأل دوريان غراي بنعاس: ""كم الساعة يا فيكتور؟""<br>""ساعة وربع يا سيدي."""|The Picture of Dorian Gray|Oscar Wilde|true|en|true
13:15|1315-003|الواحدة والربع|"سأل ألين: ""أين السيدات والسادة؟""<br>قال بانس: ""سيدي، في الحديقة.""<br>سأل: ""متى موعد الغداء؟""<br>""الواحدة والربع."""|A Man Lay Dead|Ngaio Marsh|true|en|true
13:15|1315-004|الواحدة والربع|" لفتت الساعة انتباه الآنسة لافوس. ""يا إلهي!"" هتفت. ""انظري إلى الوقت. الواحدة والربع. لا بد أنكِ جائعة."" التفتت باندفاع إلى الآنسة بيتيغرو."|Miss Pettigrew Lives for a Day|Winifred Watson|true|en|true
13:16|1316-000|1.16 مساءً|وكانت المحطة الأولى في الساعة 1.16 مساءً، أي بعد 17 دقيقة.|The Curious Incident of the Dog in the Night-Time|Mark Haddon|true|en|true
13:17|1317-000|١:١٧ مساءً|١:١٧ مساءً. تم إلقاء القبض على شخص في مطار بريستول، وأكدت الشرطة أنها احتجزت شخصًا على صلة بالتحقيق.|What She Knew|Gilly MacMillan|true|en|true
13:17|1317-001|الواحدة وسبع عشرة دقيقة وأربع ثوانٍ|الواحدة وسبع عشرة دقيقة وأربع ثوانٍ. ذلك الرجل الأقصر حاله ممتاز، ويركب دراجة نارية، وذلك الأطول، يدخل. الواحدة وسبع عشرة دقيقة وأربعون ثانية. تلك الفتاة هناك، لديها شريط أخضر في شعرها. من المؤسف أن الحافلة حجبتها عن الأنظار.|The Terrorist, He Watches|Wislawa Szymborska|true|en|true
13:18|1318-000|واحدة وثمانية عشر|واحدة وثمانية عشر بالضبط. هل كانت غبية بما يكفي للدخول؟ أم لا؟ سنعرف قريبًا، عندما تُحمل الجثث.|The Terrorist, He Watches|Wislawa Szymborska|true|en|true
13:19|1319-000|تجاوزت الواحدة بعد الظهر|كانت الساعة قد تجاوزت الواحدة بعد الظهر عندما أيقظها الخادم وأخبرها أن السيد أرتينوف قد زارها. ارتدت ملابسها بسرعة ونزلت إلى غرفة الرسم.|The Party and Other Stories|Anton Pavlovich Chekhov|true|en|true
13:20|1320-000|الواحدة وعشرون دقيقة|استقللت أنا وجيرارد القارب إلى غرينتش وتناولنا غداءً في حانة ترافالغار، لكننا لم نغادر حتى الواحدة وعشرون دقيقة.|Original Sin|P.D. James|true|en|true
13:20|1320-001|الساعة 1320|"""كاماروف، إشارة إلى بورغا: الغوص في—،"" نظر إلى ساعته، ""—الساعة 1320. يبدأ تمرين أكتوبر فروست كما هو مقرر. أنت الآن مُصرّح لك بالقيام بمهام أخرى مُحددة. سنعود في الموعد المُحدد.""<br>ضغط كاماروف على زر تشغيل الضوء الوامض لإرسال الرسالة. استجابت بورغا على الفور، وقرأ راميوس الإشارة الوامضة دون مساعدة: ""إذا لم تأكلك الحيتان. حظًا سعيدًا لأكتوبر الأحمر!"""|The Hunt for Red October|Tom Clancy|true|en|true
13:20|1320-002|الواحدة وعشرون دقيقة|حان وقت العمل. اليوم، هذا مصاص الدماء مقيد بقدرات البشر، ولن يتغير حتى غروب الشمس. سيستغرق وقتًا للوصول إلى هنا، انظر، إنها الواحدة وعشرون دقيقة، ولا يزال هناك بعض الوقت قبل أن يتمكن من المجيء، مهما كان سريعًا.|Dracula|Bram Stoker|true|en|true
13:21|1321-000|1:21 مساءً|1:21 مساءً<br>كان فانس يتحرك بأقصى سرعة ممكنة ويراقب المروحية - التي أصبحت الآن على بعد حوالي ألف ياردة من مهبط الطائرات - وهي تبدأ اقترابها الأخير.<br>صديق أم عدو؟|Project Cyclops|Thomas Hoover|true|en|true
13:22|1322-000|1:22|كانت الساعة 1:22 عندما وجدنا قبر أبي.|Extremely Loud and Incredibly Close|Jonathan Safran Foer|true|en|true
13:23|1323-000|1:23 مساءً|"عندما وصلنا إلى سويندون، كانت أمي تحمل مفاتيح المنزل، فدخلنا وقالت: ""مرحباً؟""، لكن لم يكن هناك أحد لأن الساعة كانت 1:23 مساءً."|The Curious Incident of the Dog in the Night-Time|Mark Haddon|true|en|true
13:23|1323-001|الواحدة وثلاث وعشرين دقيقة| كانت الساعة تشير إلى الواحدة وثلاث وعشرين دقيقة. انتابه فجأة شعورٌ بالاضطراب، ولكنه كان لا يزال متفائلاً. لقد أتت! من يدري ماذا ستقول؟ ربما تُقدّم التفسير الأكثر طبيعية لتأخرها. دخلت فيليسيه الغرفة، شعرها أشعث، عيناها تلمعان، وجنتاها شاحبتان، وشفتيها المتورمتان حمراوان بشدة؛ كانت متعبة، غير مبالية، صامتة، سعيدة وجميلة، وكأنها تخفي تحت عباءتها، التي كانت تمسكها ملفوفة حولها بكلتا يديها، بعضًا من الدفء والمتعة الشهوانية.|A Mummer’s Tale|Anatole France|true|en|true
13:24|1324-000|١:٢٤ مساءً| ليتل نظر إلى ساعته - ١:٢٤ مساءً - أمسك ليتل بالهاتف بجانب السرير.|The Cold Six Thousand|James Ellroy|true|en|true
13:25|1325-000|الواحدة وخمس وعشرون دقيقة| قلت لها: كنتُ أرغب حقًا في ذلك، لولا الأشياء التي كانت في المجفف. ألقيتُ نظرة على ساعتي. الواحدة وخمس وعشرون دقيقة. لقد توقف المجفف بالفعل.|Hard-Boiled Wonderland and the End of the World|Haruki Murakami|true|en|true
13:26|1326-000|١:٢٦ مساءً|١:٢٦ مساءً<br>بينما كانت تسير في شارع نويز باتجاه الحرم الجامعي، مارةً بالأشجار العملاقة المغردة والمنازل المتينة التي يبلغ عمرها مئة عام والمليئة بالشباب في العشرينيات من عمرهم، كانت السماء فضية ساطعة تخطف الأبصار، وهي السمة التي كانت تكرهها في أيام المباريات. لقد تحول الصباح الجميل إلى صباح حار نموذجي في الغرب الأوسط، ولم يكن هناك أي انفراجة من أي جبهة ضغط منخفض قادمة من مينيسوتا.|Kitchens of the Great Midwest|J. Ryan Stradal|true|en|true
13:27|1327-000|الساعة 13:27|في تمام الساعة 13:27 من يوم الجمعة نفسه، 20 يونيو، أي قبل 72 ساعة من اختفائه، صعد أدريا ديدالوس سورا، رجل المجتمع، ومنسق الأغاني، وطالب الفلسفة، الدرج مسرعًا بلوح التزلج الخاص به.|The Serpent Papers|Jessica Cornwell|true|en|true
13:27|1327-001|1:27 مساءً|"1:27 مساءً<br>صرخ إسحاق مانهايم قائلًا: ""لا تطلق النار!"" عندما رأى الرجل غير الحليق حافي القدمين يتدحرج بجانبه، وبندقية أوزي تطلق وابلًا من الرصاص."|Project Cyclops|Thomas Hoover|false|en|true
13:28|1328-000|١٣:٢٨|في تمام الساعة ١٣:٢٨، دخل فان برج كورفيل التجاري، ثم استقل المصعد إلى الطابق الثالث. ومن هناك، سار على طول الممر الجنوبي إلى الباب المفتوح بجانب الأحرف IIS المكتوبة بأحرف فضية على جدار الجص الرمادي. دخل إلى الداخل.|The Ethos Effect|L.E. Modesitt Jr.|true|en|true
13:29|1329-000|١:٢٩ مساءً|الاثنين، ٦ أبريل<br>١:٢٩ مساءً<br>بينما كانت آلي تُنهي المكالمة، تساءلت مجددًا عمّا تُقدم عليه. لكنها كانت ترغب حقًا في مقابلة صانع المعجزات هذا. بدا لها ما كانت تتحدث عنه فان دي فليت أقرب إلى الخيال العلمي من أي شيء سمعته من قبل.|Syndrome|Thomas Hoover|true|en|true
13:30|1330-000|الواحدة والنصف|"في الساعة الواحدة والنصف، هي مستعدة لاستئجار عربة والقيادة عبر غابة بوا. ليس لديه سوى فكرة واحدة في رأسه - كيف يقضي حاجته؟ يقول: ""أحبكِ... أعشقكِ. سأذهب إلى أي مكان تقولينه - إسطنبول، سنغافورة، هونولولو. فقط يجب أن أذهب الآن... لقد تأخر الوقت."""|Tropic of Cancer|Henry Miller|false|en|true
13:30|1330-001|الواحدة والنصف|" قالت ريفا بسخرية: ""انتقلتُ إلى هنا ودهنتُ الغرفة باللون الأسود في المدرسة الثانوية. لأكون <em>رائعة</em>.""<br>قلتُ: ""إنها رائعة حقًا."" وضعتُ حقيبة التسوق، وأنهيتُ قهوتي.<br>""متى أوقظكِ؟ يجب أن نغادر من هنا حوالي الواحدة والنصف. لذا ضعي في اعتباركِ الوقت الذي ستحتاجينه للاستعداد."""|My Year of Rest and Relaxation|Ottessa Moshfegh|true|en|true
13:30|1330-002|الواحدة والنصف|"بما أن لوبين لم ينزل، صعدتُ مرة أخرى في الواحدة والنصف، وقلتُ إننا سنتناول العشاء في الثانية؛ فقال إنه ""سيكون هناك""."|The Diary of a Nobody|George and Weedon Grossmith|true|en|true
13:30|1330-003|الواحدة والنصف|كانت ملصقة. دقت ساعة في المدينة المجاورة الواحدة والنصف.|Brighton Rock|Graham Greene|true|en|true
13:30|1330-004|الواحدة والنصف| كانت ساعات شارع هارلي، وهي تقطع وتجزئ وتقسم، تقضم يوم يونيو، وتنصح بالخضوع، وتدعم السلطة، وتشير في جوقة إلى المزايا العليا لحس التناسب، حتى تقلصت كومة الوقت إلى حد كبير لدرجة أن ساعة تجارية، معلقة فوق متجر في شارع أكسفورد، أعلنت، بودٍّ وأخوية، كما لو كان من دواعي سرور السيدين ريغبي ولوندز إعطاء هذه المعلومة مجانًا، أنها الواحدة والنصف.|Mrs. Dalloway|Virginia Woolf|true|en|true
13:31|1331-000|حوالي الواحدة والنصف|عاد ريموند مع ماسون حوالي الواحدة والنصف. كانت ذراعه ملفوفة بضمادة، وكان هناك لاصق طبي على زاوية فمه. أخبره الطبيب أنه لا شيء، لكن ريموند بدا عابسًا للغاية. حاول ماسون إضحاكه، لكنه ظل صامتًا.|The Stranger|Albert Camus|true|en|true
13:32|1332-000|واحدة واثنان وثلاثون دقيقة| جلست على الأريكة مجدداً ونظرت إلى ساعتي. كانت الواحدة واثنان وثلاثون دقيقة. أغمضت عيني وركزت على نقطة في رأسي. كان ذهني فارغاً تماماً، فاستسلمت لرمال الزمن وتركت التيار يأخذني حيثما يشاء.|Blind Willow, Sleeping Woman|Haruki Murakami|true|en|true
13:32|1332-001|الواحدة … واثنتين وثلاثين دقيقة … وعشرين ثانية|عند الضربة الثالثة، ستكون الساعة الواحدة … واثنتين وثلاثين دقيقة … وعشرين ثانية. «بيب … بيب … بيب». كتم فورد بريفكت ضحكة صغيرة من الرضا الشرير، وأدرك أنه لا يوجد سبب لكتمها، وضحك بصوت عالٍ، ضحكة شريرة.|So Long, and Thanks for All the Fish|Douglas Adams|true|en|true
13:33|1333-000|واحد … ثلاثة وثلاثون|"انتظر حتى ظهر الضوء الأخضر ثم فتح الباب مرة أخرى على عنبر الشحن الفارغ الآن. ""…واحد … ثلاثة وثلاثون … وخمسون ثانية."" جميل جدًا."|So Long, and Thanks for All the Fish|Douglas Adams|true|en|true
13:34|1334-000|واحد … أربعة وثلاثون|"عند الضربة الثالثة سيكون …<br>تسلل على أطراف أصابعه وعاد إلى غرفة التحكم.<br>""…واحد … أربعة وثلاثون وعشرون ثانية.""<br>بدا الصوت واضحًا كما لو كان يسمعه عبر هاتف في لندن، وهو ما لم يكن عليه الحال، ليس على الإطلاق."|So Long, and Thanks for All the Fish|Douglas Adams|true|en|true
13:35|1335-000|١:٣٥ مساءً| نظر فليتشر إلى ساعته مرة أخرى. كانت الساعة ١:٣٥ مساءً. تنهد وسأل موظفة الاستقبال عما إذا كان بإمكانه استخدام دورة المياه.|Sons of Fortune|Jeffrey Archer|true|en|true
13:35|1335-001|1:35 مساءً|"1:35 مساءً<br>وقفت كيتلين في الردهة، ويداها على وركيها، مستمتعة باللحظة إلى أقصى حد. قالت: ""إذن فهمت الأمر. يمكن لابن عمك زيارتك خلال أسبوع الامتحانات النهائية، لكن أختي لا تستطيع."""|Kitchens of the Great Midwest|J. Ryan Stradal|false|en|true
13:36|1336-000|١:٣٦ مساءً|وصل إيلي في تمام الساعة ١:٣٦ مساءً. كنت أعرف الوقت بالضبط لأنني كنت جالسة أحدق في الساعة التناظرية على هاتفي عندما رن جرس الباب.|His Only Wife|Peace Adzo Medie|true|en|true
13:37|1337-000|1.37 مساءً|لم يجرؤ على النوم في سيارته المستأجرة - فمن غير اللائق النوم في السيارة عند العمل لدى خيسوس كاسترو - وبدأ يُهلوس. مع ذلك، كان يؤدي عمله، ودوّن في دفتر ملاحظاته: 1.37 مساءً. يبدو أن الشخص المعني يمارس الجنس.|Light House|William Monahan|false|en|true
13:38|1338-000|13:38|وفقًا للقراءة الرقمية داخل خوذتي، كانت الساعة 13:38 بالتوقيت المحلي فقط. كان من المفترض أن يُسعدني كثيرًا خبر عدم اضطراري لتكريس ثلاث ساعات أخرى للتنظيف المضني؛ لكنه بدلاً من ذلك جعلني أكثر شكًا بعشرين ضعفًا.|Sunday Night Yams at Minnie and Earl’s|Adam-Troy Castro|true|en|true
13:39|1339-000|١:٣٩ مساءً|كانت الساعة الآن ١:٣٩ مساءً، أي بعد ٢٣ دقيقة من التوقف، مما يعني أننا سنكون على البحر إذا لم ينعطف القطار في منعطف كبير. لكنني لم أكن أعرف ما إذا كان سينعطف في منعطف كبير.|The Curious Incident of the Dog in the Night-Time|Mark Haddon|true|en|true
13:40|1340-000|الواحدة وأربعون دقيقة| نظر تشاندلر باول إلى ساعته، فرأى أنها الواحدة وأربعون دقيقة. ربما عليه الآن أن يتحدث مع عائلة بوستوك، الذين كانوا مختبئين في المطبخ. كان بحاجة للتأكد مرة أخرى من أن كيمبرلي قد تعافت تمامًا وأنهم يفكرون في الطعام.|The Private Patient|P.D. James|true|en|true
13:41|1341-000|1:41 مساءً|سأبدأ قبل دقائق قليلة من بدء التسريب - في تمام الساعة 1:41 مساءً، 13:41 بالتوقيت العالمي - قبل ساعة وثلاث وعشرين دقيقة. في تلك اللحظة، كان كبير مهندسي الطيران يحاول اكتشاف سبب توقف المحركات تلقائيًا.|Bones Burnt Black|Stephen Euin Cobb|true|en|true
13:42|1342-000|١:٤٢ مساءً|١:٤٢ مساءً<br>خلف قاعة تشابين كان مبنى مساحة التدريب والبروفات الرسمي في الحرم الجامعي لطلاب الموسيقى. كان الجميع يطلق عليه اسم خلية النحل، لأنه خلال الدراسة، كان المبنى يصدر مجموعة غير متناغمة من الآلات الوترية والنفخية والمفاتيح من خلال نوافذه؛ خمن براك أن بعض الأشخاص ذوي الخيال الواسع شبهوه ذات مرة بالطنين اللطيف للحشرات.|Kitchens of the Great Midwest|J. Ryan Stradal|true|en|true
13:42|1342-001|1.42 مساءً|سُجِّلَت آخر ملاحظة في الساعة 1.42 مساءً: المدير العام موجود في الموقع في H-by؛ وسيتولى الأمر.|The Girl With the Dragon Tattoo|Stieg Larsson|true|en|true
13:43|1343-000|الثانية إلا سبع عشرة دقيقة|"قال ديدييه: ""هناك قطار في الثانية إلا سبع عشرة دقيقة"". ثم رفع يديه ونهض. تردد قليلاً.<br>""ما الأمر؟""<br>""ألا يجب أن نودع جدي؟ عادةً ما يكون لديه شيك لي."""|The Public Prosecutor|Jef Geeraerts|true|en|true
13:44|1344-000|الساعة الواحدة وأربع وأربعون دقيقة|لحسن الحظ، كان من المقرر وصول القطار التالي في تمام الساعة الواحدة وأربع وأربعون دقيقة، ووصل إلى ياتلاند (المحطة التالية) بعد ذلك بعشر دقائق.|Mr. Policeman and the Cook|Wilkie Collins|true|en|true
13:45|1345-000|1:45|أخبرنا لحظة مغادرة هارفي لصندوقه. أعتقد أنه سيأتي حوالي الساعة 1:45 ليلقي نظرة على المتسابقين والفرسان لسباق الساعة الثانية، مما يمنحنا ساعة كاملة.|Not a Penny More, Not a Penny Less|Jeffrey Archer|true|en|true
13:45|1345-001|الساعة الثانية إلا ربع| تلك الفترة التي تكون دائمًا خطيرة، عندما تكون أرضية الملعب سيئة، الدقائق العشر التي تسبق الغداء، أثبتت أنها قاتلة لاثنين آخرين من الفريق الخصم. كان آخر لاعب قد ذهب لتوه إلى المرمى، والنتيجة 131، عندما حلت الساعة الثانية إلا ربع، ومعها استراحة الغداء.|Mike|P.G. Wodehouse|true|en|true
13:45|1345-002|واحدة وخمس وأربعون دقيقة|سقطت الضربة في تمام الساعة الواحدة وخمس وأربعون دقيقة (بتوقيت الصيف). كان بنسون، كبير خدم عمتي أغاثا، يعرض عليّ البطاطس المقلية في تلك اللحظة، وقد غمرتني مشاعر جياشة لدرجة أنني رفعت ست حبات منها على المنضدة الجانبية بالملعقة.|Sir Roderick Comes to Lunch|P.G. Wodehouse|true|en|true
13:46|1346-000|1346|بول: لاحظتُ وجود داء مالاتارسيس مباشرةً بعد أن اتصلت بي أمي. في الساعة 1346 من يوم الخميس الرابع والعشرين. قُتل بريت بعد ذلك بأربعة عشر ساعة على الأقل، في الساعات الأولى من صباح الخامس والعشرين.|Jack the Bodiless|Julian May|true|en|true
13:47|1347-000|١:٤٧ مساءً| كانت بوبي مستلقية على سرير بريان، تضع الماسكارا السوداء على رموشها القصيرة. كانت بريان جالسة على مكتبها، تحاول إنهاء مقال قبل الموعد النهائي في الساعة ٢ مساءً. كانت الساعة ١:٤٧ مساءً.|The Woman Who Went to Bed for a Year|Sue Townsend|true|en|true
13:48|1348-000|الثانية إلا اثنتي عشرة دقيقة بعد الظهر|كانت الساعة تشير إلى الثانية إلا اثنتي عشرة دقيقة بعد الظهر عندما وصل كلود مورو وضابطه الميداني الأكثر ثقة، جاك بيرجيرون، إلى محطة جورج سانك في مترو باريس. سارا، كلٌ على حدة، إلى الجزء الخلفي من الرصيف، يحمل كل منهما جهاز راديو محمول، وقد تمت معايرة تردداتهما مع بعضها البعض.|The Apocalypse Watch|Robert Ludlum|true|en|true
13:49|1349-000|الساعة 1:49|رأى بائع الكتب الراكب الذي يرتدي ملابس رمادية يمر بجانب كشك الكتب في الساعة 1:49، باتجاه المخرج.|Five Red Herrings|Dorothy L. Sayers|true|en|true
13:50|1350-000|الثانية إلا عشر دقائق|كان عليها الخروج من هذه العربة اللعينة. قد تكون الأكبر والأكثر فخامة في العالم، لكنها الآن تبدو بحجم نعش. اتجهت نحو الباب، متمسكة بأشياء لتحافظ على توازنها. ألقت نظرة على الساعة على لوحة القيادة قبل أن تخرج. الثانية إلا عشر دقائق. كل شيء حدث في غضون عشرين دقيقة فقط. أمر لا يُصدق.|Doctor Sleep|Stephen King|false|en|true
13:50|1350-001|الثانية إلا عشر دقائق|كانت ساعة يد راحيل اللعبة تحمل الوقت مرسومًا عليها. الثانية إلا عشر دقائق. كان أحد طموحاتها امتلاك ساعة تستطيع تغيير الوقت عليها وقتما تشاء (وهو، بحسب رأيها، الغرض الأساسي من الوقت).|The God of Small Things|Arundhati Roy|true|en|true
13:50|1350-002|قطار الساعة الواحدة وخمسين دقيقة| كان أفضل قطار في ذلك اليوم هو قطار الساعة الواحدة وخمسين دقيقة من بادينغتون الذي وصل إلى بولغارويث بعد الساعة السابعة بقليل.|The Cornish Mystery|Agatha Christie|true|en|true
13:51|1351-000|١:٥١ مساءً| مما يعني أنه في الساعة ١:٥١ مساءً، كانت مانهاتن السفلى كابوسًا. تم إغلاق شارع وول ستريت لعدة مبانٍ في كل اتجاه. أعادت شرطة المشاة توجيه حركة المرور في برودواي، وهم يطلقون الصافرات ويشيرون بفارغ الصبر.|Brilliance|Marcus Sakey|true|en|true
13:52|1352-000|الثانية إلا ثماني دقائق|مر عبر بوابة دمشق إلى المنطقة الدولية في تمام الساعة الثانية إلا ثماني دقائق، متجنبًا بعناية أوقات الساعة والنصف والربع. ثم بدأ يتجول بلا هدف، محاولًا محاكاة اهتمامٍ عابرٍ بما يحيط به، وهو اهتمامٌ كان بعيدًا كل البعد عن الشعور به.|Spin Control|Chris Moriarty|true|en|true
13:52|1352-001|الثانية إلا ثماني دقائق| جئتُ إلى بابكِ لأخبركِ. لقد اقترب موعد غدائكِ. أجل، الثانية إلا ثماني دقائق. ستكون فيفيان على الغداء. أنا لا أتناول الغداء، لكن لا مانع لديّ من الدخول. يجب ألا أدعه يفلت من بين يدي.|The Rose and the Key|Joseph Sheridan Le Fanu|true|en|true
13:53|1353-000|الثانية إلا سبع دقائق|" صرخ السيد روسيتر: ""سيد جاكسون، أرجو منك حقًا أن تتفضل بالعودة من غدائك في الوقت المناسب. لقد كانت الساعة الثانية إلا سبع دقائق تمامًا عندما عدت، و—"""|Psmith in the City|P.G. Wodehouse|true|en|true
13:54|1354-000|1:54 مساءً|لا يعتقد مسؤولو المتحف حاليًا أنه سُرق أي شيء من المجموعة. سيظل المتحف والكنيسة، وهما من المعالم السياحية الشهيرة، مغلقين أمام الجمهور حتى إشعار آخر.<br>1:54 مساءً - 05/05/2014|The Catacombs|Jeremy Bates|true|en|true
13:55|1355-000|1:55|في الساعة 1:55، عاد إلى سجلات التأمين حتى استراحة الشاي التي استمرت خمس عشرة دقيقة في الساعة الرابعة، والتي كانت مناسبة طقسية أخرى لتدخين سيجارتين إضافيتين.|Broken Routine|Jeffrey Archer|true|en|true
13:55|1355-001|قبل الثانية بخمس دقائق|إذا كنتُ ملتزمةً بالمواعيد في مغادرة منزل الآنسة رويتر، فقد كنتُ ملتزمةً بالمواعيد بنفس القدر في الوصول إليه؛ فقد وصلتُ في اليوم التالي قبل الثانية بخمس دقائق، وعند وصولي إلى باب غرفة الدراسة، وقبل أن أفتحه، سمعتُ صوتًا سريعًا متقطعًا، مما نبهني إلى أن صلاة الظهر لم تنتهِ بعد.|The Professor|Charlotte Brontë|true|en|true
13:56|1356-000|1:56 مساءً|1:56 مساءً<br>لحسن الحظ، كانت كيتلين خارج غرفة السكن الجامعي، منشغلة بما تفعله في الحرم الجامعي، لذا تمكنت براك من كتابة كلمات مرور جهاز الكمبيوتر الخاص بها لإيفا دون القلق من حصول زميلتها في الغرفة عليها.|Kitchens of the Great Midwest|J. Ryan Stradal|false|en|true
13:57|1357-000|واحدة وسبع وخمسون دقيقة| ثم فتحت عيني ونظرت إلى ساعتي. كانت الواحدة وسبع وخمسون دقيقة. خمس وعشرون دقيقة قد ضاعت. ليس سيئًا، قلت لنفسي. طريقة عبثية لتضييع الوقت. ليس سيئًا على الإطلاق.|Blind Willow, Sleeping Woman|Haruki Murakami|true|en|true
13:57|1357-001|الثانية إلا ثلاث دقائق|"كانت الثانية إلا ثلاث دقائق. ""آمل أن تتمكن من اللحاق به إذن. شكرًا لك. أنا أقدر ذلك حقًا."""|Urban Shaman|C.E. Murphy|true|en|true
13:58|1358-000|الساعة الثانية إلا دقيقتين|في تمام الساعة الثانية إلا دقيقتين من بعد ظهر ذلك اليوم، قدم الرائدان نفسيهما إلى السكرتير المؤقت للجنرال أوستن في مكتبه خارج البنتاغون.|Steel Tiger|Mark Berent|true|en|true
13:58|1358-001|تقارب الثانية|كانت الساعة تقارب الثانية، لكن لم يتحرك شيء، كانت ستاري تيوتشاك صامتة وخالية لدرجة أنها بدت مهجورة، ومع ذلك شعر تيجمن باستمرار أنه مراقب بعيون خفية.|King of Tuzla|Arnold Jansen op de Haar|true|en|true
13:59|1359-000|واحد … تسعة وخمسون|" جلس لمدة عشرين دقيقة يراقب الفجوة بين السفينة وإيبون وهي تتقلص، بينما كان حاسوب السفينة يُلاعب ويُعالج الأرقام التي ستجعلها تدور في حلقة حول القمر الصغير، ويُغلق الحلقة ويُبقيها هناك، تدور في غموض دائم. ""واحد … تسعة وخمسون …"""|So Long, and Thanks for All the Fish|Douglas Adams|true|en|true
13:59|1359-001|حوالي الثانية بعد الظهر| تناولنا الغداء حوالي الثانية بعد الظهر. وضع دون ميغيل طبقه على صندوق كيروسين، وجلستُ في زاوية طاولة مغطاة بالكتب، وكانت المرأة البدينة في المطبخ، ودون غايتانو عند المنضدة.|El juguete rabioso|Roberto Arlt|true|es-AR|true
14:00|1400-000|ساعتان بعد الظهر|"""أين بالضبط؟ ومتى؟ يجب أن نكون هناك.""<br>""الساحة. على درجات المكتبة القديمة."" نظرت إلى الساعة فوق الحانة. ""ساعتان بعد الظهر، على ما أعتقد."""|From These Dark Depths|Vanessa Rasanen|true|en|true
14:00|1400-001|بعد ساعتين من الظهر|" ساد صمت رهيب بعد هذه الملاحظة، قطعه بيتر قائلاً: ""سيكون العملاق ويمبلويذر والدب والقنطور غلينستورم قادةنا. ستبدأ المعركة بعد ساعتين من الظهر. العشاء عند الظهر بالضبط."""|Prince Caspian|C.S. Lewis|true|en|true
14:00|1400-002|بعد ساعتين من الظهر|كان الوداع وديًا للغاية، وعندما أبحرت، بعد ساعتين من الظهر، جدف جميع سكان دافلبود معها إلى مدخل الميناء، وهتفوا حتى ابتعدت عن صوت هتافاتهم.|The Voyage of the Dawn Treader|C.S. Lewis|true|en|true
14:00|1400-003|الساعة الثانية| اتسعت عينا السيدة كارلسون دهشةً عندما رأت في تمام الساعة الثانية القس قادمًا لتناول العشاء بهذه الأناقة المدنية، التي تضمنت، بالإضافة إلى البدلة وربطة العنق الحمراء، جوارب ملونة وحذاءً بنيًا. لم يُبدِ أي تفسير. وكعادته، كان يحمل تحت ذراعه كتابًا بعنوان غير مفهوم، قرأ منه طوال العشاء.|The Hammer of God|Bo Giertz|true|en|true
14:00|1400-004|الساعة الثانية|" لم تُكلّف جيسيبا نفسها عناء الرد، بل قالت: ""لديّ عميلة ستأتي في تمام الساعة الثانية. كوني مستعدة. وكُفّي عن السماح للهابا بالثرثرة. لديها عملٌ يجب إنجازه."" انقطع الخط."|House of Earth and Blood|Sarah J. Maas|true|en|true
14:00|1400-005|الساعة الثانية|في تمام الساعة الثانية من بعد ظهر ذلك اليوم، جلس براينت براون مذهولًا على كرسيه بجانب زوجته النائمة، متسائلًا كيف سيخبرها بوفاة طفلهما الوحيد، إذا ما دعت الحاجة إلى ذلك.|The Tommyknockers|Stephen King|true|en|true
14:00|1400-006|الساعة الثانية|إنها الساعة الثانية فقط. غادرت المكتب مبكرًا، وأخبرت الدكتورة فان فليت أنها تشعر بأنها على وشك الإصابة بمرض ما. في الحقيقة، نيت هو من يشعر بالمرض: يتصل بها من منزله، صوته أنفي، حزين، عليه أن يراها.|Life Before Man|Margaret Atwood|true|en|true
14:00|1400-007|الساعة الثانية|إنه رسام واهم من ينهي لوحته في الساعة الثانية ويتوقع تحولًا مجتمعيًا جذريًا بحلول الساعة الرابعة. حتى عندما يكتب الفنانون بيانات، فإنهم (نأمل) يدركون أن نبرتهم الملحة، في النهاية، مستعارة، لا تعدو كونها صدى ومحاكاة لإلحاح مطالب الثوار، أو احتجاجات النشطاء، بدلاً من تجسيدها فعليًا. يطالب الناس أحيانًا بالتغيير. نادرًا ما يطالبون بالفن.|Intimations|Zadie Smith|true|en|true
14:00|1400-008|الثانية بعد الظهر|بدأت الأمور بالتدهور حوالي الساعة الثانية بعد الظهر. كان بإمكاننا البقاء لتناول العشاء، كان بإمكاننا البقاء - لو صدقت دعوات السيد كوركوران السكران (أخبرتنا ابتسامة السيدة كوركوران الباردة من وراء ظهره أنها لم تكن كذلك) إلى أجل غير مسمى.|The Secret History|Donna Tartt|true|en|true
14:00|1400-009|الثانية ظهرًا| في تمام الساعة الثانية ظهرًا في أحد أيام الأسبوع، كانت قاعة السينما شبه خالية، لكن ثلاثة أشخاص جلسوا على بعد صفين من آندي شتاينر ومرافقها. رجلان، أحدهما كبير في السن والآخر يبدو على مشارف منتصف العمر (لكن المظاهر قد تكون خادعة)، كانا يحيطان بامرأة ذات جمال مذهل. كانت وجنتاها بارزتين، وعيناها رماديتان، وبشرتها ناعمة كالحرير. وكان شعرها الأسود الكثيف مربوطًا للخلف بشريط مخملي عريض.|Doctor Sleep|Stephen King|true|en|true
14:00|1400-010|الساعة الثانية|في تمام الساعة الثانية من كل يوم بعد الظهر، كانت الأم وابنها يظهران على الشاطئ. كانت الأم ترتدي دائمًا فستانًا بسيطًا فاتح اللون مع قبعة قش عريضة الحواف. أما الابن فلم يكن يرتدي قبعة أبدًا؛ بل كان يرتدي نظارة شمسية. كانا يجلسان في الظل تحت أشجار النخيل، والنسيم يداعب من حولهما، ويحدقان في المحيط، دون أن يفعلا شيئًا يُذكر.|Blind Willow, Sleeping Woman|Haruki Murakami|true|en|true
14:00|1400-011|الساعة الثانية|" قالت: ""يمكنكِ أخذ قيلولة في غرفتي. سيكون المكان هادئًا. أقاربي موجودون، لكنهم لن يظنوا أنكِ وقحة أو ما شابه. لسنا مضطرين للتواجد في دار الجنازة قبل الساعة الثانية."""|My Year of Rest and Relaxation|Ottessa Moshfegh|true|en|true
14:00|1400-012|الساعة الثانية| سرنا على طول الشارع الرئيسي على مسافة معقولة، نضحك، ونتفادى المارة، ونتباعد ثم نلتقي مجدداً. لا بد أنها كانت حوالي الساعة الثانية حينها، وكان الرصيف مزدحماً بالمتسوقين.|Never Let Me Go|Kazuo Ishiguro|true|en|true
14:00|1400-013|الثانية مساءً|الساعات القليلة القادمة عبارة عن لقطات سريعة. صور مثل تلك الموجودة على هاتفها. ترمش فتجد صورة. ترمش مرة أخرى فتجد شيئًا آخر. تنظر إلى ساعتها فتجدها الثانية مساءً، تنظر بعد لحظة فتجدها الثانية والنصف. لا يمكنها أن تقلق بشأن أي شيء حتى لو حاولت. إنه لأمر جيد.|The Power|Naomi Alderman|true|en|true
14:00|1400-014|الساعة الثانية|في تمام الساعة الثانية، بدأ الطبيب يتململ في كرسيه. الاجتماعات غير مريحة بالنسبة له إلا إذا كان يتحدث عن نظريته؛ فهو يفضل قضاء وقته في مكتبه، يرسم الرسوم البيانية.|One Flew Over the Cuckoo’s Nest|Ken Kesey|true|en|true
14:00|1400-015|الساعة الثانية|"أخبرها أنه إذا كان لديه أي عطلة نهاية أسبوع فارغة، فسيدعوها لموعد، وقالت إنها تستطيع زيارته بعد أسبوعين إذا أخبرها بالوقت، فنظر بيلي إلى ماكمورفي منتظرًا إجابة. وضع ماكمورفي ذراعيه حول كتفيهما وقال: ""لنجعلها الساعة الثانية بالضبط."""|One Flew Over the Cuckoo’s Nest|Ken Kesey|true|en|true
14:00|1400-016|الساعة الثانية|في إحدى الظهيرات، لا أذكر متى، توقفنا في طريقنا إلى الأنشطة وجلسنا في الردهة على الأرائك البلاستيكية الكبيرة أو في الخارج تحت شمس الساعة الثانية بينما كان أحد الصبية السود يستخدم الهاتف للاتصال بوكيل المراهنات، وانتهزت والدة بيلي الفرصة لترك عملها والخروج من خلف مكتبها وأخذت ابنها بيده وقادته إلى الخارج ليجلس بالقرب من المكان الذي كنت أجلس فيه على العشب.|One Flew Over the Cuckoo’s Nest|Ken Kesey|false|en|true
14:00|1400-017|دقات ساعة بيغ بن الثانية|"مع دقات ساعة بيغ بن الثانية، انفتح الباب وظهر الجزء العلوي من جسد كليفرلي. ""هل من جديد؟""<br>""لا يا سيدي.""<br>""هل الخط لا يزال يعمل؟""<br>""أعتقد ذلك.""<br>""سننتظر خمس دقائق أخرى، ثم سيتعين على رئيس الوزراء المغادرة.""<br>أُغلق الباب."|Munich|Robert Harris|true|en|true
14:00|1400-018|الساعة الثانية|في تمام الساعة الثانية، سألت سالي إيزابيل، العائدة إلى منزل ويذربي، عما إذا كانت قد قضت هي وأموري وقتًا ممتعًا في غرفة المعيشة. التفتت إيزابيل إليها بهدوء. كان في عينيها بريق المثالية، وبريق الحالمة التي لا تُمس، حالمة بأحلام تشبه أحلام جوان.|This Side of Paradise|F. Scott Fitzgerald|true|en|true
14:00|1400-019|الساعة الثانية|"""يا للعجب... أنا سعيد تقريبًا. ومع ذلك، أعتقد أنني في خطر حقيقي... بطريقة ما - الآن - لا شيء يبدو مهمًا... ليس في وضح النهار... أشعر أنني ممتلئ بالقوة - أشعر أنني لا أستطيع الموت...""<br>كان بلور ينظر إلى ساعته. قال:<br>""إنها الساعة الثانية. ماذا عن الغداء؟"""|And Then There Were None|Agatha Christie|true|en|true
14:00|1400-020|الساعة الثانية|كان بإمكانها إيقافه، وكان بإمكانه الاستمرار في استلام طروده في الموعد المعتاد، الساعة الثانية. لكنه كاد أن يُقبض عليه.|A Confederacy of Dunces|John Kennedy Toole|false|en|true
14:00|1400-021|الساعة 14:00|في حوالي الساعة 14:00، ظهرت طائرتان من طراز سكاي هوك تابعتان للعدو فجأةً على مستوى سطح السفينة.|Black Swan Green|David Mitchell|true|en|true
14:00|1400-022|الساعة الثانية|في تمام الساعة الثانية، ارتدى غاتسبي ملابس السباحة وأبلغ كبير الخدم أنه في حال تلقي أي اتصال، يجب إبلاغه عند المسبح.|The Great Gatsby|F. Scott Fitzgerald|true|en|true
14:00|1400-023|الساعة الثانية|في تمام الساعة الثانية، كانت كاسحات الثلج تعمل في ليليستروم.|The Snowman|Jo Nesbø|true|en|true
14:00|1400-024|الساعة الثانية|"استقللتُ حافلة الساعة الثانية. كان الجو حارًا جدًا. تناولتُ الطعام في مطعم سيليست كالمعتاد. شعر الجميع بالأسف الشديد عليّ، وقالت لي سيليست: ""لا أحد يُضاهي الأم""."|The Stranger|Albert Camus|true|en|true
14:00|1400-025|الساعة الثانية|يقع دار المسنين في مارينغو، على بعد حوالي خمسين ميلاً من الجزائر. مع حافلة الساعة الثانية، سأصل إلى هناك قبل حلول الظلام بوقت كافٍ. حينها يمكنني قضاء الليلة هناك، والبقاء بجانب الجثمان كالمعتاد، والعودة إلى هنا بحلول مساء الغد.|The Stranger|Albert Camus|true|en|true
14:00|1400-026|الساعة الثانية ظهرًا| عندما استيقظت سالاندر، كانت الساعة الثانية ظهرًا من يوم السبت، وكان طبيب يفحصها.|The Girl Who Kicked the Hornets’ Nest|Stieg Larsson|true|en|true
14:00|1400-027|الثانية بعد الظهر|في يوم خميس، في تمام الساعة الثانية بعد الظهر، أخبرتني أختي أن رجلاً ينتظرني عند الباب.|El juguete rabioso|Roberto Arlt|true|es-AR|true
14:00|1400-028|٢:٠٠ مساءً|—متى رآك؟<br>—حوالي الساعة ٢:٠٠ مساءً اليوم.|El juguete rabioso|Roberto Arlt|true|es-AR|true
14:00|1400-029|الثانية بعد الظهر|وفي كل ذلك بدت ريميديوس متجلية: ريميديوس في هواء الثانية بعد الظهر الهادئ، ريميديوس في أنفاس الورود الصامتة|100 años de soledad|Gabriel García Márquez|true|es-CO|true
14:01|1401-000|حوالي الساعة الثانية|في حوالي الساعة الثانية، جاءت زوجة صاحب المكان الشابة، تحمل كوبًا بلا مقبض وإناءً بغطاء مبطن، إلى حيث كنت لا أزال مستلقيًا في حالة يرثى لها.|A Single Pebble|John Hershey|true|en|true
14:01|1401-001|حوالي الساعة الثانية|كان اليوم التالي يوم سبت، وبعد أن انتهى مون، قررت إنهاء العمل. فأرسلت رسالةً أُبلغ فيها أنني لن أتمكن من التحكيم لفريق ستيبيل سيندربي، وبعد العمل طوال الصباح، نزلت حوالي الساعة الثانية.|A Month in the Country|J.L. Carr|true|en|true
14:01|1401-002|الثانية ودقيقة واحدة|انطلق القطار السريع من برمنغهام بدقة متناهية، وبلغ ذروة مجده حتى وصل إلى واتفورد، حيث واجه ضبابًا كثيفًا، وتأخر لأكثر من ربع ساعة، بالإضافة إلى تسببه في إفساد مسيرة آرثر المهنية. وصل آرثر إلى لندن في تمام الساعة الثانية ودقيقة واحدة.|Catching the Train|Arnold Bennett|true|en|true
14:02|1402-000|الثانية ودقيقتين|"مع دقة الساعة المشؤومة، هرع جميع الحاضرين من أماكنهم كما لو أن حريقًا قد اندلع. عندما سألت زميلًا عن معنى كل ذلك، أجابني كاتب العدل العجوز، الذي سمع سؤالي: ""إن الواجب الأساسي لموظف الحكومة هو الالتزام بالمواعيد يا سيدي!"" في تمام الساعة الثانية ودقيقتين، لم يبقَ أحد في إحدى الغرف."|The Red Room|August Strindberg|true|en|true
14:02|1402-001|الساعة 14:02|أنا لست ميتة. كيف حدث هذا؟ كان محقًا. كانت الساعة 14:02 وستة وعشرين ثانية. لم يتحقق القدر. نظرنا جميعًا إلى بعضنا البعض في حيرة.|The Woman Who Died a Lot|Jasper Fforde|true|en|true
14:03|1403-000|الثانية وثلاث دقائق بعد الظهر|كانت الساعة الثانية وثلاث دقائق بعد الظهر، وقد بدأت معركة تاهوما.|The Infinite Day|Chris Walley|true|en|true
14:04|1404-000|٢:٠٤ مساءً|٢:٠٤ مساءً. مرة أخرى، اتصل مكتب رئيس أركان التموين هاتفيًا يسأل عن العقيد فينكه، ومرة أخرى سمع فينكه الصوت الهادئ، غير العاطفي، وغير المألوف|The Night of the Generals|Hans Hellmut Kirst|true|en|true
14:05|1405-000|الثانية وخمس دقائق|…وفي تمام الساعة الثانية وخمس دقائق من يوم ١٧ سبتمبر من ذلك العام الذي لا يُنسى ١٩١٦، كنتُ في ساحة مستشفى موريوفو، واقفًا على عشب ذابل مدوس، سحقه مطر سبتمبر.|A Country Doctor’s Notebook|Mikhail Bulgakov|true|en|true
14:06|1406-000|الثانية وست دقائق|رآها رجل يقود جرارًا، على بُعد أربعمائة ياردة من منزلها، في الثانية وست دقائق بعد الظهر.|A Change of Climate|Hilary Mantel|true|en|true
14:07|1407-000|٢:٠٧ مساءً|٢:٠٧ مساءً، الأحد، ٨ يونيو ١٩٢٤<br>عندما نظر جورج إلى الأعلى مجددًا، بدا وكأن القمة قريبة بما يكفي للمسها، على الرغم من تحذير مقياس الارتفاع له من أنهما ما زالا بحاجة إلى تسلق أكثر من ٣٠٠ قدم.|Paths of Glory|Jeffrey Archer|true|en|true
14:07|1407-001|الثانية وسبع دقائق|"أطل برأسه في مكتب توناي حوالي الثانية وسبع دقائق وقال: ""يا رقيب، أنا متأكد تمامًا من أن هناك شيئًا ما يحدث مع سيارة بويك."""|From a Buick 8|Stephen King|true|en|true
14:08|1408-000|الثانية وثماني دقائق|في تمام الساعة الثانية وثماني دقائق، مدّ الرجل ذو الوجه الكئيب، الواقف بجانب الدرج العريض المؤدي من الشرفة، عنقه، فرأى مونك مايفير، وهام بروكس، ودانيال دبليو لوخابر، وإلما تشامبيون.|The Man Who Was Scared|Kenneth Robeson|true|en|true
14:09|1409-000|14:09|"قال بتلر إن السيد تاين ""غادر ردهة البرج الشمالي في تمام الساعة 14:09 عبر المصاعد ووصل إلى بطولة الشطرنج في الطابق الستين في تمام الساعة 14:10."""|Necromancer|Gordon R. Dickson|true|en|true
14:10|1410-000|٢:١٠ مساءً|وصل إلى منزلها الساعة ٢:١٠ مساءً، وفي يده شريطا فيديو، وفي الأخرى كيس واحد من الفشار غير المطبوخ المخصص للميكروويف.|Reprieve|James Han Mattson|true|en|true
14:10|1410-001|الثانية وعشر دقائق|" رفعت السيدة يونيس هاريس كم معطفها الأنيق وتفقدت ساعتها الأنيقة. ""بالتأكيد. الثانية عشرة والنصف""، ولوّحت بيدها نحو ساعة قاعة المدينة كما لو كانت ساعتها. ""دائمًا الثانية وعشر دقائق. لقد عبث أحدهم بالوقت منذ سنوات."""|The Coward’s Tale|Vanessa Gebbie|true|en|true
14:11|1411-000|الساعة ٢:١١ مساءً|"أعلن جهاز الرد الآلي بصوت إلكتروني: ""لديك رسالة واحدة، الساعة ٢:١١ مساءً.""<br>ثم انطلق صوت رجل متملق: ""كيربي، نعلم أنك هنا. ما زلت تتلقى العلاج. لا ينبغي لك التجول دون إشراف. من الأفضل والأكثر أمانًا لك البقاء معنا الآن."""|Syndrome|Thomas Hoover|true|en|true
14:12|1412-000|٢:١٢ مساءً|نظر سيب إلى الساعة على الحائط: ٢:١٢ مساءً. بهذا المعدل، سيكون محظوظًا إذا حصل على أكثر من أربعين دقيقة مع ميلور، على الرغم من أنه كان يشك في أن الرجل سيكون قد أعد عرضه جيدًا ولن يضيع أي وقت.|This Was a Man|Jeffrey Archer|true|en|true
14:12|1412-001|الساعة الثانية واثنتي عشرة دقيقة|مع ذلك، لا ينبغي لهم أن ينسوا أن رجلاً آخر قد فقد حياته، وإذا لم يكن داني كارترايت هو من قتل بيرني ويلسون، فمن حقهم أن يتساءلوا: من غيره يمكن أن يكون قد ارتكب الجريمة؟<br>في تمام الساعة الثانية واثنتي عشرة دقيقة، خرجت هيئة المحلفين من قاعة المحكمة لبدء مداولاتهم.|A Prisoner of Birth|Jeffrey Archer|true|en|true
14:13|1413-000|الثانية … وثلاث عشرة دقيقة … وخمسين ثانية|عند الضربة الثالثة، ستكون الساعة الثانية … وثلاث عشرة دقيقة … وخمسين ثانية.|So Long, and Thanks for All the Fish|Douglas Adams|true|en|true
14:14|1414-000|الثانية وأربع عشرة دقيقة|توقفت الساعة المرصعة بالصدف، والتي لم تكن تعمل، عند الثانية وأربع عشرة دقيقة من يوم ووقت منسيين، كانا مهر والدته.|Barn Burning|William Faulkner|true|en|true
14:15|1415-000|٢:١٥ مساءً|٢:١٥ مساءً<br>انتهى مارك من غدائه. أنهى رجلان آخران شطائرهما ونهضا للمغادرة. عاد مارك سريعًا إلى مجلس الشيوخ، لأنه أراد اللحاق بهنري ليكام قبل بدء مناقشة المجلس.|Shall We Tell the President?|Jeffrey Archer|true|en|true
14:15|1415-001|٢:١٥ مساءً|٢:١٥ مساءً. قصة في الصحف عن أطفال في الثانية من عمرهم يخضعون لاختبارات للالتحاق برياض الأطفال جعلتني أشعر بالصدمة. من المفترض أن أكون في حفل شاي بمناسبة عيد ميلاد هاري، ابني الروحي.|Bridget Jones’s Diary|Helen Fielding|true|en|true
14:15|1415-002|٢:١٥ مساءً|كان لدي موعد معها في اليوم التالي الساعة ٢:١٥ مساءً في غرفتي، لكنه لم يكن ناجحًا، بدت وكأنها أصبحت أقل طفولية وأكثر نضجًا بين عشية وضحاها.|Lolita|Vladimir Nabokov|false|en|true
14:15|1415-003|٢:١٥ مساءً|٢:١٥ مساءً الحصة الثانية بعد الظهر|The Curious Incident of the Dog in the Night-Time|Mark Haddon|true|en|true
14:16|1416-000|الساعة 2:16 بعد ظهر اليوم|أوه، مساء الخير. أعتقد أنك كنتَ عند الحاجز عندما دخلتُ الساعة 2:16 بعد ظهر اليوم. هل تعلم أنك سمحتَ لي بالمرور دون أن تُعطيني تذكرتي؟ نعم، نعم ههه! أعتقد حقًا أنه يجب عليك أن تكون أكثر حذرًا.|Five Red Herrings|Dorothy L. Sayers|true|en|true
14:17|1417-000|الثانية وسبع عشرة دقيقة|كل ما أعرفه أنها كانت تذهب كل ثلاثاء وخميس على متن قطار الساعة الثانية وسبع عشرة دقيقة من شارع بيكر، وتعود بحلول الساعة السادسة، لذا لا بد أنها لم تكن بعيدة جدًا.|The Late Tenant|Louis Tracy|true|en|true
14:18|1418-000|٢:١٨ مساءً|٢:١٨ مساءً<br>كان بيير أرمون يبلغ من العمر ستة وأربعين عامًا، بشعر رمادي عند الصدغين وجسم مناسب لمصارع أولمبي. كان لديه وجنتان ممتلئتان، وشارب كثيف، وعينان داكنتان متشككتان تبحثان باستمرار في محيطه. لقد كانت غريزة بقاء فطرية.|Project Cyclops|Thomas Hoover|true|en|true
14:19|1419-000|الثانية وتسع عشرة دقيقة مساءً|"تظهر أندريا ميتشل على شاشة مقسمة. ""تشيت، علمنا من مصدر في وزارة الأمن الداخلي أن الانفجار وقع في تمام الساعة الثانية وتسع عشرة دقيقة مساءً. لا أعرف كيف يمكن للسلطات تحديد الوقت بدقة، لكن يبدو أنهم يستطيعون ذلك."""|If It Bleeds|Stephen King|true|en|true
14:19|1419-001|2:19|2:19: يخرج دوان هينتون. يسير عبر الفناء الخلفي. يحمل بعض الملابس. كان يرتدي هذه الملابس الليلة الماضية. يسير إلى السياج. يُشعل المحرقة. يُشعل عود ثقاب.|The Cold Six Thousand|James Ellroy|true|en|true
14:20|1420-000|٢:٢٠ مساءً| نظر إلى ساعته: ٢:٢٠ مساءً. انطلاق المباراة الساعة ٣:٠٠. أربعون ألف مشجع يتجهون جميعًا في نفس الاتجاه. كان معظمهم يرتدون أوشحة حمراء وبيضاء، على الرغم من أن مجموعة كبيرة ارتدت أوشحة زرقاء وبيضاء.|Turn a Blind Eye|Jeffrey Archer|true|en|true
14:20|1420-001|الثانية وعشرون دقيقة|"الثانية وعشرون دقيقة. هل تريد العودة إلى الفندق لبعض الوقت؟<br>""حسنًا.""<br>خرجا من الحدائق وسارا في شارع فوغيرار. هذه العطلة، على عكس تلك العطلات القديمة، لن تنتهي بنومها في المنزل. بعد ليلتين من الآن سأكون عاليًا فوق المحيط الأطلسي، ويوم السبت سأكون أتجول في المكان الآخر. سأذهب إلى أمريكا. سأبدأ حياتي من جديد."|The Doctor’s Wife|Brian Moore|true|en|true
14:20|1420-002|الثانية وعشرون دقيقة|نظرت إلى ساعتها، وكانت الثانية وعشرون دقيقة. لم يكن لديها وقت لتضيعه، بل يجب أن تستعد على الفور.|A Tale of Two Cities|Charles Dickens|true|en|true
14:20|1420-003|الثانية وعشرون دقيقة|طعن الصائغ في صحة الساعة التي عُثر عليها عند السد، مدعيًا أنه قام بضبطها وتعبئتها لإدوين درود في تمام الساعة الثانية وعشرون دقيقة من ذلك اليوم نفسه؛ وأنها نفدت قبل إلقائها في الماء؛ وكان رأي الصائغ قاطعًا أنها لم تُعبأ مرة أخرى.|The Mystery of Edwin Drood|Charles Dickens|true|en|true
14:20|1420-004|الثانية وعشرون دقيقة|الثانية وعشرون دقيقة، في طريقي إلى سان دييغو، أستمع إلى موسيقى غريبة، صاخبة؛ لا لحن، لا مضمون.|Somewhere in Time (Bid Time Return)|Richard Matheson|true|en|true
14:21|1421-000|الثانية وإحدى وعشرين دقيقة| نظر نيد حوله في حيرة، واستغرق الأمر لحظة طويلة قبل أن يستوعب ما حوله. عندما فعل، نهض بسرعة وألقى نظرة مذعورة على ساعته. يا للعجب! إنها تشير إلى الثانية وإحدى وعشرين دقيقة!|The Turner Twins|Ralph Henry Barbour|true|en|true
14:22|1422-000|الثانية واثنتان وعشرون دقيقة|غارث هنا. مساء الأحد. آسف لعدم تمكني من الحضور، لكنني سأترك رسالة قصيرة على شريطك. الساعة الثانية واثنتان وعشرون دقيقة أو ما يقاربها. حفلة رائعة.|Larry’s Party|Carol Shields|true|en|true
14:23|1423-000|الثانية وثلاث وعشرون دقيقة|"أعلن: الثانية وثلاث وعشرون دقيقة.<br>""مستحيل!"" صرخ كروستويت في دهشة. ""بالتأكيد لم أفعل——""<br>""بلى، لقد فعلت،"" قاطعه ديفيرو ضاحكًا. ""سبع ساعات وثلاثة أرباع من النوم المتواصل! آسف لإزعاجك."""|The Fight for Constantinople|Percy F. Westerman|true|en|true
14:23|1423-001|الثانية وثلاث وعشرون دقيقة|"قال: ""إنه مجرد ضباب عادي كالمعتاد. لكنه بالتأكيد أمرٌ عجيب. كم الساعة؟ من لديه ساعة؟""<br>أجاب إيفان: ""الثانية وثلاث وعشرون دقيقة. يجب أن أسرع وإلا لن أصل في الوقت المناسب لتدريب كرة القدم."""|Kingsford, Quarter|Ralph Henry Barbour|true|en|true
14:24|1424-000|١٤:٢٤| أقلعت طائرة فوكر من مدرج نيروبي في تمام الساعة ١٤:٢٤، قبل ثلاث دقائق من الموعد المحدد في الجدول الزمني الجديد.|Congo|Michael Crichton|true|en|true
14:25|1425-000|الساعة الثانية وخمس وعشرين دقيقة|وصل سيمون في تمام الساعة الثانية وخمس وعشرين دقيقة، قبل خمس دقائق من اجتماعه مع زعيم الحزب. حاول ألا يتكهن بسبب رغبة هيث في رؤيته، خشية أن ينتهي الاجتماع بخيبة أمل.|First Among Equals|Jeffrey Archer|true|en|true
14:25|1425-001|٢:٢٥|في لحظة ما اليوم، في تمام الساعة ٢:٢٥، دبت الحياة فجأة في قاعة الدراسة. رُفعت الرؤوس وأُميلت عندما أعلن صفير الإنذار في برج جرس مبنى البلدية عن وجود مشكلة، ربما حريق، في مكان ما في ستاغرفورد.|Staggerford|Jon Hassler|true|en|true
14:25|1425-002|الساعة الثانية وخمس وعشرين دقيقة| تجولنا نحن الثلاثة في المكتب، نتبادل أطراف الحديث بلا هدف، ونلقي نظرات خاطفة متعمدة على الشارع الأمامي، ونصفر ألحانًا صغيرة لأنفسنا. بحلول الساعة الثانية وخمس وعشرين دقيقة، كنا جميعًا صامتين.|All Things Bright and Beautiful|James Herriot|true|en|true
14:25|1425-003|2:25|أغلق غاري على نفسه باب مكتبه وقلّب الرسائل. اتصلت كارولين في الساعة 1:35، 1:40، 1:50، 1:55، و2:10؛ والآن الساعة 2:25. رفع قبضته منتصرًا. أخيرًا، أخيرًا، بعض الأدلة على اليأس.|The Corrections|Jonathan Franzen|true|en|true
14:26|1426-000|الثانية وست وعشرون دقيقة|كانت الساعة الثانية وست وعشرون دقيقة، لكن المكان كان لا يزال مزدحماً بسبب زحام وقت الغداء.|Free Fall|Robert Crais|true|en|true
14:27|1427-000|الثانية وسبع وعشرين دقيقة|أشارت عقارب جميع الساعات الكهربائية البالغ عددها أربعة آلاف ساعة في جميع غرف مركز بلومزبري البالغ عددها أربعة آلاف ساعة إلى الثانية وسبع وعشرين دقيقة.|Brave New World|Aldous Leonard Huxley|true|en|true
14:28|1428-000|28 دقيقة و57 ثانية بعد الساعة الثانية ظهرًا|صادف أن النظام الستيني يتوافق مع طريقتنا الحالية في حساب الوقت... على ما يبدو أرادوا إعلامنا بأن شيئًا ما قد يحدث بعد 28 دقيقة و57 ثانية بعد الساعة الثانية ظهرًا في يوم لم يُحدد بعد.|Ratner’s Star|Don DeLillo|true|en|true
14:28|1428-001|2:28 مساءً|"الخميس 2:28 مساءً<br>قال تانزان مينو بهدوء: ""يجب أن تتم رحلة الاختبار فائقة السرعة كما هو مقرر. الآن وقد اكتملت جميع الترتيبات المالية، وافقت اللجنة التنسيقية للحزب الليبرالي الديمقراطي على عرض المعاهدة على البرلمان الأسبوع المقبل. لا يمكن تصور أي تأخير."""|Project Daedalus|Thomas Hoover|true|en|true
14:29|1429-000|الساعة الثانية وتسع وعشرين دقيقة|يبدو أن قدرته على الاستيقاظ كانت معطلة قليلاً في ذلك اليوم، ولم يستيقظ إلا في تمام الساعة الثانية وتسع وعشرين دقيقة حسب ساعة الفندق.|The Four-Masted Cat Boat|Charles Battell Loomis|true|en|true
14:29|1429-001|الساعة الثانية وتسع وعشرين دقيقة|"في تمام الساعة الثانية وتسع وعشرين دقيقة من يوم الاثنين، طرقت لوسي باب غرفة جلوسهم وقالت: ""من فضلك يا سيدي، هناك رجل يرتدي ملابس سوداء في الطابق السفلي مع شاب."""|Blue at the Mizzen|Patrick O’Brian|true|en|true
14:30|1430-000|الثانية والنصف|نظرت إلى ساعتها: الثانية والنصف. بضع دقائق لتهدأ قبل أن تضطر للمغادرة.|The Locked Room|Maj Sjöwall & Per Wahlöö|true|en|true
14:30|1430-001|٢:٣٠| فتحت الباب مرة أخرى، وأخرجت ورقة ودبوسًا، وكتبت:<br>خروج سريع. العودة للموعد الساعة ٢:٣٠. دريسدن<br>بعد ذلك، توجهت إلى الدرج وبدأت النزول. نادرًا ما أستخدم المصعد، حتى مع أنني في الطابق الخامس. كما قلت، لا أثق بالآلات. دائمًا ما تتعطل في الوقت الذي أحتاجها فيه|Storm Front|Jim Butcher|true|en|true
14:30|1430-002|٢:٣٠|آه! إنها الساعة ٢:٣٠. انظر كيف يمر الوقت سريعًا. ولا يزال هناك الكثير لأفعله اليوم... أطباقٌ لأغسلها، وعشاءٌ لأذيبه، وأدويتي التي لم أحصها بعد. لا أفهم... لماذا لم يحاول اليهود على الأقل المقاومة؟ لم يكن الأمر بهذه السهولة كما تظن. كان الجميع جائعين وخائفين ومتعبين لدرجة أنهم لم يصدقوا ما يرونه بأعينهم.|Maus|Art Spiegelman|true|en|true
14:30|1430-003|٢:٣٠ مساءً|في تمام الساعة ٢:٣٠ مساءً من يوم ١٣ من هذا الشهر، بدأتُ بمراقبة السير بوباديل النعامة، الذي أشك في أنه المجرم. نجحت المراقبة. لم أفقده لحظة واحدة.|The Wind on the Moon|Eric Linklater|true|en|true
14:30|1430-004|الثانية والنصف|في تمام الساعة الثانية والنصف من بعد ظهر نفس اليوم، كان الصبي والرجل المسن يقفان في الغرفة الواقعة مباشرة فوق المكتب الداخلي وغرفة الانتظار.|Corker’s Freedom|John Berger|true|en|true
14:30|1430-005|الثانية والنصف|كانت الساعة الثانية والنصف بعد الظهر. كانت الشمس معلقة في السماء الزرقاء الباهتة كمرآة محترقة، وبعيدًا خلف المراعي، كانت الجبال الزرقاء ترتجف وتقفز كالبحر. لن يعود سيد حتى العاشرة والنصف. لقد ذهب إلى البلدة مع أربعة من الأولاد للمساعدة في البحث عن الشاب الذي قتل السيد ويليامسون. يا له من أمر مروع!|Millie|Katherine Mansfield|true|en|true
14:30|1430-006|الثانية والنصف|"كانت الساعة الثانية والنصف عندما سُمع طرق على الباب. استجمعت شجاعتي وانتظرت. بعد دقائق قليلة، فتحت ماري الباب، وقالت: ""دكتور فان هيلسينج""."|Dracula|Bram Stoker|true|en|true
14:30|1430-007|الساعة الثانية والنصف|١٤ مايو ١٨٠٠. انطلق ويليام وجون إلى يوركشاير بعد تناول العشاء في الساعة الثانية والنصف، ولحم الخنزير البارد في جيوبهما. تركتهما عند منعطف خليج لووود تحت الأشجار. كان قلبي ممتلئًا لدرجة أنني بالكاد استطعت التحدث إلى ويليام عندما ودعته بقبلة.|The Journals of Dorothy Wordsworth|Dorothy Wordsworth|true|en|true
14:30|1430-008|الثانية والنصف بعد الظهر|كان من المؤسف إيقاظ ترافيلر في الساعة الثانية والنصف بعد الظهر، لكن أصابع أوليفيرا، التي كان يمسك بها المسامير، كانت متورمة بالفعل؛ بدأ الدم المحتبس بالتسرب، مما أعطى أصابعه مظهر نقانق شيبولاتا سيئة الصنع، وهو أمر مثير للاشمئزاز حقًا.|Rayuela|Julio Cortázar|true|es-AR|true
14:31|1431-000|الثانية وواحد وثلاثون دقيقة| نظر إيغور إلى الساعة مرة أخرى. لم يفعل ذلك حقًا؛ أنا فقط أعود إلى القصة. كانت الساعة الآن الثانية وواحد وثلاثون دقيقة، وقد تأخرت (تأخرت) رسميًا.|The Vampire’s Treaty|Matt Shaw|true|en|true
14:32|1432-000|٢:٣٢ مساءً|مثل الساعة ٢:٣٢ مساءً، بيشر وأفالون، L3 R2 (أي يسارًا ثلاث كتل، يمينًا اثنتين) ٢:٣٥ مساءً، وتساءلت كيف يمكنك التقاط صندوق واحد، ثم القيادة ٥ كتل في ٣ دقائق والانتهاء من تنظيف صندوق آخر.|Post Office|Charles Bukowski|true|en|true
14:33|1433-000|الثانية وثلاث وثلاثون دقيقة|في تلك اللحظة، ظهرت عمته بجانب كوخها ونظرت إلى أعلى الرأس الصخري. نظر دالغليش إلى معصمه. كانت الثانية وثلاث وثلاثون دقيقة. ضغط على دواسة القابض، وانطلقت سيارة كوبر بريستول ببطء على الطريق نحوها.|Unnatural Causes|P.D. James|true|en|true
14:34|1434-000|الساعة الثانية وأربعة وثلاثين دقيقة مساءً|في تمام الساعة الثانية وأربعة وثلاثين دقيقة مساءً، في أكبر وأفخم الغرف الخاصة، فقدت الأخت برومفيت مريضًا. لطالما فكرت في الموت بهذه الطريقة. لقد رحل المريض؛ انتهت المعركة؛ لقد هُزمت هي، الأخت برومفيت، شخصيًا.|Shroud for a Nightingale|P.D. James|true|en|true
14:35|1435-000|٢:٣٥ مساءً|مثل الساعة ٢:٣٢ مساءً، بيشر وأفالون، L3 R2 (أي يسارًا ثلاث كتل، يمينًا اثنتين) ٢:٣٥ مساءً، وتساءلت كيف يمكنك التقاط صندوق واحد، ثم القيادة ٥ كتل في ٣ دقائق والانتهاء من تنظيف صندوق آخر.|Post Office|Charles Bukowski|true|en|true
14:36|1436-000|٢:٣٦|"قال نيد: ""قُد بحذر"". أرسل لي رسالة نصية ليطلب مني إرسال الشاحنة. كان ذلك في الساعة ٢:٣٦، أعرف ذلك لأني نظرت إلى الساعة، تلك الساعة ذات الطراز الفني الزخرفي هناك، أترى؟ إنها دقيقة للغاية. ثم، لا أدري، اختفى فجأة."|Stone Mattress|Margaret Atwood|true|en|true
14:36|1436-001|الثانية وستة وثلاثون دقيقة| أنظر إلى ساعتي. الثانية وستة وثلاثون دقيقة. كل ما تبقى لي اليوم هو غسل الملابس وإعداد العشاء.|The Elephant Vanishes|Haruki Murakami|true|en|true
14:37|1437-000|٢:٣٧ مساءً|لكن ما لم يتوقعه هو أن القطار سيتوقف في كل محطة من فينسبري بارك إلى ستيفنيج، لذلك عندما وصل القطار أخيرًا إلى كامبريدج، كانت ساعة المحطة تشير إلى الساعة ٢:٣٧ مساءً.|Paths of Glory|Jeffrey Archer|true|en|true
14:37|1437-001|٢:٣٧ مساءً|٢:٣٧ مساءً<br>كان قطر القناة حوالي متر ونصف، وكانت مظلمة تمامًا. توقع ذلك، واستخرج مصباحًا يدويًا مقاومًا للماء من حقيبة طوارئ في حطام طائرة الهيند. كان المصباح مفيدًا، لكن ليس كثيرًا. مع إيقاف تشغيل المبادلات الحرارية، لم يكن هناك تدفق للمياه. كانت الجدران الحجرية رطبة فقط، والجوانب المنحنية مغطاة بالوحل.|Project Cyclops|Thomas Hoover|true|en|true
14:38|1438-000|٢:٣٨ مساءً|"٢:٣٨ مساءً<br>انتهى ""عبد الله"" من تفريغ الصندوق الثاني، وفحص ما لديه: جهازان نوويان بقوة ١٥ كيلوطن لكل منهما، مصنوعان باستخدام اليورانيوم-٢٣٥ المخصب من مركز كاهوتا للأبحاث النووية. ابتسم مجددًا وهو يفكر في أنهما هُرّبا من تحت أنظار المسؤولين في كاهوتا، مباشرةً عبر مصاعد الأمن المؤدية إلى جهاز الطرد المركزي لليورانيوم-٢٣٥ في الطابق الخامس."|Project Cyclops|Thomas Hoover|true|en|true
14:38|1438-001|٢:٣٨ مساءً|واصلت الحافلة طريقها إلى بريستول، وهي رحلة كان يقطعها عادةً في حوالي اثنتي عشرة دقيقة في سيارة لاغوندا، لكنها استغرقت اليوم أكثر من ساعة قبل أن تصل أخيرًا إلى محطة الحافلات. لم يكن هوغو أول ولا آخر راكب ينزل. نظر إلى ساعته: ٢:٣٨ مساءً. لقد ترك لنفسه وقتًا كافيًا.|The Sins of the Father|Jeffrey Archer|true|en|true
14:39|1439-000|2.39|لا، ورد تقرير من رئيس محطة بينويري يفيد بوجود رجل أخذ قطار الساعة 2.39 في بينويري.|Five Red Herrings|Dorothy L. Sayers|true|en|true
14:40|1440-000|240|" قال لورانس، وهو ينظر إلى ساعته: ""لقد شرحتُ بالفعل للرجل أن الحافلة الوحيدة التي أعرفها والتي تحمل الرقم 240 هي تلك التي تسير بين غولدرز غرين وإدجوار، وإذا لم أسرع، فسأفوت الحافلة رقم 14 المحبوبة."""|A Matter of Honor|Jeffrey Archer|true|en|true
14:40|1440-001|الساعة الثانية وأربعين دقيقة|"إذا بدت الفتاة رائعة عندما تقابلك، فمن يهتم إن تأخرت؟ لا أحد. قلت: ""من الأفضل أن نسرع. يبدأ العرض في الساعة الثانية وأربعين دقيقة."""|Catcher in the Rye|J.D. Salinger|false|en|true
14:40|1440-002|الثالثة إلا عشرين دقيقة|" اعتبر أعضاء فريق ""بيغ سايد"" مايكل وآلان أكثر لاعبي الوسط الواعدين لفريق ""ميدل سايد"" في العام المقبل، وعندما دق الجرس في الثالثة إلا عشرين دقيقة، كان أعضاء ""بيغ سايد"" يسيرون مع مايكل وآلان نحو غرفة تبديل الملابس ويشجعونهما بالثناء والمزاح اللطيف."|Sinister Street|Compton Mackenzie|true|en|true
14:41|1441-000|الثالثة إلا تسع عشرة دقيقة|"الثالثة إلا تسع عشرة دقيقة. قالت لإيما عندما سُمع طرق على الباب: ""لا داعي للعجلة"". كانت متأكدة من أنها علقت لافتة ""ممنوع الإزعاج"" على مقبض الباب وأخبرت السائق ألا يتوقع وصولهما قبل الثالثة."|Only Time Will Tell|Jeffrey Archer|true|en|true
14:41|1441-001|الساعة 2:41|في تمام الساعة 2:41، عندما كان قطار الظهيرة السريع المتجه إلى لندن يغادر لاربورو في الموعد المحدد تمامًا، جلست الآنسة بيم تحت شجرة الأرز على العشب تتساءل عما إذا كانت حمقاء، ولم تكن تهتم كثيرًا على أي حال.|Miss Pym Disposes|Josephine Tey|true|en|true
14:42|1442-000|الثانية واثنتان وأربعون دقيقة|كانت الساعة الثانية واثنتان وأربعون دقيقة. طلبت كلاريسا أن تُنادى عليها في الثانية وخمس وأربعون دقيقة، لكن بضع دقائق لا تُهم. طرقت الباب، بهدوء في البداية، ثم بصوت أعلى. لم يكن هناك رد.|The Skull Beneath the Skin|P.D. James|true|en|true
14:42|1442-001|14:42|في تمام الساعة 14:42، رأيتُ حبلًا بلازميًا يهبط من السماء ويتوقف خارج الشقة كما لو كان يحتوي على جهاز استشعار يقوم بعملية مراقبة خاصة به.|City on Fire|Walter Jon Williams|true|en|true
14:42|1442-002|2:42 مساءً|"2:42 مساءً<br>صرخت كالي قائلةً: ""لا!""، لكن الوقت كان قد فات. قبل أن يرى كريس شنايدر ما سيحدث، أطلق راميريز النار عليه بدقة بين عينيه، بهدوء ودون ضجة."|Project Cyclops|Thomas Hoover|false|en|true
14:43|1443-000|الساعة ١٤:٤٣|وصل قطار الساعة ١٤:٤٣ إلى تونبريدج ويلز في الموعد المحدد، وكان ويليام أول من نزل منه. انضم إلى المجموعة الصغيرة التي كانت تنتظره.|Over My Dead Body|Jeffrey Archer|true|en|true
14:43|1443-001|الثانية وثلاث وأربعون دقيقة|حسنًا! لنبدأ. أنت تعرف ما نريده، سردًا كاملاً لمكان وجودك، وما كنت تفعله، ومن رأيت بين الساعة الواحدة ظهرًا عندما انتهى الغداء والساعة الثانية وثلاث وأربعون دقيقة عندما عثرت الآنسة غراي على الجثة.|The Skull Beneath the Skin|P.D. James|true|en|true
14:43|1443-002|٢:٤٣ مساءً|٢:٤٣ مساءً<br>شاهد فانس غرفة التحكم تتجمد بينما سقط الجسد على الأرض، وشعر بأصابعه تنقبض لا إراديًا في قبضة. لقد بدأ الأوغاد بقتل الرهائن بالفعل. إنهم إرهابيون بكل تأكيد، تمامًا كما في الكتب. اقتل واحدًا، وأرعب ألفًا. إلا أنهم قد لا يتوقفون عند واحد. توقع يومًا طويلًا. وليلة طويلة.|Project Cyclops|Thomas Hoover|false|en|true
14:43|1443-003|2.43 مساءً|توفي جاكوبسون في الساعة 2.43 مساءً من اليوم التالي بعد أن قطع معصميه بشفرة حلاقة في الكابينة الثانية من اليسار في حمام الرجال بالطابق الثالث.|Now: Zero|J.G. Ballard|false|en|true
14:43|1443-004|الثالثة إلا سبع عشرة دقيقة|" ثم بدأ يتنفس بحرية أكبر؛ ""الفتاة""، كما كان يُطلق عليها دائمًا في ذهنه، لا يمكنها دخول الحديقة الآن دون أن يراها. نظر إلى ساعته للمرة الثالثة - الثالثة إلا سبع عشرة دقيقة. الوقت الذي خطط له تقريبًا. يجب أن تكون هنا قريبًا إذا كانت قد غادرت منزل الآنسة لويد بعد الثانية بقليل."|Silverthorns|Mary Louisa Molesworth|true|en|true
14:44|1444-000|الثالثة إلا ست عشرة دقيقة|كانت ساعة عربة في نافذة أعلى من نافذة صانعة القبعات تشير إلى الثالثة إلا ست عشرة دقيقة عندما استدرت ورأيت برونو على بعد خمسين ياردة مني.|Friends in High Places|Caro Peacock|true|en|true
14:45|1445-000|٢:٤٥ مساءً|وصل ديفيد في تمام الساعة ٢:٤٥ مساءً إلى فندق كوبلي في شارع هنتنغدون، وكان الأدرينالين يتدفق في عروقه. ردد شعار كلية هارفارد للأعمال في نفسه بينما كان يُقتاد إلى غرفة خاصة صغيرة: تظاهر بأنك بريطاني، وفكر باللغة اليديشية.|Not a Penny More, Not a Penny Less|Jeffrey Archer|true|en|true
14:45|1445-001|الثالثة إلا ربع|" نظر إلى ساعته. كان يبتسم وهو يوقظها، وكان يبتسم الآن. ""الثالثة إلا ربع. جلست في غرفتي القديمة الغبية في الفندق لمدة ساعتين تقريبًا بعد حديثنا، أحاول إقناع نفسي بأن ما كنت أفكر فيه لا يمكن أن يكون صحيحًا. لكنني لم أصل إلى ما أنا عليه الآن بالتهرب من الحقيقة."""|Full Dark, No Stars|Stephen King|true|en|true
14:45|1445-002|الساعة الثالثة إلا ربع بعد الظهر| طرقت الفتاة الصغيرة الباب الخلفي في تمام الساعة الثالثة إلا ربع بعد الظهر. تعرفت عليها مرجان كواحدة من الوجوه الكثيرة ذات النمش التي ظلت تحدق من نوافذ المقهى لفترة طويلة بعد أن ترك أطفال المدارس الفضوليون الآخرون آثار أيديهم المتسخة.|Pomegranate Soup|Marsha Mehran|true|en|true
14:45|1445-003|الثالثة إلا ربع|لم ينزل قط حتى الثالثة إلا ربع.|The Diary of a Nobody|George and Weedon Grossmith|true|en|true
14:45|1445-004|الثانية وخمس وأربعون دقيقة|اسحب الورقة الأخرى، وأخبر بها جنود المارينز، ولا تجعلني أضحك، واذهب إلى الجحيم، وكل ذلك، لكن الحقيقة بقيت أنها لا تزال الثانية وخمس وأربعون دقيقة فقط.|The Pregnant Window|Martin Amis|false|en|true
14:45|1445-005|الثالثة إلا ربعًا|"كم الساعة؟<br>""انظر بنفسك،"" قالت لي العجوز. نظرت، فرأيت أن الساعة بلا عقارب.<br>""لا توجد عقارب،"" قلت.<br>نظرت العجوز إلى وجه الساعة وقالت لي: ""إنها الثالثة إلا ربعًا."""|The Old Woman|Daniil Ivanovich Kharms|true|en|true
14:46|1446-000|الثالثة إلا أربع عشرة دقيقة|حدثت المفارقة دون وعي. تجوّل مايكل في بالاتين ذلك الصباح، مختارًا الموقع تحديدًا للميزة التي يمكن الآن استخدامها ضده. نظر إلى ساعته: الثالثة إلا أربع عشرة دقيقة.|The Parsifal Mosaic|Robert Ludlum|true|en|true
14:47|1447-000|٢:٤٧ مساءً|"كانت الجدران هنا مطلية باللون الأصفر، وليس الأحمر كما كانت عليه في الطابق الأول. وكان الناس يرتدون زيًا أصفر. وقالت ممرضة بجوار المصعد: ""الساعة الآن ٢:٤٧ مساءً، أيها السادة. يمكنكم مواصلة النزول بعد ساعة."""|The Andromeda Strain|Michael Crichton|true|en|true
14:48|1448-000|٢:٤٨ مساءً|٢:٤٨ مساءً<br>انتهى رايس من استعادة صندوق الكريترونات من قمرة قيادة طائرة هيوي، وكان متجهاً إلى أسفل المصعد نحو المنطقة الواقعة أسفل منصة الإطلاق مباشرةً وجنوبها، وهي الغرفة النظيفة حيث سيتم تجهيز أقمار الاتصالات باهظة الثمن التابعة لشركة ساتكوم للإطلاق.|Project Cyclops|Thomas Hoover|true|en|true
14:49|1449-000|١٤:٤٩| حدّق إنديكوت به وهو يفكر. خمسة آلاف دولار مقدمًا وخمسة آلاف أخرى لاحقًا لإحداث حادث تصادم كبير على الطريق السريع ٥٠ عند علامة الميل ١٠٧، على أن يحدث التصادم في الساعة ١٤:٤٩.|The Homecoming|Carsten Stroud|true|en|true
14:50|1450-000|٢:٥٠|في الساعة ٢:٥٠، دعاهم جميعًا للانضمام إليه في مقصورة الأعضاء لمشاهدة فرسه الشهيرة. ستيفن، مثل الآخرين، تبعه في موكب ملكي صغير.|Not a Penny More, Not a Penny Less|Jeffrey Archer|true|en|true
14:50|1450-001|2:50|عندما كانت الساعة 2:50 ولم يتعرض البنك للهجوم، كان من الواضح أن هذا لم يكن يوم الانقلاب الكبير.|The Locked Room|Maj Sjöwall & Per Wahlöö|true|en|true
14:50|1450-002|الثالثة إلا عشر دقائق|هل ساعة الكنيسة تشير إلى الثالثة إلا عشر دقائق؟ وهل ما زال هناك عسل للشاي؟|The Old Vicarage, Grantchester|Rupert Brooke|true|en|true
14:51|1451-000|الساعة الثالثة إلا تسع دقائق|في تمام الساعة الثالثة إلا تسع دقائق، عادت العاصفة. زحفت على طبقات غاضبة وكئيبة: سحب ركامية زرقاء سوداء منتفخة، وسحب ركامية منخفضة شبحية، تكتظ بسقف السماء. تسببت في انضغاط الأكسجين في الهواء نفسه، وتحوله إلى بارد وكثيف، امتصته أو أزاحته الرطوبة التي سودت السماء ونفختها.|The Bridge|John Skipp and Craig Spector|true|en|true
14:52|1452-000|الثالثة إلا ثماني دقائق|سيد كيسلباخ، إنها الثالثة إلا ثماني دقائق. إذا لم ترد خلال ثماني دقائق من الآن، فأنت ميت لا محالة!|813|Maurice LeBlanc|true|en|true
14:53|1453-000|٢:٥٣|في الساعة ٢:٥٣، تم اصطحابهم إلى غرفة اجتماعات فارغة. اختار سكوت كرسيًا ملاصقًا للجدار، خلف المكان الذي سيجلس فيه وارن كريستوفر مباشرةً، ولكن إلى يساره قليلًا حتى يتمكن من رؤية رئيس الوزراء رابين بوضوح عبر الطاولة.|Honor Among Thieves|Jeffrey Archer|true|en|true
14:53|1453-001|الثالثة إلا سبع دقائق|"""ماذا تظنون أن الأب ماهوني يفكر الآن، جالسًا هناك كمتسول روماني وقبل وقت الشاي مباشرة؟ إنه يعلم جيدًا أننا ننتظره. إذا تأخر ولو دقيقة واحدة - أنا أحسب، إنها الثالثة إلا سبع دقائق على ساعتي - فسأقول له شيئًا أو اثنين."""|Pomegranate Soup|Marsha Mehran|true|en|true
14:54|1454-000|الثالثة إلا ست دقائق| عربات الترويكا الدوقية الكبرى ذات اللجام المزخرف بلوحات معدنية وشرابات متطايرة، والخيول الخارجية تتمايل كعادتها بجانب الهرولة الرصينة لحصان الجر، - يختلط الجميع في الموكب الذي لا ينتهي والذي يتدفق على طول شارع نيفسكي بروسبكت عبر بولشايا مورسكايا - شارع البحر الكبير - ويخرج إلى أرصفة نهر نيفا، ويعود مرة أخرى، ليرى ويُرى، حتى بعد غروب الشمس في الأيام القصيرة، في تمام الساعة الثالثة إلا ست دقائق.|Russian Rambles|Isabel F. Hapgood|true|en|true
14:54|1454-001|حوالي الساعة 2:55|في النهاية، لم يستطع تحمل ظهيرة أيام الأحد، وذلك الخمول الرهيب الذي يبدأ بالتسلل حوالي الساعة 2:55، عندما تعلم أنك قد استحممت كل ما يمكنك الاستحمام به في ذلك اليوم، وأنه مهما حدقت في أي فقرة في الجريدة فلن تقرأها أبدًا، أو تستخدم أسلوب التقليم الجديد الثوري الذي تصفه، وأنه بينما تحدق في الساعة ستتحرك عقاربها بلا هوادة إلى الساعة الرابعة، وستدخل في وقت الشاي الطويل المظلم للروح.|Life, the Universe and Everything|Douglas Adams|true|en|true
14:55|1455-000|الساعة الثانية وخمس وخمسين دقيقة|في تمام الساعة الثانية وخمس وخمسين دقيقة، تقدم عشرة رجال وامرأتان، جميعهم يرتدون ما بدا لدافني كأنه أردية حمام سوداء طويلة مع أوشحة أرجوانية تتدلى من أعناقهم، عبر المسرح في حركة تمساح لطيفة قبل أن يأخذوا أماكنهم المخصصة.|As the Crow Flies|Jeffrey Archer|true|en|true
14:55|1455-001|الساعة الثالثة إلا خمس دقائق| في تمام الساعة الثالثة إلا خمس دقائق، دخل باولو ورفيقه الكنيسة وسارا ببطء في الممر. كان جيان لورينزو يعلم أنه كان لاعب كرة قدم مشهورًا، لكنه ما زال لا يستطيع تذكر اسمه.|Cat O’ Nine Tales|Jeffrey Archer|true|en|true
14:55|1455-002|الثالثة إلا خمس دقائق| أعاد الرئيس، القس جون كونمي اليسوعي، ضبط ساعته الأنيقة في جيبه الداخلي وهو ينزل درجات بيت القسيس. الثالثة إلا خمس دقائق. وقت مناسب للمشي إلى أرتان.|Ulysses|James Joyce|true|en|true
14:55|1455-003|٢:٥٥ بعد ظهر ذلك اليوم|في تمام الساعة ٢:٥٥ بعد ظهر ذلك اليوم، أوقفت سيارتها على الجانب الآخر من الطريق مقابل مدرسة ابنتها وانتظرت خروج الطلاب. لم تنم على الإطلاق. كانت عيناها تؤلمانها، وكان هناك شعور بحرارة خفيفة في رأسها.|Kill Your Brother|Jack Heath|true|en|true
14:56|1456-000|٢:٥٦ مساءً|٢:٥٦ مساءً. هيلين وحيدة الآن. وجهها خارج الإطار، ومن خلال عدسة الكاميرا لا أرى سوى جزء من الوسادة، ومساحة من ملاءة مجعدة، والجزء العلوي من صدرها وكتفيها.|The 60 Minute Zoom|J.G. Ballard|true|en|true
14:57|1457-000|الساعة الثالثة إلا ثلاث دقائق|غادر المنزل في تمام الساعة الثالثة إلا ثلاث دقائق، حاملاً عباءته على ذراعه. كان يوماً حاراً في بداية شهر يونيو، وعندما خرج من الباب، صفع هواء الشارع وجهه كأنه لهيب من فرن مفتوح. ترنّح وكاد يسقط.|The Manxman|Sir Hall Caine|true|en|true
14:58|1458-000|الثالثة إلا دقيقتين|كانت الساعة تشير إلى الثالثة إلا دقيقتين، وكانت بلاكي جالسة وحدها على مكتبها. كانت تشعر بنوع من الخمول، كان جزء منه نتيجة صدمة متأخرة، وجزء آخر خوف، لكنه جعل أي حركة تبدو جهدًا لا يُطاق. افترضت أنها تستطيع العودة إلى المنزل، على الرغم من أن أحدًا لم يخبرها بذلك.|Original Sin|P.D. James|true|en|true
14:58|1458-001|الثالثة إلا دقيقتين|لكن في الغالب يكون الأمر عكس ذلك، ببطء. ستُدير ذلك القرص إلى نقطة توقف تام وتُجمّد الشمس هناك على الشاشة حتى لا تتحرك قيد أنملة لأسابيع، فلا تلمع ورقة على شجرة أو نصل عشب في المرعى. ستتوقف عقارب الساعة عند الثالثة إلا دقيقتين، وقد تتركها معلقة هناك حتى نصدأ.|One Flew Over the Cuckoo’s Nest|Ken Kesey|true|en|true
14:58|1458-002|الثالثة إلا دقيقتين|من الساعة التاسعة وعشرين دقيقة حتى التاسعة وسبع وعشرين دقيقة، ومن الحادية عشرة وخمس وعشرين دقيقة حتى الحادية عشرة وثمان وعشرين دقيقة، ومن الثالثة إلا عشر دقائق حتى الثالثة إلا دقيقتين، اجتمع أبطال المدرسة في جوٍّ من الألفة الكبيرة، أذهل ضحكهم الهستيري الصبي الصغير الخائف الذي مرّ مسرعًا بقلق، وأرعب الطالب الأكبر المتراخي الذي توقف بتهوّر ليتفحص الإعلانات مدعيًا حقًا لم يكتسبه.|Sinister Street|Compton Mackenzie|true|en|true
14:58|1458-003|قبل دقيقتين من الثالثة| راهنّا على حدوث ذلك غدًا؛ فأخذونا وأعطونا احتمالات اثنين إلى واحد؛ راهنّا على حدوث ذلك بعد الظهر؛ فحصلنا على احتمالات أربعة إلى واحد على ذلك؛ راهنّا على حدوث ذلك قبل دقيقتين من الثالثة؛ فمنحونا عن طيب خاطر احتمالات عشرة إلى واحد على ذلك.|The Chronicle of Young Satan|Mark Twain|true|en|true
14:59|1459-000|قبل الثالثة بدقيقة واحدة| قبل الثالثة بدقيقة واحدة، دخل خمسة من كبار الموظفين الغرفة، وسُرّ سكوت برؤية سوزان أندرسون من بينهم.|Honor Among Thieves|Jeffrey Archer|true|en|true
14:59|1459-001|حوالي الساعة الثالثة|حوالي الساعة الثالثة، كانت الأزواج الأربعة، خائفين من سعادتهم، ينزلقون أسفل الجبال الروسية، وهو بناء فريد كان يحتل آنذاك مرتفعات بوجون، وكان خطه المتموج مرئيًا فوق أشجار الشانزليزيه.|Les Misérables|Victor Hugo|true|en|true
14:59|1459-002|الساعة 2:59 مساءً|تلغراف لاسلكي خاص ينقل عبر نظام النقاط والشرطات نتيجة سباق خيل وطني بأوزان تعويضية (مضمار مسطح أو سباق حواجز) لمسافة ميل أو أكثر وفَرلنغات، فاز به حصان غير مرشح بنسبة 50 إلى 1 في تمام الساعة 3:08 مساءً في أسكوت (بتوقيت غرينتش)، على أن يتم استلام الرسالة وإتاحتها لأغراض المراهنة في دبلن في تمام الساعة 2:59 مساءً.|Ulysses|James Joyce|true|en|true
15:00|1500-000|الثالثة|دق جرس برج الساعة في ساحة القرية معلنًا الثالثة. استقام دكلان مستندًا إلى الجدار الحجري، حريصًا على البقاء مختبئًا في الظلال بينما كان يراقب الحانة من الزقاق المقابل.|On These Black Sands|Vanessa Rasanen|true|en|true
15:00|1500-001|الساعة الثالثة| كادت مشاعر غونتر المتضاربة تجاه عيد الميلاد أن تتلاشى في أول أحد من زمن المجيء. وبحلول الساعة الثالثة، اختفى شعور الخوف تمامًا.|Bright Valley of Love|Edna Hong|true|en|true
15:00|1500-002|الساعة الثالثة|في تمام الساعة الثالثة من بعد ظهر ذلك اليوم، أيقظها بيتر من حالة شبه الغيبوبة التي كانت غارقة فيها أثناء عملها، وجعلها تدرك أنها على وشك الموت جوعًا وإرهاقًا.|The Tommyknockers|Stephen King|false|en|true
15:00|1500-003|الساعة الثالثة|" فتحت الفيلوسيرابتور الصغيرة فكيها وأطلقت فحيحًا تجاه غرانت، في وضعية غضب شديد مفاجئ.<br>قال غرانت: ""رائع"".<br>قال تيم: ""هل يمكنني البقاء واللعب معها؟"".<br>قال إد ريجيس، وهو ينظر إلى ساعته: ""ليس الآن. إنها الساعة الثالثة، وهو وقت مناسب لجولة في الحديقة نفسها، حتى تتمكن من رؤية جميع الديناصورات في الموائل التي صممناها لها""."|Jurassic Park|Michael Crichton|true|en|true
15:00|1500-004|الساعة الثالثة|الساعة الثالثة دائمًا متأخرة جدًا أو مبكرة جدًا لأي شيء تريد القيام به. لحظة غريبة في فترة ما بعد الظهر.|Nausea|Jean-Paul Sartre|true|en|true
15:00|1500-005|الساعة الثالثة|بعد لحظات، حوالي الساعة الثالثة، صادف أن كان كورفيريك يمرّ بشارع موفتارد برفقة بوسويه. اشتدّ تساقط الثلج بعنف، وملأ الجو.|Les Misérables|Victor Hugo|true|en|true
15:00|1500-006|الساعة الثالثة بعد الظهر|في تمام الساعة الثالثة بعد الظهر، دُقّ جرسٌ عالٍ، وسمعتُ صوتًا ذا سلطة في القاعة، ولدهشتي، لم يكن أقل من السيد أثيلني جونز الذي أُحضر إليّ. لكنه كان مختلفًا تمامًا عن أستاذ المنطق السليم الفظّ والمتمكن الذي تولى القضية بثقة تامة في أبر نوروود. كان وجهه عابسًا، وسلوكه وديعًا بل وحتى اعتذاريًا.|The Sign of Four|Sir Arthur Conan Doyle|true|en|true
15:00|1500-007|الساعة الثالثة|"""حسنًا، تصبح على خير يا جلالة الملك، وأرجو أن ننقل إليك قريبًا بعض الأخبار السارة. وتصبح على خير يا واتسون،"" أضاف، بينما كانت عجلات العربة الملكية تتدحرج في الشارع. ""إذا تفضلت بالمرور غدًا بعد الظهر في تمام الساعة الثالثة، فأود مناقشة هذا الأمر البسيط معك."""|The Sign of Four|Sir Arthur Conan Doyle|true|en|true
15:00|1500-008|الساعة الثالثة بعد الظهر| في اليوم التالي، في تمام الساعة الثالثة بعد الظهر، ذهبتُ لمقابلة المعلم الجديد. عندما دخلتُ مكتب جوليان، صُدمتُ. كان فارغًا تمامًا. الكتب، والسجاد، والطاولة المستديرة الكبيرة، كلها اختفت.|The Secret History|Donna Tartt|true|en|true
15:00|1500-009|الساعة الثالثة بعد الظهر|في حوالي الساعة الثالثة بعد الظهر، شعرت بتعب شديد في جميع أنحاء جسدي، وقضيت الساعتين الأخيرتين من اليوم أتجول في متجر الهدايا بحثًا عن دمى الكوالا المحشوة لكاي وأوليفيا، وأسترخي على طاولة داخل المقهى المكيف.|Pictures of Lily|Paige Toon|true|en|true
15:00|1500-010|الساعة الثالثة|كانت جميع الأبواب مغلقة، وكل شيء في مكانه الصحيح. لا شيء غير عادي. عدت إلى غرفة عامل النظافة، وضبطت المنبه على الساعة الثالثة، وغفوت سريعًا.|Blind Willow, Sleeping Woman|Haruki Murakami|true|en|true
15:00|1500-011|الثالثة| عندما رنّ المنبه في الثالثة، استيقظتُ بشعور غريب. لا أستطيع تفسيره، لكنني شعرتُ باختلاف. لم أشعر برغبة في النهوض - كان الأمر كما لو أن شيئًا ما يكبت إرادتي في الخروج من السرير. أنا من النوع الذي يقفز عادةً من السرير فورًا، لذلك لم أستطع فهم الأمر.|Blind Willow, Sleeping Woman|Haruki Murakami|true|en|true
15:00|1500-012|الساعة الثالثة|" تعبر لويزا المكتب متجهةً إلى باب دوم غريلش. يتحدث رئيسها على الهاتف بصوت منخفض وغاضب. تنتظر لويزا في الخارج لكنها تسمعه. ""لا، لا، لا، سيد فروم، الأمر <em>واضح</em> وضوح الشمس، أخبرني - مهلاً، <em>أنا</em> أتحدث الآن - أخبرني عن حالة <em>أكثر</em> وضوحًا من سرطان الدم؟ هل تعرف ما أفكر فيه؟ أعتقد أن زوجتي مجرد ورقة بينك وبين موعد لعب الغولف الخاص بك في الساعة الثالثة، أليس كذلك؟"""|Cloud Atlas|David Mitchell|true|en|true
15:00|1500-013|الساعة الثالثة|" أطلق جارفيس صفيرًا من بين أسنانه. ""هل سيساعد القانون رجلاً في سنك على التعافي من كسور متعددة في العمود الفقري يا تيموثي؟""<br>إيدي: ""الرجال في سنك لا يتعافون. إنهم يسقطون أرضًا.""<br>قاتلت بكل قوتي، لكن عضلاتي العاصرة لم تعد تحت سيطرتي، وانطلقت وابل من القيء. كان بإمكاني تحمل التسلية أو الاستعلاء، لكن شفقة معذبيّ دلّت على هزيمتي المذلة. تم سحب سلسلة المرحاض.<br>""الساعة الثالثة""، سقط مشروب كافنديش-ريدوكس في المرحاض."|Cloud Atlas|David Mitchell|false|en|true
15:00|1500-014|الساعة الثالثة|" لقد ضغطتُ بشدة. ""تباً لك يا تيم، لقد <em>انهار</em> بنكي! لقد استنزفنا هؤلاء مصاصو الدماء في لويدز حتى آخر قطرة! لقد ولت الأيام التي كنت أملك فيها هذا النوع من المال تحت تصرفي، ولت، ولت! منزلنا مرهون، مرتين! أنا الساقط العظيم، وأنت الساقط الضئيل. على أي حال، لديك هذا الكتاب اللعين يُباع في كل مكتبة في العالم المعروف!""<br>قال وجهي ما لم أجد كلماتٍ للتعبير عنه.<br>""يا إلهي، أيها الأحمق. ما هو جدول السداد؟""<br>نظرتُ إلى ساعتي. ""الساعة الثالثة من بعد ظهر اليوم."""|Cloud Atlas|David Mitchell|false|en|true
15:00|1500-015|الساعة الثالثة| بحلول الساعة الثالثة، تحولت الحرارة إلى وحش كاسر، أفعى متعطشة لفريسة. كانت تُصدر فحيحًا وتنزلق عبر الأرصفة، وتُخرج لسانها المشتعل من ثقوب المفاتيح. اقترب الناس من مراوحهم، وامتصوا مكعبات الثلج بقوة أكبر، وفتحوا النوافذ، ثم أغلقوها على الفور.|The Island of Missing Trees|Elif Shafak|true|en|true
15:00|1500-016|الساعة الثالثة|عندما دقت الساعة الثالثة، شعرت إليزابيث أنها يجب أن تذهب، وقالت ذلك على مضض. عرضت عليها الآنسة بينجلي العربة، ولم تكن بحاجة إلا إلى القليل من الإلحاح لقبولها، عندما شهدت جين بقلقها الشديد على فراقها، مما اضطر الآنسة بينجلي إلى تحويل عرض العربة إلى دعوة للبقاء في نيثرفيلد في الوقت الحالي.|Pride and Prejudice|Jane Austen|true|en|true
15:00|1500-017|الثالثة بعد الظهر|"جلستُ على كومة الحطب التي كنا نحتفظ بها تحت قطعة قماش على هذا الجانب من المنزل. ""أظن أنك هنا في مهمة عمل. زوجتي.""<br>""أجل.""<br>""حسنًا، لقد شربتَ مشروبك، لذا من الأفضل أن نبدأ. ما زال أمامي يوم عمل كامل، والساعة الآن الثالثة بعد الظهر."""|Full Dark, No Stars|Stephen King|true|en|true
15:00|1500-018|الساعة الثالثة بعد الظهر| اجتاحت العاصفة أوروبا بأكملها، واستمرت في الهيجان طوال الليل وحتى اليوم التالي، وعندما توفي كرومويل في الساعة الثالثة بعد الظهر، كانت لا تزال تُلحق الدمار بالجزيرة.|Forever Amber|Kathleen Windsor|true|en|true
15:00|1500-019|تمام الساعة الثالثة|في تمام الساعة الثالثة كنت في شارع بيكر، لكن هولمز لم يكن قد عاد بعد.|A Scandal in Bohemia|Sir Arthur Conan Doyle|true|en|true
15:00|1500-020|الساعة الثالثة|والآن كانت الساعة الثالثة. لقد كان المسيح الدجال على الأرض لمدة خمس عشرة ساعة، وكان ملاك وشيطان يشربان الخمر طوال ثلاث ساعات منها.|Good Omens|Terry Pratchett and Neil Gaiman|true|en|true
15:00|1500-021|الثالثة| كانت ساعات المدينة قد تجاوزت الثالثة بقليل، لكن الظلام كان قد حلّ بالفعل - لم يكن هناك ضوء طوال اليوم - وكانت الشموع تتوهج في نوافذ المكاتب المجاورة، مثل لطخات حمراء على الهواء البني الملموس.|A Christmas Carol|Charles Dickens|true|en|true
15:00|1500-022|الساعة الثالثة|مؤرخ من الساعة الثالثة من يوم أمس. لم يكن من الممكن أن يبدأ تأثيري الدائم في وقت أبكر، وإلا لما كنتِ بهذا القدر من التعاسة من قبل.|Emma|Jane Austen|true|en|true
15:00|1500-023|الساعة الثالثة|رأى أموري فتيات يفعلن أشياءً كانت حتى في ذاكرته مستحيلة: تناول العشاء في الساعة الثالثة بعد الرقص في مقاهٍ غريبة، والتحدث عن كل جوانب الحياة بنبرة نصفها جدية ونصفها الآخر سخرية، ومع ذلك بإثارة خفية اعتبرها أموري دليلاً على خيبة أمل أخلاقية حقيقية. لكنه لم يدرك مدى انتشارها إلا عندما رأى المدن بين نيويورك وشيكاغو كمؤامرة صبيانية واسعة النطاق.|This Side of Paradise|F. Scott Fitzgerald|true|en|true
15:00|1500-024|الساعة الثالثة|انحسرت فترة ما بعد الظهر من روعة الساعة الثالثة إلى جمال الساعة الرابعة الذهبي.|This Side of Paradise|F. Scott Fitzgerald|true|en|true
15:00|1500-025|الساعة الثالثة|" بصعوبة بالغة، شق جيمس طريقه وسط موجات من الروائح، وأصوات صاخبة، وشعر أسود لامع.<br>سأل عندما وصل إلى أمان مكتبه: ""ما الذي يحدث بحق السماء؟""<br>هز كارلو كتفيه. ""إنها الساعة الثالثة.""<br>""أنا على دراية بالوقت يا كارلو. لماذا يوجد كل هذا العدد من النساء في الخارج؟""<br>""إنهنّ <em>خطيبات الجنود</em>. النساء اللواتي يرغبن في الزواج من جنود الحلفاء."""|The Wedding Officer|Anthony Capella|true|en|true
15:00|1500-026|الساعة الثالثة|يجب أن أصل إلى شمال المدينة بحلول الساعة الثالثة.|A Confederacy of Dunces|John Kennedy Toole|true|en|true
15:00|1500-027|الساعة الثالثة|"تذكروا، صاحوا، ""المعركة في تمام الساعة الثالثة. لا وقت نضيعه."""|Swallows and Amazons|Arthur Ransome|true|en|true
15:00|1500-028|ثلاثة| وغمر صوت الجرس الغرفة بموجته الحزينة، التي انحسرت، ثم تجمعت لتسقط مرة أخرى، عندما سمعت، في شرود، شيئًا يتلمس، شيئًا يخدش الباب. من في هذه الساعة؟ ثلاثة، يا إلهي! ثلاثة بالفعل!|Mrs. Dalloway|Virginia Woolf|true|en|true
15:00|1500-029|الساعة الثالثة|في تمام الساعة الثالثة من بعد ظهر ذلك اليوم، زارها. مدت يديها، مبتسمةً بطريقتها الساحرة والودودة المعتادة؛ ولثوانٍ معدودة، تبادلا النظرات العميقة.|Bel-Ami|Guy de Maupassant|true|en|true
15:00|1500-030|الساعة الثالثة|في تمام الساعة الثالثة من عصر يوم الأربعاء، تم الانتهاء من ذلك الجزء من اللوحة.|The Moonstone|Wilkie Collins|true|en|true
15:00|1500-031|الثالثة| بعد أن هجرتني المرأة التي أحببتها، رفعتُ معاناتي إلى مرتبة العظمة (مستلقيًا منهارًا على السرير في الثالثة بعد الظهر)، وبالتالي حميتُ نفسي من تجربة حزني كنتيجة لما كان في أحسن الأحوال مجرد انفصال عاطفي عادي. ربما قتلني رحيل كلوي، لكنه على الأقل تركني في وضع أخلاقي متفوق. لقد كنت شهيدًا.|Essays in Love|Alain de Botton|true|en|true
15:00|1500-032|الساعة الثالثة|دخل مستشفى الأشياء المكسورة في تمام الساعة الثالثة من بعد ظهر يوم الاثنين. كان هذا هو الترتيب. إذا دخل بعد الساعة السادسة، فعليه التوجه مباشرة إلى المنزل في سانست بارك.|Sunset Park|Paul Auster|true|en|true
15:00|1500-033|الساعة الثالثة|كان لديّ محاضرة في علم النفس الساعة الثالثة، وهي أول محاضرة في الفصل الدراسي، وكنت أظن أنني سأفوتها. وقد صدق ظني. لقد جعلت فيكتوريا من الأمر برمته طقسًا حقيقيًا، حيث كانت تخلع ملابسها بحركات استعراضية مثيرة، وتُكشف الأغطية بشكل دوري لتُظهر هذه البقعة من جسدها أو تلك، بشكل استراتيجي.|Achates McNeil|T.C. Boyle|false|en|true
15:00|1500-034|الساعة الثالثة|كانت الساعة الثالثة في يوم خريفي جميل ذي نسيم عليل عندما انطلق السيد كاسوبون بسيارته إلى منزله في لويك، على بُعد خمسة أميال فقط من تيبتون؛ وسارعت دوروثيا، التي كانت ترتدي قبعتها وشالها، عبر الشجيرات وعبر الحديقة لتتجول في الغابة المجاورة دون أي رفيق مرئي سوى مونك، كلب سانت برنارد العظيم، الذي كان دائمًا ما يعتني بالفتيات الصغيرات في نزهاتهن.|Middlemarch|George Eliot|true|en|true
15:00|1500-035|الساعة الثالثة|كانت السيدات يستحممن قبل الظهر، وبعد قيلولتهن في الساعة الثالثة، وبحلول الليل كنّ مثل كعكات الشاي الناعمة المغطاة بطبقة من العرق ومسحوق التلك الحلو.|To Kill a Mockingbird|Harper Lee|true|en|true
15:00|1500-036|الساعة الثالثة|كان السيد مادلين يأتي عادةً في الساعة الثالثة، ولأن الالتزام بالمواعيد كان من اللطف، فقد كان ملتزمًا بالمواعيد.|Les Misérables|Victor Hugo|true|en|true
15:00|1500-037|الساعة الثالثة|في يوم الأربعاء، في تمام الساعة الثالثة، انطلق السيد والسيدة بوفاري، جالسين في عربتهما التي تجرها الكلاب، إلى فوبيسارد، مع صندوق كبير مربوط خلفهما وصندوق صغير أمام المئزر. بالإضافة إلى ذلك، كان شارل يحمل صندوقًا صغيرًا بين ركبتيه.|Madame Bovary|Gustave Flaubert|true|en|true
03:00|1500-038|في الثالثة| رائحة ودخان وعرق الكازينو مقززة في الثالثة صباحًا. حينها يصبح تآكل الروح الناتج عن المقامرة المفرطة - مزيج من الجشع والخوف والتوتر العصبي - لا يُطاق، فتستيقظ الحواس وتثور عليه.|Casino Royale|Ian Fleming|true|en|true
15:00|1500-039|الساعة الثالثة|الساعة الثالثة هي الوقت المثالي في شام، لأن كل شيء ممكن. لا يزال بإمكانك التزلج، ولكن يمكنك أيضًا البدء في الشرب بشكل لائق، فقد أعيد فتح المتاجر للتو، والشمس لا تزال مشرقة. الساعة الثالثة ليست متأخرة جدًا أو مبكرة جدًا أبدًا.|Cham|Jonathan Trigell|true|en|true
15:00|1500-040|الساعة الثالثة|"كان اليوم هو اليوم الذي حددته أليكس لـ""عقابها"". ازداد توتري مع اقتراب الساعة الثالثة. كنت وحدي في المنزل، وكنت أتجول بلا كلل من غرفة إلى أخرى، وألقي نظرة خاطفة على الساعات في كل منها."|Deaf Sentence|David Lodge|true|en|true
15:00|1500-041|الثالثة بعد الظهر|"تذكر ""أن امرأة سوداء جاءت يوم الأحد الماضي في الثالثة بعد الظهر وغادرت في السادسة مع أنطونيو."""|El juguete rabioso|Roberto Arlt|true|es-AR|true
15:01|1501-000|حوالي الثالثة| كانت الشمس تغرب الآن. كانت الساعة حوالي الثالثة بعد الظهر عندما بدأت أليساندا تخبرني من هم رعاة البقر؛ لذا فقد أحرزت تقدمًا جيدًا في ذلك - بالنسبة لها. ستصل في وقت ما، لا شك، لكنها لم تكن شخصًا يمكن استعجاله.|A Connecticut Yankee in King Arthur’s Court|Mark Twain|true|en|true
15:01|1501-001|الثالثة بدقيقة واحدة|"يأتي صوت رجل من المكتب في نهاية الممر: ""سيكون هناك ما يعادل عشرين منصة نقالة بحلول الساعة الثالثة غدًا، وإذا لم تكن شاحنتك هنا في تمام الساعة الثالثة بدقيقة واحدة، فسيتم نقل الشحنة إلى مستودع فاين فير في أيلسفورد."""|The Bone Clocks|David Mitchell|true|en|true
15:01|1501-002|الثالثة ودقيقة واحدة|"كانت الساعة الثالثة ودقيقة واحدة. وبينما كان يمشي، شعر بتردد صوت قدميه على أرضية الرخام. عندها سمع صوتًا يقول: ""هل تريد الاعتراف يا بني؟"""|Sons of Fortune|Jeffrey Archer|true|en|true
15:02|1502-000|الساعة الثالثة ودقيقتين|بعد أشهر من التدقيق والمراجعة، تم الاعتراف رسميًا بجوزيف ريكاردو، من عرق مختلط، المولود بشكل غير شرعي في مستشفى بوينس آيرس في تمام الساعة الثالثة ودقيقتين بالتوقيت الغربي في 19 أكتوبر 1995.|The Children of Men|P.D. James|true|en|true
15:03|1503-000|الساعة 3:03 مساءً| أتفقد هاتف شينغي المحمول - يشير إلى الساعة 3:03 مساءً. أنهض من السرير، وأفتح حقيبتي لأخذ جوارب نظيفة، فتصيبني رائحة أمي وتجعلني أشعر بالدوار.|Harare North|Brian Chikwava|true|en|true
15:04|1504-000|3:04 مساءً| نظر إلى ساعته: 3:04 مساءً. طرق الباب مرة أخرى، لكن لم يجبه أحد. بالتأكيد لن يمنعوه من الدخول وهو متأخر بضع دقائق فقط؟|Paths of Glory|Jeffrey Archer|true|en|true
15:04|1504-001|الثالثة وأربع دقائق|رأى الساعة في برج قاعة المدينة تشير إلى الثالثة وأربع دقائق في ذلك اليوم الحار والهادئ من أواخر يوليو.|The Tommyknockers|Stephen King|true|en|true
15:04|1504-002|1504|استيقظ مايكل أنجلو في عام 1504 وهو يطرق بإزميله.|101 Reykjavik|Hallgrímur Helgason|true|en|true
15:05|1505-000|الثالثة وخمس دقائق|" قال مورفي: ""قبل خمس دقائق كانت الساعة الثالثة. لا أستطيع الجزم، لكنني أظن أنها الآن حوالي الثالثة وخمس دقائق.""<br>طويت ذراعي. ""أنا لا أقوم عادةً بعمليات مراقبة."""|White Night|Jim Butcher|true|en|true
15:05|1505-001|3:05 مساءً| للحظة واحدة، استطاعت روث رؤية عظام الخفافيش بارزة بوضوح، كما لو كانت في صورة أشعة سينية.<br>ثم تحول كل اللون الأخضر إلى أسود.<br>كانت الساعة 3:05 مساءً.|The Tommyknockers|Stephen King|true|en|true
15:05|1505-002|الثالثة وخمس دقائق|"في النهاية، في تمام الساعة الثالثة وخمس دقائق من بعد ظهر ذلك اليوم، اعترف سميث بكذب قصة فورت سكوت.<br>""كان ذلك مجرد شيء أخبر به ديك عائلته. حتى يتمكن من البقاء بالخارج طوال الليل. وشرب بعض الكحول."""|In Cold Blood|Truman Capote|true|en|true
15:06|1506-000|الثالثة وست دقائق|"كانت الساعة على برج ""لال جيرجا"" تشير إلى الثالثة وست دقائق."|Breakfast in the Ruins|Michael Moorcock|true|en|true
15:07|1507-000|الثالثة وسبع دقائق|كان اليوم التالي غائمًا، ينذر بالمطر. وصل في تمام الساعة الثالثة وسبع دقائق. كانت ساعة الكنيسة المقابلة تشير إلى ذلك. لقد اتفقا على التواجد هناك في تمام الساعة الثالثة والربع. لذلك، لو كانت هناك عندما وصل، لكانت قد وصلت قبل موعدها بثماني دقائق.|Twenty Thousand Streets Under The Sky|Patrick Hamilton|true|en|true
15:08|1508-000|الثالثة وثماني دقائق| بدأ الضباب يتلاشى، وبات بإمكانه تمييز مبنى غرانج نفسه - ظل داكن كثيف تتخلله ومضات أضواء من النوافذ. أشارت ساعته إلى أنها الثالثة وثماني دقائق. لذا، سيكونون جميعًا الآن في عزلة للتأمل، ينتظرون استدعاء الساعة الرابعة لإعلان أصواتهم النهائية.|The Black Tower|P.D. James|true|en|true
15:08|1508-001|3 ساعات و8 دقائق مساءً|تلغراف لاسلكي خاص ينقل عبر نظام النقاط والشرطات نتيجة سباق خيل وطني بأوزان تعويضية (مضمار مسطح أو سباق حواجز) لمسافة ميل أو أكثر وفَرلنغات، فاز به حصان غير مرشح بنسبة 50 إلى 1، وذلك في تمام الساعة 3 ساعات و8 دقائق مساءً في أسكوت (بتوقيت غرينتش). يتم استلام الرسالة وتكون متاحة لأغراض المراهنة في دبلن في تمام الساعة 2:59 مساءً.|Ulysses|James Joyce|true|en|true
15:09|1509-000|3:09|"""والآن عليّ الإسراع يا سيب. سأذهب لرؤية والدتي في يوركشاير، وإذا لم أغادر فورًا فسأفوت قطار الساعة 3:09 إلى هدرسفيلد. أبلغ والدتك تحياتي الحارة، وأتمنى لها التوفيق في المحاكمة."""|Mightier Than the Sword|Jeffrey Archer|true|en|true
15:09|1509-001|الساعة 3:09|في اليوم التالي، استقل قطار لندن الذي يصل إلى هال في الساعة 3:09. في محطة باراغون، سرعان ما ميّز بيميش من وصف ميريمان.|The Pit-Prop Syndicate|Freeman Wills Crofts|true|en|true
15:10|1510-000|الثالثة وعشر دقائق|كانت الساعة الثالثة وعشر دقائق عندما دخل مايلز إلى الحديقة. رأى شاحنة بينغهام السوداء من طراز جي إم سي واقفة بجانب مضخة الوقود. توقف بجانبها، وقبل أن يتوقف تمامًا، فتحت بيفرلي الباب وجلست في المقعد الأمامي بجانبه. ظن في البداية أنها كانت تبكي، لكن ما اعتبره دموعًا على خديها كان في الواقع قطرات مطر.|Staggerford|Jon Hassler|true|en|true
15:10|1510-001|3:10 مساءً|" في تمام الساعة 3:10 مساءً، كان المطعم لا يزال على بعد ساعتين تقريبًا من الافتتاح، وهو الوقت الذي كان راندي يفضله لزياراتهم. وبينما كانوا يمرون بالمقاعد الخشبية ورفوف المعاطف في الردهة، كانت إيفا تحب التوقف والنظر إلى صورة باللون البني الداكن للمالكين، جاك دوهرتي وإسماعيل ميندوزا، ولوحة مؤطرة بعنوان ""قصة لولو"" كانت تهدف إلى مساعدة الزبائن على تمضية الوقت وهم على استعداد لتحمل انتظار طويل."|Kitchens of the Great Midwest|J. Ryan Stradal|true|en|true
15:10|1510-002|الساعة 3:10 مساءً| هذه المرة، كان الأمر مجرد حقيقة بسيطة، وهي أن عقارب الساعة أشارت بالصدفة إلى الساعة 3:10 مساءً، وهي اللحظة التي توقفت فيها جميع ساعات لندن.|The Purple Cloud|M.P. Shiel|true|en|true
15:11|1511-000|الساعة الثالثة وإحدى عشرة دقيقة| عندما دخلت فيرجينيا غرفة الشاي في تمام الساعة الثالثة وإحدى عشرة دقيقة، شهق جايلز. لم يكن أحد ليتخيل أن هذه السيدة الأنيقة قد تجاوزت الستين من عمرها.|This Was a Man|Jeffrey Archer|true|en|true
15:11|1511-001|الثالثة وإحدى عشرة دقيقة مساءً|معدل ضربات القلب 132، 131، 130، ويتناقص. كانت تسير جنوبًا في شارع بارك تحت المطر. الساعة الآن الثالثة وإحدى عشرة دقيقة مساءً|The Scarpetta Factor|Patricia Cornwell|true|en|true
15:12|1512-000|الساعة الثالثة واثنتي عشرة دقيقة|"في تمام الساعة الثالثة واثنتي عشرة دقيقة، صدر إعلان عبر مكبر الصوت: ""يرجى من جميع المعنيين بقضية كارترايت العودة إلى قاعة المحكمة رقم أربعة، حيث تعود هيئة المحلفين."""|A Prisoner of Birth|Jeffrey Archer|true|en|true
15:12|1512-001|الثالثة واثنتي عشرة دقيقة|ربما كانت تلك الأميال الثلاثة أقرب إلى أربعة، لأنه عندما وصف، وهو متعب ومغبر ومكتئب القلب، برج الكنيسة التجمعية فوق أشجار الدردار والقيقب العارية في القرية، أشارت العقارب المذهبة إلى الثالثة واثنتي عشرة دقيقة.|The Turner Twins|Ralph Henry Barbour|true|en|true
15:13|1513-000|الثالثة وثلاث عشرة دقيقة| تحرك المصعد. كانت الساعة الثالثة وثلاث عشرة دقيقة. رنّ الجرس. خرج رجلان من المصعد، آلان نورمان ورجل آخر. دخل توني بلير إلى المكتب.|Virtual Assassin|Simon Kearns|true|en|true
15:14|1514-000|الساعة 3:14|" انطلقت إشارة. قال بيركس: ""ها هي الساعة 3:14 قادمة. اختبئ حتى تنتهي، ثم سنصعد إلى منزلي، ونرى إن كان هناك أي من تلك الفراولة الناضجة التي أخبرتك عنها."""|The Railway Children|Edith Nesbit|true|en|true
15:14|1514-001|الثالثة والأربعة عشر|سأعود في تمام الساعة الثالثة والأربعة عشر، لساعتنا من التأمل معًا، تأمل حلو يا حبيبتي|On the Road|Jack Kerouac|true|en|true
15:15|1515-000|الثالثة والربع|الثالثة والربع. كان هناك وقت للتحقق من مشرحة الحي لمعرفة ما إذا كانوا قد عثروا على أي جثث مجهولة الهوية - من يدري، ربما ينتهي بحثي قبل نهاية اليوم - ثم أذهب إلى البنك لإيداع أموالي وإرسال شيك إلى مالك العقار.|Storm Front|Jim Butcher|true|en|true
15:15|1515-001|الساعة الثالثة والربع|كان لدى المدير شيء أكثر إثارة من مجرد التبرز؛ ففي الساعة الثالثة والربع من ذلك اليوم، فعل شيئًا في سرواله يعادل قنبلة ذرية من البراز.|The Tommyknockers|Stephen King|false|en|true
15:15|1515-002|الساعة 3:15|" يقف سيكسميث في طابور شراء تذكرة طائرة. تُهدئه أخبار التأخيرات كأنها ترنيمة. يُراقب بقلق أي إشارة تدل على قدوم وكلاء شركة سي بورد لاصطحابه في هذه الساعة المتأخرة. أخيرًا، لوّح له موظف التذاكر.<br>""يجب أن أصل إلى لندن. أي وجهة في المملكة المتحدة، في الواقع. أي مقعد، أي شركة طيران. سأدفع نقدًا.""<br>""لا <em>أمل</em> في ذلك، سيدي."" بدا التعب واضحًا على وجه الموظفة من خلال مكياجها. ""أقرب موعد يمكنني توفيره"" - وهي تُراجع ورقة مطبوعة - ""مطار لندن هيثرو... غدًا بعد الظهر، المغادرة الساعة 3:15، شركة ليكر سكاي ترينز، التغيير في مطار جون إف كينيدي."""|Cloud Atlas|David Mitchell|true|en|true
15:15|1515-003|الثالثة والربع|كان غوردون وحيدًا. عاد أدراجه إلى الباب. نظر الرجل ذو الأنف الفراولي من فوق كتفه، والتقت عيناه بعيني غوردون، ثم انصرف محبطًا. كان على وشك وضع إدغار والاس في جيبه. دقت الساعة فوق أمير ويلز الثالثة والربع.|Keep the Aspidistra Flying|George Orwell|true|en|true
15:15|1515-004|3:15|"أخرجت ملابسي القديمة. ارتديت جوارب صوفية فوق جواربي العادية، وأخذت وقتي في ربط حذائي. أعددت شطيرتي تونة وبعض البسكويت المزدوج بزبدة الفول السوداني. ملأت قارورة الماء الخاصة بي، وعلقت سكين الصيد والقارورة بحزامي. وبينما كنت أغادر، قررت أن أترك ملاحظة. فكتبت: ""أشعر بتحسن، وسأذهب إلى بيرش كريك. سأعود قريبًا. ر. 3:15."" كان ذلك بعد حوالي أربع ساعات من الآن."|Where I’m Calling From|Raymond Carver|true|en|true
15:15|1515-005|3:15|3 يوليو: 5 ساعات و45 دقيقة. لم أنجز الكثير اليوم. ازداد خمولِي، جررتُ نفسي إلى المختبر، وكدتُ أنحرف عن الطريق مرتين. كنتُ مُركزًا بما يكفي لإطعام حديقة الحيوانات وتحديث السجل. قرأتُ كتيبات التشغيل التي تركها ويتبي للمرة الأخيرة، وقررتُ معدل تعرّض قدره 40 رونتجن/دقيقة، ومسافة مستهدفة 530 سم. كل شيء جاهز الآن. استيقظتُ الساعة 11:05. أنام الساعة 3:15.|The Voices of Time|J.G. Ballard|true|en|true
15:16|1516-000|الساعة 15:16|التقت طائرة نمرود بالطائرة الخفيفة في الساعة 15:16 بتوقيت غرينتش.|The Crow Road|Iain Banks|true|en|true
15:17|1517-000|ثلاثة وسبعة عشر| نظر رومانوف إلى الساعة على الحائط: ثلاثة وسبعة عشر. لم يصدق أنه سيحتاج إلى ساعتين تقريبًا لمعرفة ما بداخل الصناديق الخمسة. انحنى السيدان بيشوف وغادرا.|A Matter of Honor|Jeffrey Archer|true|en|true
15:17|1517-001|3:17|"""يمكنك ركوب قطار الساعة 3:17 إلى بيتربورو، حيث سيتعين عليك تغيير القطار وركوب قطار الساعة 4:09 إلى دونكاستر، ثم تغيير القطار مرة أخرى. ستصل إلى هال في الساعة 6:32."""|Dougie Mortimer’s Right Arm|Jeffrey Archer|true|en|true
15:17|1517-002|الثالثة وسبع عشرة دقيقة|انطلق من المطبخ صوت دقات المنبه الصاخبة، مما يثبت أنه، مع ضبط الساعة على الرنين في السادسة، وجد بيتر أمًا للأطفال اليتامى في تمام الساعة الثالثة وسبع عشرة دقيقة.|The Jack-Knife Man|Ellis Parker Butler|true|en|true
15:18|1518-000|3:18 مساءً|3:18 مساءً<br>قام فانس بتجهيز بندقية أوزي الباكستانية وصوّبها نحو الباب، غير متأكد مما يجب فعله. كان يخشى أن يقتل عن غير قصد أحد أفراد فريقه. لطالما مثّلت حالات احتجاز الرهائن هذا الاحتمال المرعب. سرعة تحديد الهوية وسرعة اتخاذ القرارات هما ما يصنعان فرق مكافحة الإرهاب الجيدة. كان يخشى أنه لا يمتلك أيًا من هاتين المهارتين. لم يكن حتى قناصًا ماهرًا.|Project Cyclops|Thomas Hoover|false|en|true
15:18|1518-001|الساعة الثالثة وثماني عشرة دقيقة|بدأ الفيلم المصور بالتجعد: جناح النسر مكسور، وعقرب الساعات معوج. إنها الساعة الثالثة وثماني عشرة دقيقة.|Fairyland|Paul J. McAuley|true|en|true
15:19|1519-000|الثالثة وتسع عشرة دقيقة|في تمام الساعة الثالثة وتسع عشرة دقيقة، كانت سيسيلي ثوروغود، التي لا تزال متماسكة، ولكنها لم تعد ترتدي ملابس جميلة، غارقة في مياه المحيط الأطلسي الباردة حتى كتفيها، ومتشبثة بحبل نجاة قارب صغير مقلوب.|The Long Trick|Lewis Anselm da Costa Ritchie|true|en|true
15:20|1520-000|3:20| وضع جيمس قبعته على أذنيه، ونظر في الاتجاه الآخر، وقضى وقته بالدردشة مع سام أوفلاهيرتي حول سباق 3:20، وسباق الملك جورج السادس والملكة إليزابيث.|Not a Penny More, Not a Penny Less|Jeffrey Archer|true|en|true
15:20|1520-001|3:20|" نظر إلى ساعته. كانت 3:20 فقط، لكن هذا كان كافيًا للعمل الحكومي. فاجأته كلوديت ألبرتسون. ""لا، إنه السيد هايز، هنا في الطابق الأول معنا.""<br>""هل أنتِ متأكدة؟"" كان دان قد لعب لعبة الداما مع تشارلي هايز في ذلك اليوم، وبالنسبة لرجل مصاب بسرطان الدم النخاعي الحاد، فقد بدا نشيطًا كصرصور الليل."|Doctor Sleep|Stephen King|true|en|true
15:20|1520-002|الساعة الثالثة وعشرين دقيقة|عندما رنّ الهاتف في تمام الساعة الثالثة وعشرين دقيقة، كنتُ ممددةً على التاتامي، أحدّق في السقف. تشكّلت بقعة من ضوء شمس الشتاء في المكان الذي كنتُ فيه. مثل ذبابة ميتة، كنتُ هناك، فارغة، تحت ضوء كاشف في ديسمبر 1971.|Blind Willow, Sleeping Woman|Haruki Murakami|true|en|true
15:20|1520-003|الساعة الثالثة وعشرين دقيقة|في تمام الساعة الثالثة وعشرين دقيقة من يوم الاثنين، 26 يناير 1948، في طوكيو، كنت أشرب وأشرب وأشرب وأشرب وأشرب وأشرب وأشرب وأشرب وأشرب وأشرب.|Occupied City|David Peace|true|en|true
15:21|1521-000|3:21 مساءً|"3:21 مساءً<br>قال راميريز: ""دعهم يذهبون. لدينا ما نحتاجه."" انحنى والتقط الصندوق."|Project Cyclops|Thomas Hoover|true|en|true
15:22|1522-000|3:22 مساءً|" دخلت روث أخيرًا من الباب في تمام الساعة 3:22 مساءً. سألت موظفة الاستقبال: ""هل لديكِ أي رسائل؟"" <br>أجابت الفتاة: ""لا، ولكن هناك سيدة تنتظر رؤيتكِ."""|False Impression|Jeffrey Archer|true|en|true
15:22|1522-001|3:22 مساءً|3:22 مساءً<br>بينما كان ستون إيمز يخرج من المصعد في الطابق السادس، كان ذهنه مشغولاً بخياراته. لا بد أن هذه المكالمة الهاتفية تتعلق بوينستون بارتليت. كان ينوي تصعيد الضغط.|Syndrome|Thomas Hoover|true|en|true
15:23|1523-000|الثلاثة وثلاث وعشرون دقيقة|الثلاثة وثلاث وعشرون دقيقة! هل هذا كل شيء؟ ألا يمر الوقت؟ لا، لقد قلت ذلك بالفعل، فكرت في ذلك. أجلس وأراقب الثواني وهي تتغير على الساعة. كان لديّ ساعة رولكس محدودة الإصدار تساوي ثمن سيارة جديدة، لكنني فقدتها.|Espedair Street|Iain Banks|true|en|true
15:24|1524-000|الثالثة وأربع وعشرون دقيقة|"أخطأ عازف الأرغن، في ارتياحه الممزوج بالذهول، خطأً فادحًا في عزف النوتات الأولى من موسيقى الزفاف. لم ينطق جيمي بأول جملة في ذلك اليوم، حتى هو لم يستطع اختصارها، إلا عندما كانت الساعة الثالثة وأربع وعشرون دقيقة.<br>قال: ""أقبل""."|The Reginald Perrin Omnibus|David Nobbs|true|en|true
15:25|1525-000|الساعة 15:25|"همم، لنرى. إنه سياج سكة حديدية بثلاثة خطوط، أ، د، ج... د-ا-ر-ل... فهمت: ""دارلينج هيبزيبا""<br>هيبزيبا؟ أي نوع من الأسماء هذا؟<br>""سأقابلكم يوم الأحد في ريدينج، قطار الساعة 15:25 من ديدكوت إلى ريدينج."" أقرأ لكم جيدًا، أيها الحمقى."|C|Tom McCarthy|true|en|true
15:25|1525-001|الساعة الثالثة وخمس وعشرين دقيقة|في ظهيرة اليوم التالي، أنهى السيد أندرهيل عمله في المكتب مبكرًا واستقل قطار الساعة الثالثة، ووصل إلى غرين تاون في تمام الساعة الثالثة وخمس وعشرين دقيقة، في وقتٍ كافٍ للاستمتاع بأشعة شمس الخريف المنعشة.|The Playground|Ray Bradbury|true|en|true
15:26|1526-000|15:26|"كانت الساعة تقارب 15:26، فأرسلت رسالة من كلمتين إلى كريس - ""كل شيء على ما يرام"" - ثم بدأت أسير بخطى ثابتة نحو أقرب كابينة جاهزة، محاولًا ألا أستغرق كثيرًا في التفكير في جنون ما كنت أفعله."|The Witness|Simon Kernick|true|en|true
15:27|1527-000|الساعة الثالثة وسبع وعشرين دقيقة مساءً|في تمام الساعة الثالثة وسبع وعشرين دقيقة مساءً، وهي الدقيقة التي وُلد فيها ألبرت عام 1907، قام الرجل العجوز، محاطًا بأبنائه الخمسة وأحفاده الأحد عشر وأبناء أحفاده التسعة عشر، بغرس سكين بمقبض فضي في كعكة من ثلاث طبقات.|The Queen’s Birthday Telegram|Jeffrey Archer|true|en|true
15:27|1527-001|الساعة 3:27 مساءً|" واتصلت بالقس بيترز، فجاء إلى المدرسة في تمام الساعة 3:27 مساءً، وقال: ""إذن، يا فتى، هل نحن مستعدون للانطلاق؟"""|The Curious Incident of the Dog in the Night-Time|Mark Haddon|true|en|true
15:28|1528-000|الثلاثة وثمانية وعشرون|"صرخ بحماس: ""الثلاثة وثمانية وعشرون!"" ""ألم أقل لكم! من قال إننا لا نستطيع ضبط الوقت هنا! ستصل إلى الشاطئ في تمام الساعة الثالثة وخمس وأربعين دقيقة!"""|The Woman from Outside|Hulbert Footner|true|en|true
15:28|1528-001|الثالثة والنصف تقريبًا|" قالت: ""يا إلهي! إنها الثالثة والنصف تقريبًا. يجب أن أسافر. لا تنسوا مراسم الجنازة""، وأضافت وهي ترتدي معطفها. ""الشموع، والنعش الأسود في منتصف الممر، والراهبات بأغطية رؤوسهن البيضاء، والتراتيل الكئيبة، والمخلوق المسكين المنكمش بلا أسنان، ووجهه منخسف كوجه عجوز، يتساءل عما إذا كانت ميتة حقًا - يتساءل عما إذا كانت قد دخلت الجحيم بالفعل. وداعًا."""|Nuns at Luncheon|Aldous Leonard Huxley|true|en|true
15:29|1529-000|3:29 مساءً|"الأربعاء 3:29 مساءً<br>""مايكل، تبدو رائعًا. من دواعي سروري رؤيتك مجددًا. أقول هذا بصدق. لقد أحسنت إليك السنون."" اتكأت إيفا بورودين على القماش الرمادي لمسند رأس سيارة ساب وأمعنت النظر فيه."|Project Daedalus|Thomas Hoover|true|en|true
15:29|1529-001|3:29 مساءً|3:29 مساءً<br>كانت الأحداث تتفاقم لدرجة استدعت نقل العملية إلى غرفة العمليات في قبو البيت الأبيض.|Project Cyclops|Thomas Hoover|true|en|true
15:30|1530-000|الثالثة والنصف|" قالت إليزا بصوتٍ مليء بالثقة: ""سيصوتون بالموافقة"".<br>نعم. من الناحية الفنية، يمكن للجماعة رفض توصية مجلس الأمناء، لكن في الواقع، هذا غير مرجح. في الحقيقة، لقد حجزتُ بالفعل وقتًا في الاستوديو في تمام الساعة الثالثة والنصف لتسجيل رسالة للعوالم. لقد كنتُ أُحضّر لذلك هنا."|The Dark Foundations|Chris Walley|true|en|true
15:30|1530-001|الثالثة والنصف|"""الثالثة والنصف. وقت الشاي،"" قالت ماري بوبينز، وأدارت عربة الأطفال وأغلقت فمها بإحكام كما لو كان بابًا سريًا. لم تنطق بكلمة أخرى طوال الطريق إلى المنزل."|Mary Poppins|P.L. Travers|true|en|true
15:30|1530-002|3:30|في البداية، بدا أن تغيير المكان قد أتى بثماره. تمكن من هضم شطيرة لحم البقر المشوي وسلطة الهليون التي طلبها على الغداء. في الساعة 3:30، التقى بصديقة صديقه في ردهة الفندق، حيث تناول قطعة من فطيرة الكرز وكوبًا من القهوة السوداء، والتي بقيت في معدته أيضًا.|Blind Willow, Sleeping Woman|Haruki Murakami|true|en|true
15:30|1530-003|الثالثة والنصف|لم يكن هناك أي أثر للكتابة على أي منها، ولا حتى عيد ميلاد العمة مابل، أو طبيب الأسنان، أو الثالثة والنصف.|Harry Potter and the Chamber of Secrets|J.K. Rowling|true|en|true
15:30|1530-004|الثالثة والنصف|عثروا على دراجتين غير مقفلتين في هولدر كورت، وركبوهما حوالي الساعة الثالثة والنصف على طول طريق لورنسفيل.|This Side of Paradise|F. Scott Fitzgerald|true|en|true
15:30|1530-005|الثالثة والنصف|"قبل أن أحرق المنبه، سأضبطه ليرن ليس في التاسعة من صباح اليوم التالي، بل في الثالثة والنصف من بعد ظهر اليوم التالي. وهذا يعني الثالثة والنصف من بعد ظهر اليوم. وقالت، وهي تنظر إلى ساعتها: ""هذا بعد سبع دقائق بالضبط!"""|The Witches|Roald Dahl|true|en|true
15:30|1530-006|3:30 مساءً|3:30 مساءً: استقل حافلة المدرسة إلى المنزل|The Curious Incident of the Dog in the Night-Time|Mark Haddon|true|en|true
15:30|1530-007|الثالثة والنصف|لا بد أنني انتهيت من حزم أمتعتي قبل الموعد بوقت كافٍ، لأنه عندما طُرق بابي في تمام الساعة الثالثة والنصف، كنت جالسًا على كرسيي أنتظر منذ مدة. فتحت الباب لأجد شابًا صينيًا، ربما لم يبلغ العشرين من عمره بعد، يرتدي رداءً، وقبعته في يده.|When We Were Orphans|Kazuo Ishiguro|true|en|true
15:31|1531-000|الساعة الثالثة وإحدى وثلاثون دقيقة ونصف|في تمام الساعة الثالثة وإحدى وثلاثون دقيقة ونصف، تلقيت، يا لورد تاودري، هذه الرسالة من سرير المريض المحترم بيرترام باترنت في المستشفى، وذلك من ساعتي اليدوية - وهي قطعة المجوهرات الوحيدة التي تركتها لي بالمناسبة!|The Shriek: A Satirical Burlesque|Charles Somerville|true|en|true
15:32|1532-000|3:32|في تمام الساعة 3:32، لاحظتُ كايتلين تمشي بثقة أمام مطعم ووك هاوس. رأتني في اللحظة التي رفعتُ فيها يدي، وكشفت لي عن أسنانها البيضاء الناصعة والمستقيمة حديثًا، ثم اتجهت نحوي.|The Fault in Our Stars|John Green|true|en|true
15:33|1533-000|3:33 مساءً| ترجّل جون من سيارته البيجو واتجه إلى داخل ضريح الكتاب، وقلبه ينبض بشدة حتى أطراف أصابعه. قاده سيره على المنحدر إلى مكتب المدير، دوف سوننفيلد. نظر إلى ساعته: 3:33 مساءً.|A Skeleton in God’s Closet|Paul L. Maier|true|en|true
15:33|1533-001|الثالثة وثلاث وثلاثون دقيقة|حملت حقيبتي، وألقيت نظرة خاطفة على ساعتي مرة أخرى. الثالثة وثلاث وثلاثون دقيقة.|11/22/63|Stephen King|true|en|true
15:34|1534-000|3:34 مساءً|في الواقع، لم تبدأ البلاد في الاستعداد لأول حكومة عمالية منذ حكومة كليمنت أتلي قبل ثلاثة عشر عامًا إلا بعد إعلان النتيجة النهائية في مولجيلري في الساعة 3:34 مساءً من اليوم التالي للانتخابات.|Be Careful What You Wish For|Jeffrey Archer|true|en|true
15:34|1534-001|15:34|كانت الساعة الآن 15:34، وشعر بالنعاس وكأنه رصاصة بداخله.|Devil’s Peak|Deon Meyer|true|en|true
15:35|1535-000|3:35|كان ساشا جالسًا في زاوية عربة القطار عندما انطلق قطار الساعة 3:35 من محطة ساوثهامبتون في طريقه إلى لندن. حدق من النافذة لكنه لم يتكلم، لأن ذهنه كان شاردًا في وطنه. بدأ يتساءل عما إذا كانوا قد ارتكبوا خطأً فادحًا.|Heads You Win|Jeffrey Archer|true|en|true
15:35|1535-001|الساعة الثالثة وخمس وثلاثين دقيقة|بحلول الساعة الثالثة وخمس وثلاثين دقيقة، ينتهي العمل فعليًا. لقد بعتُ بالفعل كراسيّ ذات الظهر السلمي وستراتي الصوفية الاسكتلندية. لستُ متأكدة الآن حتى من سبب بيعي لكل هذه الأشياء، إلا ربما حتى لا أُستبعد من هذه الإهانة الكبيرة لحياة المرء، ألا وهي بيع المرآب، هذا المشروع العام للتخلص السريع.|Anagrams|Lorrie Moore|true|en|true
15:35|1535-002|3:35 مساءً|إذا بدت مي وكأنها فقدت صوابها قليلاً بعد ليلة مضطربة قضتها في التدخين والتجول في المنزل المظلم بعيونٍ ثاقبة تراقب أي أصوات مريبة في الخارج وعلى السطح، فهذا لا يعني بالضرورة أنها ستظل على هذه الحال عندما تعيد حافلة المدرسة وولفي إلى المنزل في الساعة 3:35 مساءً.|I Am No One You Know: Stories|Joyce Carol Oates|true|en|true
15:36|1536-000|3:36 مساءً| خطرت بباله فكرة غريبة. يجب أن يتذكر إخبار كلير أن قمة إيفرست بحجم طاولة غرفة الطعام تقريبًا. نظر جورج إلى ساعته: 3:36 مساءً|Paths of Glory|Jeffrey Archer|true|en|true
15:36|1536-001|الرابعة إلا أربع وعشرون دقيقة|في هذه الأثناء، كانت فتاة تقف في صالة المطار. ساعة كبيرة معلقة من السقف تشير إلى أن الساعة الرابعة إلا أربع وعشرون دقيقة.|The Intruders|Michael Marshall|true|en|true
15:37|1537-000|الساعة 15:37|" تم تصنيف الانفجار رسميًا على أنه ""قضاء وقدر"". لكن، فكر ديرك، أي إله؟ ولماذا؟ أي إله قد يكون موجودًا في مبنى الركاب رقم 2 بمطار هيثرو محاولًا اللحاق برحلة الساعة 15:37 إلى أوسلو؟"|The Long Dark Tea-Time of the Soul|Douglas Adams|true|en|true
15:38|1538-000|15:38|أخذ مينديز قلمًا وأضاف إلى السطر الخاص بيوم اختفاء كارلي فيكرز: 15:38 مخالفة مرورية صادرة عن ف. فارمان.|Deeper Than the Dead|Tami Hoag|true|en|true
15:39|1539-000|الساعة الثالثة وتسع وثلاثون دقيقة|عشتُ حياتين في أواخر عام 1965 وأوائل عام 1963، واحدة في دالاس والأخرى في جودي. اجتمعتا في الساعة الثالثة وتسع وثلاثون دقيقة من بعد ظهر يوم 10 أبريل.|11/22/63|Stephen King|true|en|true
15:40|1540-000|الرابعة إلا عشرين دقيقة|لماذا لم يصل أحد غيره؟ هل وصل مبكرًا جدًا؟ لكن لا! لقد قالوا الثالثة والنصف، وكانت الساعة الرابعة إلا عشرين دقيقة على الأقل. أسرع نحو البوابة.|Keep the Aspidistra Flying|George Orwell|true|en|true
15:40|1540-001|الساعة الثالثة وأربعين دقيقة|"في تمام الساعة الثالثة وأربعين دقيقة، اتصل كليف ليُبلغ أن ديلورث وصديقته كانا جالسين على سطح سفينة ""أمايزينغ غريس""، يتناولان الفاكهة ويحتسيان النبيذ، ويتذكران الماضي كثيرًا، ويضحكان قليلًا. ""من خلال ما التقطناه بواسطة الميكروفونات الاتجاهية وما رأيناه، أظن أنهما لا ينويان الذهاب إلى أي مكان. ربما باستثناء الذهاب إلى الفراش. يبدو أنهما زوجان عجوزان شهوانيان.""<br>قال ليم: ""ابقَ معهما. لا أثق به."""|Watchers|Dean Koontz|false|en|true
15:41|1541-000|15:41|في تمام الساعة 15:41 بتوقيت غرينتش، بدأ محرك طائرة سيسنا بالتوقف، وبدأت الطائرة - على الأرجح بسبب نفاد الوقود- بفقدان الارتفاع|The Crow Road|Iain Banks|true|en|true
15:42|1542-000|3:42 مساءً|أعطى مونتويا حاسوبه أمرًا، وانقطع البث إلى الساعة 3:42 مساءً. وصلت سيارتنا إلى الممر بعد ثلاث دقائق.|Deadly Cross|James Patterson|true|en|true
15:43|1543-000|الساعة الثالثة وثلاث وأربعون دقيقة|مدّ يده نحوها، لكنها نظرت إليه نظرةً مرعبةً جعلته يتراجع ويتركها وشأنها. عند الساعة الثالثة وثلاث وأربعون دقيقة، شدّت فكّها وتابعت سيرها.|Doll Bones|Holly Black|true|en|true
15:44|1544-000|3.44 مساءً|وصل فريق الاستجابة المسلحة الذي تم تجميعه على عجل من سترانغناس إلى كوخ بيورمان الصيفي في الساعة 3.44 مساءً.|The Girl Who Played with Fire|Stieg Larsson|true|en|true
15:45|1545-000|3:45 مساءً|مع ذلك، ومع وجود هذا العدد الكبير من المركبات القديمة، بدت فرصه جيدة جدًا. نظر إلى ساعته - 3:45 مساءً|French Creek|Peter Rennebohm|true|en|true
15:45|1545-001|3:45 مساءً| الساعة 3:45 مساءً والظلام حالك في الخارج بينما أسير في ممر دار الرعاية الهادئ، باحثةً عن غرفة لوك أوليري. أجدها - بطاقة اسمه في الحامل خارج الباب، والباب موارب. أتردد. خائفة. هناك صوت خفيف قادم من الداخل. ستارة معلقة جزئيًا على المدخل. أزيح الستارة برفق وأدخل بهدوء.|Beneath Devil’s Bridge|Loreth Anne White|true|en|true
15:45|1545-002|3:45 مساءً| فتحتُ دفتر ملاحظاتي، وقلبتُ الصفحات حتى كدتُ أصل إلى النهاية قبل أن أجد صفحة فارغة، وكتبتُ: 5 أكتوبر، الساعة 3:45 مساءً، دانينغ إلى مقبرة لونغفيو، يضع الزهور على قبور والديه (؟). مطر.|11/22/63|Stephen King|true|en|true
15:45|1545-003|ثلاثة وخمس وأربعون دقيقة|"""حسنًا، إنها بالفعل ثلاثة وخمس وأربعون دقيقة. لن تصل أبدًا.""<br>""هل الازدحام المروري سيء؟""<br>""يبدو أن هناك حادثًا كبيرًا في الأمام. هذا ليس ازدحامًا مروريًا عاديًا. بالكاد تحركنا لفترة طويلة."""|1Q84, Book One|Haruki Murakami|true|en|true
15:45|1545-004|3:45|"تكفي وجبة واحدة الآن، مع جرعة إضافية من الجلوكوز. ما زال النوم ""مظلمًا""، غير منعش على الإطلاق. الليلة الماضية صورتُ فيلمًا 16 ملم لأول ثلاث ساعات، وعرضته هذا الصباح في المختبر. أول فيلم رعب حقيقي. بدوتُ كجثة نصف متحركة. استيقظتُ الساعة 10:25. أنام الساعة 3:45."|The Voices of Time|J.G. Ballard|true|en|true
15:46|1546-000|الرابعة إلا أربع عشرة دقيقة|أُصرّح لك بمغادرة هذه الغرفة في تمام الساعة الرابعة إلا أربع عشرة دقيقة. ليس قبل ذلك بلحظة واحدة... هل هذا مفهوم؟|The Blonde Lady|Maurice LeBlanc|true|en|true
15:47|1547-000|ثلاثة وسبعة وأربعون دقيقة|ثلاثة وسبعة وأربعون دقيقة. قدّر أنه لا يزال لديه عشرون دقيقة أخرى على الأقل قبل أن يبدأ فريق الجسر في التفرق.|As the Crow Flies|Jeffrey Archer|true|en|true
15:47|1547-001|3:47 مساءً|في يوم من الأيام، في 30 سبتمبر، الساعة 3:47 مساءً، وصلت برقية، أُرسلت عبر كابل من فالنتيا (أيرلندا) إلى نيوفاوندلاند والبر الرئيسي الأمريكي، إلى عنوان الرئيس باربيكان.|Journey to the Center of the Earth|Jules Verne|true|en|true
15:48|1548-000|15:48|"في تمام الساعة 15:48، خرج القمر الصناعي من ""منطقة الاهتمام"" التي حددها حاسوب مدريد."|Doomsday Ultimatum|James Follett|true|en|true
15:49|1549-000|3.49 مساءً|3.49 مساءً. انزل من حافلة المدرسة عند المنزل|The Curious Incident of the Dog in the Night-Time|Mark Haddon|true|en|true
15:49|1549-001|الساعة 3:49 مساءً|لكن كانت هناك أشياء سيئة أكثر من الأشياء الجيدة. وكان من بينها أن أمي لم تكن تعود من العمل حتى الساعة 5:30 مساءً، لذلك كان عليّ الذهاب إلى منزل أبي بين الساعة 3:49 مساءً و5:30 مساءً لأنه لم يكن مسموحًا لي أن أكون بمفردي، وقالت أمي إنه ليس لدي خيار، لذلك دفعت السرير نحو الباب في حالة محاولة أبي الدخول.|The Curious Incident of the Dog in the Night-Time|Mark Haddon|true|en|true
15:50|1550-000|الساعة الثالثة وخمسين| كان رومانوف يذرع الغرفة الصغيرة ذهابًا وإيابًا بفارغ الصبر، لكن السكرتيرة لم تعد حتى أصبحت عقارب الساعة في خط مستقيم. في الساعة الثالثة وخمسين، تم اصطحاب رومانوف إلى غرفة الرئيس.|A Matter of Honor|Jeffrey Archer|true|en|true
15:50|1550-001|3.50 مساءً|3.50 مساءً تناول العصير والوجبات الخفيفة|The Curious Incident of the Dog in the Night-Time|Mark Haddon|true|en|true
15:51|1551-000|الخامسة عشرة وإحدى وخمسين دقيقة|"تاريخ البرقية، روما، 24 نوفمبر، قبل عشر دقائق من الساعة الثالثة والعشرين. يبدو أن البرقية تقول: ""يتوقع السياديون والأطفال الملكيون وصولهم إلى روما غدًا في تمام الساعة الخامسة عشرة وإحدى وخمسين دقيقة."""|Italian Without a Master|Mark Twain|true|en|true
15:52|1552-000|الرابعة إلا ثماني دقائق|وصل إلى منعطف، وهناك كانت الاستراحة، تمامًا كما قال مكرييدي. نظر إلى ساعته؛ الرابعة إلا ثماني دقائق. كان الطريق خاليًا.|The Deceiver|Frederick Forsyth|true|en|true
15:53|1553-000|الرابعة إلا سبع دقائق|كان الأمر كما لو أن الغيوم تتلاشى بعيدًا عن الشمس. نظرت جودي إلى ريتشر. نظر هو إلى الساعة. الرابعة إلا سبع دقائق. أقل من ثلاث ساعات متبقية.|Tripwire|Lee Child|true|en|true
15:54|1554-000|3:54 مساءً|"كنا مرئيين في الجزء السفلي من إطار البث من الجانب الشرقي من شارع الحادي عشر في تمام الساعة 3:54 مساءً. مرت دقيقتان، وظهرت لافتة كُتب عليها ""أطلقوا النار على الأغنياء"" يحملها رجل يرتدي قبعة فريق لوس أنجلوس دودجرز، ونظارة شمسية داكنة، وقميصًا كاكيًا، وعصابة رأس سوداء حول رقبته."|Deadly Cross|James Patterson|true|en|true
15:55|1555-000|3.55 مساءً|3.55 مساءً. أعطِ توبي طعامًا وماءً|The Curious Incident of the Dog in the Night-Time|Mark Haddon|true|en|true
15:56|1556-000|الرابعة إلا أربع دقائق|الرابعة إلا أربع دقائق. تنهد نيومان مرة أخرى، غارقًا في أفكاره.|Tripwire|Lee Child|true|en|true
15:57|1557-000|الرابعة إلا ثلاث دقائق| دخل الموظف إلى القاعة، وعندما عاد ببطء في الدقيقة الرابعة إلا ثلاث دقائق، اكتشف كاكستون أنه كتب طلبه على ظهر رخصة زواج فارغة.|The Colonel’s Dream|Charles W. Chesnutt|true|en|true
15:58|1558-000|الساعة الرابعة إلا دقيقتين|"يُعتبر الالتزام بالمواعيد هاجسًا لدى اليابانيين، لذا لم تتفاجأ آنا عندما ظهرت سيدة أنيقة الملبس في تمام الساعة الرابعة إلا دقيقتين، وانحنت، ودعت آنا لمرافقتها. نظرت هي الأخرى إلى الصندوق الخشبي، لكنها لم تُبدِ أي رد فعل سوى أن سألت: ""هل ترغبين في نقله إلى مكتب الرئيس؟"""|False Impression|Jeffrey Archer|true|en|true
15:58|1558-001|الساعة الثالثة وثمانية وخمسين دقيقة|يُسمع دويّ أجراسٍ تدق، لكن ليس بوضوح. في تمام الساعة الثالثة وثمانية وخمسين دقيقة، فترة انتظار. بعد قليل، يظهر موكب طويل من السادة يرتدون ملابس السهرة ويقترب حتى يصبح قريبًا من الساحة، ثم يتراجع إلى جدار الجنود على الرصيف، وتظهر قمصانهم البيضاء كرقاقات الثلج، وهي لافتة للنظر للغاية وسط كل هذه الألوان الدافئة.|The Memorable Assassination|Mark Twain|true|en|true
15:59|1559-000|قبل الرابعة بدقيقة واحدة| كان يسير عبر البوابة في سياج جيلسون قبل الرابعة بدقيقة واحدة.<br>لكنه وصل إلى تلة الملكة آن في الساعة الثالثة. لمدة ساعة، سار على طريق القمة، محدقًا في البواخر بالأسفل، يشد يديه تارةً بشوق إلى كلير، ويقرر أخيرًا بتردد أنه لن يذهب إلى منزلها - ولن يراها مرة أخرى أبدًا.|Free Air|Sinclair Lewis|true|en|true
15:59|1559-001|دقيقة واحدة قبل الرابعة| بما أن الوقت كان متأخرًا بدقيقة واحدة قبل الرابعة عندما ترجل هيدوورث ويسترلينغ، رئيس الأركان اسميًا وفعليًا، من السيارة الرمادية التي انعطفت عند طريق غالاند، فقد ظن السائق أنه على صواب بما يكفي لينسى زحام الإمدادات وسيارات الإسعاف التي أخرت سيارة فخامته لمدة تسعين ثانية على الأقل في الشارع الرئيسي للمدينة.|The Last Shot|Frederick Palmer|true|en|true
15:59|1559-002|تقارب الرابعة| كانت الساعة تقارب الرابعة قبل أن يُفتح الباب، ودخل إلى الغرفة عريسٌ يبدو ثملاً، أشعث المظهر، ذو شارب جانبي، ووجه ملتهب، وملابس رثة. ولأنني كنت معتادًا على براعة صديقي المذهلة في التنكر، اضطررتُ إلى النظر ثلاث مرات قبل أن أتأكد من أنه هو بالفعل.|The Adventures of Sherlock Holmes|Sir Arthur Conan Doyle|true|en|true
15:59|1559-003|مع اقتراب الساعة الرابعة|"مع اقتراب الساعة الرابعة، كان وضع الجيش الإنجليزي خطيرًا. كان أمير أورانج يقود الوسط، وهيل الجناح الأيمن، وبيكتون الجناح الأيسر. صاح أمير أورانج، يائسًا وشجاعًا، في الهولنديين البلجيكيين: ""ناساو! برونزويك! لا تتراجعوا أبدًا!"""|Les Misérables|Victor Hugo|true|en|true
15:59|1559-004|الرابعة تقريبًا| نظر إلى ساعته: كانت الرابعة تقريبًا. ساعد دلفين على الوقوف وقادها عبر ممر إلى باب خلفي يؤدي إلى حديقة المستشفى.|The Blue Afternoon|William Boyd|true|en|true
16:00|1600-000|الرابعة|في الرابعة، يمكنك الذهاب إلى الدفيئة والحصول على ٢٤ زهرة نرجس لتذكيرنا بالربيع، وأن هناك ربيعًا.|Bright Valley of Love|Edna Hong|true|en|true
16:00|1600-001|الساعة الرابعة|كانت الساعة الرابعة، وكان أمامهم ساعة أخرى من ضوء النهار قبل أن يحين وقت المغادرة. أراد تشارلي إطلاق النار من بندقية والده كما وعده، ولكن ليس على بطة، لكنه لم يكن يعرف ما إذا كان يجرؤ على السؤال.|Blue Springs|Peter Rennebohm|true|en|true
16:00|1600-002|الرابعة|" تتبعتُ نظراته إلى رف المدفأة. توقفت الساعة عند الرابعة.<br>""يا صديقي، لقد عبث بها أحدهم. كان لا يزال أمامها ثلاثة أيام. إنها ساعة ثمانية أيام، هل تفهم؟""<br>""ولكن ما الذي يدفعهم لفعل ذلك؟ هل هي محاولة لتضليل التحقيق بجعل الجريمة تبدو وكأنها وقعت في الرابعة؟"""|The Big Four|Agatha Christie|true|en|true
16:00|1600-003|الساعة الرابعة| إنه رسام واهم من ينهي لوحته في الساعة الثانية ويتوقع تحولًا مجتمعيًا جذريًا بحلول الساعة الرابعة. حتى عندما يكتب الفنانون بيانات، فإنهم (نأمل) يدركون أن نبرتهم الملحة، في النهاية، مستعارة، لا تعدو كونها صدى ومحاكاة لإلحاح مطالب الثوار، أو احتجاجات النشطاء، بدلاً من تجسيدها فعليًا. يطالب الناس أحيانًا بالتغيير. نادرًا ما يطالبون بالفن.|Intimations|Zadie Smith|true|en|true
16:00|1600-004|الرابعة|" قال بيلبو: ""إذا مررتم من هنا يومًا، فلا تنتظروا حتى تطرقوا الباب! الشاي جاهز في الرابعة، ولكن أيًا منكم مرحب به في أي وقت."""|The Hobbit|J.R.R. Tolkien|true|en|true
16:00|1600-005|الساعة الرابعة|في تمام الساعة الرابعة، تُخرج إيفا مرجع هارفارد المُنجز من آلتها الكاتبة، وتطويه بعناية، وتضعه داخل ظرف كريمي اللون. ثم ترتدي معطفها، وتتفقد حقيبتها بحثًا عن مفاتيح السيارة، ومحفظتها، وعلبة المكياج.|Versions of Us|Laura Barnett|true|en|true
16:00|1600-006|الساعة الرابعة|لكن، مع نبضة من القلق الشديد، أدركت أنني شعرت بمثل هذا القلق والفراغ في الماضي. كثيراً. عادةً ما كان يبدأ في حوالي الساعة الرابعة من مساء يوم الأحد، لكنه وصل متأخراً قليلاً اليوم، ولا شك أنه لا يزال بتوقيت نيويورك.|Rachel’s Holiday|Marian Keyes|true|en|true
16:00|1600-007|الساعة الرابعة|كانت الساعة الرابعة قبل أن نغادر أخيرًا. الآن، لسبب ما، كان تشارلز وكاميلا هما من لم يتحدثا. لقد تشاجرا حول شيء ما - رأيتهما يتجادلان في الفناء - وطوال الطريق إلى المنزل، في المقعد الخلفي، جلسا جنبًا إلى جنب وهما يحدقان إلى الأمام مباشرة، وأذرعهما مطوية على صدورهما بطريقة أنا متأكد من أنهما لم يدركا أنها متطابقة بشكل مضحك.|The Secret History|Donna Tartt|true|en|true
16:00|1600-008|الساعة الرابعة بعد الظهر| استيقظ سامي، ووجهه محمرّ ومرتبك، حوالي الساعة الرابعة بعد الظهر. أعددنا الشاي معًا. وضعتُ الخبز على النار لأحمّصه، ووضعتُ الحساء في قدرٍ لأسخّنه. في الخارج، ازداد الطقس سوءًا، وتحوّل إلى عاصفة ربيعية، مليئة بالرياح العاتية والرياح القوية. ركب سامي على وركي، وجعلنا الأمر لعبةً بينما كنتُ أتجول في المنزل أتفقد مثبتات النوافذ وأسدل الستائر، على الرغم من أن الظلام لم يكن قد حلّ تمامًا بعد.|The Body Lies|Jo Baker|true|en|true
16:00|1600-009|الساعة الرابعة| وقفوا عند الحاجز الحديدي، لا يتحدثون فيما بينهم، بل يراقبون فقط. ويتنفسون أنفاسًا طويلة وبطيئة وعميقة، مثل سياح من الغرب الأوسط يقفون لأول مرة على نقطة بيماكويد أو رأس كودي في ولاية مين، يستنشقون هواء البحر النقي. وكعلامة على الاحترام، خلعت روز قبعتها العالية وأمسكتها بجانبها.<br>في الساعة الرابعة عادوا إلى مخيمهم في موقف السيارات، وقد استعادوا نشاطهم. سيعودون في اليوم التالي، والذي يليه، والذي يليه. سيعودون حتى ينفد البخار الجيد، ثم سيرحلون.|Doctor Sleep|Stephen King|true|en|true
16:00|1600-010|الرابعة بعد الظهر|" قلتُ: ""صباح الخير يا دكتورة تاتل"".<br>قالت: ""إنها الرابعة بعد الظهر. أعتذر عن تأخري في الرد على مكالمتك. لقد تعرضت قططي لحالة طارئة. هل تشعرين بتحسن؟ بصراحة، الأعراض التي وصفتها في رسالتك تُحيّرني."""|My Year of Rest and Relaxation|Ottessa Moshfegh|true|en|true
16:00|1600-011|الرابعة مساءً|حسنًا، لقد أصبح من الواضح تمامًا أنني لن أتمكن من اللحاق بـ (إي) بمفردي. لم تظهر أبدًا عند برج الجرس في الرابعة مساءً. كان اعتراض اتصالاتي هو التفسير الوحيد الذي خطر ببالي.|Cloud Atlas|David Mitchell|true|en|true
16:00|1600-012|الساعة الرابعة|أقترح أن أتشرف بخدمتكم وخدمة عائلتكم يوم الاثنين ١٨ نوفمبر، بحلول الساعة الرابعة، وربما أتجاوز حدود ضيافتكم حتى السبت الذي يليه، وهو أمر يمكنني القيام به دون أي إزعاج، حيث أن الليدي كاثرين لا تمانع غيابي أحيانًا يوم الأحد، شريطة أن يتم تكليف رجل دين آخر بالقيام بواجب ذلك اليوم.|Pride and Prejudice|Jane Austen|true|en|true
16:00|1600-013|الساعة الرابعة|"قال السيد بينيت وهو يطوي الرسالة: ""في تمام الساعة الرابعة، نتوقع وصول هذا الرجل المُصلح."""|Pride and Prejudice|Jane Austen|true|en|true
16:00|1600-014|الرابعة|كانت الساعة تقارب الرابعة عندما وصلنا أخيرًا، بعد عبورنا وادي ستراود الجميل، وفوق نهر سيفرن العريض المتلألئ، إلى بلدة روس الريفية الصغيرة والجميلة. كان رجل نحيل يشبه ابن عرس، متخفيًا وماكرًا، ينتظرنا على الرصيف.|The Adventures of Sherlock Holmes|Sir Arthur Conan Doyle|true|en|true
16:00|1600-015|الرابعة| استلقت في الرابعة، لا تتوقع أن تغفو ولو للحظة، لكن جسدها المتعافي كان له أولوياته الخاصة. غطت في النوم على الفور تقريبًا، وعندما استيقظت على دقات منبهها المتواصلة <em>دا-دا-دا</em>، شعرت بالامتنان لأنها ضبطته. في الخارج، كانت نسمة أكتوبر العاصفة تداعب أوراق الأشجار وترسلها عبر فناء منزلها الخلفي في تناثرات ملونة. تحول الضوء إلى ذلك اللون الذهبي الغريب الذي لا عمق له الذي يبدو أنه حكر على ظهيرة أواخر الخريف في نيو إنجلاند.|Full Dark, No Stars|Stephen King|true|en|true
16:00|1600-016|الرابعة مساءً|لذا رفض والدي تناول غداء عيد الميلاد معنا، والذي قدمته والدتي أخيرًا حوالي الساعة الرابعة مساءً، وبحلول ذلك الوقت كنا جميعًا جائعين وسكارى إلى حد ما، حسنًا... لقد كان يوم عيد ميلاد مضطربًا للغاية.|Apples Never Fall|Liane Moriarty|true|en|true
16:00|1600-017|الرابعة بعد الظهر|" قاطع همبتي دمبتي قائلاً: ""هذا يكفي للبدء، فهناك الكثير من الكلمات الصعبة. كلمة 'Brillig' تعني الرابعة بعد الظهر - الوقت الذي تبدأ فيه بشوي الطعام للعشاء."""|Through the Looking Glass|Lewis Carroll|true|en|true
16:00|1600-018|٤ مساءً| ندعوكم للانضمام إلينا يوم الأحد ٢ فبراير ٢٠٠٣ ابتداءً من الساعة ٤ مساءً في معرض هوكستون، لندن N1، لمعاينة معرض جديد للوحات برازية للفنانة كاثرين ليدنشتاينر.|Adrian Mole and the Weapons of Mass Destruction|Sue Townsend|false|en|true
16:00|1600-019|الرابعة|ذكر بيلي بيبيت وصديقته أن الساعة قد تجاوزت الرابعة، وإذا كان ذلك مناسبًا، وإذا لم يمانع أحد، فإنهما يرغبان في أن يفتح السيد توركل غرفة العزلة.|One Flew Over the Cuckoo’s Nest|Ken Kesey|true|en|true
16:00|1600-020|الساعة الرابعة|"""إذا لم يكن لديكم مانع من استقبالي في منزلكم،<br>فإنني أقترح أن أحظى بمتعة زيارتكم أنتم وعائلتكم،<br>يوم الاثنين ١٨ نوفمبر، بحلول الساعة الرابعة، وربما أتجاوز<br>ضيافتكم حتى السبت الذي يلي السبت القادم، وهو أمر يمكنني<br>فعله دون أي إزعاج، حيث أن الليدي كاثرين لا تمانع<br>غيابي العرضي يوم الأحد، شريطة أن يتم تكليف رجل دين آخر بالقيام بواجب ذلك اليوم."""|Pride and Prejudice|Jane Austen|true|en|true
16:00|1600-021|الساعة الرابعة|في وقت لاحق من الصباح، وبينما كانت الفتيات على وشك الانفصال استعدادًا لعشاء الساعة الرابعة المعتاد، دخل بطل هذه المسرحية الصامتة الفريدة مرة أخرى.|Emma|Jane Austen|true|en|true
16:00|1600-022|الساعة الرابعة|"""تذكريني غدًا يا عزيزتي إيما، حوالي الساعة الرابعة""، كانت هذه وصية السيدة ويستون الأخيرة؛ قيلت بشيء من القلق، وكانت موجهة إليها وحدها."|Emma|Jane Austen|true|en|true
16:00|1600-023|الساعة الرابعة| تضاءل ضوء الظهيرة من روعة الساعة الثالثة إلى جمال الساعة الرابعة الذهبي.|This Side of Paradise|F. Scott Fitzgerald|true|en|true
16:00|1600-024|الساعة الرابعة|… عندما جلسوا جميعًا إلى المائدة في الساعة الرابعة، بعد حوالي ثلاث ساعات من وصوله، كان قد فاز بقلب سيدته، وحصل على موافقة والدتها، ولم يكن فقط في حالة من النشوة العاطفية، بل كان، في حقيقة العقل والحقيقة، من أسعد الرجال.|Sense and Sensibility|Jane Austen|true|en|true
16:00|1600-025|الرابعة|ماذا عساي أن أجيب، عندما تُضاء الأنوار في الرابعة، في نهاية عام آخر؟|The Whitsun Weddings|Philip Larkin|true|en|true
16:00|1600-026|٤:٠٠ مساءً|٤:٠٠ مساءً. أخرج توبي من قفصه|The Curious Incident of the Dog in the Night-Time|Mark Haddon|true|en|true
16:00|1600-027|الرابعة|"بينما كان ينعطف نحو قرية الصيد سيلارديك، أعلنت أصوات التنبيهات المألوفة نشرة الأخبار الساعة الرابعة. بدأ صوت مذيع الأخبار المطمئن النشرة: ""بدأ القاتل المتسلسل المدان ومقدم البرامج الحوارية التلفزيونية السابق جاكو فانس استئنافه ضد إدانته."""|The Last Temptation|Val McDermid|true|en|true
16:00|1600-028|الرابعة|استيقظت شارميان في الرابعة وشعرت بفراغ المنزل.|Memento Mori|Muriel Spark|true|en|true
16:00|1600-029|الساعة الرابعة| وصل دجيرزينسكي في الموعد المحدد تمامًا في تمام الساعة الرابعة. طلب ديسبليشين مقابلته. كانت القضية مثيرة للاهتمام. من المؤكد أنه كان من الشائع أن يأخذ الباحث إجازة لمدة عام للعمل في النرويج أو اليابان، أو إحدى تلك الدول المشؤومة حيث أقدم الأشخاص في منتصف العمر على الانتحار بشكل جماعي.|Atomised|Michel Houellebecq|true|en|true
16:00|1600-030|الساعة الرابعة|الساعة الرابعة: حدائق على شكل إسفين تقع تحت سماء واسعة تهب عليها الرياح.|Sad Steps|Philip Larkin|true|en|true
16:00|1600-031|الرابعة|الرابعة: عندما يرتجف الزمن في المدينة على محوره - لم ينتهِ اليوم بعد، وعجلات المساء بدأت للتو بالدوران. ساعة التسليم، هكذا كان ماريوس يحب أن يفكر فيها.|The Act of Love|Howard Jacobson|true|en|true
16:00|1600-032|الرابعة|دقت الرابعة للتو. جيد! الترتيب والمراجعة والقراءة من الرابعة إلى الخامسة. قيلولة قصيرة للراحة لنفسي من الخامسة إلى السادسة. شأن الوكيل والرسالة المختومة من السابعة إلى الثامنة. في الثامنة، في الطريق.|The Woman in White - The Story Continued|Walter Hartwright VII|true|en|true
16:00|1600-033|الساعة الرابعة|عزف لمدة اثنين وعشرين يومًا، كما قال. كل يوم في الساعة الرابعة بعد الظهر، بغض النظر عن شدة القتال الدائر من حوله.|The Cellist Of Sarajevo|Steven Galloway|true|en|true
16:00|1600-034|الرابعة| لفت انتباهها وهج الكريبتونايت المنبعث من الساعة الرقمية على واجهة الميكروويف. كانت الأرقام صادقة ودقيقة، تُشير إلى الوقت، مع أنها شعرت للحظة أن حسابها خاطئ نوعًا ما. كانت الساعة الرابعة بعد الظهر.|Blood Bride|Susan May Gudge|true|en|true
16:00|1600-035|الساعة الرابعة|" أشك في أن أحدًا كُلِّف بإرسال الخبر عبر التلغراف، ومع ذلك عرفت السيدة براودي الخبر قبل الساعة الرابعة. لكنها لم تكن تعرفه بدقة تامة.<br>قالت وهي تقف عند باب مكتب زوجها: ""يا سيادة المطران، لقد زجّوا بذلك الرجل في السجن. لم يكن أمامهم بديل إلا أن يحلفوا زورًا."""|The Last Chronicle of Barset|Anthony Trollope|true|en|true
16:00|1600-036|الساعة الرابعة| لم أعرف إلا بعد حين أن تلك الزهور تُسمى زهور الساعة الرابعة، وأنها ليست سحرية على الإطلاق. السحر يكمن في البذرة، تنتظر أن تُسقى وتُعتنى بها، السحر الحقيقي هو الحياة.|Ghost Generations|Susan May Gudge|true|en|true
16:00|1600-037|الرابعة|في النهاية، لم يستطع تحمل ظهيرة أيام الأحد، وذلك الخمول الرهيب الذي يبدأ بالتسلل حوالي الساعة 2:55، عندما تعلم أنك قد استحممت كل ما يمكنك الاستحمام به في ذلك اليوم، وأنه مهما حدقت في أي فقرة في الجريدة فلن تقرأها أبدًا، أو تستخدم أسلوب التقليم الجديد الثوري الذي تصفه، وأنه بينما تحدق في الساعة ستتحرك عقاربها بلا هوادة إلى الساعة الرابعة، وستدخل في فترة سكون الروح الطويلة المظلمة.|Life, the Universe and Everything|Douglas Adams|true|en|true
16:00|1600-038|دقت الساعات الكهربائية الأربعة آلاف في وقت واحد الرابعة| في غرف المركز الأربعة آلاف، دقت الساعات الكهربائية الأربعة آلاف في وقت واحد الرابعة. وصدحت أصوات غريبة من أفواه الأبواق.|Brave New World|Aldous Leonard Huxley|true|en|true
16:00|1600-039|الساعة الرابعة|كان دوري في طهي وجبة العشاء، لذا لم أطل البقاء في الغرفة المشتركة. كانت الساعة الرابعة تمامًا عندما خرجت من المبنى، وانفتحت الأبواب خلفي وأمامي، مطلقةً وابلًا من الثرثرة وضجيج أرجل الكراسي وهي تُجر على الأرضيات الخشبية.|Deaf Sentence|David Lodge|true|en|true
16:00|1600-040|1600|تمسح الممرضة المرعبة وجه غيتلي بيدها قدر استطاعتها وتقول إنها ستحاول أن تجد له مكانًا للاستحمام الإسفنجي قبل أن تنهي نوبتها في الساعة 1600، عندها يتجمد غيتلي من شدة الرعب.|Infinite Jest|David Foster Wallace|true|en|true
16:00|1600-041|الرابعة بعد الظهر|في يوم الثلاثاء، في تمام الساعة الرابعة بعد الظهر، تلقى إردوسين زيارة من المنجم، الذي أخبره أن القادة سيجتمعون في تمبرلي في تمام الساعة التاسعة من صباح يوم الأربعاء من ذلك الأسبوع.|Los siete locos|Roberto Arlt|true|es-AR|true
16:01|1601-000|بعد الساعة الرابعة بقليل|بعد الساعة الرابعة بقليل، توجهت بيبا إلى منزل دوت وهي تحمل زجاجة نبيذ كانت تحتفظ بها، متسائلةً عما إذا كان من الممكن أن تكون حاملاً على الرغم من وجود بقايا اللولب في رحمها مثل نفايات رواد الفضاء المتروكة على سطح القمر.|The Private Lives of Pippa Lee|Rebecca Miller|true|en|true
16:01|1601-001|1601|يتسلل الضوء من خلال الستائر. فجأةً، بدت أرقام ساعة الراديو وكأنها عام. 1601. استيقظتُ مبكرًا بعض الشيء، لا داعي لأن أولد بعد 400 عام.|101 Reykjavik|Hallgrímur Helgason|true|en|true
16:02|1602-000|الساعة الرابعة ودقيقتين| كنت قد نظرتُ للتو إلى الساعة لأتأكد من أن الوقت لا يمرّ بسرعة، عندما سمعتُ صوت الطلقة. كانت الساعة الرابعة ودقيقتين. لم أكن أعرف ماذا أفعل.|Southern Ghost|Carolyn G. Hart|true|en|true
16:03|1603-000|بعد الرابعة ببضع دقائق|وصلت روز رينيك بعد الرابعة ببضع دقائق، برفقة كلبين صغيرين، وكانت ترتدي قبعة كبيرة بشكل لافت للنظر.|Not a Penny More, Not a Penny Less|Jeffrey Archer|true|en|true
16:03|1603-001|بعد الرابعة بدقائق|عندما عاد أوديل إلى الفندق بعد الرابعة بدقائق، كان أول ما فعله هو طلب ترمس كبير من عصير الفاكهة الساخن قبل أن يخرج إلى الشرفة ليتولى منصبه.|Paths of Glory|Jeffrey Archer|true|en|true
16:03|1603-002|16.03|"قرأت الصفحة بعناية ثم قالت: ""16.03 - القطة تذهب إلى المرحاض في الحديقة الأمامية."""|What Was Lost|Catherine O’Flynn|true|en|true
16:04|1604-000|الرابعة وأربع دقائق| لم تتحرك كرانز طوال الساعتين التاليتين، مدركةً أن اثنين من الحراس ينتظران بفارغ الصبر لمرافقتها إلى الحمام واستلام مستحقاتهما الليلية. لكن كان عليها أن تختار التوقيت المناسب لها. ستلبي احتياجاتهما في الرابعة وأربع دقائق، وليس قبل ذلك، عندما يحصل أحدهما على أربعين دولارًا، وسيتأكد هو من حصول الآخر على علبة سجائر بنسون آند هيدجز.|False Impression|Jeffrey Archer|true|en|true
16:04|1604-001|الرابعة وأربع دقائق|في تمام الساعة الرابعة وأربع دقائق، شعر بصوت قطار يهرول نزولاً على الدرج، وأصبح الآن كرجلٍ رقبته على المقصلة، ينتظر الفأس.|The Lord of the Sea|M.P. Shiel|true|en|true
16:05|1605-000|الرابعة وخمس دقائق|"كنتُ أقف في أعلى الدرج الطويل، أُطل على مباني الطوب الأحمر التي تُحيط بالساحة المُغطاة بالثلوج، وأستعد لركوب الترام عائدًا إلى المصحة، عندما اقترب مني شاب طويل القامة ذو وجه قبيح نوعًا ما ويرتدي نظارة، ولكنه ذكي، وقال: ""هل يُمكنكِ إخباري بالوقت من فضلكِ؟""<br>نظرتُ إلى ساعتي. ""الرابعة وخمس دقائق."""|The Bell Jar|Sylvia Plath|true|en|true
16:05|1605-001|الرابعة وخمس دقائق|كانت الساعة الرابعة وخمس دقائق بالضبط عندما خرج السيد روبرت أودلي إلى رصيف محطة شوريديتش، وانتظر بهدوء... استغرق الأمر وقتًا طويلاً لجعل الأمور مُرضية لجميع المُطالبين، حتى أن لامبالاة المحامي الملائكية بالأمور الدنيوية كادت أن تتلاشى.|Lady Audley’s Secret|Mary Elizabeth Braddon|true|en|true
16:06|1606-000|الرابعة وست دقائق|في تمام الساعة الرابعة وست دقائق، توقفت سيارة بيني الكاديلاك أمام متجر السيد بوتيليا، ونزلت والدة بيني من السيارة برفقة بينيلوبي، التي كانت تقضم طرف مخروط آيس كريم.|Follow Me: A Novel|Joanna Scott|true|en|true
16:07|1607-000|الرابعة وسبع دقائق|"في تمام الساعة الرابعة وسبع دقائق، انقطع الصمت اللاسلكي بخمس كلمات: ""تم القبض على سارق، أكرر، تم القبض على سارق."""|First Among Equals|Jeffrey Archer|true|en|true
16:07|1607-001|الساعة الرابعة وسبع دقائق|لكنه أطلق سراحه على الفور لأن السلم انزلق من تحت قدميه، وللحظة ظل معلقًا في الهواء، ثم أدرك أنه مات دون تناول القربان المقدس، دون وقت للتوبة عن أي شيء أو لتوديع أي شخص، في تمام الساعة الرابعة وسبع دقائق من يوم أحد العنصرة.|Love in the Time of Cholera|Gabriel García Márquez|true|en|true
16:08|1608-000|الرابعة وثماني دقائق|في تمام الساعة الرابعة وثماني دقائق، عاد أعضاء هيئة المحلفين إلى أماكنهم، ولاحظ أليكس هذه المرة أن تعابير وجوههم قد تغيرت من الحيرة إلى الدهشة. لم يكن أمام القاضي ساكفيل خيار سوى إعادتهم إلى منازلهم لقضاء ليلة ثانية.|A Prisoner of Birth|Jeffrey Archer|true|en|true
16:08|1608-001|الرابعة وثماني دقائق|كانت الرابعة وثماني دقائق. ما زلتُ بلا خطة. ربما كان لدى الرجال في سيارة نوفا خطة.|The Monkey’s Raincoat|Robert Crais|true|en|true
16:09|1609-000|4:09|"""يمكنك ركوب قطار الساعة 3:17 إلى بيتربورو، حيث سيتعين عليك تغيير القطار وركوب قطار الساعة 4:09 إلى دونكاستر، ثم تغيير القطار مرة أخرى. ستصل إلى هال في الساعة 6:32."""|Dougie Mortimer’s Right Arm|Jeffrey Archer|true|en|true
16:09|1609-001|الرابعة وتسع دقائق|" قالت روزماري: ""عليّ أن أغلق الخط الآن. أردت فقط أن أعرف إن كان هناك أي تحسن.""<br>""لا، ليس هناك أي تحسن. كان من اللطيف منكِ الاتصال.""<br>أغلقت الخط. كانت الساعة الرابعة وتسع دقائق."|Rosemary’s Baby|Ira Levin|true|en|true
16:10|1610-000|الرابعة وعشر دقائق|"قال: ""لا أحب هذا الانتظار"".<br>ابتسمت. ""ستكون محققًا خاصًا فاشلًا"".<br>""كم الساعة؟""<br>""الرابعة وعشر دقائق. بعد خمس عشرة دقيقة من آخر مرة سألت فيها""."|Copper River|William Kent Krueger|true|en|true
16:10|1610-001|الرابعة وعشر دقائق|في يوم السبت هذا، ترك التحية للأب مارتن، لكنه رأى أنه من اللائق أن يظهر في تمام الساعة الرابعة وعشر دقائق.|Death in Holy Orders|P.D. James|true|en|true
16:10|1610-002|1610h.|1610h. غرفة الأثقال. دوائر حرة. صوت طقطقة أنظمة المقاومة المختلفة.|Infinite Jest|David Foster Wallace|true|en|true
16:10|1610-003|الرابعة وعشر دقائق| تنظر إلى الساعة. إنها في المطبخ. دقيقة واحدة متبقية. تنتظر. إنها الرابعة وعشر دقائق. تلتقط الإكلير. تلعق الكريمة منه. تراقب نفسها. إنه أمر سخيف للغاية. لكن. تعض الشوكولاتة، والمعجنات التي أصبحت طرية بالكريمة. جاك لم يعد إلى المنزل بعد. ليان في العمل. ستغادر باولا بنفسها بعد قليل. لقد مرت سنة على إقلاعها عن الشرب. سنة بالضبط. تنظر إلى الساعة. سنة ودقيقة.|Paula Spencer|Roddy Doyle|false|en|true
16:10|1610-004|الرابعة وعشر دقائق|جاء التغيير في تمام الساعة الرابعة وعشر دقائق. استلقت المرأة التي ترتدي البدلة السوداء على الرمال، ورأته قادمًا، فاسترخت.|The Women|Ray Bradbury|true|en|true
16:11|1611-000|٤:١١ مساءً|٤:١١ مساءً الخميس. تحلق مروحية هيوي شرقًا فوق آخر جنود مشاة البحرية الأمريكية وهم يستعدون لمغادرة الشاطئ؛ وتحوم نسر في التيارات الهوائية الدافئة بالقرب من المدينة.|Seek|Denis Johnson|true|en|true
16:11|1611-001|الرابعة وإحدى عشرة دقيقة|في تمام الساعة الرابعة وإحدى عشرة دقيقة، غادرت الحافلة الأولى موقف السيارات، وصعدت المنحدر، وخرجت إلى الشارع الرئيسي.|Nothing Ventured|Jeffrey Archer|true|en|true
16:12|1612-000|الساعة الرابعة واثنتي عشرة دقيقة|ظهر نايجل ترينثام ومحاميه أخيرًا في تمام الساعة الرابعة واثنتي عشرة دقيقة؛ ولم يبدُ أن أيًا منهما شعر بضرورة الاعتذار عن تأخرهما.|As the Crow Flies|Jeffrey Archer|true|en|true
16:12|1612-001|الساعة الرابعة واثنتي عشرة دقيقة|في تمام الساعة الرابعة واثنتي عشرة دقيقة، دخلت فرقة من الفرسان إلى الساحة، أربعة صفوف، لتمهيد الطريق لموكب الجنازة.|The Empty Mirror|J. Sydney Jones|true|en|true
16:13|1613-000|الساعة 4:13 مساءً|لكن في تمام الساعة 4:13 مساءً، شاهد خمسون ألف متفرج ما لم يكن متوقعًا على الإطلاق يحدث أمام أعينهم. من أكثر أقسام المدرج الجنوبي ازدحامًا، ظهر فجأة شبح.|Aunt Julia and the Scriptwriter|Mario Vargas Llosa|true|en|true
16:14|1614-000|الساعة 4:14 مساءً|ثم في تمام الساعة 4:14 مساءً من يوم 12 مارس، انتقلتُ خلف مركبات الزنك والزركونيوم -التي لا يُكشف عنها- التي تحميني في هذا التل، والله يرحمني، ولكن الكفاح يُستبدل بكفاح آخر، يُرهقني أكثر فأكثر، كما أقول، لفصل الحق عن الباطل.|Already Dead|Denis Johnson|true|en|true
16:15|1615-000|الرابعة والربع|"في الطابق السفلي، كانت الساعة تدق الرابعة والربع. توقفا للحظة في المطبخ لتتمكن من إلقاء نظرة حولها. قال وهو يومئ برأسه نحو التقويم بجانب الثلاجة: ""بالضبط عندما غادرت. أنتِ تعرفين مدى حرص أمي على شطب الأيام"". نظر إليها وقال: ""أنا آسف على الوقت الذي أضعتيه""."|The Castle in the Attic|Elizabeth Winthrop|true|en|true
16:15|1615-001|٤:١٥ مساءً|٤:١٥ مساءً<br>من خلال نافذة قطار الخط الأرجواني، كانت محطة هوارد المتجهة جنوبًا على خط السكة الحديد المائل مزدحمة، ولكن أقل ازدحامًا من الجانب المتجه شمالًا، حيث تجمعت أولى مجموعات ركاب الضواحي، المرهقين من استيقاظهم المبكر بعد تناول الكافيين وانخفاض مستوى السكر في الدم بعد الظهر.|Kitchens of the Great Midwest|J. Ryan Stradal|true|en|true
16:15|1615-002|الرابعة والربع|أتذكر الرعب الذي انتابني في الرابعة والربع<br>أطلقتُ باب منزلنا الأمامي بصوتٍ عالٍ خلفي|False Security|John Betjeman|true|en|true
16:15|1615-003|الرابعة والربع|إنها الرابعة والربع فقط، (يُشير إلى ساعته) وأنت لست في باث الآن. لا مسرح، ولا غرف للاستعداد لها. نصف ساعة في نورثانجر تكفي.|Northanger Abbey|Jane Austen|true|en|true
16:15|1615-004|٤:١٥|يجب فصل الهاتف. يتصل بي مقاول باستمرار بشأن دفع ثمن ٥٠ كيسًا من الإسمنت يدّعي أنني استلمتها قبل عشرة أيام. يقول إنه ساعدني في تحميلها على شاحنة بنفسه. لقد قدت شاحنة ويتبي إلى المدينة، ولكن فقط للحصول على بعض مصفاة الرصاص. ماذا يظن أنني سأفعل بكل هذا الإسمنت؟ إنه بالضبط نوع الشيء المزعج الذي لا تتوقع أن يعلق فوق مخرجك الأخير. (العبرة: لا تحاول جاهدًا نسيان إنيويتوك.) استيقظت ٩:٤٠. نمت ٤:١٥.|The Voices of Time|J.G. Ballard|true|en|true
16:15|1615-005|الرابعة والربع|في اليوم العاشر من أكتوبر، في تمام الساعة الرابعة والربع بعد الظهر، وبينما كانت رياح جافة حارة تهب عبر الممرات الجبلية، وجدت ماريا نفسها في بيكر. لم تكن تنوي أبدًا الذهاب إلى بيكر، فقد بدأت ذلك اليوم كأي يوم آخر، ووجهتها الوحيدة هي الطريق السريع. لكنها قادت سيارتها عبر سان برناردينو وصعدت إلى بارستو، وبدلًا من العودة عند بارستو (لقد كانت قد وصلت إلى هذا الحد من قبل، ولكن ليس في وقت متأخر من اليوم، فقد فات وقت الرجوع، لقد كانت بعيدة جدًا ومتأخرة جدًا، وفقدت إيقاعها)، واصلت القيادة.|Play It as It Lays|Joan Didion|true|en|true
16:15|1615-006|الساعة 4:15| بدأت الشمس تغرب في الغرب، وتسلل ظل غصن بلوط على ركبتي. أشارت ساعتي إلى الساعة 4:15.|The Wind-up Bird Chronicle|Haruki Murakami|true|en|true
16:16|1616-000|٤:١٦ مساءً|٤:١٦ مساءً. الشرفة الخارجية للبار مكتظة، ويشعر إيغور بالفخر لقدرته على التخطيط، لأنه على الرغم من أنه لم يزر كان من قبل، فقد توقع هذا الموقف تحديدًا وحجز طاولة.|The Winner Stands Alone|Paulo Coelho|true|en|true
16:17|1617-000|الرابعة-سبعة عشر|يبدو أن بيرسي العظيم لا يملك حس فكاهة، ففي الرابعة-سبعة عشر سئم من ذلك، وضرب سكينر بقوة في مقلة عينه اليمنى، مما أدى إلى اسودادها كما هو موضح في الرسم التوضيحي.|A Prefect’s Uncle|P.G. Wodehouse|true|en|true
16:17|1617-001|الرابعة وسبع عشرة دقيقة|في اللحظة التالية، كانت تركض نحو منزلها، غير مكترثة بالحقائب التي أسقطتها، ولم ترَ سوى سيارات الشرطة، وعرفت عندما نظرت إلى ساعتها ورأت أنها الرابعة وسبع عشرة دقيقة، أن وقتها قد توقف.|Life Penalty|Joy Fielding|true|en|true
16:18|1618-000|4.18 مساءً|4.18 مساءً ضع توبي في قفصه|The Curious Incident of the Dog in the Night-Time|Mark Haddon|true|en|true
16:19|1619-000|4:19 مساءً|جيسيكا [4:19 مساءً] لا تسخر مني هكذا. لم أذهب إلى مسرحية منذ سنوات. تشارلز [4:19 مساءً] إذن ستكون على حسابي. يمكنكِ أنتِ وزوجكِ الاستمتاع بوقتكما على حسابي.|The Other Woman|Eric Jerome Dickey|true|en|true
16:20|1620-000|4:20 مساءً|"""لذا، كان يتم تتبعه بشكل روتيني كل خمسين دقيقة. وكان آخر رصد مُبلغ عنه في الساعة 4:20 مساءً بتوقيت مينايا المركزي. كان لا يزال يقترب من الشمس، وعلى وشك الوصول إلى أقرب نقطة له من فارهولم - والتي تُقدر بمئة ألف كيلومتر - ولكنه كان لا يزال هادئًا."""|The Shadow and Night|Chris Walley|true|en|true
16:20|1620-001|4.20 مساءً|4.20 مساءً شاهد التلفاز أو فيديو|The Curious Incident of the Dog in the Night-Time|Mark Haddon|true|en|true
16:20|1620-002|الرابعة وعشرون دقيقة|لذا حدث أنه صرخ بالساعة، وهي الرابعة وعشرون دقيقة، بصوته الجهوري عبر الشفق المتزايد؛ وبطريقة ما جعل ارتفاع صوته يبدو وكأنه إعلان عن شيء هائل.|The Oracle of the Dog|G.K. Chesterton|true|en|true
16:20|1620-003|الساعة الرابعة وعشرين دقيقة|في تمام الساعة الرابعة وعشرين دقيقة - أو بعبارة أخرى أكثر وضوحًا، بعد ساعة وعشرين دقيقة من انتهاء كل أمل معقول - تم إخراج العروس غير المتزوجة، ورأسها منخفض، وأحد والديها يقف على جانبيها، من المبنى.|Raise High the Roof Beam, Carpenters|J.D. Salinger|true|en|true
16:21|1621-000|4.21 مساءً|"4.21 مساءً<br>بينما كانوا يبدؤون، التقط دوغ غصنًا صغيرًا، وبعد أن فركه، بدأ بتحريك أحد طرفيه داخل فمه.<br>سأل بوب: ""ماذا تفعل؟""<br>أجاب دوغ: ""أغسل أسناني، على الطريقة الطبيعية.""<br>تأوه بوب مبتسمًا قليلًا. وقال: ""سأستخدم فرشاة أسناني."""|Hunted Past Reason|Richard Matheson|true|en|true
16:22|1622-000|4.22 مساءً|الاثنين، 4.22 مساءً، واشنطن العاصمة. ألقى بول هود نظرة سريعة كعادته في وقت متأخر من بعد الظهر على قائمة الأسماء المعروضة على شاشة حاسوبه.|Balance of Power: Op-Center 05|Tom Clancy, Steve Pieczenik, and Jeff Rovin|true|en|true
16:23|1623-000|الساعة 4:23|"كانوا يسرعون غربًا، محاولين الوصول إلى النهر قبل غروب الشمس. أدت ""التعديلات"" المرتبطة بالاحترار في مدار الأرض إلى تقصير أيام الشتاء، بحيث أصبح غروب الشمس الآن، في يناير، يحدث في الساعة 4:23."|A Visit from the Goon Squad|Jennifer Egan|true|en|true
16:23|1623-001|16:23 بتوقيت وسط أوروبا|16:23 بتوقيت وسط أوروبا<br>بعد وضع حقائبهم في أماكن النوم بالأسفل، توجه البحاران الجديدان المتجولان إلى سطح السفينة الرئيسي للعمل.|Nothing Ventured|Jeffrey Archer|true|en|true
16:24|1624-000|4:24|غمز مايك لأشلي وتابع التحيات والأحضان والمصافحات. كانت الساعة 4:24. ست ساعات متبقية. بدت الدقائق وكأنها تذوب.|Teardrop|Travis Thrasher|true|en|true
16:25|1625-000|4:25| قفز من الحافلة عند كاتدرائية القديس بولس، وعلى الرغم من أنه كان يمشي ببطء، إلا أنه كان يقف خارج بنك كوفمان في شارع تشيبسايد بحلول الساعة 4:25.|Mightier Than the Sword|Jeffrey Archer|true|en|true
16:25|1625-001|4:25 مساءً|"""ستظهر بعد دقائق قليلة من الساعة 4:20 يا جان بيير، ثم أنت يا جيمس حوالي الساعة 4:25 مساءً. لكن التزم بنفس الروتين تمامًا، وتصرف كما لو أن الاجتماع قد عُقد، كما هو مُخطط له أصلاً، في حفل الحديقة، وأننا جميعًا قد ذهبنا إلى كلارندون معًا."""|Not a Penny More, Not a Penny Less|Jeffrey Archer|true|en|true
16:25|1625-002|٤:٢٥ مساءً| أتأوه بصوت مسموع. إنها الساعة ٤:٢٥ مساءً — يمكنني التسلل والخروج والقول إنني لم أرَ البريد الإلكتروني.|The Girl I Was|Jenneva Rose|true|en|true
16:26|1626-000|الرابعة وست وعشرون دقيقة|"بدا من الخطأ تمامًا التفكير في مثل هذا الأمر. فكرت: ""أنا لا أعرفه. وهو لا يعرفني. ولن نعرفه أبدًا."" وضعت يدها العارية في الشمس، حيث ستتعرض للريح. كانت الساعة الرابعة وست وعشرون دقيقة."|Catch-As-Catch-Can|Charlotte Armstrong|true|en|true
16:27|1627-000|الرابعة وسبع وعشرون دقيقة|لا يزال لا أثر لجولييت. ألقت باتريشيا نظرة خاطفة على ساعتها؛ الرابعة وسبع وعشرون دقيقة - لا! تقارب الثامنة والعشرين دقيقة - أوه، أسرعي يا جولييت، أسرعي!|Visitors for the Chalet School|Elinor Brent-Dyer|true|en|true
16:28|1628-000|٤:٢٨ مساءً|في نفس اليوم: ٤:٢٨ مساءً — انعطفت يمينًا عند موقف الحافلات الثاني بعد محطة الوقود. أوقفت السيارة عند مكتب بريد الحي الأول واستفسرت من بائع التبغ الموجود على الزاوية. كان منزل السيد م. هو المنزل الواقع على يمين مكتب البريد، وكان مرئيًا بشكل قطري أمامي.|The Ruined Map: A Novel|Kobo Abe|true|en|true
16:29|1629-000|٤:٢٩ مساءً|٢١ أكتوبر ٢٠٠٧، ٤:٢٩ مساءً. كان الهاتف أحمر. وأكثر ما كرهه ويليام فيه، إلى جانب كونه مثبتًا بشكل غير ملائم على الحائط في زاوية ضيقة (وبزاوية غريبة)، هو أنه عندما يرن كان صوته عاليًا بشكل مزعج لدرجة أنه يمكنك رؤية سماعة الهاتف الكرزية ترتجف عند رفعها.|Believing Cedric|Mark Lavorato|true|en|true
16:30|1630-000|الرابعة والنصف|"""لكنني أعتقد،"" أخرج ساعته، ""أنني أستطيع قضاء ساعة معكِ. إنها الرابعة والنصف الآن. ليتني كنتُ شيئًا ما، مالك أرض، أبًا، ضابطًا في سلاح الفرسان، مصورًا، صحفيًا... أنا لا شيء، لا تخصص لي، وأحيانًا أشعر بالملل الشديد. ظننتُ حقًا أنكِ ستخبريني بشيء جديد."""|Crime and Punishment|Fyodor Dostoyevsky|true|en|true
16:30|1630-001|٤:٣٠|في الساعة ٤:٣٠، عاد غونتر إلى منزل بيرغ حاملاً باقة من زهور النرجس الصفراء. عادت السيدة جوليا إلى طبيعتها، واستقبلته هو وزهور النرجس بحفاوة بالغة.|Bright Valley of Love|Edna Hong|true|en|true
16:30|1630-002|4:30|لن ترغب الشرطة المحلية في استدعائها الساعة 4:30 عشية عيد الميلاد، وإذا كان هذا نوعًا من الخدعة، فإنه يفضل عدم المشاركة الفعالة.|The Mistletoe Murder|P.D. James|true|en|true
16:30|1630-003|الرابعة والنصف|" قالت: ""لن أدخل. سأقابلك على الدرج في الرابعة والنصف. يمكننا اصطحاب الفتيات إلى مطعم موراي لتناول آيس كريم أو شيء من هذا القبيل."" <br>بدا عليه الارتياح. قال: ""حسنًا.""<br>""أخبري الأطفال أن يستمتعوا بوقتهم."""|Life Before Man|Margaret Atwood|true|en|true
16:30|1630-004|الرابعة والنصف|يتدحرج جوناس بصعوبة من الأرجوحة، وظهره السفلي متيبّس ومنتفخ، في حاجة ماسة إلى معالج تقويم العمود الفقري. ينظر إلى ساعته. الرابعة والنصف... لكن هل هي صباحًا أم مساءً؟|Meg, Primal Waters|Steve Alten|true|en|true
16:30|1630-005|الرابعة والنصف مساءً|أحيانًا أتساءل عما حدث للفتاة - عادةً ما تخطر هذه الفكرة ببالي عندما أكون أمام طبق من السباغيتي الساخن. بعد أن أنهت المكالمة، هل اختفت إلى الأبد، وابتلعتها ظلال الرابعة والنصف مساءً؟ هل كنتُ مسؤولًا جزئيًا عن ذلك؟<br>مع ذلك، أريدك أن تفهم موقفي. في ذلك الوقت، لم أكن أرغب في التورط مع أي شخص. لهذا السبب استمريت في طهي السباغيتي، بمفردي. في ذلك القدر الضخم، الكبير بما يكفي لاحتواء كلب راعي ألماني.|Blind Willow, Sleeping Woman|Haruki Murakami|true|en|true
16:30|1630-006|الرابعة والنصف|في تمام الساعة الرابعة والنصف، اندفعتُ خارج الفندق، عازماً على القيام بمحاولة أخيرة. وما إن انعطفتُ حتى لامستُ والتر باتش. ولأنه لم يتعرف عليّ، ولأنني لم يكن لديّ ما أقوله له، لم أحاول اعتقاله. لاحقاً، بينما كنتُ أمدد ساقيّ في حدائق التويلري، عادت صورته إلى ذهني.|Tropic of Cancer|Henry Miller|true|en|true
16:30|1630-007|الرابعة والنصف|يستيقظ أحد العاملين في الساعة الرابعة والنصف بسبب منشط في الهواء، ثم يستيقظ في غرفتنا. بعد دقيقة في غرفة التعقيم والبخار، نرتدي زيًا نظيفًا قبل دخول المطعم.|Cloud Atlas|David Mitchell|true|en|true
16:30|1630-008|الرابعة والنصف|بعد ظهر اليوم، كل شيء يسير على ما يرام. عندما يبدأ وردية العمل المسائية، تشير الساعة إلى الرابعة والنصف، كما ينبغي.|One Flew Over the Cuckoo’s Nest|Ken Kesey|true|en|true
16:30|1630-009|الرابعة والنصف|"نظرتُ إلى الساعة. كانت الرابعة والنصف. قال بريت: ""لم أكن أعرف كم الساعة"". ""أقول، هل يُمكنني الجلوس؟ لا تغضبي يا عزيزتي. لقد غادرتُ للتوّ العدّ. هو من أحضرني إلى هنا."""|The Sun Also Rises|Ernest Hemingway|true|en|true
16:30|1630-010|الرابعة والنصف|في تمام الساعة الرابعة والنصف من بعد ظهر ذلك اليوم في أواخر يناير، عندما دخلتُ غرفة الجلوس مع بو، كلبي، كان هاتش جالسًا على كرسيه المفضل، عابسًا أمام التلفاز الذي كان قد كتم صوته.|Odd Hours|Dean Koontz|true|en|true
16:30|1630-011|الرابعة والنصف|أغادر المكتب في الرابعة والنصف، وأتوجه إلى إكسكلوسيف حيث أتدرب بالأوزان الحرة لمدة ساعة، ثم أستقل سيارة أجرة عبر الحديقة إلى جيو في غرفة بيير لعمل جلسة تنظيف بشرة، ومانيكير، وإذا سمح الوقت، باديكير.|American Psycho|Bret Easton Ellis|true|en|true
16:30|1630-012|الرابعة والنصف|"أغلقت الخط في وجهي في البداية، ثم سألتني إن كنت أتعمد التصرف كـ""شاب طائش من ضواحي المدينة"" مع النساء اللواتي نمت معهن. ولكن بعد الاعتذارات والإهانات والضحك والدموع، شوهد روميو وجولييت معًا في وقت لاحق من ذلك اليوم، يمسكان بأيدي بعضهما البعض في الظلام في عرض فيلم ""الحب والموت"" في الساعة الرابعة والنصف في المسرح الوطني للأفلام. نهايات سعيدة - في الوقت الحالي على الأقل."|Essays in Love|Alain de Botton|true|en|true
16:30|1630-013|الرابعة والنصف بعد الظهر|كانت الساعة الرابعة والنصف بعد الظهر عندما خرجت أمارانتا أورسولا من الحمام. رآها أوريليانو تمر أمام غرفته، مرتديةً رداءً ناعمًا مطويًا ومنشفة ملفوفة حول رأسها كعمامة.|100 años de soledad|Gabriel García Márquez|true|es-CO|true
16:31|1631-000|٤:٣١ مساءً|من: رينيه غرين - ٥ أغسطس ٢٠١١ - ٤:٣١ مساءً إلى: شيلي مانينغ الموضوع: رد: الوصول الكامل ما الذي يجب أن أقلق بشأنه إذن؟ أمزح فقط. أنتِ محقة. حسنًا، عليّ الذهاب يا صديقتي المعجبة. لديّ عمل حقيقي لأنجزه. سأتحدث إليكِ الليلة.|Click: An Online Love Story|Lisa Becker|true|en|true
16:32|1632-000|4.32 مساءً|"4.32 مساءً. الآن، يغادر جنود المارينز الثمانية المجاورون لنا مواقعهم ويمرون بسرعة، ويقول آخرهم: ""انطلق! انطلق! انطلق!"" ثم ينطلقون ركضًا."|Seek|Denis Johnson|true|en|true
16:33|1633-000|الساعة 4:33 مساءً|في تمام الساعة 4:33 مساءً، وصل رجل أصلع قصير القامة يدخن سيجارًا إلى المكتبة. اقترب من خزانة ضخمة تحتوي على آلاف البطاقات المرتبة أبجديًا وسحب درجًا. كانت أطراف أصابعه ملفوفة بضمادات.|Havana World Series|José Latour|true|en|true
16:33|1633-001|4:33|في تمام الساعة 4:33، شقت الحافلة الثانية طريقها إلى الطريق الرئيسي، حيث تعطلت بسبب ركاب الصباح الباكر العائدين من العمل، بينما كانت هي في طريقها إلى العمل.|Nothing Ventured|Jeffrey Archer|true|en|true
16:34|1634-000|4.34 مساءً| غرفة نوم مليئة بكل الأشياء العادية والمألوفة. كان هناك خزانة ملابس في الزاوية. طاولة بجانب السرير عليها مجموعة من أكواب الماء من أعمار مختلفة وساعة منبه بأرقام رقمية حمراء — 4.34 مساءً|The Raw Shark Texts|Steven Hall|true|en|true
16:35|1635-000|الرابعة وخمس وثلاثين دقيقة|"""الطائرة التي تحتاجها لن تغادر مطار شيريميتيفو حتى الرابعة وخمس وثلاثين دقيقة. على أي حال، لقد حجزت لك مقعدين عليها بالفعل.""<br>""مقعدان؟"" سأل رومانوف.<br>""من الواضح أنك ستحتاج إلى خبير ليرافقك، إلا إذا كنت تعرف الكثير عن الأيقونات أكثر مما تعرفه عن الخدمات المصرفية،"" أضاف بوسكونوف."|A Matter of Honor|Jeffrey Archer|true|en|true
16:35|1635-001|4.35|أغلق الصوت نفسه بنقرة، ثم أعاد فتح المحادثة معلنًا وصول قطار الساعة 4.35 من برمنغهام وولفرهامبتون إلى الرصيف 9.|4.50 from Paddington|Agatha Christie|true|en|true
16:36|1636-000|الرابعة وست وثلاثون دقيقة|راقبوا صديقهم من خلال الغطاء الزجاجي؛ خفت حدة حركات صدره تدريجيًا، وانخفض تنفسه أكثر فأكثر، بينما غطى جسده لون أرجواني. في الرابعة وست وثلاثون دقيقة، تم الوصول إلى آخر قسم من العجلة.|A.D. 2000|Alvarado M. Fuller|true|en|true
16:36|1636-001|بعد الرابعة والنصف|كان ذلك بعد الرابعة والنصف عندما وصلوا إلى مسرح ريد بول القديم في شارع سانت جون العلوي، وكان العرض قد بدأ منذ أكثر من ساعة. كان المسرح حارًا وخانقًا، ورطبًا تقريبًا، وكانت تفوح منه رائحة العرق والأجساد غير المغسولة والعطور القوية.|Forever Amber|Kathleen Windsor|true|en|true
16:37|1637-000|4:37| أنجبت سوزان ولدين، نات في الساعة 4:37 وبيتر في الساعة 4:43 بعد ظهر ذلك اليوم. على مدار الساعة التالية، تناوب الوالدان على احتضانهما، إلى أن اقترح الدكتور غرينوود أنه ربما ينبغي السماح للأم والطفلين بالراحة.|Sons of Fortune|Jeffrey Archer|true|en|true
16:37|1637-001|4:37| حاولت ألا تُظهر مشاعرها الحقيقية عندما قدم لها نائبها، فيل هاسكينز، في تمام الساعة 4:37 وثيقة معقدة من اثنتي عشرة صفحة تتطلب توقيع مدير قبل إرسالها إلى العميل. لم يتردد هاسكينز في تذكيرها بأنهم خسروا عقدين مماثلين في ذلك الأسبوع.|Never Stop on the Motorway|Jeffrey Archer|true|en|true
16:37|1637-002|4:37|مذكرات رورشاخ: نمت طوال اليوم. استيقظت الساعة 4:37. صاحبة المنزل تشتكي من الرائحة.|Watchmen|Alan Moore and Dave Gibbons|true|en|true
16:37|1637-003|1637|كان من المفترض أن تكون في المنزل الآن. 1637. أجل. يبدو الأمر كما لو أنني أحمل تاريخ عام على ذراعي. كل يوم هو جزء من تاريخ العالم.|101 Reykjavik|Hallgrímur Helgason|true|en|true
16:38|1638-000|4:38|"في الساعة 4:38، دخل سيب إلى البنك وقال لموظفة الاستقبال: ""لدي موعد مع السيد كوفمان."""|Mightier Than the Sword|Jeffrey Archer|true|en|true
16:38|1638-001|الخامسة إلا اثنتين وعشرين دقيقة| سمحت له أن يضعني في السيارة ويقودني إلى مركز الشرطة. عند الساعة الخامسة إلا اثنتين وعشرين دقيقة، كنت أمام زنزانة في سجن ميل ريفر.|At Catskill Eagle|Robert B. Parker|true|en|true
16:39|1639-000|4:39|"نظر إلى الساعة على مكتبه: 4:39. ""أحضر لي نقطة التفتيش في خالص""، أمر الملازم الشاب."|Honor Among Thieves|Jeffrey Archer|true|en|true
16:39|1639-001|٤:٣٩ مساءً|تستمتع هارلم بصباحات يوم الراحة الهادئة، على الرغم من أن وتيرة الحياة تعود إلى طبيعتها بعد الظهر، بعد انتهاء القداس. كانت ساعتي تشير إلى الساعة ٤:٣٩ مساءً، وأدركت أنني لم آكل شيئًا طوال اليوم. اشتريت شريحتين من البيتزا من بائع متجول على الرصيف عند تقاطع شارع ١٢٢ وشارع لينوكس، وشربت معهما مشروب سنابل بنكهة العنب.|Blood Red Blues|Teddy Hayes|true|en|true
16:40|1640-000|4:40|"ضم كوفمان يديه كما لو كان يصلي، وعندما استُجيبت دعوته، قال: ""سأحتاج إلى إجراء بعض المكالمات الهاتفية قبل اتخاذ قرار نهائي، لذا عد إلى مكتبي غدًا بعد الظهر الساعة 4:40. إذا اقتنعت، فسنتخذ القرار بناءً على ذلك."""|Mightier Than the Sword|Jeffrey Archer|true|en|true
16:40|1640-001|الرابعة وأربعون دقيقة|الرابعة وأربعون دقيقة مساءً. أنشدت بيستا ترنيمة أخرى. شعر الجميع أن هناك خطباً ما. كم من الوقت انتظروا؟ كان رئيس البلدية يكاد يجنّ من الداخل، وكذلك زوجته وابنتهما. بالكاد استطاع سيجي كبح جماح غضبه. كان وجهه أحمر كبدلته الرسمية الحمراء.|Trouble & Triumph: A Novel of Power & Beauty|Tip “T.I.” Harris with David Ritz|true|en|true
16:41|1641-000|الخامسة إلا تسع عشرة دقيقة| فتحت الباب في تمام الساعة الخامسة إلا تسع عشرة دقيقة، ظنًا منها أنها تملك بعض السيطرة على عالمها. الآن أدركت زيف هذا الظن. كل ما اعتقدت أنها تعرفه انقلب رأسًا على عقب؛ كل شيء تغير.|Who Do You Trust|Melissa James|true|en|true
16:41|1641-001|تجاوزت الرابعة وأربعين دقيقة بقليل|كانت الساعة قد تجاوزت الرابعة وأربعين دقيقة بقليل من بعد ظهر يوم الأربعاء. في الجزء الخلفي من غرفة الأخبار كان مكتب غراهام، أعلى ببضع درجات من منطقة العمل الجماعي التي تمتد من الباب الأمامي إلى المكتب. كان غراهام جالسًا على مكتبه يحاول كتابة افتتاحية على جهاز الكمبيوتر الخاص به، لكنه تشتت انتباهه بسبب التغطية التلفزيونية لجنازة الرئيسة إليزابيث سانديرسكي.|Lionhearts|Ray Keating|true|en|true
16:42|1642-000|4:42 مساءً|في حلم، يسير سيمور تحت الأشجار باتجاه مجموعة من الخيام البيضاء، لكن في كل مرة يخطو فيها خطوة للأمام، يلتف المسار وتتراجع الخيام، ويشعر بارتباك شديد. يستيقظ فجأة. تشير ساعة لوحة القيادة إلى الساعة 4:42 مساءً. كم من الوقت نام؟|Cloud Cuckoo Land|Anthony Doerr|true|en|true
16:42|1642-001|4:42 مساءً|أشعر دائمًا بالسعادة عند وصولي إلى خط نهاية سباق المسافات الطويلة، لكن هذه المرة كان الأمر مؤثرًا للغاية. رفعت قبضتي اليمنى في الهواء. كانت الساعة 4:42 مساءً. إحدى عشرة ساعة واثنتان وأربعون دقيقة منذ بداية السباق.|What I Talk About When I Talk About Running|Haruki Murakami|true|en|true
16:43|1643-000|4:43| أنجبت سوزان ولدين، نات في الساعة 4:37 وبيتر في الساعة 4:43 بعد ظهر ذلك اليوم. على مدار الساعة التالية، تناوب الوالدان على احتضانهما، إلى أن اقترح الدكتور غرينوود أنه ربما ينبغي السماح للأم والطفلين بالراحة.|Sons of Fortune|Jeffrey Archer|true|en|true
16:43|1643-001|٤:٤٣ مساءً|السيارة الوحيدة في موقف السيارات الحصوي غربًا هي سيارة سوبارو الخاصة بماريان أمينة المكتبة، مغطاة بالثلوج. ٤:٤٣ مساءً|Cloud Cuckoo Land|Anthony Doerr|true|en|true
16:43|1643-002|4:43 مساءً|تجمّع النواب في ظل سيارة لاند كروزر بينما كان كورك يُطلعهم على التفاصيل. اتصل أورين إسترفيل بمكتب الشريف في الساعة 4:43 مساءً للإبلاغ عن فقدان زوجته.|Corpus Delicti|William Kent Krueger|true|en|true
16:44|1644-000|الساعة الخامسة إلا ست عشرة دقيقة|في تمام الساعة الخامسة إلا ست عشرة دقيقة، وقف السيد بيفريدج على جانب شارع كلانكوود، مرتديًا معطف الفرو الخاص بالدكتور إسكوت، ويدخن بشغف سيجارًا من سيجارات الدكتور إسكوت المميزة.|The Lunatic at Large|J. Storer Clouston|true|en|true
16:45|1645-000|الرابعة وخمس وأربعين دقيقة مساءً|"""متى قلتَ إنك ستعود إلى أمستردام؟""<br>""أنت تعرف متى بالضبط، لأنني أخبرتك: صباح الغد.""<br>""هل يمكنك العودة مبكرًا؟""<br>""أجل، يمكنني ذلك. هناك رحلة طيران تابعة لشركة KLM في الرابعة وخمس وأربعين دقيقة مساءً اليوم ستوصلني إلى أمستردام قبل السادسة بقليل."""|The Nameless Ones|John Connolly|true|en|true
16:45|1645-001|الرابعة وخمس وأربعون دقيقة|في تمام الساعة الرابعة وخمس وأربعون دقيقة، ذهبت الآنسة هادون لتناول الشاي مع المديرة، التي شرحت سبب رغبتها في أن يتعلم جميع التلاميذ نفس المقطوعة الموسيقية الثنائية. كان ذلك جزءًا من نظامها التنسيقي الجديد.|Co-ordination|E.M. Forster|true|en|true
16:45|1645-002|الخامسة إلا خمس عشرة دقيقة| في اليوم التالي، لم يأخذ بيل سوى عشر دقائق من استراحة العشرين دقيقة المخصصة لفترة ما بعد الظهر، وغادر في تمام الساعة الخامسة إلا خمس عشرة دقيقة. ركن السيارة في الموقف تمامًا عندما نزلت أرليني من الحافلة.|Where I’m Calling From|Raymond Carver|true|en|true
16:46|1646-000|4:46|في تمام الساعة 4:46، دخل رجل بدين في منتصف العمر بخطوات متثاقلة. كان يرتدي قميصًا غوايابيرا مكويًا وبنطالًا أخضر داكنًا، وطلب أورينا كتابًا عن صناعة الحلويات، ثم جلس في نهاية غرفة القراءة نفسها. تبادلت إيفيلينا وليتيسيا نظرات دهشة. لقد كان بالتأكيد أحد تلك الأيام.|Havana World Series|José Latour|true|en|true
16:47|1647-000|4:47|لكن ربما كان الأمر أكثر من ذلك، ربما أخطأ أفينلايت خطأً فادحًا بطريقة ما، لأنه هنا كانت الساعة 4:49 حسب ساعته، و4:47 حسب ساعة الحائط، ولم يكن أوين قد وصل بعد.|The Art of Fielding|Chad Harbach|true|en|true
16:48|1648-000|الساعة الرابعة وثمانية وأربعين دقيقة|بحلول الساعة الرابعة وثمانية وأربعين دقيقة، تمكن الفريق المكون من خمسة أفراد من استعادة وعيها، واستمر الكفاح الحثيث لإنقاذ حياة إيلين. كانت تخضع لعملية جراحية منذ ما يقرب من ساعتين، وكان من المشكوك فيه أن يتحمل جسدها المزيد من الصدمات.|Taking Chances|Susan Lewis|true|en|true
16:49|1649-000|4:49 مساءً|في غضون أسابيع، كان توم يستقل قطار الساعة 4:49 مساءً إلى نيويورك كل يوم جمعة بعد الظهر، ويعود إلى هارتفورد صباح الاثنين. استمرت سو لينغ في طلب تقارير عن سير الأمور، لكن نات بدا غير مطلع بشكل غير عادي.|Sons of Fortune|Jeffrey Archer|true|en|true
16:49|1649-001|٤:٤٩ مساءً|٤:٤٩ مساءً، خرج رجل أصلع الرأس يرتدي بنطالًا كاكيًا وحذاءً رياضيًا يصل إلى الكاحل من الباب الأمامي للمنزل الأرجواني في شارع ٢١ الشرقي. أطلق عليه المحققون لقب الجنرال.|Beyond Recognition|Ridley Pearson|true|en|true
16:50|1650-000|الساعة 4:50|أخبرها الصوت أن القطار الواقف على الرصيف 3 هو قطار الساعة 4:50 المتجه إلى براكهامبتون، ميلتشيستر، ويفرتون، كارفيل جانكشن، روكستر، والمحطات المتجهة إلى تشادموث. يسافر ركاب براكهامبتون وميلتشيستر في الجزء الخلفي من القطار. أما ركاب فانيكواي فيغيرون القطار في روكستر. انقطع الصوت فجأةً مع نقرة.|4.50 from Paddington|Agatha Christie|true|en|true
16:50|1650-001|الخامسة إلا عشر دقائق|تجمدوا جميعًا في نفس الوقت، في ليلة ثلجية، قبل سبع سنوات، وبعد ذلك كانت الساعة دائمًا الخامسة إلا عشر دقائق في القلعة.|The 13 Clocks|James Thurber|true|en|true
16:50|1650-002|الخامسة إلا عشر دقائق| عندما أشارت الساعة إلى الخامسة إلا عشر دقائق، بدأت تستمع، وبعد لحظات، وبدقة كعادتها، سمعت صوت إطارات السيارة على الحصى في الخارج، وصوت باب السيارة يُغلق بقوة، وخطوات أقدام تمر من النافذة، ومفتاح يدور في القفل. وضعت خياطتها جانبًا، ونهضت، وتقدمت لتقبيله عند دخوله.|Lamb to the Slaughter|Roald Dahl|true|en|true
16:50|1650-003|الخامسة إلا عشر دقائق|"الخامسة إلا عشر دقائق.<br>""يجب أن أنهض بعد دقيقة وأقشر البازلاء للعشاء."""|Embroidery|Ray Bradbury|true|en|true
16:51|1651-000|4:51|في تمام الساعة 4:51، خرجت امرأة ترتدي معطفًا أحمر اللون من المكتبة، ورفعت غطاء رأسها، ودفعت مجرفة ثلج ذهابًا وإيابًا على الممر الأمامي.|Cloud Cuckoo Land|Anthony Doerr|true|en|true
16:51|1651-001|الخامسة إلا تسع دقائق|الخامسة إلا تسع دقائق. إذا لم تكن هذه محنة جديدة، تهدف إلى إرهاق أعصابها إلى أقصى حد، وإذا كان هذا الشخص المهم موجودًا بالفعل، وإذا كان قد رتب هذا الموعد بالفعل، وإذا وصل في الوقت المحدد، فإنه تبقى تسع دقائق.|Compulsory Happiness|Norman Manea and Linda Coverdale|true|en|true
16:52|1652-000|الخامسة إلا ثماني دقائق|كان من المقرر أن تبدأ مصارعة الثيران في تمام الساعة الخامسة. تحرص الوحوش ذات الخمسة أرجل على الوصول في موعد أقصاه ثماني أو سبع دقائق قبل الموعد المحدد: طقس آخر. في تمام الساعة الخامسة إلا ثماني دقائق، كانوا هناك. ربت الأطفال على أكتافهم: طقس آخر.|Chaos and Night|Henry De Montherlant|true|en|true
16:53|1653-000|الخامسة قبل سبع دقائق|كان الهدوء يسود مكتب البريد لدرجة أن ترينيداد كانت تسمع دقات عقرب الثواني الخافتة في كل مرة يتحرك فيها. كانت الساعة الآن الخامسة قبل سبع دقائق.|The Silence of Bonaventure Arrow|Rita Leganski|true|en|true
16:54|1654-000|الخامسة إلا ست دقائق| في الدقيقة الخامسة إلا ست دقائق، انحنى إلى الأمام والتقط الهاتف الأسود. اتصل برقم وكيل عقارات في مايفير، وطلب التحدث إلى الشريك الأقدم.|Mightier Than the Sword|Jeffrey Archer|true|en|true
16:54|1654-001|الخامسة إلا ست دقائق| عندما أعاد الغطاء الأخير، نظر إلى الساعة على الحائط: الخامسة إلا ست دقائق. وقت كافٍ لإلقاء نظرة خاطفة على الصندوق الآخر ليرى إن كان سيجد نفس الشيء مرة أخرى.|A Matter of Honor|Jeffrey Archer|true|en|true
16:54|1654-002|الساعة الخامسة إلا ست دقائق| في تمام الساعة الخامسة إلا ست دقائق، توقفت ديزي روبنسون، التي كانت على وشك الوصول إلى باب شقتها، لتنظر وتستمع. كان هناك شيء ما غير طبيعي. كان باب تيس روغان مفتوحًا على مصراعيه، ومن الداخل، استطاعت ديزي سماع صوت شيء يُكسر.|The Seventeen Widows of Sans Souci|Charlotte Armstrong|true|en|true
16:54|1654-003|1654|"كانت الساعة 1654 بالتوقيت المحلي عندما ظهرت سفينة ""أكتوبر الأحمر"" على سطح المحيط الأطلسي لأول مرة، على بعد سبعة وأربعين ميلاً جنوب شرق نورفولك. لم تكن هناك أي سفينة أخرى في الأفق."|The Hunt for Red October|Tom Clancy|true|en|true
16:55|1655-000|الرابعة وخمسة وخمسين دقيقة| حلّ الظلام. نظرت إلى لوحة القيادة فرأت أن الساعة تشير إلى الرابعة وخمسة وخمسين دقيقة. لقد كانت على الطريق لما يقرب من ثلاث ساعات.|The Private Patient|P.D. James|true|en|true
16:55|1655-001|الخامسة إلا خمس دقائق| في حوالي الخامسة إلا خمس دقائق، وبينما كانوا جميعًا يرتبون أغراضهم استعدادًا للنوم، ظهر نمرود فجأة في المنزل. كان قد أتى على أمل أن يجد بعضهم قد ارتدوا ملابسهم استعدادًا للعودة إلى منازلهم قبل الموعد المحدد.|The Ragged Trousered Philanthropists|Robert Tressell|true|en|true
16:56|1656-000|الخامسة إلا أربع دقائق|" قال اللورد تشارلز، وهو ينظر إلى ساعته: ""أتمنى لو أن ذلك القاضي العجوز الأحمق يتحرك؛ إنها تنتظر الخامسة إلا أربع دقائق: بالكاد سيدخل المحكمة قبل أن تدق، وسأخسر مهرًا بسببها."""|Roland Cashel|Charles James Lever|true|en|true
16:56|1656-001|4:56|"كان براغر في غرفته يتدرب على أغنية ""ليلة دافئة على متن باخرة"" عندما طرق والده الباب. فقد براغر إحساسه بالوقت؛ كانت الساعة 4:56.<br>قال إيلي مبتسمًا: ""إنها هنا. اخرج وسلّم عليها."""|Kitchens of the Great Midwest|J. Ryan Stradal|true|en|true
16:56|1656-002|4:56 مساءً|" وعندما جاء يوم الجمعة الأخير، بعد أن انتهيت من حزم أمتعتي تقريبًا، جلست مع والدي وأنا على أريكة غرفة المعيشة في تمام الساعة 4:56 مساءً، وانتظرت بصبر وصول سفينة ""وداعًا لفرسان مايلز""."|Looking for Alaska|John Green|true|en|true
16:57|1657-000|الخمس إلا ثلاث دقائق|"""الخمس إلا ثلاث دقائق.""<br>""من فضلك انتظر لحظة يا سيد فوغان، هناك شخص ما على الخط الآخر. سأعود بعد لحظة."" وضع كوفمان سماعة الهاتف السوداء على مكتبه، والتقط السماعة الحمراء وطلب رقمًا."|Mightier Than the Sword|Jeffrey Archer|true|en|true
16:57|1657-001|قبل الساعة 5:00 مساءً بقليل|كان توم أوسوليفان وفيليب تايلور يتبادلان أطراف الحديث عند منضدة كشك نيكي للهوت دوغ أثناء تقديمهما طلبهما قبل الساعة 5:00 مساءً بقليل.|The Ambition|Lee Strobel|true|en|true
16:57|1657-002|تقارب الخامسة|كانت الساعة تقارب الخامسة مساءً عندما صعد الطباخ إلى السفينة. لم يكن لديه الملفوف.|A Single Pebble|John Hershey|true|en|true
16:57|1657-003|تقارب الخامسة مساءً|بعد ساعة، اصطادوا سمكة صغيرة مخططة بالذهبي والبني، فأعادوها إلى الماء. أقسم براغر أنها سمكة والي صغيرة، بينما بدت إيفا متأكدة تمامًا من أنها ليست كذلك.<br>بعد ساعة أخرى من إغراق الديدان وفقدانها في قضمات صغيرة، كانت الساعة تقارب الخامسة مساءً، ومن المفترض أن أفضل وقت لصيد سمك الولاي هو المساء؛ من الواضح أنهم كانوا متحمسين للغاية وبدأوا الصيد مبكرًا جدًا.|Kitchens of the Great Midwest|J. Ryan Stradal|true|en|true
16:57|1657-004|الخامسة إلا ثلاث دقائق|ثم في الساعة الخامسة إلا ثلاث دقائق - لم يشك بيندل قط في أن أوسنارد سيكون دقيقًا في المواعيد - وصلت سيارة فورد هاتشباك بنية اللون عليها ملصق Avis على الزجاج الخلفي وتوقفت في المكان المخصص للزبائن.|The Tailor of Panama|John le Carré|true|en|true
16:58|1658-000|الخامسة إلا دقيقتين| في تمام الساعة الثالثة إلا ربع، غادرت كارول المنزل؛ وفي تمام الساعة الرابعة والنصف، أنشأت المدينة الجورجية؛ وفي تمام الساعة الخامسة إلا ربع، كانت تعيش في فقرٍ كريمٍ في منزل قسيس الكنيسة التجمعية، وحماسها يتدفق على السيدة ليونارد وارين كالمطر الصيفي على سطحٍ رماديٍ قديم؛ وفي تمام الساعة الخامسة إلا دقيقتين، تم تشييد مدينةٍ من ساحاتٍ متواضعةٍ ونوافذٍ علويةٍ مُرحِّبة، وفي تمام الساعة الخامسة ودقيقتين، كانت المدينة بأكملها مسطحةً كبابل.|Main Street|Sinclair Lewis|true|en|true
16:58|1658-001|تقارب الخامسة|الساعة تقارب الخامسة، وقد جففت الشمس الأرض بشدة حتى أصبحت حواف المروج متشققة وصلبة، بالية وبنية اللون كالسجاد البالي.|The Song Collector|Natasha Solomons|true|en|true
16:58|1658-002|الخامسة إلا دقيقة وإحدى وعشرين ثانية|"قيل لي إنه كان يحتفظ في جيب سترته بساعة كرونومتر بدلًا من ساعة يد. إذا سأله أحدهم عن الوقت، كان يقول: ""الخامسة إلا دقيقة وإحدى وعشرين ثانية""."|The Collected Stories|Isaac Bashevis Singer|true|en|true
16:59|1659-000|دقيقة واحدة قبل الخامسة|دقيقة واحدة قبل الخامسة.<br>تألقت الإبر بلهب فضي. سبحت مثل سرب صغير من الأسماك المعدنية في هواء الصيف المظلم.|Embroidery|Ray Bradbury|true|en|true
17:00|1700-000|الساعة الخامسة| كانت سماء الساعة الخامسة الكئيبة كأي ظهيرة خريفية. لم تكن المنازل القليلة ومجموعات الأشجار الحمراء أو المصفرة لافتة للنظر بأي حال من الأحوال. من كان ليتخيل أنني سأقابل، بعد مسافة قصيرة في هذا المشهد الهادئ، رجلاً عاش وأكل وشرب في عالم يبعد أربعين مليون ميل عن لندن، ورأى هذه الأرض من حيث تبدو كنقطة من نار خضراء، وتحدث مع كائن بدأت حياته قبل أن يصبح كوكبنا صالحًا للسكن؟|Perelandra|C.S. Lewis|true|en|true
17:00|1700-001|الساعة الخامسة|"""أعتقد أنه من المعتاد في المجتمعات الراقية تناول بعض المرطبات الخفيفة في الساعة الخامسة."""|The Importance of Being Earnest|Oscar Wilde|true|en|true
17:00|1700-002|الساعة الخامسة|"سأل ألبرت: ""هل سأراك مرة أخرى قبل رحيلي؟""<br>""سيكون ذلك حسب الظروف؛ متى ستنطلق؟""<br>""غدًا مساءً، الساعة الخامسة."""|The Count of Monte Cristo|Alexandre Dumas|true|en|true
17:00|1700-003|الخامسة|" سألت: ""وماذا عن إيرين أدلر؟"" <br>أجاب: ""أوه، لقد خطفت أنظار جميع الرجال في تلك المنطقة. إنها أرقّ امرأة على وجه الأرض. هكذا يقول سكان سيربنتين ميوز، رجلاً رجلاً. تعيش بهدوء، وتغني في الحفلات الموسيقية، وتخرج بسيارتها في الخامسة كل يوم، وتعود في السابعة تمامًا لتناول العشاء."""|The Adventures of Sherlock Holmes|Sir Arthur Conan Doyle|true|en|true
17:00|1700-004|الخامسة| كان مارك مترددًا في الذهاب إلى العمل، لكنني قلت له ألا يقلق، سأكون بخير. لا بد أن أكون بخير في النهاية، وقد أبدأ الآن. قال إنه سيغادر مباشرة بعد المدرسة، ويطلب من شخص آخر تغطية نادي الواجبات المنزلية؛ وسيعود إلى المنزل بحلول الخامسة. كان يوم عطلتي، وهو ما بدا لي مضيعة للوقت، لكن على الأقل لم أضطر إلى الاتصال بسينيد وشرح سبب عدم حضوري.|The Body Lies|Jo Baker|true|en|true
17:00|1700-005|5 مساءً| في ذلك المساء، وجد نفسه جالسًا عند مدخل مصرف مياه الأمطار الكبير على المنحدر أسفل جسر كيب فير التذكاري. كان لديه غرفة، لكن كانت هناك مشكلة صغيرة تتمثل في تراكم الإيجار المتأخر، والذي وعد بدفعه بالكامل اعتبارًا من الساعة 5 مساءً من يوم أمس. ولم يكن هذا كل شيء. إذا عاد إلى غرفته، فقد تتم دعوته لزيارة مبنى بلدي يشبه الحصن في شارع بيس، للإجابة على بعض الأسئلة حول مشاجرة في حانة معينة. بشكل عام، بدا من الأسلم البقاء بعيدًا.|Doctor Sleep|Stephen King|true|en|true
17:00|1700-006|الساعة الخامسة|كان ظلي يسير معي على الرمال، بطول لا يقل عن ستة أمتار. وكانت طيور النورس، التي تشم رائحة الكرواسون في ورقها المشمع، تحلق فوق رأسي. وعندما كنت أعود، عادةً حوالي الساعة الخامسة (على الرغم من أنني كنت أبقى أحيانًا لوقت متأخر - لم يكن هناك ما ينتظرني في خليج هيفنز، وهي بلدة تغفو في الغالب عندما ينتهي الصيف)، كان ظلي يسير معي على الماء.|Joyland|Stephen King|true|en|true
17:00|1700-007|الساعة الخامسة|بدأ العمل كالمعتاد في عيد ميلادها العشرين، 17 نوفمبر. كان المطر يهطل بشكل متقطع بعد ظهر ذلك اليوم، ثم ينهمر بغزارة منذ المساء الباكر. في تمام الساعة الخامسة، جمع المدير الموظفين لشرح عروض اليوم الخاصة. كان على النادلين حفظها كلمة بكلمة وعدم استخدام أي تلميحات: لحم العجل ميلانو، معكرونة مغطاة بالسردين والملفوف، موس الكستناء.|Blind Willow, Sleeping Woman|Haruki Murakami|true|en|true
17:00|1700-008|الساعة الخامسة|" ""لكن كيف انتهى الأمر؟"" قاطعته.<br>""هذا هو بالضبط... لم ينتهِ الأمر. وعدتها برؤيتها يوم الثلاثاء حوالي الساعة الخامسة. هذا سيء، كما تعلم! كانت هناك تجاعيد في وجهها ستبدو أسوأ بكثير في ضوء النهار. أعتقد أنها تريدني أن أمارس معها الجنس يوم الثلاثاء."""|Tropic of Cancer|Henry Miller|false|en|true
17:00|1700-009|الساعة الخامسة|مع عودة تانيا إلى حياتها، ووظيفة مستقرة، وحديثنا الظريف عن روسيا، وعودتنا إلى المنزل ليلاً، وباريس في أوج صيفها، تبدو الحياة وكأنها ترفع رأسها قليلاً. ولعل هذا هو السبب في أن رسالة مثل التي أرسلها لي بوريس تبدو غريبة تماماً. ألتقي بتانيا كل يوم تقريباً حوالي الساعة الخامسة، لنحتسي معاً كأس بورتو، كما تسميه. أدعها تأخذني إلى أماكن لم أرها من قبل، إلى الحانات الراقية حول الشانزليزيه حيث يبدو صوت موسيقى الجاز وأصوات الأطفال وهم يتغلغل عبر أعمال الخشب الماهوجني.|Tropic of Cancer|Henry Miller|true|en|true
17:00|1700-010|الساعة الخامسة|" على الأرض، كانت الساعة تُسيطر على حياتنا. كنتُ دائمًا على دراية بالوقت، ويوم الأسبوع، والشهر والسنة. لقد وضعتُ العديد من الخطط، معظمها مع جيمس. كنتُ أكتب له: ""أراك في منزلي الساعة الخامسة""، أو ""قابلني في الحديقة غدًا بعد المدرسة""."|Kaleidoscope|Brian Selznick|true|en|true
17:00|1700-011|الساعة الخامسة|في اليوم التالي، في تمام الساعة الخامسة، تزوجت من توم بوكانان دون أن يرتجف لها جفن، وانطلقت في رحلة لمدة ثلاثة أشهر إلى جزر المحيط الهادئ الجنوبية.|The Great Gatsby|F. Scott Fitzgerald|true|en|true
17:00|1700-012|الخامسة| كان المنزل غارقًا في الظلام. لم أكن أعرف ما الذي ينتظرني عندما دفعت الباب الأمامي. سيفتقدني بن؛ فقد قال إنه سيعود إلى المنزل بحلول الخامسة. تخيلته يذرع غرفة المعيشة جيئة وذهابًا.|Before I Go to Sleep|S.J. Watson|true|en|true
17:00|1700-013|الخامسة مساءً|" قالت بيتسي نيل: ""كجزء من جهودنا للحد من القيادة تحت تأثير الكحول، فإن سياستنا هي الاتصال هاتفيًا بالأشخاص الذين يتركون سياراتهم في موقف السيارات بعد الإغلاق. ستكون سيارتك فورد إكسبيديشن، لوحة ترخيص كونيتيكت 775 NSD، متاحة للاستلام حتى الساعة الخامسة مساءً هذا المساء."""|Full Dark, No Stars|Stephen King|true|en|true
17:00|1700-014|5:00 مساءً|في هذه الصورة، بدت الخلفية الداكنة وكأنها تقاطع شارع ماركت وشارع باول في الساعة 5:00 مساءً، ازدحام مروري افتراضي من كرات مضغوطة ونشيطة. رسل سريعون، جميعهم يحملون الأكسجين إلى أجزاء من جسم شخص آخر.|1st to Die|James Patterson|true|en|true
17:00|1700-015|الساعة الخامسة|انطلاقًا من مبدأ أن أفضل مكان للاختباء هو في وضح النهار، اجتمعت المجموعة الأساسية من المتآمرين في تمام الساعة الخامسة من بعد ظهر ذلك اليوم في مكتب كوردت في مبنى الدولة البروسية: جيزيفيوس وفون شولنبرغ من وزارة الداخلية، ودوناني من وزارة العدل، والعقيد أوستر من جهاز الاستخبارات العسكرية الألمانية (أبفير)، وكوردت وهارتمان من السلك الدبلوماسي.|Munich|Robert Harris|true|en|true
17:00|1700-016|الساعة الخامسة|في تمام الساعة الخامسة، ذهبت السيدتان إلى غرفتهما لارتداء ملابسهما، وفي الساعة السادسة والنصف، دُعيت إليزابيث لتناول العشاء.|Pride and Prejudice|Jane Austen|true|en|true
17:00|1700-017|الساعة الخامسة|"ورد فيها: ""سأقيم حفلة للتزلج بالمزالج يوم الخميس، السابع عشر من ديسمبر، الساعة الخامسة، وأود بشدة أن تحضر."""|This Side of Paradise|F. Scott Fitzgerald|true|en|true
17:00|1700-018|الساعة الخامسة|في تمام الساعة الخامسة، شعر بالحاجة إلى سماع صوته، فعاد إلى منزله ليرى إن كان قد وصل أحدٌ آخر. بعد أن صعد الدرج المتداعي، تفحّص غرفته باستسلام، وخلص إلى أنه من المستحيل محاولة تزيينها بأي شيء أكثر إلهامًا من لافتات الصف وصور النمور. ثم سُمع طرقٌ على الباب.|This Side of Paradise|F. Scott Fitzgerald|true|en|true
17:00|1700-019|الساعة الخامسة|كان حوالي ثلاثة أرباع العمل برمته مجرد استعراض، وبالتالي غير ضار، وانتهى عند باب المقهى، في وقت مبكر بما يكفي لقطار الساعة الخامسة العائد إلى ييل أو برينستون؛ واستمر حوالي الربع في الساعات الأكثر ظلمة، وتراكم عليه غبار غريب من أماكن غريبة. كان من المقرر أن تكون حفلتهم من النوع غير الضار.|This Side of Paradise|F. Scott Fitzgerald|true|en|true
17:00|1700-020|الساعة الخامسة|في تمام الساعة الخامسة كنت في فندق كريون أنتظر بريت. لم تكن هناك، فجلست وكتبت بعض الرسائل.|The Sun Also Rises|Ernest Hemingway|true|en|true
17:00|1700-021|5:00 مساءً|5:00 مساءً قراءة كتاب|The Curious Incident of the Dog in the Night-Time|Mark Haddon|true|en|true
17:00|1700-022|الساعة الخامسة|في تمام الساعة الخامسة من بعد ظهر ذلك اليوم، بينما كانت باربرا تنتظر في سيارة أجرة، دخل هارولد إلى الدير في أوتوي وشرح للراهبة التي كانت تجلس في قفص زجاجي للبواب أن السيدة ستراوس-موجيه كانت تنتظرهم. افترض أن الرجال غير مسموح لهم بالدخول أكثر من ذلك، وأنهم سيخرجون جميعًا لتناول الشاي.|The Chateau|William Maxwell|true|en|true
17:00|1700-023|الساعة الخامسة|في تمام الساعة الخامسة، وُدِّعَ الركاب، وابتعدت السفينة الضخمة ببطء عن الرصيف الطويل، ثم اتجهت مقدمتها نحو البحر، وألقت بقاطرتها، وانطلقت نحو المساحات المائية المتسعة التي تؤدي إلى عجائب العالم القديم. وبحلول الليل، كان الميناء الخارجي خاليًا، وشاهد الركاب المتأخرون النجوم تتلألأ فوق محيط نقي.|The Horror at Red Hook|H.P. Lovecraft|true|en|true
17:00|1700-024|الساعة الخامسة|لكنني تناولت الخليط في الساعة الخامسة بعد الظهر. أمرر لساني على فمي الجاف. أشعر بالدوار. أعرف هذا الدوار: إنه لأنني لم أدخن سيجارة منذ ساعات.|The End of Mr. Y|Scarlett Thomas|true|en|true
17:00|1700-025|الساعة الخامسة|قبل انقضاء نصف الساعة، دقت الساعة الخامسة؛ انتهى الدوام المدرسي، وذهب الجميع إلى غرفة الطعام لتناول الشاي. تجرأتُ على النزول؛ كان الغسق قد حلّ؛ لجأتُ إلى زاوية وجلستُ على الأرض.|Jane Eyre|Charlotte Brontë|true|en|true
17:00|1700-026|الساعة الخامسة|من الساعة الخامسة إلى الثامنة قد تبدو في بعض الأحيان دهراً قصيراً؛ ولكن في مناسبة كهذه، لا يمكن أن تكون الفترة إلا دهراً من المتعة.|The Portrait of a Lady|Henry James|true|en|true
17:00|1700-027|الساعة الخامسة|وجد صعوبة أكبر في التركيز على التدريبات بعد ظهر ذلك اليوم، وعندما غادر المبنى في الساعة الخامسة، كان لا يزال قلقًا للغاية لدرجة أنه اصطدم بشخص ما خارج الباب مباشرة.|Harry Potter and the Sorcerer’s Stone|J.K. Rowling|true|en|true
17:00|1700-028|الساعة الخامسة|لم تكن قد رأتها بعد، إذ أوضح لها أوزموند أن الوقت ما زال مبكرًا جدًا للبدء. قادت سيارتها في تمام الساعة الخامسة إلى طابق مرتفع في شارع ضيق في حي ساحة نافونا، واستقبلتها بوابّة الدير، وهي شخصية لطيفة ومتواضعة. كانت إيزابيل قد زارت هذه المؤسسة من قبل؛ فقد أتت مع بانسي لرؤية الراهبات.|The Portrait of a Lady|Henry James|true|en|true
17:00|1700-029|الساعة الخامسة|حتى الساعة الخامسة لم تكن هناك أي علامة حياة من الغرفة. ثم استدعى خادمه وأمره بحمام بارد.|Embers|Sandor Marai|true|en|true
17:00|1700-030|الساعة الخامسة| أتذكر أننا انطلقنا بالسيارة، مغادرين لندن صباحًا تحت وابل من المطر، ووصلنا إلى ماندرلي حوالي الساعة الخامسة، في الوقت المناسب لتناول الشاي. أستطيع أن أرى نفسي الآن، بملابس غير مناسبة كالعادة، رغم أنني عروس في الأسبوع السابع من الحمل، بفستان من الجوارب بلون بني فاتح، وفرو صغير يُعرف باسم سمور الحجر حول رقبتي، وفوق كل ذلك معطف واقٍ من المطر فضفاض، كبير جدًا عليّ ويجرّ إلى كاحليّ.|Rebecca|Daphne du Maurier|true|en|true
17:00|1700-031|الساعة الخامسة|"لم أذهب إلى الكنيسة منذ أكثر من عام.<br>""هل أنت قلق أخيرًا على روحك؟""<br>""أرجوك،"" قال كورك.<br>""بالتأكيد يمكننا التحدث. متى؟""<br>""غدًا. ربما في وقت متأخر من بعد الظهر. لنقل الساعة الخامسة؟""<br>""لنجعلها الساعة السادسة""، اقترح الكاهن. ""في مكتبي.""<br>""سأكون هناك،"" وعد كورك."|Iron Lake|William Kent Krueger|true|en|true
17:00|1700-032|الخامسة بعد الظهر|في الخامسة بعد الظهر، عندما وصلوا إلى المحطة الأخيرة في المستنقع، نزل من القطار لأن فرناندا فعلت ذلك.|100 años de soledad|Gabriel García Márquez|true|es-CO|true
17:00|1700-033|الخامسة بعد الظهر|في الخامسة بعد الظهر.<br>كانت الساعة الخامسة بعد الظهر.<br>أحضر طفل الملاءة البيضاء<br>في الخامسة بعد الظهر.|Llanto por Ignacio Sánchez Mejías|Federico García Lorca|true|es-ES|true
17:00|1700-034|الخامسة بعد الظهر|ربما خطر ببالها نفس الشيء ظهرًا في متجر روكي، أو في مترو الأنفاق في الخامسة بعد الظهر. أو في وقت أبكر بكثير، في أوروبا، في إحدى الليالي التي قضتها تتجول في المناطق الحرة، الأراضي الخالية حيث يمكن استخدام صفيحة معدنية قديمة لقطع حلق شخص ما إذا بذل كلاهما أدنى جهد.|Rayuela|Julio Cortázar|true|es-AR|true
17:01|1701-000|الساعة الخامسة ودقيقة واحدة|في تمام الساعة الخامسة ودقيقة واحدة، غادرت بيث المتحف، واستوقفت سيارة أجرة، وبعد أن أعطت السائق عنوانها، جلست في المقعد الخلفي محاطة بالصناديق، وذرفت دمعة دون خجل.|Next in Line|Jeffrey Archer|true|en|true
17:01|1701-001|الخامسة ودقيقة واحدة|الخامسة ودقيقة واحدة. أُبلغ الضيوف الجالسون أن الحفل سيبدأ قريبًا. كان مطلوبًا المزيد من الصبر.|Trouble & Triumph: A Novel of Power & Beauty|Tip “T.I.” Harris with David Ritz|true|en|true
17:02|1702-000|الخامسة ودقيقتان|"""الخامسة ودقيقتان.""<br>""إذن، تمّت الصفقة. وطالما أنني أدفع التسعين بالمئة المتبقية خلال ثلاثين يومًا، فإن مزرعة شيفنال ملكي."""|Mightier Than the Sword|Jeffrey Archer|true|en|true
17:02|1702-001|الخامسة ودقيقتان| نهضت، ورتبت شعرها، وسوّت تنورتها، وأضاءت النور. كانت الساعة الخامسة ودقيقتان. لكانت ظنت أنها منتصف الليل أو الخامسة صباحًا.|Duplicate Keys|Jane Smiley|true|en|true
17:03|1703-000|5:03|" قال الرجل قبل مغادرته: ""مساء الخير يا سيدتي شيندلين"".<br>""مساء الخير يا كريس. سلم على زوجتك نيابةً عني.""<br>""بالتأكيد. شكرًا. مع السلامة""، قالها وهو يلوح لإليوت الذي رد التحية. كانت الساعة 5:03 عندما وضع إليوت الهاتف في مكانه."|Comrades in Miami: A Novel|José Latour|true|en|true
17:03|1703-001|5:03| نظرتُ إلى الساعة التي أهداني إياها تري في عيد الميلاد الماضي، حلقاتُها الذهبية الرقيقة تبدو حقيقيةً وصلبة، وكأنها ذكرى شخص آخر مربوطة بيد شخص آخر ترتجف. كانت الساعة الآن 5:03. كنتُ في منتصف الطريق إلى منزلي.|Mother May I|Joshilyn Jackson|true|en|true
17:04|1704-000|5:04 مساءً| لمح فرانك وامسلي ابنة عمه باربرا وزوجها ولوّح لهما. أمامه مباشرةً، رأى مارفن وصديقيه. فجأةً اهتز الجسر بأكمله. كانت الساعة 5:04 مساءً. صرخ ستيل.|The Mothman Prophecies|John A. Keel|true|en|true
17:05|1705-000|5:05 مساءً| في حوالي الساعة 5:05 مساءً، لاحظ جو رجلاً يقف بالقرب من الطاولة، على بُعد مترين تقريبًا، يتحدث باللغة الصينية في هاتف محمول. كان رجلاً من عرقية الهان في منتصف العمر، يرتدي حذاءً جلديًا رخيصًا سهل الارتداء، وبنطالًا أسود عالي الخصر، وقميصًا أبيض قصير الأكمام.|Typhoon|Charles Cumming|true|en|true
17:06|1706-000|الخامسة وست دقائق|في سجلاتها، سُجِّلَت لحظة الولادة التاريخية لاحقًا في الخامسة وست دقائق، وهو ما كان كذبًا ولكنه أعطاه قوة.|The Honourable Schoolboy|John le Carré|true|en|true
17:06|1706-001|بعد الخامسة بقليل من العصر|وصل هالوران بعد الخامسة بقليل من العصر، خلف مقود سيارته الكاديلاك الحمراء القديمة (لكنها مصانة بشكل مثالي ولامعة بشكل مبهر). كانت ويندي تقف عند النافذة، تنتظر وتراقب كما كانت تنتظر زوجها من قبل، على أمل أن يعود جاك في مزاج جيد. ورصينًا.|Doctor Sleep|Stephen King|true|en|true
17:06|1706-002|حوالي الساعة 5 مساءً|توقف المطر حوالي الساعة 5 مساءً، وأبدى بعض الأشخاص الذين كانوا في الخارج دهشة طفيفة عندما لم يختفِ قوس قزح.|Mortality (The Rainbow)|Nicholas Royle|true|en|true
17:07|1707-000|الخامسة وسبع دقائق|بينما كنت أنظر إلى مينائها الضخم، وإلى البندول الذي يتحرك ذهابًا وإيابًا بانتظام وببطء في الفضاء، كما لو أن تأرجحه يهدف إلى تقسيم الأبدية، رأيت عقاربها تشير إلى الخامسة وسبع دقائق.|Nightmare Tales|H.P. Blavatsky|true|en|true
17:07|1707-001|حوالي الخامسة|حوالي الخامسة، بدأ أبوت، وهو كلب صغير من نوع مانشستر تيرير، بالنباح. وقف على جثة صاحبته، فلورا، واضعًا قوائمه الأمامية على حافة الشرفة، وحدّق من خلال ستائر الخيزران الخضراء، وارتجف. كان بإمكانه رؤية المزارع في الحقل، وإدوارد نائمًا على الشرفة المجاورة.|The People With the Dogs|Christina Stead|true|en|true
17:08|1708-000|الساعة 5:08 مساءً|"كان آخر اتصال لنا مع دوايت سلون أمس. الساعة 5:08 مساءً هنا. وضع إصبعه على بحيرة تُدعى إمباراس. ""كان من المفترض أن يتصل بنا بعد أربع ساعات. لكنه لم يفعل."""|Boundary Waters|William Kent Krueger|true|en|true
17:09|1709-000|الخامسة وتسع دقائق|" نظرت إلى ساعتها فرأت أنها الخامسة وتسع دقائق. ""إنه يحدث يا أبي! الشمس تغرب!""<br>""أجل،"" وافق."|Gerald’s Game|Stephen King|true|en|true
17:10|1710-000|5:10 مساءً|كانت لا تزال تقترب من الشمس وتقترب من أقرب نقطة لها من فارهولم - والتي تُقدر بمئة ألف كيلومتر - لكنها كانت لا تزال تسير بشكل طبيعي. عندما تحققت صحيفة الغارديان مرة أخرى في الساعة 5:10 مساءً، توقعت أن تجدها متجهة نحو الشمس منا، لكنها لم تكن موجودة على المسار المتوقع.|The Shadow and Night|Chris Walley|true|en|true
17:10|1710-001|5:10 مساءً|" ابتسمت له ابتسامة غريبة خافتة. ""ليس بهذه السرعة يا صديقي. من الناحية النظرية، نعم، كان من الممكن أن يكون سفينة، تحاكي نيزكًا. لكن هناك مسألة التوقيت. لقد مرّ في الساعة 5:10 مساءً بتوقيت مينايا المركزي، ورأى ميرال جسمه يصل قبل ذلك بعشر دقائق، حوالي الساعة 6:00 مساءً بتوقيت مينايا الشرقي."""|The Shadow and Night|Chris Walley|true|en|true
17:10|1710-002|الخامسة وعشر دقائق|"ألم تسمعي المزامير يا سيدتي؟ أجاب.<br>""بلى، سمعتها جيدًا؛ لكن فرقة كاملة من المزامير لا تستطيع أن تُعلن الساعة السادسة بينما ساعتي تُشير إلى الخامسة وعشر دقائق."""|Malcom|George MacDonald|true|en|true
17:10|1710-003|الخامسة وعشر دقائق|أصدرت سماعة الأذن صوت طقطقة، فكتب الأرقام بخط رديء. قطع الاتصال بلوحة المفاتيح، ثم اتصل بجهاز النداء الخاص بهولي. لم يسمع سوى نغمة طويلة منخفضة تُخبره بأن جهاز النداء مُغلق. ثم حاول الاتصال برقم الهاتف المحمول. سمع صوت تنبيه إلكتروني ورسالة مسجلة لامرأة تُخبره بأن الهاتف الذي كان يتصل به غير متاح. أغلق الخط ونظر حوله في الغرفة. كانت الساعة الخامسة وعشر دقائق، من مساء يوم الاثنين.|Die Trying|Lee Child|true|en|true
17:10|1710-004|الساعة 17:10 مساءً|الساعة 17:10 مساءً. انفجر صاروخ كروز أرض-أرض، أُطلق من جرار زراعي نُصب في الفناء الخلفي لمنزل ليونارد سودافيكو السابق بواسطة راشان وفريق من الفنيين من أفغانستان، على ملكية بول كلاي في نفس المكان الذي كانت تسبح فيه حورية البحر بالحجم الطبيعي في الشلال.|Trouble & Triumph: A Novel of Power & Beauty|Tip “T.I.” Harris with David Ritz|true|en|true
17:10|1710-005|الخامسة وعشر دقائق|بعد ساعات، في تمام الساعة الخامسة وعشر دقائق من مساء يوم السبت، احتشدت نورا وترافيس وجيم كين أمام المرتبة التي كان يرقد عليها آينشتاين. كان الكلب قد شرب للتو بضع أونصات أخرى من الماء. نظر إليهم باهتمام أيضًا. حاول ترافيس أن يقرر ما إذا كانت تلك العيون البنية الكبيرة لا تزال تحمل ذلك العمق الغريب، واليقظة الخارقة، والوعي غير المألوف لدى الكلاب الذي رآه فيها مرات عديدة من قبل.|Watchers|Dean Koontz|true|en|true
17:11|1711-000|الساعة الخامسة وإحدى عشرة دقيقة|في تمام الساعة الخامسة وإحدى عشرة دقيقة، أوقف ديك بيلامي سيارة ميلتشارد خارج مكتب حجز التذاكر في محطة هارثبورو الهادئة، وهي محطة شبه خالية من الحياة - ملتقى خط السكة الحديد المفرد المؤدي إلى وايت باي وعربات الاستحمام التابعة لها مع فرع السكة الحديد المزدوج التابع لشركة السكك الحديدية الشمالية الكبرى.|Ambrotox and Limping Dick|Oliver Fleming|true|en|true
17:12|1712-000|الخامسة واثنتا عشرة دقيقة|" قال الكولونيل جوليان: ""حسنًا، ها نحن ذا، إنها الخامسة واثنتا عشرة دقيقة بالضبط. سنقبض عليهم وهم يحتسون الشاي. من الأفضل الانتظار قليلًا.""<br>أشعل مكسيم سيجارة، ثم مدّ يده إليّ. لم يتكلم."|Rebecca|Daphne du Maurier|true|en|true
17:13|1713-000|الساعة 17:13|في الساعة 17:13، كان كالوم غرين يشتري قلادة، وبعد ساعتين تقريبًا، وُجد ميتًا.|Lie in Wait|G.J Minett|true|en|true
17:14|1714-000|الخامسة وأربع عشرة دقيقة|" قالت: ""هل تعلم كم الساعة يا أتيكوس؟ إنها الخامسة وأربع عشرة دقيقة بالضبط. المنبه مضبوط على الخامسة والنصف. أردتُك أن تعلم ذلك."""|To Kill a Mockingbird|Harper Lee|true|en|true
17:15|1715-000|الخامسة والربع|كانت الساعة الخامسة والربع فقط، لكن المساء كان حالكًا كمنتصف الليل. وعندما وصل إلى حافة الشرفة، بدأ المطر بالهطول.|A Taste for Death|P.D. James|true|en|true
17:15|1715-001|الخامسة والربع|كانت الساعة حوالي الخامسة والربع عندما لاحظ غرانت وجهًا جديدًا يدخل الغرفة. كان كاهنًا في عمر غرانت تقريبًا. بدا الرجل متوسط البنية أشعثًا بعض الشيء.|Warrior Monk|Ray Keating|true|en|true
17:15|1715-002|5:15 مساءً|5:15 مساءً<br>نعم، كان حانة جاك سيرماك كورنر تاب بمثابة الجحيم بعينه. في حيٍّ يشهد تحسّنًا عمرانيًا مثل لوغان سكوير، كان إنشاء حانة مُعقّمة وباهظة الثمن لتبدو وكأنها حانة رخيصة في بلدة صغيرة أمرًا مُقزّزًا بكل بساطة.|Kitchens of the Great Midwest|J. Ryan Stradal|true|en|true
17:15|1715-003|17:15| عندما خرج أوغست باخ من برد قبو مراقبة المقاتلات المكيف، كانت الساعة 17:15 بتوقيت وسط أوروبا. كان اليوم قد تحول إلى أحد تلك الأيام الصيفية المعتدلة حيث يكون الهواء دافئًا وحلوًا مثل حلوى التوفي الطرية.|Bomber|Len Deighton|true|en|true
17:16|1716-000|الساعة 5:16 مساءً|أعتقد أن أول حادثة أتذكرها كانت في مترو أنفاق لندن، خط سيركل، الساعة 5:16 مساءً.<br>ثم تابعت وصف ما حدث أو ما لم يحدث بالضبط.|Money Never Sleeps|Stella Whitelaw|true|en|true
17:17|1717-000|الساعة الخامسة وسبع عشرة دقيقة|في تمام الساعة الخامسة وسبع عشرة دقيقة، أطلق ديك فرينش، الذي كان معلقًا في حالة من القلق الشديد فوق سياج الحظيرة المحيط بالجزء الداخلي من المضمار البيضاوي الذي يبلغ طوله ميلًا واحدًا، صوتًا يشبه العواء، ثم اندفع نحو البوابة ليُشير إلى سائقه المُخالف.|The Flying Mercury|Eleanor M. Ingram|true|en|true
17:18|1718-000|الخامسة وثماني عشرة دقيقة| نهض لوبين، دون أن يكسر صمته المُحتقر، وأخذ الورقة. تذكرتُ بعد ذلك بوقت قصير، في هذه اللحظة، أنني نظرتُ إلى الساعة. كانت الخامسة وثماني عشرة دقيقة.|The Confessions of Arsène Lupin|Maurice LeBlanc|true|en|true
17:18|1718-001|5:18 مساءً|"الخميس 5:18 مساءً<br>كان يوري أندرييفيتش غاضبًا للغاية. بعد لقائه الفردي مع تانزان مينو، أدرك أنه وقع ضحية خدعة. وضعوا اثنين من ""الطيارين"" من شركة مينو للصناعات في قمرة القيادة. كانت مجرد حيلة قديمة من حيل المخابرات العسكرية الروسية، مراقبة تحت ستار ""الدعم"" الزائف. لقد رأى كل هذا من قبل."|Project Daedalus|Thomas Hoover|false|en|true
17:19|1719-000|5:19| تسلل سكوت إلى الزاوية قبل أن يتفقد مرة أخرى نقاط الكبريت الصغيرة على ساعته. كانت الساعة 5:19. لقد كان هو وهانا في الخزنة لمدة ساعة وسبع عشرة دقيقة.|Honor Among Thieves|Jeffrey Archer|true|en|true
17:19|1719-001|5:19 مساءً|جاءت المكالمة في تمام الساعة 5:19 مساءً. كان الخط واضحًا بشكلٍ مُثير للدهشة. عرّف رجلٌ نفسه بأنه الرائد ليبا من شرطة ريغا. دوّن والندر ملاحظاتٍ أثناء استماعه، وأجاب على سؤالٍ من حينٍ لآخر.|The Dogs of Riga|Henning Mankell|true|en|true
17:20|1720-000|الخامسة وعشرون دقيقة|"سأركن السيارة هنا وأدخل سيراً على الأقدام. لا أريد أن أقود سيارتي إلى حديقة حيوانات. نظر إلى ساعته. ""إنها الخامسة وعشرون دقيقة فقط. من المفترض أن تأتي مكالمة الخاطف في السادسة. لدينا متسع من الوقت."""|Purgatory Ridge|William Kent Krueger|true|en|true
17:20|1720-001|الساعة الخامسة وعشرين دقيقة|إذا استطاعت الحفاظ على سرعتها عند سبعين ميلاً في الساعة حتى تغادر الطريق السريع في وسط المدينة، وإذا لحقت بمعظم إشارات المرور، فإنها تُقدّر أنها ستصل إلى مبناها بحلول الساعة الخامسة وعشرين دقيقة.|If It Bleeds|Stephen King|true|en|true
17:20|1720-002|حوالي 17:20|كان من المقرر أن يبدأ الاجتماع في الساعة 17:30، وكانت الساعة لا تزال حوالي 17:20، وظن هال أن الأصوات قد تشير إلى نوع من التوجيه التمهيدي قبل الاجتماع للأشخاص الذين أتوا لأول مرة، بشكل مبدئي، لاستكشاف المشروع بأكمله، لذلك لم يطرق الباب.|Infinite Jest|David Foster Wallace|true|en|true
17:21|1721-000|الساعة الخامسة وإحدى وعشرون دقيقة| ثم شرع في فحص جيوب الرجل الميت تباعًا، فقلب كل جيب على حدة وأخذ محتوياته، حيث بدت مناسبة لاحتياجاته: على سبيل المثال، محفظة حريرية، كان يظهر من خلالها بعض الذهب؛ وساعة، مع ذلك، كانت قد تضررت من الانفجار، وتوقفت في اللحظة التي وقعت فيها الكارثة - الساعة الخامسة وإحدى وعشرون دقيقة.|The Ancestral Footstep|Nathaniel Hawthorne|true|en|true
17:22|1722-000|17:22|أظن أنها لم ترغب في أن تعرف أوكتافيا أنها استدعت والدها، ليس قبل أن يضعا خطة. وكنت أنا من حدد الموعد. لم أجد طريقة للحاق بقطار قبل قطار الساعة 17:22 الذي يصل إلى واترلو في الساعة 19:29.|A Certain Justice|P.D. James|true|en|true
17:23|1723-000|الخامسة وثلاث وعشرون دقيقة|"كنتُ أتساءل إن كان بإمكاننا الالتقاء لتناول مشروب.<br>""لماذا؟""<br>""مجرد دردشة. هل تعرف لاعب الكريكيت الملكي، بالقرب من المحطة المركزية؟ هل يمكننا الالتقاء غدًا في الخامسة؟""<br>""الخامسة وثلاث وعشرون دقيقة،"" قلتُ، لأُحاول السيطرة على الموقف."|A Fraction of the Whole|Steve Toltz|true|en|true
17:24|1724-000|5:24 مساءً| في بالتيمور، قيل إنه بعد مرور اثنتي عشرة ساعة من عبور الشمس خط زوال جبل كليمنجارو، كانت الساعة 5:24 مساءً. من المستحيل وصف الألم الذي انتابهم في تلك اللحظة. حتى أقوى الأقلام الحديثة ستعجز عن وصفه. وقف سكان بالتيمور يخشون أن تجرفهم كتلة هائلة من الماء ستسقط على مدينتهم.|Topsy-Turvy|Jules Verne|true|en|true
17:25|1725-000|5:25|بحلول الساعة 5:25 لم يكن أي منهما بجانبه، وبدأت رباطة جأشه المعهودة تظهر عليها علامات واضحة على التدهور.|Honor Among Thieves|Jeffrey Archer|true|en|true
17:25|1725-001|الساعة الخامسة وخمس وعشرين دقيقة| غادرتُ شارع ويموث حوالي الساعة الخامسة وخمس وعشرين دقيقة، لكنني أتوقع أن تتمكن ممرضة الأسنان وموظفة الاستقبال من تأكيد الوقت. اكتشفتُ أن دراجتي النارية قد سُرقت.|The Murder Room|P.D. James|true|en|true
17:25|1725-002|الساعة الخامسة وخمس وعشرين دقيقة|"كانت الساعة الخامسة وخمس وعشرين دقيقة عندما وصلتُ أمام المكتبة. كان الوقت لا يزال مبكرًا لموعدنا، لذا نزلتُ من السيارة وسرتُ في الشوارع الضبابية. في مقهى، شاهدتُ مباراة غولف على التلفاز، ثم ذهبتُ إلى مركز ترفيهي ولعبتُ لعبة فيديو. كان الهدف من اللعبة هو القضاء على الدبابات الغازية القادمة من الضفة الأخرى للنهر. كنتُ متقدمًا في البداية، ولكن مع استمرار اللعبة، تكاثرت دبابات العدو كالفئران، وسحقتني بكثرة عددها ودمرت قاعدتي. قضى انفجار نووي على الشاشة على كل شيء، وتلته رسالة ""انتهت اللعبة، أدخل عملة معدنية""."|Hard-Boiled Wonderland and the End of the World|Haruki Murakami|true|en|true
17:25|1725-003|الخامسة وخمس وعشرون دقيقة|"قال هاندسلي، بعد أن سكبت أنجيلا الكأس الأخيرة: ""إنها الخامسة وخمس وعشرون دقيقة، وفي الخامسة والنصف تبدأ لعبة القتل."""|A Man Lay Dead|Ngaio Marsh|true|en|true
17:26|1726-000|الخامسة وست وعشرين دقيقة بعد ظهر اليوم|"قلتُ: ""هناك قطار يغادر توتنيس في الخامسة وست وعشرين دقيقة بعد ظهر اليوم، ويصل إلى لندن في—"""|Wildtrack|Bernard Cornwell|true|en|true
17:27|1727-000|5:27|في إحدى الأمسيات، في تمام الساعة 5:27، بينما كان سيبتيموس يُغلق ملف آخر مطالبة في ذلك اليوم، استدعاه رئيسه المباشر، نائب المدير، لإجراء استشارة.|Broken Routine|Jeffrey Archer|true|en|true
17:27|1727-001|5:27 مساءً|"الخميس 5:27 مساءً<br>""Strasvetye،"" جاء صوت من خلف إيفا. ""Kak pazhavatye.""<br>استدارت. كان يقترب منها بسرعة رائد سوفيتي طويل القامة - ولنعترف - ليس سيئ المظهر."|Project Daedalus|Thomas Hoover|true|en|true
17:28|1728-000|5:28|لذا، عندما أخبرها في 15 مايو الساعة 5:28 بعد الظهر أنه مضطر للمضي قدمًا، فقدت وعيها. كانت في سريره في ذلك الوقت.|Smart Women|Judy Blume|true|en|true
17:29|1729-000|الخامسة وتسع وعشرون دقيقة|"حسنًا؟ قال.<br>""إنها الخامسة وتسع وعشرون دقيقة، أدخل الاسم هنا،"" قال العفريت بعصبية."|Thud!|Terry Pratchett|true|en|true
17:30|1730-000|الخامسة والنصف|يحملها، ويضعها على السرير، ويستلقي بجانبها. يقبلها مرة أخرى، بتردد، وبإطالة. ثم يسألها عن الوقت. فهو نفسه لا يملك ساعة. تخبره ليسجي أنها الخامسة والنصف. يجلس. بدأت ليسجي تشعر بأنها أقل جاذبية. هل أسنانها كبيرة جدًا، هل هذا هو السبب؟|Life Before Man|Margaret Atwood|false|en|true
17:30|1730-001|الخامسة والنصف| لم يعد هولمز إلا في الخامسة والنصف. كان متألقًا، متحمسًا، وفي حالة معنوية ممتازة، وهي حالة مزاجية كانت تتناوب لديه مع نوبات من الاكتئاب الشديد.|The Sign of Four|Sir Arthur Conan Doyle|true|en|true
17:30|1730-002|الخامسة والنصف|كيف يُمكن لأحد أن يرفض إيرين كوك؟<br>حسنًا، الله رفض. لقد أحرق الله نصيب توم كينيدي، وأحرق نصيبها في هذه العملية. عندما رفعتُ سماعة الهاتف في الساعة الخامسة والنصف من بعد ظهر يومٍ رائع من شهر أكتوبر في ويستشستر، كانت تلك الفتاة قد أصبحت امرأةً، صوتها، المُبهم بالدموع، بدا مُسنًا ومُنهكًا حتى الموت.|Joyland|Stephen King|true|en|true
17:30|1730-003|5:30|أخيرًا، حوالي الساعة 5:30، غطست عوامة إيفا الحمراء والبيضاء تحت الماء، وانحنى قضيبها الأخضر الرفيع بثقلٍ مُنشِّط. كان واحدًا آخر من تلك الأسماك الذهبية والبنية، جميلةً وتلهث، مرفوعةً من شفتيها، تُقذف في الهواء بشدة.|Kitchens of the Great Midwest|J. Ryan Stradal|true|en|true
17:30|1730-004|الخامسة والنصف| صعد إلى سائق عربته، الذي كان يغفو في المقصورة في ظل شجرة زيزفون كثيفة بدأت تطول؛ أعجب بسحب البعوض المتحركة التي تحلق فوق الخيول الساخنة، وأيقظ السائق، وقفز إلى العربة، وأمره بالقيادة إلى منزل بريانسكي. لم يستفق إلا بعد أن قطع مسافة خمسة أميال تقريبًا، حين نظر إلى ساعته، وأدرك أنها الخامسة والنصف، وأنه متأخر.|Anna Karenina|Leo Tolstoy|true|en|true
17:30|1730-005|5:30|"6 أكتوبر.— حتى لا أضطر للمشي مسافة طويلة، خرجتُ حوالي الساعة الرابعة عازماً على التوقف عند ""نوفيل فرانس""، حيث من المفترض أن تلتقي بي ناديا في الساعة 5:30. هذا يمنحني الوقت للتجول في الشوارع غير البعيدة عن دار الأوبرا، وعليّ أن آخذ قلمي من المتجر الذي يُصلح فيه."|Nadja|André Breton|true|en|true
17:31|1731-000|17:31| ناقشوا البث: وتساءلوا أيًّا من أصدقائهم كان مسؤولًا عنه؟ ولكن في الساعة 17:31 اتصل بيك مجددًا|Heavy Water|Martin Amis|true|en|true
17:31|1731-001|5:31 مساءً|"الثلاثاء 5:31 مساءً<br>""هذا أفضل ما أستطيع فعله يا مايكل."" كان صوت نوغامي اعتذاريًا. ""لا أحد يعلم أنني أدير هذا المكان، ولا حتى زوجتي.""<br>""مؤتمرات عمل بعد الظهر.""<br>""أنت تفهم قصدي."" ابتسم وصعد الدرجات الرملية."|Project Daedalus|Thomas Hoover|false|en|true
17:32|1732-000|الساعة الخامسة واثنتان وثلاثون دقيقة|في تمام الساعة الخامسة واثنتان وثلاثون دقيقة من مساء يوم الجمعة الموافق 9 ديسمبر، تلقى رئيس محطة أنيرلي البلاغ التالي عبر البرقية من غرفة الإشارات في فروست هيل: قطار الساعة 5:28 قادمًا من جسر لندن مرّ للتو.|Cleek, the Master Detective|Thomas W. Hanshew|true|en|true
17:33|1733-000|الساعة الخامسة وثلاث وثلاثين دقيقة|عاد هو والسيدة أورسولا إلى المنزل رقم 62 بحلول الساعة الخامسة وثلاث وثلاثين دقيقة. كان يتذكر الوقت بدقة لأنه نظر إلى ساعة السيارة.|A Taste for Death|P.D. James|true|en|true
17:33|1733-001|الخامسة وثلاث وثلاثون دقيقة|كانت الساعة الخامسة وثلاث وثلاثون دقيقة عندما غادرنا. هل هي السادسة الآن؟ السادسة والنصف؟ وما زال مارك في قفصه، وأنا خائفة من القيادة بسرعة كبيرة... ماذا لو لم نصل في الوقت المناسب؟|Among the Brave|Margaret Peterson Haddix|true|en|true
17:33|1733-002|5:33 مساءً|في تمام الساعة 5:33 مساءً، سُمع دويّ نغمتين عميقتين رنانتين تفصل بينهما مسافة ثلث كبير. وفي يوم آخر، سُمع الدويّ نفسه في تمام الساعة 12:54 ظهرًا. وفي يوم آخر، في تمام الساعة 8:00 صباحًا.|Varieties of Disturbance|Lydia Davis|true|en|true
17:34|1734-000|بعد حوالي أربع دقائق|في الساعة الخامسة والنصف. كنت هنا بعد حوالي أربع دقائق. بناءً على مظهر الدم وبداية التيبس في جانب الوجه، خمنت أنه كان ميتًا منذ حوالي خمس ساعات.|Death in Holy Orders|P.D. James|false|en|true
17:35|1735-000|5:35|في الساعة 5:35، تلقى عبر الراديو خبرًا مفاده أن هيلمنث هانوفر من صحيفة أورورا سنتينل قد تلقى مكالمة من متحدث مجهول باسم لواء مينيسوتا المدني يهدد فيه بنوع من الانتقام إذا قام الهنود بالصيد.|Iron Lake|William Kent Krueger|true|en|true
17:36|1736-000|قبل السادسة بأربع وعشرين دقيقة بالضبط|" في تلك اللحظة، نظرتُ إلى ساعتي مرة أخرى لأنني أردتُ العودة إلى الكاتدرائية مع انتهاء صلاة الغروب في حوالي الساعة السادسة إلا عشرين دقيقة لأتحدث مع قائد الجوقة قبل مغادرته. رأيتُ أنه لم يتبقَّ لي سوى أربع دقائق قبل انتهائها.<br>""إذن، حدث ذلك قبل السادسة بأربع وعشرين دقيقة بالضبط؟""<br>""بالضبط."""|The Unburied|Charles Palliser|true|en|true
17:37|1737-000|5:37|" قال جو عندما دخلت لوسيل المكتب في الساعة 5:37: ""انظري يا لوسيل، لا أعرف ما قلتِ لهذه الفتاة، لكن يبدو أن الأمر كان عكس ما هو مطلوب تمامًا. إنها متحمسة جدًا لكلية الحقوق بجامعة هارفارد."""|Lightning Rods|Helen DeWitt|true|en|true
17:38|1738-000|17:38|ثم أرى شيئًا أعرفه. بعض الأرقام الخضراء الصغيرة، تتوهج في الظلام. إنها ساعة منبه بن. بطريقة ما، عدتُ إلى هنا، إلى الشقة. أرمش على الأرقام. 17:38. لكن هذا لا يمكن أن يكون صحيحًا. إنها فترة ما بعد الظهر.|The Paris Apartment|Lucy Foley|true|en|true
17:38|1738-001|5:38 مساءً| يحدق في الهاتف، يفكر: رنين. رنين الآن. لكنه يبقى صامتًا. 5:38 مساءً. ستكون باني قد انتهت من نوبتها في التنظيف الآن.|Cloud Cuckoo Land|Anthony Doerr|true|en|true
17:38|1738-002|5:38 مساءً|كانت الساعة 5:38 مساءً عندما اخترقت طائرة رئيس الوزراء أخيرًا السحب وظهرت فوق مطار هيستون. وبينما بدأت الأرض تظهر، استطاع ليغات رؤية حركة المرور على طول طريق جريت ويست. توقفت السيارات لأكثر من ميل في كلا الاتجاهين. كان المطر يهطل بغزارة.|Munich|Robert Harris|true|en|true
17:39|1739-000|05:39|"الساعة الآن 05:39، لذا يمكننا تناول العشاء، إنه نودلز سريع التحضير. بينما هي في الماء الساخن، تجد أمي كلمات صعبة لاختباري من علبة الحليب مثل ""مغذي"" الذي يعني طعام، و""مبستر"" الذي يعني أن مسدسات الليزر قضت على الجراثيم."|Room|Emma Donoghue|true|en|true
17:40|1740-000|5:40|"بما أنه لم يكن لدى أحد ""أي أعمال أخرى"" ليطرحها، فقد أنهيت الاجتماع في الساعة 5:40، واقترحت على جيريمي أن ينضم إليّ وإلى روزماري لتناول العشاء. أردت رؤيتهما معًا."|Trial and Error|Jeffrey Archer|true|en|true
17:40|1740-001|5:40|"ماذا؟ قلتُ: ""هل الساعة 5:30 بعد؟""<br>""إيه، 5:40."" يا إلهي، سيموتون جوعًا. ولكن هذا أمر جيد. دعهم."|I Love Dollars|Zhu Wen|true|en|true
17:40|1740-002|خمس وأربعون|الساعة الآن خمس وأربعون دقيقة. الحفلة في السادسة. بحلول العاشرة وعشر دقائق تقريبًا، من المفترض أن يكون الطابق الحادي عشر قد بدأ بالخلو. أرنولد شريكٌ محبوبٌ جدًا؛ لن يفوت أحدٌ خطابه الوداعي إن استطاعوا. إضافةً إلى ذلك، في حفلات كارتر سبينك، تُلقى الخطابات دائمًا في وقتٍ مبكر، حتى يتمكن الناس من العودة إلى العمل إذا احتاجوا لذلك. وبينما يستمع الجميع، سأتسلل إلى مكتب أرنولد. يجب أن تنجح الخطة. لا بد أن تنجح. بينما أحدق في انعكاسي الغريب، أشعر بعزيمةٍ قاسيةٍ تتصلب بداخلي. لن يفلت من العقاب والجميع يظن أنه دبٌ عجوزٌ مرحٌ وغير مؤذٍ. لن يفلت من العقاب.|The Undomestic Goddess|Sophie Kinsella|true|en|true
17:41|1741-000|17:41|حسنًا يا رفاق، هيا بنا نسرع. غروب الشمس في الساعة 17:41 وما زال أمامنا 23 كيلومترًا. نهض الرقيب باين وتبعته الفصيلة.|The Heart of Valor|Tanya Huff|false|en|true
17:42|1742-000|الساعة الخامسة واثنتين وأربعين دقيقة|حسنًا، أبحروا، وبعد قطع آلاف الأميال، أو مئات الأميال - لا أتذكر بالضبط، ولكن لا يهم - هبت عاصفة عاتية، إعصار أو سيمون، ربما كلاهما؛ وبعد أن جمعت طاقتها ببطء على مدار تسعة وعشرين يومًا وسبع ساعات وثلاث وعشرين دقيقة، دون حساب الثواني، انقضت عليهم في تمام الساعة الخامسة واثنتين وأربعين دقيقة، في اليوم السادس من الأسبوع.|The Dodge Club; Or, Italy in MDCCCLIX|James De Mille|true|en|true
17:43|1743-000|5:43 مساءً|" قال دون بيدرو لرئيس طاقم الضيافة أثناء اصطحابهم إلى مقاعدهم في الدرجة الأولى: ""أُفضّل دائمًا السفر على متن شركة طيران بريطانية"". أقلعت طائرة بوينغ ستراتوكروزر في تمام الساعة 5:43 مساءً، متأخرةً بضع دقائق فقط عن الموعد المحدد."|Best Kept Secret|Jeffrey Archer|true|en|true
17:43|1743-001|5:43|إنها الساعة 5:43. الوقت يمر بسرعة.|If It Bleeds|Stephen King|true|en|true
17:44|1744-000|حوالي الساعة 5:45| لم تكن جانيس تنتظره في الصالة أو بجانب المسبح عندما عادا أخيرًا إلى المنزل حوالي الساعة 5:45 من لعب الجولف في الحفرة الثامنة عشرة (بار 5). بدلًا من ذلك، جاءت إحدى الفتيات بزيّهن الأخضر والأبيض وأخبرته أن زوجته تريد منه الاتصال بالمنزل.|Rabbit Is Rich|John Updike|true|en|true
17:45|1745-000|السادسة إلا ربع|" أجابت القابلة: ""السادسة إلا ربع"".<br>""وماذا لو كنتُ أموت حقًا؟"" فكرت أولغا ميخالوفنا، وهي تنظر إلى رأس زوجها وزجاج النوافذ الذي كان المطر يضربه."|The Party|Anton Pavlovich Chekhov|true|en|true
17:45|1745-001|السادسة إلا ربع|في تمام الساعة السادسة إلا ربع، سمعتُ صوت طرق خارج بابي. نظرتُ من ثقب الباب. كان راميريز يقف في الخارج، مرتديًا قميصًا أحمرًا كبيرًا بلا أكمام يشبه قميص كرة السلة، وشورتًا أسود، ونعالًا.|White Night|Jim Butcher|true|en|true
17:46|1746-000|السادسة إلا أربع عشرة دقيقة|في تمام الساعة السادسة إلا أربع عشرة دقيقة، دخلوا إلى مكتب المخرج، حيث عرضت عليهم شابة في عمر سالي خيارًا بين نبيذ شيري جاف أو عصير برتقال.|Honor Among Thieves|Jeffrey Archer|true|en|true
17:47|1747-000|السادسة إلا ثلاث عشرة دقيقة|" قال رجل الدين: ""إذن، أفترض أن الأمر قد انتهى عمليًا. وأن عليك العودة إلى منزلك. والآن، إذا سمحت لي باقتراح، فلنتناول الشاي. فبدون التانين، لا شيء، في رأيي، أكثر انتعاشًا وتنشيطًا منه.""<br>قال ويدجري، وهو يفتح جدول المواعيد: ""هناك قطار من ليندهيرست في السادسة إلا ثلاث عشرة دقيقة."""|The Wheels of Chance: A Bicycling Idyll|H.G. Wells|true|en|true
17:48|1748-000|5:48 مساءً|عاد أبي إلى المنزل الساعة 5:48 مساءً. سمعته يدخل من الباب الأمامي. ثم دخل غرفة المعيشة. كان يرتدي قميصًا كاروهات باللونين الأخضر الليموني والأزرق السماوي، وكانت هناك عقدة مزدوجة على أحد حذائه دون الآخر.|The Curious Incident of the Dog in the Night-Time|Mark Haddon|true|en|true
17:49|1749-000|5:49 مساءً|5:49 مساءً، الأحد، 8 يونيو 1924. عندما عاد أوديل إلى المعسكر الرابع، لم يستطع إخفاء حماسه. زحف إلى خيمة نورتون وأخبره بما رآه.|Paths of Glory|Jeffrey Archer|true|en|true
17:49|1749-001|السادسة إلا إحدى عشرة دقيقة|كانت الساعة السادسة إلا إحدى عشرة دقيقة. بعد لحظة، سحب الدرج الأوسط للمكتب على حجره بتكاسل. حدق للحظة في المسدس دون أن يتعرف عليه. ثم صرخ وقفز. لقد أعادته!|The Comforts of Home|Flannery O’Connor|true|en|true
17:50|1750-000|السادسة إلا عشر دقائق| نظر إلى الساعة فوق الباب: السادسة إلا عشر دقائق. سيظهر كيفن الصغير من ذلك الباب في أي لحظة ويسأل عما إذا كان سيتفضل بالمغادرة.|The Grass is Always Greener|Jeffrey Archer|true|en|true
17:50|1750-001|السادسة إلا عشر دقائق|"كم الساعة يا جاك؟<br>""السادسة إلا عشر دقائق""<br>""عشر دقائق أخرى إذن."" أخلط الأوراق. ""حان وقت لعبة رومي سريعة؟"""|Noughts and Crosses|Malorie Blackman|true|en|true
17:50|1750-002|5:50| اتصل إسترفيل بمحطة الشاحنات، لكن لم يرَ أحد زوجته تدخل. لم تعد إلى المنزل. عثر كورك وماكدوغال على سيارتها موستانج الحمراء في الساعة 5:50.|Corpus Delicti|William Kent Krueger|true|en|true
17:51|1751-000|5:51| قرأت الصفحة الأولى ببطء وأجرت بعض التعديلات، مدركةً أن أي خطأ يُرتكب على عجل مساء يوم الجمعة قد يُندم عليه في الأسابيع القادمة. ألقت نظرة خاطفة على الساعة على مكتبها وهي توقع الصفحة الأخيرة من الوثيقة. كانت تشير إلى 5:51.|Never Stop on the Motorway|Jeffrey Archer|true|en|true
17:51|1751-001|تسع دقائق إلا للسادسة|" كانت الشمس حمراء والظلال طويلة وداكنة. لم يتبق سوى تسع دقائق إلا للسادسة، وداخل الفندق كان مشروب ""ناشيونال سويل"" المخزي يتدفق بغزارة، حيث كان الرجال يسكبون أكبر قدر ممكن من الخمر في حناجرهم قبل أن تحل ساعة الجفاف القاتلة."|Venom House|Arthur Upfield|true|en|true
17:52|1752-000|الساعة السادسة إلا ثماني دقائق|"كانت الساعة السادسة إلا ثماني دقائق. قال لموظفة الهاتف للمرة الثانية عشرة: ""يجب أن أتصل به"".<br>قالت بتعب: ""معذرةً، لا أحد يجيب""."|Jimmy Kirkland and the Plot for a Pennant|Hugh S. Fullerton|true|en|true
17:53|1753-000|السادسة إلا سبع دقائق|"سيكون هذا الصبي مدللاً، كما أنا متأكد من ذلك؛ لقد بالغ في الأمر. هل تلقيت أي عقاب؟<br>""أعتقد ذلك!"" صرختُ، مستذكراً تعليمي بغضب.<br>""حسنًا؛ تمالك أعصابك. كم الساعة الآن؟""<br>""السادسة إلا سبع دقائق."""|The Adventures of a Three-Guinea Watch|Talbot Baines Reed|true|en|true
17:54|1754-000|5:54 مساءً|"كانت الساعة 5:54 مساءً عندما عاد أبي إلى غرفة المعيشة. قال: ""ما هذا؟"" لكنه قالها بهدوء شديد، ولم أدرك أنه كان غاضبًا لأنه لم يكن يصرخ."|The Curious Incident of the Dog in the Night-Time|Mark Haddon|true|en|true
17:55|1755-000|السادسة إلا خمس دقائق|واحد، اثنان، ثلاثة، أربعة، خمسة، ستة... قامت بتدوير كل ساعة بدورها، ثلاث لفات لكل منها، واضعةً ما يكفي من الطاقة في النوابض لجعلها تدق في الوقت المناسب لتفتيش السيد ويستكوت. وبالمناسبة... كانت الساعة السادسة إلا خمس دقائق. خمس دقائق قبل وصول السيد ويستكوت لتفقد ساعاته. ابتلعت هيلينا ريقها. استطاعت سماع وقع أقدام يتردد صداه في الغرفة بالأسفل، وصيحات ستانلي المتقطعة.|The House of One Hundred Clocks|A.M. Howell|true|en|true
17:55|1755-001|السادسة إلا خمس دقائق|" كانت الرياح تعوي وتغني بكآبة، تخطف آذان السيد مورتيمر جينكين، ""الفنان الفوتوغرافي""، وترفع أذيال معطفه الرث، بينما كان يقف في الخارج ويرفع مصاريع النافذة بيديه الباردتين يائسًا من استمرار العمل. كانت الساعة السادسة إلا خمس دقائق."|The Deferred Appointment|Algernon Blackwood|true|en|true
17:56|1756-000|السادسة إلا أربع دقائق|الآن يا سيدي، عقرب الساعة يشير إلى السادسة إلا أربع دقائق. إذا دقت الساعة قبل أن تصف نفسك بالمتشهير الفاسق، فسأجلدك في أرجاء الغرفة.|The Knight of Gwynne|Charles James Lever|true|en|true
17:57|1757-000|السادسة إلا ثلاث دقائق|في الدقيقة السادسة إلا ثلاث دقائق، وعلى الرغم من عدم وجود أي أثر لسالي، اقترح المخرج أن يتوجهوا جميعًا إلى القاعة الكبرى.|Honor Among Thieves|Jeffrey Archer|true|en|true
17:57|1757-001|السادسة إلا ثلاث دقائق|في تمام الساعة السادسة إلا ثلاث دقائق، شقّ رجل طويل القامة مفتول العضلات ذو هيبة عسكرية طريقه عبر الأبواب الدوارة. سترته الزرقاء الداكنة، وبنطاله الرمادي، وشعره القصير، وحذاؤه اللامع، كلها تشير إلى حياة منضبطة.|Only Time Will Tell|Jeffrey Archer|true|en|true
17:57|1757-002|السادسة إلا ثلاث دقائق| فعل هوغو كارمودي هذا، فكانت النتيجة أنه بحلول السادسة إلا ثلاث دقائق شعر وكأنه عالق بين الورود منذ بداية الصيف.|Summer Lightning|P.G. Wodehouse|true|en|true
17:57|1757-003|السادسة إلا ثلاث دقائق|كان يشق طريقه بسحره، سحر صوته، ولغته البليغة، وقبل كل شيء بسحره الفكري المتمثل في أفكار جديدة ومؤثرة ومضيئة. في الدقيقة السادسة إلا ثلاث دقائق، أغلق الطبيب الكتاب وانتظر.|The Drunkard|Guy Thorne|true|en|true
17:58|1758-000|17:58|ثم ألاحظ النوافذ: إنها لامعة داكنة. 17:58، تُصر ساعتي. لا يُعقل. لقد تجاوزت الرابعة بقليل. أُلقي نظرة خاطفة من خلف بطن مُعذِّبي لأجد إيماكولي كونستانتين، لكنها اختفت.|The Bone Clocks|David Mitchell|true|en|true
17:59|1759-000|قبل السادسة بدقيقة واحدة|" قبل السادسة بدقيقة واحدة، اصطحب المخرج ضيف الشرف إلى المسرح. شاهد الفتيات الأربعمائة ينهضن ويصفقن له بطريقة وصفها المخرج بأنها ""لائقة بالسيدات""."|Honor Among Thieves|Jeffrey Archer|true|en|true
17:59|1759-001|تقارب السادسة|كانت الساعة تقارب السادسة مساءً، ودق جرس الكنيسة الغريب في برجها الصفيحي الذي يبلغ ارتفاعه ستة أقدام رنينًا متواصلًا، بينما كان ماتو العجوز يسحب الحبل إلى الداخل.|Burmese Days|George Orwell|true|en|true
17:59|1759-002|تقارب السادسة|عندما وصل، كانت الساعة تقارب السادسة، وكانت الشمس تغرب بكامل دفئها، وتسلل ضوءها الأحمر عبر النافذة، مانحًا المزيد من اللون للخدود الشاحبة.|Dracula|Bram Stoker|true|en|true
18:00|1800-000|الساعة السادسة|"لم أذهب إلى الكنيسة منذ أكثر من عام.<br>""هل أنت قلق أخيرًا على روحك؟""<br>""أرجوك،"" قال كورك.<br>""بالتأكيد يمكننا التحدث. متى؟""<br>""غدًا. ربما في وقت متأخر من بعد الظهر. لنقل الساعة الخامسة؟""<br>""لنجعلها الساعة السادسة""، اقترح الكاهن. ""في مكتبي.""<br>""سأكون هناك،"" وعد كورك."|Iron Lake|William Kent Krueger|true|en|true
18:00|1800-001|الساعة السادسة|هل كانت دقيقة واحدة لتُحدث فرقًا؟ لا، على الأرجح لا، مع أن ابنه الصغير بدا وكأنه يمتلك ساعة داخلية دقيقة للغاية. ربما حتى دقيقتان ستكونان مقبولتين. ثلاث دقائق، بل وحتى خمس دقائق. لكن هذا هو بيت القصيد. إذا استطعتَ الانتظار خمس دقائق، فستنتظر عشر دقائق، ثم نصف ساعة، ثم ساعتين... ولن ترى ابنك طوال المساء. وهكذا كان. الساعة السادسة، في الموعد المحدد. كل يوم. يقرأ لسام الصغير. بلا أعذار. لقد وعد نفسه بذلك. بلا أعذار. بلا أعذار على الإطلاق. بمجرد أن يكون لديك عذر وجيه، فإنك تفتح الباب للأعذار الواهية.|Thud!|Terry Pratchett|true|en|true
18:00|1800-002|الساعة السادسة|" ""متى قلتَ إنك ستعود إلى أمستردام؟""<br>""أنت تعرف متى بالضبط، لأنني أخبرتك: صباح الغد.""<br>""هل يمكنك العودة مبكرًا؟""<br>""أجل، يمكنني ذلك. هناك رحلة طيران تابعة لشركة KLM الساعة 4:45 مساءً اليوم ستوصلني إلى أمستردام قبل الساعة السادسة بقليل."""|The Nameless Ones|John Connolly|true|en|true
18:00|1800-003|السادسة مساءً|دخل ريك إلى ممر منزله، وكانت سيارته الإكسبلورر القديمة مغطاة بطبقة ضبابية من الملح الأبيض. حلّ ليل الشتاء سريعًا، وغرقت المدينة في الظلام بحلول الساعة السادسة مساءً. طلب من بيل أن يحضر أوراقه وبعض الحشيش.|Ohio|Stephen Markley|false|en|true
18:00|1800-004|الساعة السادسة|مع اقتراب الساعة السادسة، توجه كراير إلى باب غرفة التصميم بمساعدة الحاسوب المفتوح. كان توم بيني، وهو يعض شفته، يحدق في ساعة الحائط بنظرة ساحرة.|The Bill 3|John Burke|true|en|true
18:00|1800-005|الساعة السادسة|" قال متثائبًا: ""إنها الساعة السادسة فقط""، ثم اكتشف في لحظة أمرًا أكثر إثارة للاهتمام."|The Phantom Tollbooth|Norton Juster|true|en|true
18:00|1800-006|الساعة السادسة|"سألتُ: متى موعد شايِه؟<br>""أوه، في الساعة السادسة. إنه يحرص على الاستيقاظ مبكرًا في الريف. من الأفضل أن تُغيري فستانكِ الآن: سأذهب معكِ وأُغلقه. إليكِ شمعة."""|Jane Eyre|Charlotte Brontë|true|en|true
18:00|1800-007|السادسة مساءً|" سألتني ميريل وهي تُعيد لي الورقة: ""ماذا عن نيكولاس؟"". ألقيتُ نظرةً سريعةً على القائمة؛ كان هناك مكانٌ واحدٌ متبقٍ، آخر موعدٍ في اليوم الساعة السادسة مساءً.<br>""سأُضيفه إلى القائمة. هل يُمكن لأحدٍ أن يُخبره؟""<br>""سأفعل""، قالت ميريل.<br>كتبتُ اسمه بقلم رصاصٍ مع علامة استفهام."|The Body Lies|Jo Baker|true|en|true
18:00|1800-008|السادسة| ظل دان مستيقظًا حتى السادسة. ثم ارتدى ملابسه وسار مرة أخرى إلى ريد آبل. هذه المرة لم يتردد، ولكن بدلًا من إخراج زجاجتين من بيرد من المبرد، أخذ ثلاثًا. ماذا كانوا يقولون؟ إما أن تفعلها على أكمل وجه أو لا تفعلها أبدًا.|Doctor Sleep|Stephen King|true|en|true
18:00|1800-009|الساعة السادسة| كان المدير أحيانًا يتقمص دور الزبون ويختبره بالأسئلة. ثم حان وقت وجبة الموظفين: لن يكون النُدُل في هذا المطعم جائعين وهم يأخذون طلبات الزبائن!<br>فتح المطعم أبوابه في الساعة السادسة، لكن الضيوف تأخروا في الوصول بسبب هطول الأمطار الغزيرة، وتم إلغاء العديد من الحجوزات.|Blind Willow, Sleeping Woman|Haruki Murakami|true|en|true
18:00|1800-010|السادسة مساءً|"لكن ما هي ذاتي الأصلية؟ لم أعد متأكدًا. لم أستطع منع نفسي من الشعور بأنها أنا أخرى، ذات أخرى تشبه ذاتي الأصلية إلى حد كبير. فماذا أفعل الآن؟ لقد فقدت كل إحساس بالاتجاه. دسست يدي في جيبي وأدخلت كل قطعة نقدية وجدتها هناك في هاتف عمومي. ثماني رنات. تسع. ثم أجابت.<br>قالت وهي تتثاءب: ""كنت نائمة"".<br>""في السادسة مساءً؟"""|Blind Willow, Sleeping Woman|Haruki Murakami|true|en|true
18:00|1800-011|الساعة السادسة|" تدعوني أورسولا إلى خزانة الملابس. ""لم تتقدم في العمر يومًا واحدًا يا تيمبو، ولا <em>هذا</em> الثعبان الصغير أيضًا!"" يحتك غزالها الصغير ذو الفرو بعمود الإنارة الضخم الخاص بي وكرات النفتالين... ولكن بعد ذلك، كالعادة، استيقظت، وكان عضوي المنتفخ مرحبًا به كزائدة دودية منتفخة، ومفيدًا بنفس القدر. الساعة السادسة. كانت أنظمة التدفئة تُصدر موسيقى على غرار جون كيج. أحرقت قروح البرد مفاصل أصابع قدمي. فكرت في أعياد الميلاد التي مضت، الكثير منها مضى أكثر مما ينتظرني."|Cloud Atlas|David Mitchell|false|en|true
18:00|1800-012|الساعة السادسة مساءً|في تمام الساعة السادسة مساءً، أسرع إلى المنزل من العمل وأحاول أن أبدو جذابة. منزلي هذه الأيام عبارة عن شقة استوديو صغيرة باهظة الثمن بشكل جنوني في شمال ديربورن؛ أصطدم باستمرار بأجزاء من جسدي بالجدران والأسطح والأثاث غير المريحة.|The Time Traveler’s Wife|Audrey Niffenegger|true|en|true
18:00|1800-013|الساعة السادسة|" قال هولمز: ""مساء الخير، سيد جيمس وينديبانك. أعتقد أن هذه الرسالة المطبوعة منك، والتي حددت فيها موعدًا معي في الساعة السادسة؟"""|The Adventures of Sherlock Holmes|Sir Arthur Conan Doyle|true|en|true
18:00|1800-014|الساعة السادسة| كان أولئك الذين سافروا إلى ما هو أبعد من شيكاغو يجتمعون في محطة يونيون القديمة الخافتة في الساعة السادسة من مساء أحد أيام ديسمبر، مع عدد قليل من أصدقاء شيكاغو، الذين كانوا قد انغمسوا بالفعل في احتفالات عطلتهم، ليودعوهم على عجل.|The Great Gatsby|F. Scott Fitzgerald|true|en|true
18:00|1800-015|الساعة السادسة|" بدت متفاجئة، وربما محبطة أيضًا. قال: ""اسمعي، لا أستطيع التحدث مطولًا، لذا ركزي على ما سأقوله. أريدكِ أن تحزمي ملابس تكفي لأسبوع، وأن تطلبي من المرآب أن يوصلكِ أنتِ والأطفال إلى منزل والديكِ فورًا.""<br>""لكنها الساعة السادسة.""<br>""سيظلون مفتوحين.""<br>""لماذا علينا الذهاب بهذه السرعة؟ ماذا حدث؟""<br>""لا شيء. لا شيء حتى الآن على أي حال. أريد فقط أن أعرف أنكم في مكان آمن.""<br>""يبدو الأمر مذعورًا بعض الشيء. أكره الأشخاص الذين يصابون بالذعر."""|Munich|Robert Harris|true|en|true
18:00|1800-016|الساعة السادسة| تكشف لوسيندا كوانت قصة التسريب الكبير في نشرة الأخبار الساعة السادسة. إنها صريحة، ومقنعة، والأهم من ذلك، أنها تمتلك وثائق ومقاطع فيديو موثقة. تروي قصة حصولها على كنزها الثمين من المعلومات، دون ذكر أسماء.|The Heart Goes Last|Margaret Atwood|true|en|true
18:00|1800-017|الساعة السادسة|على طول شارع الساعة السادسة الخافت، رأيت أشجارًا عارية من الأوراق واقفة، تضرب الرصيف هناك مثل البرق الخشبي، وتشققت الخرسانة حيث ضربتها، وكل ذلك في حلقة مسيجة. برز صف من الأعمدة الحديدية من الأرض على طول واجهة فناء مغطى بالأعشاب المتشابكة، وفي الخلف كان هناك منزل خشبي كبير ذو شرفة، يميل كتفه المتداعي بشدة في مواجهة الريح حتى لا يتدحرج بعيدًا لبضعة مبانٍ مثل صندوق بقالة كرتوني فارغ.|One Flew Over the Cuckoo’s Nest|Ken Kesey|true|en|true
18:00|1800-018|الساعة السادسة|في معظم أوقات اليوم - باستثناء قداس الساعة السادسة - كانت ديرفلا تُرى وهي تتجسس من نافذة غرفة نومها. تدعم جذعها المنحني بوسائد كبيرة، وتحدق بعيون رمادية لامعة إلى الشارع الرطب في الأسفل، مصممة على ألا تفوتها دقيقة واحدة من أحداث الريف.|Pomegranate Soup|Marsha Mehran|true|en|true
18:00|1800-019|الساعة السادسة|"""أنت رائع، أليس كذلك؟"" كان أموري يُصبح مُبتذلاً من مكانه في وسط طاولة غرفة الطعام في الساعة السادسة."|This Side of Paradise|F. Scott Fitzgerald|true|en|true
18:00|1800-020|الساعة السادسة|" قال أموري، وهو يلقي نظرة على ساعته: ""الساعة السادسة. سأدعوك لعشاء فاخر بفضل مجموعتك الكاملة من أعمال جوفيناليا."""|This Side of Paradise|F. Scott Fitzgerald|true|en|true
18:00|1800-021|الساعة السادسة|" ومنذ ذلك الحين، تابع صانع القبعات بنبرة حزينة، ""لن يفعل شيئًا أطلبه منه! إنها دائمًا الساعة السادسة الآن."""|Alice’s Adventures in Wonderland|Lewis Carroll|true|en|true
18:00|1800-022|٦:٠٠ مساءً|٦:٠٠ مساءً تناول الشاي|The Curious Incident of the Dog in the Night-Time|Mark Haddon|true|en|true
18:00|1800-023|الساعة السادسة|على الرغم من أنها كانت الساعة السادسة فقط، إلا أن الليل كان قد حلّ بالفعل. الضباب، الذي ازداد كثافةً بسبب قربه من نهر السين، طمس كل التفاصيل بأغطيته المتقطعة، التي تخترقها على مسافات متفاوتة التوهج المحمر للفوانيس وقضبان الضوء المتسربة من النوافذ المضاءة.|Le Club des Hachichins|Théophile Gautier|true|en|true
18:00|1800-024|الساعة السادسة|"هل ذهبتَ إلى المزرعة أثناء غيابي؟<br>""لا،"" قلتُ، ""لكنني رأيتُ تيد.""<br>""هل كانت لديه رسالة لي؟"" سألت. ""قال إن اليوم غير مناسب لأنه ذاهب إلى نورويتش. لكن يوم الجمعة الساعة السادسة، كالمعتاد.""<br>""هل أنت متأكد أنه قال الساعة السادسة؟"" سألت في حيرة.<br>""متأكد تمامًا."""|The Go-Between|L. P. Hartley|true|en|true
18:00|1800-025|الساعة السادسة|الملك ريتشارد: ما هي الساعة؟<br>كاتسبي: إنها الساعة السادسة، وقت العشاء.<br>الملك ريتشارد: لن أتناول العشاء الليلة. أعطني بعض الحبر والورق.|Richard III|William Shakespeare|true|en|true
18:00|1800-026|الساعة السادسة|انتظر ليون طوال اليوم حتى الساعة السادسة؛ وعندما وصل إلى النزل، لم يجد هناك أحدًا سوى السيد بينيه، الذي كان جالسًا بالفعل على الطاولة.|Madame Bovary|Gustave Flaubert|true|en|true
18:00|1800-027|الساعة السادسة|أوه أوه أوه. الساعة السادسة ولم يعد السيد إلى المنزل بعد.|The Skin of our Teeth|Thornton Wilder|true|en|true
18:00|1800-028|الساعة السادسة|تسللت الجريدة عبر الباب، وساد المنزل فجأة شعورٌ وكأن الساعة السادسة مساءً|The Prime of Miss Jean Brodie|Muriel Spark|true|en|true
18:00|1800-029|الساعة السادسة|يُخيّم مساء الشتاء برائحة شرائح اللحم في الممرات. الساعة السادسة.|Preludes|T.S. Eliot|true|en|true
18:00|1800-030|السادسة|عندما دقت أجراس كنيسة كالفاري السادسة، رأت السيد والسيدة بيغز يهرعان إلى أسفل عتبة المنزل الأمامية، متجهين إلى المتاجر قبل إغلاقها.|The Interpretation Of Murder|Jed Rubenfeld|true|en|true
18:00|1800-031|السادسة|أمارس الرياضة لمدة ساعة، ثم أستحم، وأقرأ الصحف، وأتناول الغداء، وآخذ قيلولة، وأشرب الفيرموث في السادسة، ثم أذهب إلى الحلاق، وأتناول العشاء في الثامنة، ثم أخرج إلى المقهى|Los siete locos|Roberto Arlt|true|es-AR|true
18:00|1800-032|السادسة مساءً|" قال بيريكو: ""هذا يعني أن قزمًا في الصفحة العشرين يبلغ طوله مترين وخمسة سنتيمترات في الصفحة المئة. لقد لاحظت ذلك أكثر من مرة. هناك مشاهد تبدأ في السادسة مساءً وتنتهي في الخامسة والنصف. أمرٌ مقزز."""|Rayuela|Julio Cortázar|true|es-AR|true
18:01|1801-000|السادسة ودقيقة واحدة|"في الدقيقة السادسة ودقيقة واحدة، التفت إلى توم وقال: ""مرحباً، أنا نات كارترايت و..."""|Sons of Fortune|Jeffrey Archer|true|en|true
18:01|1801-001|السادسة ودقيقة واحدة|"""لا أحد يتوقف، حتى لالتقاط أنفاسه، حتى السادسة ودقيقة واحدة عندما يتم الإدلاء بالصوت الأخير."""|Sons of Fortune|Jeffrey Archer|true|en|true
18:01|1801-002|السادسة ودقيقة واحدة| كان ديفيد قد تبعني في الدقيقة السادسة ودقيقة واحدة. ثم تمكن ثلاثة آخرون من الفرار، ليصبح العدد الإجمالي خمسة. ولكن بينما كانت طائرة الهوريكان السادسة تكتسب سرعة للإقلاع، انقض سرب من طائرات الميسرشميت فوق أشجار الزيتون.|Going Solo|Roald Dahl|true|en|true
18:02|1802-000|6:02 مساءً|بالمناسبة، تم تأكيد ذلك من خلال سجل لزلزال صغير وغير واضح المعالم ذي بؤرة سطحية على بعد حوالي 250 كيلومترًا شمال هيراندون في الساعة 6:02 مساءً. ولكن هناك مشكلة كبيرة.|The Shadow and Night|Chris Walley|true|en|true
18:03|1803-000|6:03| حدّق جارود في الساعة على حاسوبه. كانت تشير إلى 6:03. كان الظلام حالكًا خارج نافذة مكتبه. شعر وكأن أحدهم قد سحب كل الأكسجين من الغرفة، فأخذ نفسًا عميقًا قبل أن يجيب.|All the Little Pieces|Jilliane Hoffman|true|en|true
18:03|1803-001|السادسة وثلاث دقائق|فوق كل ذلك، ارتفعت مباني البرلمان، وعقارب الساعة متوقفة عند السادسة وثلاث دقائق. كان من الصعب تصديق أن كل ذلك لم يعد يعني شيئًا، وأنه الآن مجرد بناء متكلف يمكن أن يتلاشى في سلام.|The Day of the Triffids|John Wyndham|true|en|true
18:04|1804-000|السادسة وأربع دقائق|"سنسجلها يا روزانا؛ كل عام، مع دقات هذه الساعة العزيزة، سنحتفل بها بالشكر، طوال سنوات حياتنا.<br>""سنفعل، سنفعل يا ألونسو!""<br>""السادسة وأربع دقائق، مساءً يا روزانا..."""|The Loves of Alonzo Fitz Clarence and Rosannah Ethelton|Mark Twain|true|en|true
18:05|1805-000|٦:٠٥ مساءً|٦:٠٥ مساءً. أتساءل أين الجميع؟ أظن أنهم جميعًا خرجوا مع أصدقائهم أو عادوا إلى منازلهم وعائلاتهم.|Bridget Jones’s Diary|Helen Fielding|true|en|true
18:05|1805-001|السادسة وخمس دقائق|في حوالي الساعة السادسة وخمس دقائق، دخل بيرس حاملاً صحيفة مسائية وبعض الكتب.|A Glass of Blessings|Barbara Pym|true|en|true
18:06|1806-000|6:06|في تمام الساعة 6:06، انفجرت جميع المراحيض في شارع ميريت فجأةً في نافورة من البراز ومياه الصرف الصحي الخام، حيث حدث انعكاس لا يمكن تصوره في الأنابيب التي تغذي خزانات محطة معالجة النفايات الجديدة في بارينز.|It|Stephen King|false|en|true
18:06|1806-001|السادسة وست دقائق|بحسب سفر الرؤيا، فإن رقم الوحش العظيم هو 666. لذا فإن هذا الوقت تحديدًا سيكون السادسة وست دقائق في السادس من السادس، عام 66. ضربة مزدوجة.|A Dog Called Demolition|Robert Rankin|true|en|true
18:07|1807-000|السادسة وسبع دقائق|مرت الدقائق. ساد الصمت في الغرفة، ودوى في آذانهم. في تمام الساعة السادسة وسبع دقائق، رن هاتف تشارلز.|The Jury|Fern Michaels|true|en|true
18:08|1808-000|6:08 مساءً|"6:08 مساءً. وصلت كلمة السر ""فالكيري"" إلى مقر فون سيدليتز غابلر"|The Night of the Generals|Hans Hellmut Kirst|true|en|true
18:09|1809-000|السادسة وتسع دقائق|ها أنا ذا، في تمام الساعة السادسة وتسع دقائق من مساء يوم سبت ممطر، عازماً على كتابة كتاب في جلسة واحدة.|Life With No Breaks|Nick Spalding|true|en|true
18:10|1810-000|الساعة 6:10|«أود الاطلاع على قائمة ركاب رحلة أمس بعد الظهر الساعة 6:10 المتجهة إلى بروكسل.»|Over My Dead Body|Jeffrey Archer|true|en|true
18:10|1810-001|السادسة وعشر دقائق|"دعني أرى الآن. لقد تناولت مشروبًا في فندق كونتيننتال في السادسة وعشر دقائق.<br>""نعم.""<br>""وفي السادسة وخمس وأربعين دقيقة، كنت تتحدث إلى صحفي آخر عند باب فندق ماجستيك؟""<br>""نعم، ويلكنز. لقد أخبرتك بكل هذا، فيجوت، من قبل. في تلك الليلة."""|The Quiet American|Graham Greene|true|en|true
18:11|1811-000|الساعة السادسة وإحدى عشرة دقيقة|وقع الانفجار الأول في تمام الساعة السادسة وإحدى عشرة دقيقة. دُمّرت غرفة الخرائط وجزء من الجسر إلى أشلاء. أعقب ذلك ثلاث دويّات مكتومة ومتقطعة بسرعة، مما أثبت بما لا يدع مجالاً للشك أن القنابل كانت مُبرمجة للانفجار تلقائيًا في وقت محدد.|West Wind Drift|George Barr McCutcheon|true|en|true
18:12|1812-000|6:12|غادر بيل راسل المكتب في الساعة 6:12 مساءً، ولم يدخل المبنى مرة أخرى.|Sons of Fortune|Jeffrey Archer|true|en|true
18:12|1812-001|6:12 مساءً| نظر إلى ساعته: 6:12 مساءً. غادر غرفة الطعام ونزل إلى قبو النبيذ. أضاء مصباح وحيد غرفة كانت تحتوي في السابق على خزائن ملفات مليئة بالمحفوظات. منذ وصول جايلز، تم استبدالها برفوف النبيذ.|The Sins of the Father|Jeffrey Archer|true|en|true
18:12|1812-002|6:12 مساءً|الأربعاء 6:12 مساءً<br>كان الغسق يخيّم بمهابة على طوكيو، بعد يوم نادر خالٍ من الضباب الدخاني. وكان المنظر مُلهمًا بشكل خاص من شقة البنتهاوس في الطابق الخامس والخمسين من مبنى مينو للصناعات المُغطى بالجرانيت.|Project Daedalus|Thomas Hoover|true|en|true
18:12|1812-003|06:12|في تمام الساعة 06:12، أحضرت نورين صينية أخرى كاملة للعشاء، يمكننا تناول العشاء في الخامسة وشيء أو السادسة وشيء أو حتى السابعة وشيء، كما قالت أمي.|Room|Emma Donoghue|true|en|true
18:13|1813-000|06:13|الساعة الآن 06:13، أي أن المساء قد اقترب. تقول أمي إنه يجب أن أكون قد لففتُ نفسي بالسجادة بالفعل، فقد يأتي نيك مبكرًا بسبب مرضي.|Room|Emma Donoghue|true|en|true
18:14|1814-000|السادسة وأربعة عشر دقيقة|"هل هو واعٍ؟ هل تم تخديره بالأثير؟—<br>قال سيمي بمرح: ""لا أستطيع الجزم بذلك. لقد عاد إلى غرفته منذ الساعة الخامسة. هذا يعني—دعنا نرى كم الساعة الآن؟ السادسة وأربعة عشر دقيقة. ما يقرب من ساعة وربع. يقولون جميعًا—"""|From the Housetops|George Barr McCutcheon|false|en|true
18:15|1815-000|السادسة والربع|"قال توني: السادسة والربع. ""لا بد أنه أخبرها الآن."""|A Handful of Dust|Evelyn Waugh|true|en|true
18:15|1815-001|السادسة والربع|في تمام الساعة السادسة والربع، انتهى منهم.|The Photograph|Penelope Lively|true|en|true
18:15|1815-002|6.15 مساءً| نظرت إلى الساعة في زاوية شاشتي. 6.15 مساءً. لن أتمكن أبدًا من إنهاء مقالتي في خمس وأربعين دقيقة.|Girl Missing|Sophie McKenzie|true|en|true
18:16|1816-000|السادسة وست عشرة دقيقة| كانت الساعة فوق الباب تشير إلى السادسة وست عشرة دقيقة. أظهرت الصور الباب وهو يُفتح وسجادة تدخل - مجرد سجادة، مسطحة، مرفوعة بشكل عمودي، معلقة بشكل مستقيم. بالطبع كان هناك شخص ما خلفها.|If Death Ever Slept|Rex Stout|true|en|true
18:17|1817-000|18:17| كُتب على وجه البطاقة اسم بيرنيس ساند. وعلى ظهرها كُتب بقلم رصاص: محطة الترام المتجهة غربًا الساعة 18:17. لم يكن هناك تاريخ أو توقيع. في الساعة 18:17، خرجت أديل من المنزل برفقة تروفيرا.|The Way to Glory|David Drake|true|en|true
18:18|1818-000|6.18 مساءً| نظر إلى ساعته، 6.18 مساءً، وانطلق بأقصى سرعة. نزل من السرير، وخلع ملابسه، وألقى بها على كرسي قبل أن يدخل الحمام ويستحم لفترة طويلة.|Over My Dead Body|Jeffrey Archer|true|en|true
18:18|1818-001|18:18|في تمام الساعة 18:18، اتصلت امرأة تبتية تبلغ من العمر 61 عامًا لطلب سيارة إطفاء لإخماد سيارة محترقة.|My Name is Not Jacob Ramsay|Ben Trebilcook|true|en|true
18:19|1819-000|18:19|غريفزند كئيبة. فيني وستيلا وأمي فيها. أليس كذلك؟ ساعتي تشير إلى 18:19 وسيكون الكابتن مارلو مبتهجًا ومرحًا مع دخول رواد المساء المعتادين.|The Bone Clocks|David Mitchell|true|en|true
18:20|1820-000|6:20 مساءً|في شارع هارلي، وشارع بوند، وطريق الملك، وكلية ماجدالين، أكسفورد، كانت الساعة 6:20 مساءً. أربعة رجال، لا يعرفون بعضهم البعض، تحققوا من سعر زيت بروسبكتا في السوق في العدد الأخير من صحيفة لندن إيفنينج ستاندرد.|Not a Penny More, Not a Penny Less|Jeffrey Archer|true|en|true
18:20|1820-001|السادسة وعشرون دقيقة| لم تتمكن سارة بيرون من الوصول إلى إيفور جارود عبر الهاتف إلا في الساعة السادسة وعشرون دقيقة. كانت في شقتها معظم ساعات ما بعد الظهر، لكنها لم تجرؤ على الاتصال من هناك.|A Taste for Death|P.D. James|true|en|true
18:20|1820-002|السادسة وعشرون دقيقة|عندما كانت والدة إليوت تصل في السادسة وعشرون دقيقة، كانت السيدة سين تتأكد دائمًا من التخلص من جميع آثار تقطيعها.|Interpreter of Maladies|Jhumpa Lahiri|true|en|true
18:21|1821-000|6.21 مساءً|5.20 مساءً -6.21 مساءً<br>وجدت الآنسة بيتيغرو نفسها منجذبة إلى الممر. لقد تجاوزت مرحلة الاعتراض، والحيرة، والمفاجأة، والاستنكار. أشرقت عيناها. وتوهج وجهها. وارتفعت معنوياتها. كان كل شيء يحدث بسرعة كبيرة. لم تستطع مواكبة الأحداث، ولكن يا للعجب، كانت تستمتع بها.|Miss Pettigrew Lives for a Day|Winifred Watson|true|en|true
18:22|1822-000|18:22 بتوقيت غرينتش|"18:22 بتوقيت غرينتش<br>""فرقة الأسلحة النارية في مواقعها يا سيدي،"" قال صوتٌ وحيد عبر جهاز الاتصال الداخلي، بدا كصوت رعد، بعد ساعتين من الصمت."|Nothing Ventured|Jeffrey Archer|true|en|true
18:22|1822-001|السادسة واثنان وعشرون دقيقة|كانت السادسة واثنان وعشرون دقيقة يا قائد. ألقيتُ نظرة خاطفة على الساعة.<br>فتح الباب على مصراعيه. بدا الأمر وكأنه أمرٌ أكثر منه دعوةً للمغادرة.|The Murder Room|P.D. James|true|en|true
18:22|1822-002|السادسة واثنتان وعشرون دقيقة|انقلبت الساعة عندما سقط للأمام. هذا سيعطينا وقت الجريمة. السادسة واثنتان وعشرون دقيقة.|The Murder at the Vicarage|Agatha Christie|true|en|true
18:23|1823-000|السادسة وثلاث وعشرين دقيقة مساءً|غداء نزهة في المطبخ، وقفل مزدوج على الباب الأمامي تحسبًا لأي طارئ، وعاد الأب من البنك قبل السادسة وثلاث وعشرين دقيقة مساءً.|Light a Penny Candle|Maeve Binchy|true|en|true
18:24|1824-000|18:24|حصلنا على تصريح من البرج في تمام الساعة 18:24، وأقلعنا بعد سبع دقائق من موعد الإقلاع المحدد. كانت سماء المساء صافية تقريبًا، مع وجود بعض السحب الركامية المتناثرة على طول الأفق الجنوبي، وكانت أكياس الرياح متدلية بشكل رخو.|Quiller’s Run|Adam Hall|true|en|true
18:25|1825-000|الساعة السادسة وخمس وعشرين دقيقة|" قال دالغليش دون مقدمات: ""لقد تعرفت عليكِ السيدة تالولا كلاتون، مدبرة منزل متحف دوباين، بعد ظهر اليوم، بصفتك سائق السيارة الذي صدمها من على دراجتها حوالي الساعة السادسة وخمس وعشرين دقيقة من يوم الجمعة الأول من نوفمبر. في تلك الليلة، قُتل شخصان في المتحف، وهما الدكتور نيفيل دوباين والآنسة سيليا ميلوك."""|The Murder Room|P.D. James|true|en|true
18:25|1825-001|6:25|في تمام الساعة 6:25، أغلقت كلوديا الملفات التي كانت تعمل عليها وصعدت إلى الطابق العلوي لتغتسل وتأخذ معطفها. كان المنزل يضيء بنور ساطع. منذ وفاة جيرارد، كانت تكره العمل بمفردها في الظلام.|Original Sin|P.D. James|true|en|true
18:25|1825-002|الساعة السادسة وخمس وعشرين دقيقة|في تمام الساعة السادسة وخمس وعشرين دقيقة، دخلتُ الحمام لأغتسل، ثم بينما كانت السيدة العجوز مشغولة في المطبخ بمساعدة كريس في غسل الأطباق، أخذتُ معطفي ونزلتُ الدرج مسرعًا.|A Kind of Loving|Stan Barstow|true|en|true
18:25|1825-003|الساعة 6:25|في هذه اللحظة، أثناء الكتابة، تلقيت برقية من جوناثان يقول فيها إنه سيغادر في تمام الساعة 6:25 من لونسيستون وسيصل إلى هنا في تمام الساعة 10:18، لذلك لن أشعر بالخوف الليلة.|Dracula|Bram Stoker|true|en|true
18:26|1826-000|١٨:٢٦ مساءً|"تحققت من الوقت على هاتفي المحمول - ١٨:٢٦ مساءً<br>""هل تريدين تناول بيتزا؟"" سألتني كارا وهي تدخل بعد عشرين دقيقة. نظرت إليها. هزت رأسها مبتسمة، وكأنها تسأل."|Play With Me|Ananth|true|en|true
18:26|1826-001|حوالي السادسة والنصف|إنها حوالي السادسة والنصف مساءً. بدأ الغسق يتجمع في غرفة المعيشة، غسق مبكر بسبب الضباب الذي زحف من المضيق، وهو أشبه بستارة بيضاء مسدلة خارج النوافذ.|Long Day’s Journey Into Night|Eugene O’Neill|true|en|true
18:27|1827-000|6:27|كانت الساعة 6:27. رنّ الهاتف في شقة فرانسيس بيفرل. ما إن نطق جيمس اسمها حتى أدركت أن هناك خطباً ما.|Original Sin|P.D. James|true|en|true
18:28|1828-000|٦:٢٨ مساءً|"في تمام الساعة ٦:٢٨ مساءً، انتشر خبر عاجل من صحيفة ""إكزامينر"" على الهواتف المحمولة وأجهزة الكمبيوتر في جميع أنحاء منطقة شيكاغو: ""توماس ر. أوسوليفان الثالث، أصغر أفراد عائلة سياسية كانت ذات نفوذ كبير في إلينوي، من بين اثنين قُتلا في عملية سطو مسلح في دايموند بوينت. البحث جارٍ عن مطلق النار الوحيد."""|The Ambition|Lee Strobel|true|en|true
18:29|1829-000|6:29|على مدى الخمس عشرة دقيقة التالية، حمل صناديق النبيذ والبيرة إلى أعلى الدرج، متوقفًا باستمرار للتحقق من ساعته، وفي الساعة 6:29 فتح الباب الخلفي ليجد العريف الألماني يقفز ويضرب جانبيه في محاولة للتدفئة.|The Sins of the Father|Jeffrey Archer|true|en|true
18:29|1829-001|الساعة السادسة وتسع وعشرين دقيقة مساءً|"لم يستطع الملازم هيرشل موت إخفاء نبرة الهستيريا التي كادت تظهر في صوته عندما رد ويسلي على مكالمته الهاتفية في تمام الساعة السادسة وتسع وعشرين دقيقة مساءً.<br>سأله ويسلي مرة أخرى عبر مكبر الصوت: ""أين أنت؟"""|The Body Farm|Patricia Cornwell|true|en|true
18:30|1830-000|السادسة والنصف|السادسة والنصف. في تمام الساعة السادسة والنصف، تغيرت الحركة داخل الشاحنة أثناء مراقبة ريتشر. ست ساعات وأربع دقائق من السير بثبات، ربما بسرعة 55 أو 60 ميلاً في الساعة، بينما بلغت الحرارة ذروتها ثم انخفضت. جلس ريتشر، يشعر بالحرارة ويهتز ويرتطم في الظلام، وحوض العجلة بينه وبين هولي جونسون، يحسب المسافة على خريطة في رأسه.|Die Trying|Lee Child|true|en|true
18:30|1830-001|٦:٣٠ مساءً|بعد أن أوصلها إلى منزلها، تناول العشاء بمفرده في مطعم قريب: سمك ماكريل مشوي على طريقة كيوتو مع التوفو، وخضراوات مخللة، وحساء ميسو، وطبق من الأرز الأبيض. وكعادته، ابتعد عن الكحول. كان ذلك في الساعة ٦:٣٠ مساءً.|Blind Willow, Sleeping Woman|Haruki Murakami|true|en|true
18:30|1830-002|6:30|"""عُثر على إوزة وقبعة سوداء من اللباد عند زاوية شارع جودج. يمكن للسيد هنري بيكر الحصول عليهما بالتقدم بطلب في تمام الساعة 6:30 من هذا المساء في 221B شارع بيكر."""|The Adventures of Sherlock Holmes|Sir Arthur Conan Doyle|true|en|true
18:30|1830-003|السادسة والنصف|في الساعة السادسة والنصف غادرتُ الحانة وسرتُ إلى الخارج. كان الظلام قد بدأ يحلّ، وبدا شارع أفينيدا الكبير رائعًا وجميلًا. على الجانب الآخر كانت هناك منازل كانت تُطلّ على الشاطئ. أما الآن، فقد أصبحت تُطلّ على الفنادق، وقد اختفى معظمها خلف سياجات وجدران عالية تفصلها عن الشارع.|The Rum Diary|Hunter S. Thompson|true|en|true
18:30|1830-004|6:30 مساءً|6:30 مساءً. شاهد التلفاز أو فيديو|The Curious Incident of the Dog in the Night-Time|Mark Haddon|true|en|true
18:30|1830-005|السادسة والنصف|"بينما كنتُ أستدير، حزينةً لفراقه، خطرت لي فكرةٌ فاستدرتُ. ""هل أُوصل لك رسالةً أخرى؟""<br>قال: ""هذا لطفٌ منكِ، ولكن هل تُريدين ذلك؟""<br>""نعم، هذه المرة فقط."" فكرتُ أنه لا ضرر في ذلك؛ وسأكون بعيدةً عندما تصل الرسالة، وأردتُ أن أقول شيئًا يُظهر أننا أصدقاء. ""حسنًا،"" قال مرةً أخرى من وراء النافذة، ""قولي إن غدًا غير مناسب، سأذهب إلى نورويتش، ولكن يوم الجمعة في السادسة والنصف، كما هو مُعتاد."""|The Go-Between|L. P. Hartley|true|en|true
18:30|1830-006|السادسة والنصف|في تمام الساعة الخامسة، ذهبت السيدتان إلى غرفتهما لارتداء ملابسهما، وفي تمام الساعة السادسة والنصف، دُعيت إليزابيث لتناول العشاء.|Pride and Prejudice|Jane Austen|true|en|true
18:30|1830-007|السادسة والنصف|إنها السادسة والنصف. الآن، يعود الليل المظلم وضجيج الصراصير الصاخب ليغمر الحديقة والشرفة، وكل ما يحيط بالمنزل|Jealousy|Alain Robbe-Grillet|true|en|true
18:30|1830-008|السادسة والنصف|قد يظن الزائر العابر أن السيد بينيكويك، صاحب المنزل، قد مرّ بأيام عصيبة؛ لكن اثنين من السادة الثلاثة المجتمعين في الصالون في الساعة السادسة والنصف مساءً في أمسية شتوية من أواخر فبراير لم يكونا عرضة للوقوع في هذا الخطأ.|Cotillion|Georgette Heyer|true|en|true
18:31|1831-000|الساعة السادسة وواحد وثلاثين دقيقة|قلتُ إنه من الأفضل أن نفتش المنزل للتأكد من وجوده هناك، وقال السيد هيرست إنه سيأتي معي؛ فذهبنا جميعًا إلى المنزل وبحثنا في جميع الغرف، ولكن لم يكن هناك أي أثر للسيد بيلينجهام في أي منها. ثم شعر السيد هيرست بتوتر شديد وقلق، وعندما تناول عشاءً سريعًا، انطلق مسرعًا للحاق بقطار الساعة السادسة وواحد وثلاثين دقيقة المتجه إلى المدينة.|The Eye of Osiris|R. Austin Freeman|true|en|true
18:31|1831-001|الساعة السادسة وإحدى وثلاثون دقيقة مساءً|"يروي الكابتن بيري: ""بدأت الأحداث عند غروب الشمس، أي في تمام الساعة السادسة وإحدى وثلاثون دقيقة مساءً، بحماسة وقوة لا يمكن وصفهما."""|The Story of Nelson|Harold F.B. Wheeler|true|en|true
18:31|1831-002|بين الساعة السادسة والسابعة|بين الساعة السادسة والسابعة مساءً في أحد أيام شهر يوليو، كان حشد من زوار الصيف -معظمهم آباء عائلات- مثقلين بالطرود والمحافظ وصناديق قبعات السيدات، يسيرون من محطة هيلكوفو الصغيرة، باتجاه الفيلات الصيفية.|The Party and Other Stories|Anton Pavlovich Chekhov|true|en|true
18:31|1831-003|بعد السادسة والنصف بقليل|تأخرتُ في قضية، وبعد السادسة والنصف بقليل وجدتُ نفسي في شارع بيكر مرة أخرى|The Adventure of The Blue Carbuncle|Sir Arthur Conan Doyle|true|en|true
18:32|1832-000|6:32|بينما كان يخرج من الكاتدرائية القوطية العظيمة، بدأ المطر بالهطول. قام سيبتيموس على مضض بفك مظلته الملفوفة بعناية، ورفعها، ثم انطلق مسرعًا عبر البرك، على أمل أن يصل في الوقت المناسب للحاق بقطار الساعة 6:32.|Broken Routine|Jeffrey Archer|true|en|true
18:32|1832-001|6:32 مساءً|لم تظهر مجددًا حتى الساعة 6:32 مساءً. كانت ترتدي ملابسها المدنية، وتوجهت نحو شقة سامرز، وتوقفت في طريقها لأخذ إحدى بدلاته من محل التنظيف الجاف. في الساعة 6:58 دخلت المنزل.|Turn a Blind Eye|Jeffrey Archer|true|en|true
18:32|1832-002|6:32 مساءً|الاثنين 6:32 مساءً<br>كان تانزان مينو يرتدي كيمونو أسود بأكمام ثلاثة أرباع، يحدق أمامه مباشرةً وهو راكع أمام السيف الموضوع أمامه. كانت يداه مستقرتين برفق على فخذيه، ووجهه بلا تعبير. ثم مد يده ولمس الغمد، وانحنى له انحناءة عميقة. كان بداخله كاتانا من القرن الثاني عشر، شفرة حادة طولها خمسة أقدام صنعها صانعو السيوف من مدرسة مينو، من بلدة سيكي، بالقرب من جيفو في قلب هونشو القديمة. كان يعتقد أنها استعارة مثالية للتميز والانضباط اليابانيين.|Project Daedalus|Thomas Hoover|true|en|true
18:33|1833-000|الساعة 6:33 مساءً| كان ميشيل يستقل القطار إلى منزله كل مساء، ويغير القطار في إسبلي، ويصل عادةً إلى كريسي على متن قطار الساعة 6:33 مساءً حيث كانت أنابيل تنتظره في المحطة.|Atomised|Michel Houellebecq|true|en|true
18:34|1834-000|السادسة وأربعة وثلاثون دقيقة|سأترك الآن تلك السيارة القديمة واقفة على القضبان في محطة بريدجبورو، لأن عليّ النزول لتناول العشاء. يا إلهي، آمل ألا يأتي قطار الساعة السادسة وأربعة وثلاثون دقيقة السريع ويصطدم بها أثناء تناولي الطعام. أراهن أنكم جميعًا متوترون ومتحمسون، أليس كذلك؟|Roy Blakely, Lost, Strayed or Stolen|Percy Keese Fitzhugh|true|en|true
18:34|1834-001|حوالي السادسة والنصف|إنها حوالي السادسة والنصف مساءً. بدأ الغسق يتجمع في غرفة المعيشة، غسق مبكر بسبب الضباب الذي زحف من المضيق، وهو أشبه بستارة بيضاء مسدلة خارج النوافذ.|Long Day’s Journey Into Night|Eugene O’Neill|true|en|true
18:35|1835-000|6:35 مساءً| أُمرر إصبعي المبلل على الشاشة لأرى الوقت: 6:35 مساءً. أنا مبكر. مبكر جدًا. سأعتبر هذا أمرًا جيدًا لو كان بالإمكان وصف أي جزء من خطتي بذلك. أبتلع ريقي. لا شيء من خطتي مؤكد.|Bath Haus|P.J. Vernon|true|en|true
18:35|1835-001|الساعة 6:35 مساءً|ثم حلت الساعة 6:35 مساءً، وسمعت أبي يعود إلى المنزل في شاحنته، فدفعت السرير نحو الباب حتى لا يتمكن من الدخول، ودخل المنزل، وبدأ هو وأمي بالصراخ على بعضهما البعض.|The Curious Incident of the Dog in the Night-Time|Mark Haddon|true|en|true
18:36|1836-000|6:36|يلاحقني كالدرين كظلٍّ متوهج. لقد كتب على البوابة بالطباشير «96,688,365,498,702». من المفترض أن يُربك ساعي البريد. استيقظتُ الساعة 9:05. أنام الساعة 6:36.|The Voices of Time|J.G. Ballard|true|en|true
18:37|1837-000|6:37| نظر إلى ساعته: 6:37. كان من المقرر عرض أول قطعة للبيع بالمزاد في تمام الساعة السابعة. كان يعلم تمامًا كم سيستغرق من الوقت للمشي من فندق ريتز إلى دار كريستيز، وبما أن لوحة رافائيل كانت القطعة رقم 25، لم يكن في عجلة من أمره.|Turn a Blind Eye|Jeffrey Archer|true|en|true
18:37|1837-001| السابعة إلا عشرين دقيقة تقريبًا| إيمي: ما هذا؟ ظننت أنني رأيت شخصًا يمر من النافذة. كم الساعة؟<br>تشارلز: السابعة إلا عشرين دقيقة تقريبًا.|The Family Reunion|T.S. Eliot|true|en|true
18:37|1837-002|الساعة السادسة وسبع وثلاثون دقيقة|"قال بينتو: ""تعال إلى مقهى غرايز إن، وسأخبرك كيف ظهرت الشق على الفأس"". وسرنا في شارع هولبورن حوالي الساعة السادسة وسبع وثلاثون دقيقة."|The Notch on the Ax|William Makepeace Thackeray|true|en|true
18:38|1838-000|18:38|كان يسلك نفس الطريق كل يوم، ويتحدث إلى نفس حارس الأمن لنفس المدة، ويستقل نفس المصعد إلى نفس الطابق، ويعلق معطفه نفسه في نفس المكان، ويجلس على نفس المكتب حتى وقت الغداء، حيث كان يحضر نفس الشطيرة (لحم خنزير ومخلل على خبز أسمر) من نفس محل الشطائر. وفي تمام الساعة الخامسة والنصف كل يوم، كان يعيد الرحلة بأكملها في الاتجاه المعاكس، ليصل إلى المنزل بين الساعة 18:24 في يوم جيد والساعة 18:38 في يوم سيئ.|The Case of the Wayward Professor|Gareth P. Jones|true|en|true
18:39|1839-000|7 إلا 21 دقيقة|في تمام الساعة 7 إلا 21 دقيقة، سيجلس يوري على طاولتك، أو ربما على الطاولة المجاورة. سيعتمد ذلك بالطبع على مدى ازدحام المقهى.|Manhunt|James Barrington|true|en|true
18:40|1840-000|السادسة وأربعون دقيقة|كانت الساعة السادسة وأربعون دقيقة من يوم الثلاثاء نفسه قبل أن ينتهي جورج تشاندلر باول من قائمة مرضاه الخاصين في مستشفى سانت أنجيلا. وبينما كان يخلع ثوب العمليات، شعر بتناقضٍ بين الإرهاق والقلق.|The Private Patient|P.D. James|true|en|true
18:40|1840-001|الساعة السابعة إلا عشرين دقيقة|بسبب اضطراري لتغيير الحافلات، خصصت وقتًا كافيًا - في الواقع، وقتًا أكثر من اللازم؛ لأننا وصلنا في تمام الساعة السابعة إلا عشرين دقيقة، وكان فرانشينغ، كما قال الخادم، قد صعد لتوه ليرتدي ملابسه.|The Diary of a Nobody|George and Weedon Grossmith|true|en|true
18:41|1841-000|السادسة وواحد وأربعون دقيقة|وصل إلى محطة غراند سنترال قبل الموعد بوقت كافٍ. لم يكن من المقرر وصول قطار ستيلمان حتى الساعة السادسة وواحد وأربعون دقيقة، لكن كوين أراد وقتًا لدراسة جغرافية المكان، للتأكد من أن ستيلمان لن يتمكن من الإفلات منه.|The New York Trilogy|Paul Auster|true|en|true
18:42|1842-000|السادسة واثنتان وأربعون دقيقة|كانت الساعة السادسة واثنتان وأربعون دقيقة. ما لم تكن إيما تقضي عطلة نهاية الأسبوع خارج المدينة، فمن المحتمل أنها ستكون في المنزل.|A Taste for Death|P.D. James|true|en|true
18:43|1843-000|الساعة 18:43|لم تكن بيف من النوع الذي يراقب الساعة، ولكن بحلول الساعة 18:43 كانت قد سئمت. كومة من الأوراق عند مرفقها الأيسر تمثل عمليات الاستبعاد: المكالمات التي تم إجراؤها، والفحوصات التي تمت، والمتابعات التي تم إنجازها. على اليمين كانت هناك إجراءات أخرى.|Bad Press|Maureen Carter|true|en|true
18:45|1845-000|الساعة السادسة وخمس وأربعون دقيقة|" استدار رأس الصبي الأسود القزم واصطدم أنفه بمفصل يده. عبس في وجهه، ثم ألقى نظرة سريعة على مكان الصبيين الأسودين الآخرين تحسبًا لأي طارئ، وأخبر ماكمورفي أنهم لا يفتحون الخزانة حتى الساعة السادسة وخمس وأربعون دقيقة. قال: ""إنها سياسة."""|One Flew Over the Cuckoo’s Nest|Ken Kesey|false|en|true
18:45|1845-001|السادسة وخمس وأربعون دقيقة|"دعني أرى الآن. لقد تناولت مشروبًا في فندق كونتيننتال في الساعة السادسة وعشر دقائق.<br>""نعم.""<br>""وفي الساعة السادسة وخمس وأربعون دقيقة، كنت تتحدث إلى صحفي آخر عند باب فندق ماجستيك؟""<br>""نعم، ويلكنز. لقد أخبرتك بكل هذا، فيجوت، من قبل. في تلك الليلة."""|The Quiet American|Graham Greene|true|en|true
18:45|1845-002|الساعة 6:45|"اتصل لوي في الساعة 6:45. سأله: ""هل سمعت يا مينغ؟ هل سمعت؟""<br>""نعم يا تادي، سمعت.""<br>""ما الأمر؟"" سأل تومي. ""المولود الجديد، اسمع، المولود الجديد."""|The Man Who Loved Children|Christina Stead|true|en|true
18:45|1845-003|الساعة السابعة إلا ربع|كانت الساعة السابعة إلا ربع عندما دخلت المكتب، وأضأت النور، والتقطت ورقة من الأرض. كانت رسالة من خدمة غرين فيذر للرسائل...|The High Window|Raymond Chandler|true|en|true
18:46|1846-000|الساعة السابعة إلا أربع عشرة دقيقة|عندما سمعتُ صوتَ الارتطام فوق رأسي، لم أكلف نفسي عناءَ النظر. كنتُ أعلمُ أنها الساعة السابعة إلا أربع عشرة دقيقة.|Tiffany Street|Jerome Weidman|true|en|true
18:47|1847-000|18:47|" وأضاف لامونت، وقد تغيرت نبرته: ""إذا لم يحضر، فإن أوامر الصقر واضحة تمامًا. أوقفوا العملية. لن نداهم منزل فولكنر إلا إذا تأكدنا من تسليم الأدلة اللازمة لإدانته.""<br>همست جاكي بينما نظر ويليام إلى ساعته: 18:47: ""لا ضغط."""|Hidden in Plain Sight|Jeffrey Archer|true|en|true
18:47|1847-001|6:47 مساءً| كانت الساعة تشير إلى 6:47 مساءً. مع تزايد الخوف، تجولتُ بخطوات متصلبة في أرجاء الشقة، وأضأتُ جميع الأنوار - حتى أضواء السقف في غرفة المعيشة، والتي لم نكن نستخدمها عادةً لأنها كانت ساطعة للغاية.|The Goldfinch|Donna Tartt|true|en|true
18:48|1848-000|الساعة السابعة إلا اثنا عشر دقيقة| سرعان ما انطلقنا مسرعين في الشوارع. لم أكن أعرف ليفربول جيدًا، وبالتالي لم أستطع تحديد وجهة الرجل بدقة. عندما ركبت العربة، كانت تشير إلى الساعة السابعة إلا اثنا عشر دقيقة؛ مرت هذه الدقائق بسرعة، ولم نصل إلى المحطة بعد.|A Master of Mysteries|Robert Eustace|true|en|true
18:49|1849-000|٦:٤٩ مساءً|٦:٤٩ مساءً. الفريق تانز برفقة وحدة آلية، توجه إلى مقر الفيلق|The Night of the Generals|Hans Hellmut Kirst|true|en|true
18:50|1850-000|18:50|"أخيرًا قال صوت: ""لا السيد كليفتون ولا ابنتك على متن تلك الرحلة يا سيد غومان، وقد أغلق مكتب الصعود إلى الطائرة بالفعل. هل تريدني أن أتحقق من رحلة الساعة 18:50؟"""|Cometh the Hour|Jeffrey Archer|true|en|true
18:50|1850-001|6:50 مساءً|في تمام الساعة 6:50 مساءً، وقفت لاسي في الردهة مرتديةً شورتًا وقميصًا أزرق بلا أكمام وحذاءً رياضيًا متينًا، مستعدةً لقضاء أمسية دافئة في التجول. حدقت في ضفدع الشجر الأحمر الصغير الجاثم على غصن على مستوى نظرها، بينما كانت مجموعات سياحية وسيل لا ينتهي من المجموعات الصغيرة تتجول من حولها، جميعهم يتجولون في أجزاء من الطريق المتعرج التي فتحها سوين للجمهور خلال عطلة نهاية الأسبوع.|The Enclave|Karen Hancock|true|en|true
18:50|1850-002|الساعة السابعة إلا عشر دقائق| في تمام الساعة السابعة إلا عشر دقائق، كانت دولسي جاهزة. نظرت إلى نفسها في المرآة المتجعدة. كان انعكاسها مُرضيًا. الفستان الأزرق الداكن، الذي يُناسبها تمامًا دون أي تجاعيد، والقبعة ذات الريشة السوداء الأنيقة، والقفازات المتسخة قليلًا - وكلها تُمثل إنكار الذات، حتى الطعام نفسه - كانت تُناسبها بشكلٍ كبير. نسيت دولسي كل شيء آخر للحظة إلا أنها كانت جميلة، وأن الحياة على وشك أن تكشف لها جانبًا من حجابها الغامض لتُشاهد عجائبها. لم يسبق لأي رجل أن طلب منها الخروج معه من قبل. الآن، كانت ستدخل للحظة وجيزة في بريق العرض المُبهرج.|The Four Million|O. Henry|true|en|true
18:50|1850-003|قبل السابعة بعشر دقائق|حان وقت الذهاب لرؤية السيدة. عندما وصلنا إلى منزلها قبل السابعة بعشر دقائق، فتحت داماروند الباب.|Boy’s Life|Robert R. McCammon|true|en|true
18:51|1851-000|6:51| تلاشى مربع الضوء في مدخل المطبخ إلى لون أرجواني باهت؛ كانت ساعته تشير إلى 6:51.|Salem’s Lot|Stephen King|true|en|true
18:52|1852-000|الساعة السابعة إلا ثماني دقائق|"بينما كانا يمران بالساحة العامة، ألقيا نظرة سريعة على الساعة في مبنى البلدية، فعرفا الوقت. كانت الساعة السابعة إلا ثماني دقائق.<br>قال توم، وهو يلاحظ أن ويلارد لا يرتدي معطفًا: ""ستشعر بالبرد"". <br>""لا، لن أشعر بالبرد، ليس كثيرًا. لم يكن هناك وقت للبحث عن أي شيء."" خفض ويلارد صوته. ""ما مدى خطورة إصابته يا توم؟"""|Benton’s Venture|Ralph Henry Barbour|true|en|true
18:52|1852-001|السابعة إلا عشر — بل ثماني — دقائق|لقد فاتنا القطار! إنها السابعة إلا عشر — بل ثماني — دقائق، قال آرثر بصوتٍ جمع بين اللوم والرعب. وقفز من سريره وبدأ في حالة غضب هستيري بترتيب ملابسه.|Catching the Train|Arnold Bennett|true|en|true
18:52|1852-002|قرابة الساعة السابعة|وصلتُ إلى منزل السيد والسيدة فليمنج في شارع 6، حيث كنتُ أستأجر غرفة، قرابة الساعة السابعة. كان ذلك في أواخر سبتمبر، ورغم وجود بعض أشعة الشمس المتبقية، لم أرغب في زيارة منزل رجل ميت مع حلول الليل.|All Aunt Hagar’s Children|Edward P. Jones|true|en|true
18:53|1853-000|السابعة إلا سبع دقائق|" ""افعل ما يحلو لك. هذه قاعة الحرية. ليس لدينا أي قواعد."" نظر إلى ساعته. ""تلك الساعة على الرف هناك متقدمة بأربع دقائق. إنها السابعة إلا سبع دقائق بحسب الوقت الصحيح. سنتناول العشاء في السابعة والنصف، لكن يمكنك النزول متى شئت."""|Golden Fleece|David Graham Phillips|true|en|true
18:53|1853-001|بعد دقائق قليلة من السادسة وخمسين دقيقة| سار عبر المدرج نحو الطائرة المنتظرة بعد دقائق قليلة من السادسة وخمسين دقيقة. ستهبط الطائرة التي تقلّ الرمز في واشنطن في غضون ساعتين تقريبًا.|A Matter of Honor|Jeffrey Archer|true|en|true
18:53|1853-002|حوالي الساعة السابعة|حوالي الساعة السابعة مساءً، توفيت، وأحدث زوجها المذعور مشهدًا مروعًا في محاولاته لقتل ويست، الذي حمّله بجنون مسؤولية عدم إنقاذ حياتها. أمسكه أصدقاؤه عندما استلّ خنجرًا، لكن ويست فارق الحياة وسط صرخاته اللاإنسانية ولعناته وأيمانه بالانتقام.|Herbert West–Reanimator|H.P. Lovecraft|true|en|true
18:54|1854-000|قبل السابعة ببضع دقائق|" قالت كاي راندال عبر الهاتف: ""أشعر ببعض الحرج من طلبي من رجل القيام بهذه المهمات... لكن هذه مشكلتي، وليست مشكلتك. فقط أحضر اللوازم وحاول أن تكون في قاعة اجتماعات الكنيسة قبل السابعة ببضع دقائق."""|Bridging|Max Apple|true|en|true
18:55|1855-000|الساعة 6:55|"… لم يكن لديك أي سبب للاعتقاد بأهمية التوقيت. بل كم سيكون الأمر مثيرًا للريبة لو كنت دقيقًا تمامًا.<br>""ألم أكن كذلك؟""<br>""ليس تمامًا. لقد تحدثت إلى ويلكنز في الساعة 6:55.""<br>""عشر دقائق أخرى."""|The Quiet American|Graham Greene|true|en|true
18:55|1855-001|6:55|كان من المقرر أن تبدأ المسرحية في الساعة السابعة وتنتهي قبل غروب الشمس. كانت الساعة 6:55. خلف الشقق، كنا نسمع ملعب الهوكي يمتلئ. ازداد الهدير المنخفض تدريجيًا - أصوات، خطوات، صرير المدرجات، إغلاق أبواب السيارات في موقف السيارات.|Middlesex|Jeffrey Eugenides|true|en|true
18:56|1856-000|الساعة 6:56|ثم أصبحت الساعة 6:56. انعطفت سيارة روفر سوداء - روفر 90، رقم تسجيلها PYX 520 - إلى الشارع الممتد على الجانب الأيسر من الملجأ. توقفت. انفتح باب السائق. نزل رجل.|Dreams of Leaving|Rupert Thomson|true|en|true
18:57|1857-000|ثلاث دقائق قبل الساعة السابعة| بينما كان الجمهور غارقًا في هذا اللحن الثلاثي، جلسوا يحدقون؛ وينظرون بلطف وإعجاب دون استجواب، لأنه بدا أمرًا لا مفر منه، شجرة البقس في حوض أخضر تحل محل غرفة ملابس السيدات؛ بينما على ما يبدو أنه جدار، عُلقت ساعة كبيرة؛ تشير عقاربها إلى ثلاث دقائق قبل الساعة السابعة.|Between the Acts|Virginia Woolf|true|en|true
18:58|1858-000|6:58 مساءً| حدد بدقة المكان الذي رأى فيه الشخصين، والوقت الذي واصلا فيه صعود الجبل، وحقيقة أنهما لم يظهرا أي صعوبة وهما يختفيان في الضباب. عندما انتهى، نظر إلى ساعته: 6:58 مساءً|Paths of Glory|Jeffrey Archer|true|en|true
18:58|1858-001|6:58|لم تظهر مجدداً حتى الساعة 6:32 مساءً. كانت ترتدي ملابسها المدنية، وتوجهت نحو شقة سامرز، وتوقفت في طريقها لأخذ إحدى بدلاته من محل التنظيف الجاف. في الساعة 6:58 دخلت المنزل.|Turn a Blind Eye|Jeffrey Archer|true|en|true
18:58|1858-002|السابعة إلا دقيقتين|" يقول بيري: ""امشِ بسرعة، إنها السابعة إلا دقيقتين، ويجب أن أكون في المنزل بحلول—""<br>""أوه، اصمت،"" قلت. ""كان لدي موعد كمؤدي رئيسي في تحقيق في الساعة السابعة، ولن أضيع وقتي في التغيب عنه."""|Roads of Destiny|O. Henry|true|en|true
18:58|1858-003|السابعة إلا دقيقتين|كان اليوم الثلاثاء، الخامس عشر من أغسطس؛ أشرقت الشمس في تمام الساعة الخامسة وإحدى عشرة دقيقة من صباح اليوم، وغربت في تمام الساعة السابعة إلا دقيقتين من مساء اليوم.|The Hot Rock|Donald E. Westlake|true|en|true
18:59|1859-000|قبل السابعة بدقيقة واحدة| قبل السابعة بدقيقة واحدة، صعد المقدم روبرتسون إلى المنصة، وسرعان ما ساد الصمت في القاعة، واتخذ جميع الحاضرين وضعية انتباه. توقف في منتصف المنصة وأشار للرجال بالنزول.|The Sins of the Father|Jeffrey Archer|true|en|true
18:59|1859-001|6:59 مساءً|في تمام الساعة 6:59 مساءً بتوقيت وسط أمريكا، أقف في بهو منزل كلير مرتديةً أجمل ثياب يوم الأحد، وأصبعي على زرها، وزهرة فريزيا صفراء عطرة، وكأس من نبيذ كابرنيه أسترالي في يدي الأخرى، وقلبي يخفق بشدة.|The Time Traveler’s Wife|Audrey Niffenegger|true|en|true
19:00|1900-000|السابعة|"""كانت الساعة حوالي السابعة، وكنتُ هادئًا جدًا لدرجة أنني شعرتُ أنه لو تحدث أحدهم على بُعد ميل، لكنتُ قادرًا على الرد عليه."""|A Month in the Country|J.L. Carr|true|en|true
19:00|1900-001|الساعة السابعة|بحلول الساعة السابعة، كانت الشموع مضاءة.|A Discovery of Witches|Deborah Harkness|true|en|true
19:00|1900-002|الساعة السابعة|في تمام الساعة السابعة، لا تزال هولي في مكتبها، تراجع فواتير لا تحتاج حقًا إلى اهتمامها.|If It Bleeds|Stephen King|true|en|true
19:00|1900-003|الساعة السابعة| شقت آن طريقها عبر فناء المنزل، تاركةً يدها الثابتة على جانب شاحنة بوبي. عندما تجاوزت الشاحنة، مدت يدها على الفور إلى درابزين الشرفة. نظرت إلى أعلى، وفي ضوء الساعة السابعة الخافت، اعتقد غاردنر أن المرأة بدت متقدمة في السن وخالدة في الوقت نفسه.|The Tommyknockers|Stephen King|true|en|true
19:00|1900-004|الساعة السابعة|عند إعادة توحيد الصباح على الإفطار، ثم بعد ذلك يتم فصله. الجميع يفعل ما يحلو له حتى وقت العشاء. العشاء في الساعة السابعة.|Anna Karenina|Leo Tolstoy|true|en|true
19:00|1900-005|الساعة السابعة|بحلول الساعة السابعة، كان جميع الضيوف قد وصلوا، واصطحبهم إلى المنزل فريد وجورج، اللذان كانا ينتظرانهم في نهاية الزقاق.|Harry Potter and the Deathly Hallows|J.K. Rowling|true|en|true
19:00|1900-006|الساعة السابعة|كوني عند العمود الثالث من اليسار خارج مسرح الليسيوم الليلة الساعة السابعة. إذا كنتِ تشكين، أحضري صديقتين. أنتِ امرأة مظلومة، وستنالين العدالة. لا تحضري الشرطة. إن فعلتِ، فسيكون كل شيء عبثًا.<br>—صديقتكِ المجهولة.|A Study in Scarlet|Sir Arthur Conan Doyle|true|en|true
19:00|1900-007|السابعة|" كانت الساعات تدق السابعة. قال اللورد فيتيناري، ناظرًا للأعلى: ""آه، سيد ليبويغ. شكرًا جزيلًا لك على زيارتك. لقد كان يومًا حافلًا، أليس كذلك؟ درامكنوت، ساعد السيد ليبويغ على الجلوس. أعتقد أن التنبؤ قد يكون مُرهقًا للغاية."""|Going Postal|Terry Pratchett|true|en|true
19:00|1900-008|الساعة السابعة|"أغمض بيلي عينيه ونام.<br>في الساعة السابعة من ذلك المساء، كان يتناول عشاءً من خدمة الغرف ويشاهد فيلم ""غابة الأسفلت"" على حاسوبه المحمول. إنه فيلم عمل أخير مشؤوم، بلا شك. رنّ الهاتف. كان المتصل كين هوف. أخبر بيلي بمكان لقائهما غدًا بعد الظهر. لم يكن على بيلي أن يدون ذلك. تدوين الأشياء قد يكون خطيرًا، وهو يتمتع بذاكرة جيدة."|Billy Summers|Stephen King|true|en|true
19:00|1900-009|السابعة تمامًا|" سألت: ""وماذا عن إيرين أدلر؟"" <br>أجاب: ""لقد خطفت أنظار جميع الرجال في تلك المنطقة. إنها أرقّ امرأة على وجه الأرض. هكذا يقول سكان سيربنتين ميوز، رجلاً رجلاً. تعيش حياة هادئة، وتغني في الحفلات الموسيقية، وتخرج بسيارتها في الخامسة كل يوم، وتعود في السابعة تمامًا لتناول العشاء."""|The Adventures of Sherlock Holmes|Sir Arthur Conan Doyle|true|en|true
19:00|1900-010|الساعة السابعة|في غرفته بفندق بون فواياج، يقرأ الدكتور روفوس سيكسميث مجموعة من الرسائل التي كتبها له صديقه روبرت فروبشر قبل ما يقرب من نصف قرن. يحفظ سيكسميث الرسائل عن ظهر قلب، لكن ملمسها وحفيفها وخط يد صديقه الباهت يهدئان أعصابه. هذه الرسائل هي ما سينقذه من مبنى محترق. في تمام الساعة السابعة، يغتسل، ويغير قميصه، ويضع الرسائل التسع المقروءة بين صفحات إنجيل جدعون - الذي يعيده إلى الخزانة بجانب السرير. يضع سيكسميث الرسائل غير المقروءة في جيب سترته للذهاب إلى المطعم.|Cloud Atlas|David Mitchell|true|en|true
19:00|1900-011|السابعة|"""سعيد جدًا برؤيتك. سأتناول العشاء في السابعة. أعتقد أن هناك طائرًا من فصيلة الشنقب. بالمناسبة، ونظرًا للأحداث الأخيرة، ربما ينبغي عليّ أن أطلب من السيدة هدسون فحص حوصلته."""|The Adventures of Sherlock Holmes|Sir Arthur Conan Doyle|true|en|true
19:00|1900-012|الساعة السابعة|بحلول الساعة السابعة، وصلت الأوركسترا، لم تكن فرقة صغيرة من خمسة عازفين، بل مجموعة كبيرة من آلات الأوبوا والترومبون والساكسفون والفيول والكورنيت والبيكولو، بالإضافة إلى الطبول المنخفضة والعالية.|The Great Gatsby|F. Scott Fitzgerald|true|en|true
19:00|1900-013|الساعة السابعة|"""نعم، الساعة السابعة. سأحضر الحلوى."" ابتسمت ابتسامة حزينة سعيدة، ثم عادت إلى وحدتها وهي تعرج بينما واصلتُ التنقيب."|The Catacombs|Jeremy Bates|true|en|true
19:00|1900-014|السابعة|"""ماذا؟ لا. أعني، أجل، هذا هو الوقت الذي يجب أن نكون فيه في الساحة، لكن هناك الكثير من الأشياء قبل ذلك، كما تعلم، الأزياء والمكياج وكل ذلك. عادةً ما أصل إلى هناك في السابعة. لا أصدق أن أحدًا لم يخبرك بأي من هذا."""|Reprieve|James Han Mattson|true|en|true
19:00|1900-015|السابعة مساءً|بعد تلك الليلة الأولى، سرعان ما اعتادت كيندرا على روتينها: كانت تقود سيارتها مع سارة، وتصل بحلول السابعة مساءً، وتسجل حضورها فورًا، وتفحص الأزياء، وتلطخ نفسها بالدماء، وتضع المكياج إذا لزم الأمر، ثم تمشي مع كريستي وسارة إلى موقع التصوير.|Reprieve|James Han Mattson|true|en|true
19:00|1900-016|الساعة السابعة|"""يحتوي على مكنسة نيمبوس ألفين الجديدة، لكنني لا أريد أن يعرف الجميع أن لديك مكنسة وإلا سيرغبون جميعًا في الحصول على واحدة. سيقابلك أوليفر وود الليلة في ملعب الكويدتش في تمام الساعة السابعة لجلسة تدريبك الأولى."""|Harry Potter and the Sorcerer’s Stone|J.K. Rowling|true|en|true
19:00|1900-017|الساعة السابعة|في تمام الساعة السابعة، دخل رجل إيطالي قصير القامة مكتب جيمس. كان يرتدي بدلة توكسيدو قديمة جدًا وربطة عنق بيضاء، كانت تقريبًا بنفس حجم وشكل شاربه.|The Wedding Officer|Anthony Capella|true|en|true
19:00|1900-018|الساعة السابعة|… باختصار، تُرى دائمًا في نفس الساعة المسائية، معزولة عن كل ما يحيط بها، منفصلة ومنعزلة على خلفية ظليلة، بأقل قدر ممكن من المناظر الطبيعية اللازمة… لدراما خلع ملابسي، كما لو أن كومبراي بأكملها كانت تتألف من طابقين فقط متصلين بدرج رفيع، وكما لو لم يكن هناك وقت هناك سوى الساعة السابعة ليلًا.|In Search of Lost Time: Swann’s Way|Marcel Proust|true|en|true
19:00|1900-019|السابعة| دقت ساعة المدينة السابعة. تردد صدى رنينها العظيم في أروقة المكتبة المظلمة. سقطت ورقة خريفية، هشة للغاية، في مكان ما في الظلام. لكنها لم تكن سوى صفحة كتاب تُقلب.|Something Wicked This Way Comes|Ray Bradbury|true|en|true
19:00|1900-020|7:00 مساءً|7:00 مساءً. تدرب على الرياضيات|The Curious Incident of the Dog in the Night-Time|Mark Haddon|true|en|true
19:00|1900-021|السابعة مساءً| لم يُسمح لإدوارد برؤيتي إلا من السابعة مساءً حتى التاسعة والنصف مساءً، دائمًا داخل منزلي وتحت إشراف نظرة والدي الغاضبة التي لا تفارقه.|New Moon|Stephenie Meyer|true|en|true
19:00|1900-022|الساعة السابعة|كانت الساعة السابعة، ولم تكن بعيدةً عن رافيلو، لكنها لم تكن على دراية كافية بتلك الأزقة الرتيبة لتعرف مدى قربها من نهاية رحلتها. كانت بحاجة إلى الراحة، ولم تعرف سوى مُعزٍّ واحد - الشيطان المألوف في صدرها؛ لكنها ترددت للحظة، بعد أن أخرجت البقايا السوداء، قبل أن ترفعها إلى شفتيها.|Silas Marner|George Eliot|true|en|true
19:00|1900-023|الساعة السابعة|كانت الساعة السابعة عندما ركبنا السيارة الكوبيه معه وانطلقنا نحو لونغ آيلاند. […] وهكذا واصلنا القيادة نحو الموت عبر الشفق البارد.|The Great Gatsby|F. Scott Fitzgerald|true|en|true
19:00|1900-024|السابعة مساءً|"قال هوميرو: ""يوم الخميس هو يوم عطلتي"".<br>قال الرئيس: ""ممتاز. سأكون في منزلك يوم الخميس الساعة السابعة مساءً. سيكون من دواعي سروري""."|Doce cuentos peregrinos|Gabriel García Márquez|true|es-CO|true
19:00|1900-025|السابعة مساءً|في السابعة مساءً، استقبلته في الفراش وهي لا تزال ترتدي زي الملكة.|100 años de soledad|Gabriel García Márquez|false|es-CO|true
19:00|1900-026|السابعة مساءً|كان أوريليانو تريست يغادر منزل والدته في السابعة مساءً عندما اخترقت رصاصة بندقية من الظلام جبهته.|100 años de soledad|Gabriel García Márquez|false|es-CO|true
19:00|1900-027|السابعة|الشيء الوحيد الذي أثار فضول أورسولا بعد شهرين تقريبًا من العقاب، هو أن ميمي لم تكن تستحم في الصباح، كما يفعل الجميع، بل في السابعة مساءً.|100 años de soledad|Gabriel García Márquez|true|es-CO|true
19:01|1901-000|الساعة السابعة ودقيقة واحدة|أُغلقت أبواب المقبرة عند غروب الشمس؛ وقد حدث غروب الشمس في تلك الليلة في تمام الساعة السابعة ودقيقة واحدة، والمسافة إلى المدينة كبيرة.|The Filigree Ball|Anna Katherine Green|true|en|true
19:01|1901-001|حوالي الساعة السابعة|انتظر حتى الساعة الثامنة تقريبًا، لأنه في حوالي الساعة السابعة كان هناك دائمًا عدد أكبر من الناس يدخلون ويخرجون من المنزل مقارنة بأوقات أخرى.|The Talented Mr. Ripley|Patricia Highsmith|true|en|true
19:02|1902-000|الساعة السابعة ودقيقتين|عندما دخل تيدي كاريلا غرفة الفريق في تمام الساعة السابعة ودقيقتين، ظن بيتر بيرنز أنه سيصاب بنوبة قلبية.|Killer’s Wedge|Ed McBain|true|en|true
19:02|1902-001|حوالي السابعة|كانت الساعة حوالي السابعة ليلاً،<br>وكانت الرياح تهب بكل قوتها،<br>وكان المطر ينهمر بغزارة،<br>وبدت الغيوم الداكنة وكأنها عابسة،|The Tay Bridge Disaster|William McGonagall|true|en|true
19:03|1903-000|الساعة السابعة وثلاث دقائق|كان هناك عطل في السكة. لم يستطع أحد تحديد موعد إصلاحه. كان القطار الذي وصل في الساعة السابعة وثلاث دقائق هو آخر قطار وصل. هل كانت جميع آلهة السفر تتآمر لإحباطه؟|The Murder Room|P.D. James|true|en|true
19:04|1904-000|7:04 مساءً| مساء يوم الأحد، في نفس الساعة تقريبًا (وتحديدًا حوالي الساعة 7:04 مساءً)، دقّت جرس الباب الأمامي لمنزل والتر مويدينغ، مفوض مكافحة الجريمة، الذي كان في تلك اللحظة منشغلًا، لأسباب مهنية وليست شخصية، بالتنكر في زي شيخ.|The Lost Honour of Katharina Blum|Heinrich Böll|true|en|true
19:05|1905-000|بعد حوالي الساعة السابعة بخمس دقائق| ركنت سيارتي في موقف سيارات مستأجر خارج مطار أوهير بعد حوالي الساعة السابعة بخمس دقائق. نزلت من السيارة وبيديّ عصاي وقصبة الصيد. لم يكن هناك سوى مصباح قديم واحد مضاء في الموقف، لكن القمر كان قد ارتفع ضخمًا وساطعًا، ولم أجد صعوبة في رؤية مايكل قادمًا.|Death Masks|Jim Butcher|true|en|true
19:05|1905-001|الساعة السابعة وخمس دقائق|كانت الساعة السابعة وخمس دقائق، متأخرة قليلاً عن موعده المعتاد، عندما عاد هوبرت إلى الشقة التي افترض أنه يجب أن يسميها الآن منزله، لكنه ما زال يشعر فيها بعدم الارتياح كضيف بدأ يشك في أنه قد أطال إقامته.|A Certain Justice|P.D. James|true|en|true
19:05|1905-002|7:05 مساءً| كان المونسنيور كيفن سوليفان، كعادته، دقيقًا في المواعيد، وكان في ردهة فندق هيلتون المزينة بالثريات في تمام الساعة 7:05 مساءً، عندما خرج جون وشانون من المصعد. هذه المرة، كان يرتدي ملابس أنيقة باللون الرمادي الكهنوتي، وقام ابن أيرلندا ذو الشعر الداكن والوجه الوردي بتقبيل يد شانون برقة ثم ضغط على يد جون.|The Constantine Codex|Paul L. Maier|true|en|true
19:06|1906-000|السابعة وست دقائق مساءً|كانت الساعة تشير إلى السابعة وست دقائق مساءً. هذا لا يثبت بشكل قاطع أن سام ديلون قُتل في السابعة وست دقائق مساءً، لكن جميع الأدلة الأخرى ستؤكد هذه النقطة بالتأكيد.|In the Company of Liars|David Ellis|true|en|true
19:07|1907-000|الساعة السابعة وسبع دقائق|هبطت رحلة كانتاس رقم 102 في مطار ملبورن في تمام الساعة السابعة وسبع دقائق. كان تشارلي أول من نزل من الطائرة، يركض بأقصى سرعة، لكن اضطراره لحمل صورة كاثي تحت ذراعه أبطأ من سرعته، مما أتاح الفرصة لعدد من الركاب الآخرين، الذين كانت لديهم نفس الفكرة على ما يبدو، لتجاوزه.|As the Crow Flies|Jeffrey Archer|true|en|true
19:07|1907-001|الساعة السابعة وسبع دقائق| فقدت وعيها وبقيت على هذه الحال لمدة يومين وخمس ساعات، حتى مساء الثلاثاء في تمام الساعة السابعة وسبع دقائق، حين تم إنقاذها. كان عمرها أربعة وعشرين عامًا وخمسة أشهر.|Chapters From My Autobiography|Mark Twain|true|en|true
19:08|1908-000|الساعة السابعة وثماني دقائق|كانت الساعة السابعة وثماني دقائق ولم تظهر الفتاة بعد. انتظرتُ بفارغ الصبر. شاهدتُ حشدًا آخر يندفع عبر الحواجز وينزل الدرج بسرعة. كانت عيناي تترقبان أدنى إشارة للتعرف عليها.|The Girl from East Berlin|James Furner|true|en|true
19:09|1909-000|الساعة السابعة وتسع دقائق|كان والندر محظوظًا وتمكن من استقلال سيارة أجرة أمام المنزل مباشرةً. عندما وصل إلى روزنغارد، كانت الساعة السابعة وتسع دقائق. كان يأمل أن تكون مونا متأخرة. لكن عندما قرأ الملاحظة على الباب، أدرك أن الأمر ليس كذلك.|The Pyramid|Henning Mankell|true|en|true
19:10|1910-000|7:10 مساءً|توقفت سيارة أجرة أمام منزلها الزوجي السابق في تمام الساعة 7:10 مساءً. ظهر أليكس بعد لحظات. كان يرتدي سترة عشاء مزينة بثلاث ميداليات حملات عسكرية.|Be Careful What You Wish For|Jeffrey Archer|true|en|true
19:10|1910-001|السابعة وعشر دقائق| نظر بطرف عينه إلى متجر، فرأى من ساعة على الحائط أنها السابعة وعشر دقائق. كان عليه أن يُسرع وأن يسلك طريقًا ما ليقترب من المنزل من الجهة الأخرى.|Crime and Punishment|Fyodor Dostoyevsky|true|en|true
19:10|1910-002|الساعة 7:10|"كانت الساعة 7:10، وكان بار نادي دوق كلارنس قد امتلأ بالدخان، وارتفع مستوى الضجيج، وتكدس الحشد عند البار لارتفاع ثلاثة أقدام. لم يتبق لكريستين بالدوين، الضحية الخامسة لـ""ويسلر""، سوى عشرين دقيقة من الحياة."|Devices and Desires|P.D. James|true|en|true
19:10|1910-003|7:10 مساءً| هبت نسمة دافئة من النافذة، تفوح منها رائحة العشب المقطوع حديثًا. كان صاحب المنزل يجزّ الآن رقعة العشب الأخضر بجزّازة يدوية. ألقيت نظرة على ساعتي. كانت الساعة 7:10 مساءً.|The Catacombs|Jeremy Bates|true|en|true
19:10|1910-004|بعد خمس دقائق ستكون السابعة والربع|" لقد وصل بالفعل إلى النقطة التي كان فيها، من خلال التأرجح بقوة أكبر، يحافظ على توازنه بصعوبة، وسرعان ما سيتعين عليه اتخاذ قرار نهائي، لأنه بعد خمس دقائق ستكون السابعة والربع. ثم رن جرس على باب الشقة.<br>قال لنفسه: ""هذا شخص من المكتب""، وكاد يتجمد، بينما كانت أطرافه الصغيرة ترقص بشكل أسرع. للحظة واحدة، ساد الصمت. قال غريغور لنفسه، غارقًا في أمل عبثي: ""إنهم لا يفتحون""."|Metamorphosis|Franz Kafka|true|en|true
19:10|1910-005|السابعة والعشر دقائق|كان من المقرر أن يبدأ الحفل في السابعة. حددت الدعوات الساعة السادسة والنصف لأن العائلة كانت تعلم أن الجميع سيتأخرون قليلاً، حتى لا يكونوا أول الواصلين. في السابعة والعشر دقائق، لم يحضر أحد؛ ناقشت العائلة، بنبرة حادة نوعًا ما، مزايا وعيوب التأخير.|The Elderly Lady|Jorge Luis Borges|true|en|true
19:11|1911-000|19:11| قلتَ: حسنًا. اركض، وإلا فلن تجد مقعدًا. أراك قريبًا. كان صوتك مطمئنًا. 19:11:00، أشارت الساعة. أعدتُ الهاتف إلى مكانه وركضت. كان المقعد الذي حصلت عليه، وهو تقريبًا آخر مقعد في العربة، مقابل فتاة بدأت تسعل بمجرد عدم وجود أي مقاعد شاغرة أخرى يمكنني الانتقال إليها. بدت شاحبة وكان السعال يتردد صداه في صدرها وهي تُدخل أرقامًا في هاتفها المحمول. قالت: مرحبًا (سعال). أنا في القطار. لا، لديّ نزلة برد. نزلة برد (سعال). أجل، سيئة للغاية. أجل، فظيعة في الواقع. ألو؟ (سعال) ألو؟|The Whole Story and Other Stories|Ali Smith|true|en|true
19:12|1912-000|الساعة السابعة واثنتي عشرة دقيقة|في تمام الساعة السابعة واثنتي عشرة دقيقة، في المطبخ، بدأت كيمبرلي تشعر بالقلق.|The Private Patient|P.D. James|true|en|true
19:12|1912-001|7:12|"علمني أنه إذا كان عليّ مقابلة شخص ما لموعد، فيجب عليّ رفض اتباع ""العادة البشرية الغبية"" المتمثلة في اختيار وقت عشوائي بناءً على فترات زمنية مدتها خمس عشرة دقيقة. ""لا تقابل الناس أبدًا في الساعة 7:45 أو 6:30 يا جاسبر، ولكن اختر أوقاتًا مثل 7:12 و8:03!"""|A Fraction of the Whole|Steve Toltz|true|en|true
19:13|1913-000|الساعة السابعة وثلاث عشرة دقيقة|وصل القطار إلى كيزيل أرفات، على بُعد مئتين واثنين وأربعين فرسخًا من بحر قزوين، في تمام الساعة السابعة وثلاث عشرة دقيقة مساءً بدلًا من الساعة السابعة. أثار هذا التأخير الطفيف ثلاثة عشر اعتراضًا من البارون، اعتراض واحد عن كل دقيقة.|The Adventures of a Special Correspondent|Jules Verne|true|en|true
19:14|1914-000|7:14|لو كان يعيش في نيويورك ويعمل في مكتب، لربما ازدهر كزوجٍ نموذجي، مدمن على المارتيني، وخائن، يغادر كل ليلة على متن قطار الساعة 7:14 إلى وايت بلينز، وبقعة أحمر شفاه على رقبته، وسيل من الأكاذيب تُعينه على تجاوز اليوم التالي.|The Life and Opinions of Maf the Dog, and of his friend Marilyn Monroe|Andrew O’Hagan|true|en|true
19:15|1915-000|الساعة السابعة والربع|" نادى قائلاً: ""يا قداسة البابا"".<br>""حسنًا؟""<br>""الخيول هنا؛ حان وقت صلاة المساء.""<br>""كم الساعة؟""<br>""الساعة السابعة والربع."""|The Bishop|Anton Pavlovich Chekhov|true|en|true
19:15|1915-001|السابعة وخمس عشرة دقيقة|" انجرف الطوف بثبات نحو الشمال. ""لا بد من وجود تيار."" كان التيار يحملهم شمالًا، باتجاه الفندق. نظر إلى ساعته ودهش عندما رأى أنها السابعة وخمس عشرة دقيقة. لم يمر سوى خمس عشرة دقيقة منذ أن نظر إلى ساعته آخر مرة. بدا الأمر وكأنه ساعتان."|Jurassic Park|Michael Crichton|true|en|true
19:15|1915-002|الساعة السابعة والربع مساءً|كان ذلك في شارع أنيرلي المزدحم والقذر في جنوب لندن عندما صدمتني سيارة. كان ذلك في التاسع عشر من سبتمبر، حوالي الساعة السابعة والربع مساءً، وكنت أسير نزولاً من محطة القطار إلى شقتنا بعد انتهاء نوبتي في المكتبة. كان الطقس جميلاً في الصباح عندما خرجت إلى العمل، لكنه كان يهطل الآن ولم أكن أرتدي ملابس مناسبة له.|The Body Lies|Jo Baker|true|en|true
19:15|1915-003|7:15 مساءً|في تمام الساعة 7:15 مساءً وتسع ثوانٍ، اتصل براغر بهاتف إيفا المحمول، ومرة أخرى تم تحويل المكالمة مباشرة إلى البريد الصوتي. حاول الاتصال بشقتها، لكن لم يُجب أحد؛ حتى جهاز الرد الآلي لم يُجب.|Kitchens of the Great Midwest|J. Ryan Stradal|true|en|true
19:15|1915-004|7:15| انخفض عداد الخلايا إلى 400,000. استيقظت الساعة 8:10. أنام الساعة 7:15. (يبدو أنني فقدت ساعتي دون أن أدرك ذلك، واضطررت للقيادة إلى المدينة لشراء واحدة أخرى.)|The Voices of Time|J.G. Ballard|true|en|true
19:15|1915-005|الساعة السابعة وخمسة عشر|" كان لدى نيك خطة كبيرة وجريئة خاصة به لتلك الليلة، لكنه ترك ليو يتولى زمام الأمور مؤقتًا: سيعودان إلى نوتينغ هيل لمشاهدة عرض فيلم ""سكارفيس"" في سينما ذا غيت الساعة السابعة وخمسة عشر."|The Line of Beauty|Alan Hollinghurst|true|en|true
19:15|1915-006|الساعة السابعة والربع|كان من المقرر أن تبدأ الحفلة في السابعة. حددت الدعوات الساعة السادسة والنصف لأن العائلة كانت تعلم أن الجميع سيتأخرون قليلاً، حتى لا يكونوا أول الواصلين... بحلول الساعة السابعة والربع، لم يعد بإمكان أي شخص آخر الدخول إلى المنزل.|The Elderly Lady|Jorge Luis Borges|true|en|true
19:16|1916-000|7:16 مساءً|في تمام الساعة 7:16 مساءً، أطفأ ليبمان الضوء في مكتبه وخرج إلى الممر. أغلق بابه لكنه لم يُقفله. سار باتجاه مجموعة المصاعد، مدركًا أن ضوء المكتب الوحيد الذي لا يزال ساطعًا كان قادمًا من أسفل باب رئيس مجلس الإدارة.|False Impression|Jeffrey Archer|true|en|true
19:16|1916-001|السابعة وست عشرة دقيقة مساءً|"""السابعة وست عشرة دقيقة مساءً؟ هل هذا وقت دخوله المتجر أم وقت مغادرته بعد ذلك؟"""|The Last Precinct|Patricia Cornwell|true|en|true
19:17|1917-000|7:17 مساءً|"7:17 مساءً. سيمون قادم. لقد عادت حبيبته إلى زوجها. الحمد لله أنني بقيت في المنزل لاستقبال الأصدقاء الذين هجرهم كما في رواية ""ملكة القلوب"" أو ""مطبخ الحساء"". لكن هذه هي طبيعتي: أحب أن أحب الآخرين."|Bridget Jones’s Diary|Helen Fielding|false|en|true
19:17|1917-001|الساعة 7:17 مساءً|طرق العقيد بوتنيس بابه في تمام الساعة 7:17 مساءً. كانت السيارة تنتظر أمام الفندق، وانطلقوا عبر الشوارع المظلمة إلى مقر الشرطة. ازداد الجو برودةً خلال المساء، وأصبحت المدينة شبه مهجورة.|The Dogs of Riga|Henning Mankell|true|en|true
19:18|1918-000|السابعة وثماني عشرة دقيقة|الساعة الآن السابعة وثماني عشرة دقيقة بالضبط، بحسب السيد كارتييه.<br>كان المطر لا يزال يهطل في الخارج؛ لكن سيارة أجرة توقفت ونزل منها زوجان، وقام البواب بحماية غريتشن بمظلة كبيرة بينما كانت تركض نحو سيارة الأجرة.|Rich Man, Poor Man|Irwin Shaw|true|en|true
19:19|1919-000|السابعة وتسع عشرة دقيقة| لقد أمضيتُ حوالي ثلاث ساعات بعد ظهر اليوم أجادل بشأن عقد واحد. كان الشرط هو بذل قصارى الجهد. أراد الطرف الآخر بذل جهود معقولة. في النهاية فزنا بالنقطة - لكنني لا أشعر بنشوة انتصاري المعتادة. كل ما أعرفه هو أن الساعة الآن السابعة وتسع عشرة دقيقة، ومن المفترض أن أكون في منتصف المدينة بعد إحدى عشرة دقيقة، جالسةً لتناول العشاء في مطعم ماكسيم مع والدتي وشقيقي دانيال. سأضطر إلى الإلغاء. عشاء عيد ميلادي.|The Undomestic Goddess|Sophie Kinsella|true|en|true
19:20|1920-000|الساعة 7:20 مساءً|تم تسليم مليوني دولار إلى منزل ليندستروم في جريس كوف في الساعة 7:20 مساءً. وصلت الأموال في حزم كبيرة من فئة المئة دولار، معبأة في صندوقين معدنيين كبيرين، برفقة لاكي كنودسن وثلاثة من جنود الولاية.|Purgatory Ridge|William Kent Krueger|true|en|true
19:20|1920-001|الساعة السابعة وعشرون دقيقة|الأمر المثير للاهتمام والمهم هو أن المتصل واجه صعوبة في الاتصال، سواء كانت حقيقية أم مفتعلة. ونتيجة لذلك، نعلم أن عاملة الهاتف أبلغت عن وقت المكالمة: الساعة السابعة وعشرون دقيقة.|The Murder Room|P.D. James|true|en|true
19:20|1920-002|الساعة السابعة وعشرون دقيقة|في يوم الجمعة التالي، راقب ليرى إن كانوا سيعودون. وقد عادوا، وفي نفس الأوقات، المرأة أولاً، في الساعة السابعة وعشرون دقيقة، والصبي بعد أربعين دقيقة.|The Mistletoe Murder|P.D. James|true|en|true
19:20|1920-003|7:20 مساءً|" أود ذلك، لكن لو استلقيت، سينتهي كل شيء. عليّ أن أبقى مستيقظًا لمكالمة شون. نظر غرانت إلى الساعة، فأخبرته أنها 7:20 مساءً. ""لقد تأخر قليلًا في الواقع."""|The Root of All Evil?|Ray Keating|true|en|true
19:20|1920-004|السابعة وعشرين دقيقة|أشعل وينستون الموقد ووضع قدرًا من الماء ليغلي. كان قد أحضر ظرفًا مليئًا بقهوة النصر وبعض أقراص السكرين. كانت عقارب الساعة تشير إلى السابعة وعشرين دقيقة: لكنها كانت في الواقع التاسعة عشرة وعشرين دقيقة.|1984|George Orwell|true|en|true
19:20|1920-005|السابعة وعشرون دقيقة| كانت الساعة تشير إلى السابعة وعشرون دقيقة، لكنني لم أشعر بالجوع. قد يظن المرء أنني كنت أرغب في تناول شيء ما بعد يومي، لكنني كنت أرتجف لمجرد التفكير في الطعام. كنت أعاني من قلة النوم، وبطني ممزق، وشقتي خربة. لم يكن هناك مجال للشهية.|Hard-Boiled Wonderland and the End of the World|Haruki Murakami|false|en|true
19:20|1920-006|7:20|خلصنا في النهاية إلى أن التوقف كان للسماح للأشخاص المهمين الآخرين باللحاق بالركب، أولئك الذين وصلوا في الساعة 7:10 ينتظرون أولئك الذين وصلوا في الساعة 7:20.|Parkinson’s Law or the Pursuit of Progress|C. Northcote Parkinson|true|en|true
19:21|1921-000|7:21| كانت أومامي، مثل بازكت، تمسك حقيبة الرياضة بيدها اليمنى، وتنتظر حدوث شيء ما. تغيرت قراءة الساعة إلى 7:21، ثم 7:22، ثم 7:23.|1Q84|Haruki Murakami|true|en|true
19:22|1922-000|7:22| كانت أومامي، مثل بازكت، تمسك حقيبة الرياضة بيدها اليمنى، تنتظر حدوث شيء ما. تغيرت قراءة الساعة إلى 7:21، ثم 7:22، ثم 7:23.|1Q84|Haruki Murakami|true|en|true
19:22|1922-001|7:22| نظر كافالي إلى ساعته: 7:22. عندما رفع رأسه، رأى جوني متجهاً نحوه، ووجهه محمر. الحمد لله أنني لست مضطراً للعمل في هوليوود، فكّر كافالي.|Honor Among Thieves|Jeffrey Archer|true|en|true
19:22|1922-002|السابعة واثنتين وعشرين دقيقة مساءً| كانت الساعة تشير إلى السابعة واثنتين وعشرين دقيقة مساءً على ساعة الحائط عندما قام بلحام الوصلة الأخيرة. قدّر إريك تأخيرًا لمدة نصف ساعة قبل أن يبدأ المولد الصغير بالعمل، مما جعل الوقت الفعلي يقارب الثامنة. وجد نفسه مترددًا، وغير راغب بشكل غريب في اختبار الآلة المكتملة.|Operation Syndrome|Frank Herbert|true|en|true
19:22|1922-003|7:22 مساءً|هبطت طائرة برايس فينستون الخاصة من طراز جلف ستريم 5 في مطار هيثرو الساعة 7:22 مساءً، وكانت روث تقف على المدرج في انتظار استقبال ممثل البنك. وقد أبلغت الجمارك مسبقًا بجميع التفاصيل ذات الصلة حتى يتسنى إكمال الأوراق فور عودة آنا.|False Impression|Jeffrey Archer|true|en|true
19:23|1923-000|7:23| كانت أومامي، مثل بازكت، تمسك حقيبة الرياضة بيدها اليمنى، وتنتظر حدوث شيء ما. تغيرت قراءة الساعة إلى 7:21، ثم 7:22، ثم 7:23.|1Q84|Haruki Murakami|true|en|true
19:24|1924-000|الساعة 7:24|" قالت: ""من المحتمل أن يعود مع السيدة داشوود، فقد أرسل برقية في وقت مبكر من صباح اليوم تطلب منها أن تستقل قطار الساعة 10:35 من شيكاغو، والذي سيصل إلى هنا في الساعة 7:24. هل من أخبار عن السيد داشوود؟"" وأضافت، وقد بدا على وجهها الأمومي قلق شديد."|Out of Death’s Shadow|Nicholas Carter|true|en|true
19:24|1924-001| السابعة وخمس وعشرون دقيقة تقريبًا| التقط قبعته ومعطفه، وقالت له كلاريس مرحبًا، فردّ عليها التحية، ثم نظر إلى الساعة، وكانت السابعة وخمس وعشرون دقيقة تقريبًا.|The Evening’s at Seven|James Thurber|true|en|true
19:25|1925-000|7:25 مساءً| عندما قاد الأسقف الرجال الثلاثة إلى المنصة في تمام الساعة 7:25 مساءً، كانت تلك المرة الوحيدة في تلك الليلة التي صفق فيها جميع من في القاعة. جلس جايلز ونظر إلى الجمهور الغفير. وقدّر أن أكثر من ألف شخص من العامة قد حضروا لمشاهدة المبارزة.|Best Kept Secret|Jeffrey Archer|true|en|true
19:25|1925-001|الساعة 7:25|لا يا سيدي، فقط مدبرة المنزل. لقد كان في نيو إنجلاند يزور ابنته. يذهب إلى هناك دائمًا في الخريف. كان من المقرر عودته إلى مطار هيثرو على متن رحلة الخطوط الجوية البريطانية رقم 214، وصولًا في الساعة 7:25.|A Taste for Death|P.D. James|true|en|true
19:25|1925-002|7:25|" حاول مرة أخرى في الساعة 7:25، ولم يتغير شيء. استمر التسجيل بالعمل، إحدى عشرة، اثنتي عشرة، ثلاث عشرة مرة.<br>ألقى غيتاره في سيارة والده وانطلق جنوبًا نحو بريسكوت. كان شريط ""Built to Spill"" لا يزال في جهاز التسجيل، فتركه يعمل؛ وكأنه الموسيقى التصويرية لكل شيء."|Kitchens of the Great Midwest|J. Ryan Stradal|false|en|true
19:25|1925-003|السابعة وخمس وعشرين دقيقة| التقط قبعته ومعطفه، وقالت له كلاريس مرحباً، فردّ عليها التحية، ثم نظر إلى الساعة، وكانت الساعة تقارب السابعة وخمس وعشرين دقيقة.|The Evening’s at Seven|James Thurber|true|en|true
19:26|1926-000|19:26| أشار نيومان إلى الفندق. تحت حافة السقف، امتدت شظايا جليدية بطول قدم إلى الأسفل. سياج من النوازل الجليدية. مقلوب. لم تكن المحطة أكثر من كوخ من طابق واحد، مبنى معزول لا يوجد فيه أحد. سجلت ساعة لوحة القيادة الساعة 19:26.|Terminal|Colin Forbes|true|en|true
19:27|1927-000|7:27|رحّب بهم الطيار على متن الطائرة وحذّرهم من احتمال حدوث تأخير طفيف. نظر ديكستر إلى ساعته: 7:27. بدأ يقرع بأصابعه على مسند الذراع الذي يفصله عن سكوت.|Honor Among Thieves|Jeffrey Archer|true|en|true
19:27|1927-001|الساعة السابعة وسبع وعشرين دقيقة|فليجرب حظه، ولو لمرة واحدة. إذا كان الأمر سيئًا كما توقع، فلن يحتاج للعودة أبدًا. دخل موقف سيارات الكلية في تمام الساعة السابعة وسبع وعشرين دقيقة.|Life Drawing for Beginners|Roisin Meaney|true|en|true
19:28|1928-000|الساعة 7:28|كما تعلم، نحن على أهبة الاستعداد على مدار 24 ساعة، وقد وصلتُ إلى هنا في الساعة 7:28. قررنا بدء التحقيق فورًا. سيقوم متعهدو دفن الموتى بنقل الجثة حالما تنتهي.|The Murder Room|P.D. James|true|en|true
19:28|1928-001|7:28|"يُذكر هنا أنك اتصلت بوالدتك الساعة 7:28 مساءً هذا المساء.<br>""هناك خطأ ما. لم تتح لي الفرصة للاتصال بأحد."""|Superior Justice|Tom Hilpert|true|en|true
19:29|1929-000|19:29|أظن أنها لم ترغب في أن تعرف أوكتافيا أنها استدعت والدها، ليس قبل أن يضعا خطة. وكنت أنا من حدد الموعد. لم أجد طريقة للحاق بالقطار قبل الساعة 17:22 الذي يصل إلى واترلو في الساعة 19:29.|A Certain Justice|P.D. James|true|en|true
19:29|1929-001|قبل السابعة والنصف بنصف دقيقة تقريبًا| يستدير الجميع في كراسيهم ويشاهدون الزبدة وهي تتسلل على الحائط، تبدأ بالتوقف، ثم تنطلق للأمام تاركةً وراءها أثرًا لامعًا على الزجاج. لا أحد ينطق بكلمة. ينظرون إلى الزبدة، ثم إلى الساعة، ثم يعودون إلى الزبدة. الساعة تتحرك الآن.<br>تصل الزبدة إلى الأرض قبل السابعة والنصف بنصف دقيقة تقريبًا، ويستعيد ماكمورفي كل الأموال التي خسرها.|One Flew Over the Cuckoo’s Nest|Ken Kesey|true|en|true
19:30|1930-000|الساعة السابعة والنصف|"عندما انتهى البث الإخباري، أخبرت أندرسون غاردنر أنها ستذهب إلى النوم.<br>""في الساعة السابعة والنصف؟""<br>""ما زلتُ مُرهقة."" وبدا عليها ذلك."|The Tommyknockers|Stephen King|true|en|true
19:30|1930-001|الساعة السابعة والنصف|في تمام الساعة السابعة والنصف، دخلت تشيتا رينولدز غرفة الفحص حيث كان آل رولينج ستونز وابنتهم الرضيعة التي لا تتوقف عن الصراخ. كانت الشاعرة، التي يُشاع أنها على القائمة المختصرة لجائزة وسام الحرية الرئاسي، ترتدي بنطال جينز مستقيم الساقين وسترة رياضية من جامعة بوسطن بها ثقب في أحد المرفقين.|Doctor Sleep|Stephen King|true|en|true
19:30|1930-002|السابعة والنصف|"رأيتها تحدق في زجاجة النبيذ الوردي المتعرقة. ""هل تخرجين معي الليلة، من فضلك؟ صديقتي جاكي من بيلاتس تقيم حفلة عيد ميلاد في حانة للمثليين في القرية. لم أكن أنوي الذهاب، لكن إذا أتيتِ معي فقد يكون الأمر ممتعًا. إنها السابعة والنصف فقط. وليلة الجمعة. لنشرب هذا ونخرج. الليل ما زال في بدايته!""<br>""أنا متعبة يا ريفا،"" قلتُ وأنا أزيل الغلاف عن غطاء زجاجة نايكويل."|My Year of Rest and Relaxation|Ottessa Moshfegh|true|en|true
19:30|1930-003|الساعة السابعة والنصف|الساعة السابعة والنصف، العودة إلى غرفة المعيشة. تنظر الممرضة الكبيرة من خلال زجاجها الخاص، المصقول دائمًا حتى يكاد لا يُرى، وتومئ برأسها لما تراه، ثم تمد يدها وتمزق ورقة من تقويمها، يومًا واحدًا أقرب إلى الهدف.|One Flew Over the Cuckoo’s Nest|Ken Kesey|true|en|true
19:30|1930-004|السابعة والنصف|يدور الجميع في كراسيهم ويشاهدون الزبدة وهي تتسلل على الحائط، تبدأ بالتوقف، ثم تنطلق للأمام تاركةً وراءها أثرًا لامعًا على الزجاج. لا أحد ينطق بكلمة. ينظرون إلى الزبدة، ثم إلى الساعة، ثم يعودون إلى الزبدة. الساعة تتحرك الآن.<br>تصل الزبدة إلى الأرض قبل حوالي نصف دقيقة من السابعة والنصف، ويستعيد ماكمورفي كل الأموال التي خسرها.|One Flew Over the Cuckoo’s Nest|Ken Kesey|true|en|true
19:30|1930-005|السابعة والنصف|"لكنه الآن كان قريبًا - ها هو المنزل، ها هي البوابات. في مكان ما، دقّت ساعة رنة واحدة. ""ماذا، هل هي حقًا السابعة والنصف؟ هذا مستحيل، لا بد أنها سريعة!"""|Crime and Punishment|Fyodor Dostoyevsky|true|en|true
19:30|1930-006|7:30|في 25 يوليو، الساعة 8:30 صباحًا، نفقت الكلبة نوفايا أثناء الولادة. وفي الساعة 10:00، وُضعت في قبرها البارد، وفي الساعة 7:30 من مساء اليوم نفسه، رأينا أولى الكتل الجليدية ورحبنا بها متمنين لو كانت الأخيرة.|The Terrors of Ice and Darkness|Christoph Ransmayr|false|en|true
19:30|1930-007|السابعة والنصف| كانت الساعة تشير إلى السابعة والنصف. كان هذا وقت الغسق. لا بد أنه كان هناك الآن. تخيلته يرتدي سترته الزرقاء الداكنة القديمة وقبعته ذات الحافة، يمشي بخطوات خفيفة على الطريق المؤدي إلى الغابة. أخبرني أنه يرتدي السترة لأن اللون الأزرق الداكن بالكاد يظهر في الظلام، وقال إن الأسود أفضل. وأوضح أن القبعة ذات الحافة مهمة أيضًا، لأن حافتها تلقي بظلالها على الوجه.|Danny, the Champion of the World|Roald Dahl|true|en|true
19:30|1930-008|الساعة 7:30|جاءت المكالمة الهاتفية في تمام الساعة 7:30 من مساء يوم السبت 18 مارس، عشية المهرجان الصاخب والملون الذي أقامته المدينة تكريمًا للقديس يوسف النجار —|A Simple Story|Leonardo Sciascia|true|en|true
19:30|1930-009|الساعة السابعة والنصف|في الساعة السابعة والنصف مساءً، وبعد العشاء بدلاً من قبله كما كنت أفضل، تناول خمسة وعشرين حبة من المخدر.|The Hasheesh Eater|Fitz Hugh Ludlow|false|en|true
19:30|1930-010|السابعة والنصف|كانت الساعة قد بلغت السابعة والنصف، فأخرجت كوكا علبة بودرة ووضعت لمسات أخيرة على وجهها بملامح مديرة عيادة، مزيج بين مدام كوري وإدويج فويلير.|Rayuela|Julio Cortázar|true|es-AR|true
19:31|1931-000|7:31 مساءً|7:31 مساءً<br>مع هبوب عاصفة أخرى، نظر فانس إلى الحبال، داعيًا أن تبقى متماسكة. بدلًا من القماش، كان الشراع المربع العريض والضحل مصنوعًا من قطع قماش كتان صغيرة مخيطة معًا، مثل تلك المصنوعة على الأنوال الصغيرة في العصور القديمة. كان شراعًا أحادي الصاري قابلًا للطي، تم اختراعه في الوقت المناسب لحرب طروادة، مع صاري علوي مزود بنظام من الحبال يمكن من خلاله لفه ثم تثبيته في الأعلى.|Project Cyclops|Thomas Hoover|true|en|true
19:32|1932-000|7:32 مساءً|الساعة الآن 7:32 مساءً، ومارج تجلس بجانب كلاي على أحد جانبي طاولة غرفة الاستجواب. أنا ولوك نجلس مقابلهم. لقد انتهينا من قراءة المقدمة. يتم تسجيل المقابلة.|Beneath Devil’s Bridge|Loreth Anne White|true|en|true
19:33|1933-000|الساعة السابعة وثلاث وثلاثون دقيقة|في تمام الساعة السابعة وثلاث وثلاثون دقيقة، كان يقف على رصيف محطة ساوثهامبتون - قبل ساعة كاملة من وصول القطار الذي يقل أوين. أجرى بعض الاستفسارات هنا، لكنه كان متسرعًا جدًا لمتابعة بحثه بدقة واستقراء، فذهب إلى المدينة.|Desperate Remedies|Thomas Hardy|true|en|true
19:34|1934-000|7:34|"""من الأفضل ألا تسهر، لأنني إن فشلت يا سيمون، فسأقفز عليك على الأرجح.""<br>""شكرًا على التحذير يا مارك. تحمّل يا رجل.""<br>مساء جميل، أركب السيارة، أنظر إلى الساعة: 7:34."|Shall We Tell the President?|Jeffrey Archer|true|en|true
19:34|1934-001|19:34| نظرت إلى ساعتي عند الساعة 19:34 وفكرت أنه سيكون من المؤسف، أليس كذلك، لو اتصل بي بيبريدج أخيرًا وسمعت نغمة انشغال الخط فقط بينما كان آل يسأل عن صحة صديقته أو عمته أو أيًا كان المتصل على الطرف الآخر، صدري أصبح أسهل لكن لا يزال هناك هذا السعال، ويقول الطبيب لا يهمني ما يقوله الطبيب، فقط أغلق الخط.|Quiller’s Run|Adam Hall|false|en|true
19:35|1935-000|7:35|" قال سكوت: ""ليس لدينا سوى فرصة واحدة لعبور تلك الحدود، لذا توقفوا الآن عند تلك المجموعة من الأشجار. لا يمكننا المخاطرة بالخروج إلى الطريق السريع حتى يحل الظلام الدامس."" نظر إلى الساعة. كانت 7:35."|Honor Among Thieves|Jeffrey Archer|true|en|true
19:35|1935-001|7:35 مساءً| نظر جورج إلى ساعته: 7:35 مساءً. في هذه الأثناء، كان جيفري يونغ يشرح لبقية الفريق برنامج الغد، بعد أن أخبرهم بمن سينضم إليه في الصعود الأخير. غلى الماء.|Paths of Glory|Jeffrey Archer|true|en|true
19:35|1935-002|الساعة 7:35 مساءً|في تمام الساعة 7:35 مساءً، أوقف كورك سيارته برونكو خلف مدرسة أورورا المتوسطة واتجه نحو المدخل الخلفي، الذي كان بالقرب من حاوية قمامة. رأى أن نائب الشريف جيل سينجر كان متمركزًا عند الباب.|Purgatory Ridge|William Kent Krueger|true|en|true
19:35|1935-003|7:35|" بينما كان إيثان يحاول تحديد الحقائق الرئيسية، أدرك فجأة أنه ينظر إلى ساعة الحائط؛ كانت الساعة 7:35.<br>""انتظر لحظة. متى سمعت بهذا؟""<br>تردد للحظة. ""وصلت الأخبار الأولى قبل الخامسة بقليل."""|The Infinite Day|Chris Walley|true|en|true
19:35|1935-004|7.35|"7.35-40. تصل يزوت إلى متجر ""ماركس وسبنسر""، وتُجري مكالمة هاتفية."|The Case of the Gilded Fly|Edmund Crispin|true|en|true
19:36|1936-000|19:36|كان الوقت على مسجل الفيديو 19:36 عندما أُغلق الباب الخلفي بقوة ودخل فيكتور إلى الغرفة الأمامية ممسكًا بحفنة من شيء بغيض لا يوصف.|One Foot in the Grave|David Renwick|true|en|true
19:37|1937-000|19:37|تغادر سفينةٌ محطة المدار الرئيسية الليلة بشكلٍ غير مصرح به، تحديدًا في تمام الساعة 19:37. نحتاج إلى رد فعل من الدفاع المداري يبدو وكأنه رد فعل حقيقي على احتجاز سفينةٍ بشكلٍ غير مصرح به.|Relic of Empire|W. Michael Gear|true|en|true
19:38|1938-000|7:38 مساءً|"الأربعاء 7:38 مساءً<br>""مايكل! وإيفا! مرة أخرى، بعد كل هذا الوقت. مرحباً! يا لها من مفاجأة!"" اتسعت ابتسامة وجه اليوناني العجوز المحروق من الشمس، وانفتح شاربه الرمادي فوق أسنانه السليمة الأخيرة. ""باراكالو، يجب أن تدخل لتناول كأس من الراكي وبعض المقبلات التي تعدها أدريانا. لن تسامحني أبدًا."""|Project Daedalus|Thomas Hoover|true|en|true
19:39|1939-000|7:39|في تمام الساعة 7:39، تحركت الطائرة على المدرج استعدادًا للإقلاع. عندما توقفت، سأل ديكستر مضيفة الطيران عن سبب التأخير.|Honor Among Thieves|Jeffrey Archer|true|en|true
19:39|1939-001|الثامنة إلا 21 دقيقة|كان الوقت يمر بسرعة. الثامنة إلا 21 دقيقة! عليه أن ينطلق في غضون دقائق قليلة وإلا سيفوته القطار.|The Case of Oscar Brodski|R. Austin Freeman|true|en|true
19:39|1939-002|7:39 مساءً|"7:39 مساءً<br>ربحت إيفا وبراك 180 دولارًا في مطعم جاك سيرماك قبل أن تجبرهما شكاوى النادلين الفضوليين والخاسرين المتذمرين على المغادرة. ثم ربحتا خمسة دولارات سريعة في كشك هوت دوغ الشهير ""إيفري وانز أ وينر"" في أندرسونفيل لمجرد تناولهما قضمة من هوت دوغ ""فاير دوغ"". في الواقع، تناولت إيفا قضمتين، لأن هذه هي طبيعتها."|Kitchens of the Great Midwest|J. Ryan Stradal|false|en|true
19:40|1940-000|الثامنة إلا عشرين دقيقة|يُقدّرون أن الوقت كان الثامنة إلا عشرين دقيقة. بإمكانهم أن يُقسموا، يا سيدي، أن الجثة لم تكن مُعلّقة حينها وأنهم لم يروا أحدًا في الساحة الأمامية.|Original Sin|P.D. James|true|en|true
19:40|1940-001|الساعة 7:40|تصل في تمام الساعة 7:40، متأخرة عشر دقائق، لكن الطفلين، جيمي وبيتسي، ما زالا يتناولان العشاء، ووالداهما ليسا مستعدين للمغادرة بعد. من غرف أخرى، يُسمع صوت صراخ طفل، وجريان ماء، وموسيقى تلفزيونية (بدون كلمات: ربما فقرة رقص - تتبادر إلى الذهن أنماط من الأشكال المنزلقة).|The Babysitter|Robert Coover|true|en|true
19:41|1941-000|7:41 مساءً|كان وقت الإضاءة 7:41 مساءً في 25 سبتمبر. لم يظهر كرانز على مشارف وينتورث إلا بعد الثامنة بقليل.|False Impression|Jeffrey Archer|true|en|true
19:41|1941-001|7:41|"هل تتوقعون إلقاء القبض عليها؟ ما الذي يمنع هذه المرأة من مغادرة البلاد؟<br>""حتى الآن، لا أخشى شيئًا."" ولأنهم كانوا يعلمون أنه لا يوجد قطار حتى الساعة 7:41 مساءً، فقد انطلقوا جميعًا إلى مطار بيزا."|Death of a Dutchman|Magdalen Nabb|true|en|true
19:42|1942-000|7:42|دخل قاعة المزاد في تمام الساعة 7:42، وجلس في مقعده المحجوز، الذي اختاره بعد تفكيرٍ عميق. ثلاثة صفوف من الخلف على الجانب الأيسر. حتى أنه تدرب على رفع لوحته عالياً بما يكفي ليراه منظم المزاد دون أن يكون لدى أي شخص أمامه أدنى فكرة عمن يزايد.|Turn a Blind Eye|Jeffrey Archer|true|en|true
19:42|1942-001|7:42|كانت الساعة 7:42، أي بعد مرور أكثر من ساعة بقليل على اتصاله بفرانسيس. كان من المفترض أن تصل الآن.|Original Sin|P.D. James|true|en|true
19:42|1942-002|7:42|لذا لم يكن أمامه خيار سوى زيارة غرفة المعيشة من حين لآخر، حيث كانت عقارب ساعة الجد تشير بوضوح إلى أنها الساعة 7:42|The Lincoln Highway|Amor Towles|true|en|true
19:42|1942-003|سبع ساعات واثنتان وأربعون دقيقة|"""لقد كنتُ داخل جسد النينجا التقني لبضع ساعات فقط - سبع ساعات واثنتان وأربعون دقيقة وفقًا لشاشة الوقت التي ظهرت في أعلى يسار مجال رؤيتي - ولكن لم تكن هناك أي من الآثار الجانبية المعتادة للتنزيل."""|Altered Carbon|Richard K. Morgan|true|en|true
19:42|1942-004|السابعة واثنتان وأربعون دقيقة| ألقي نظرة خاطفة على ساعتي بينما نسرع على طول شارع ستراند. السابعة واثنتان وأربعون دقيقة. بدأت أشعر بحماس شديد. لا يزال الشارع في الخارج مشرقًا ودافئًا، والسياح يسيرون مرتدين قمصانًا وسراويل قصيرة، ويشيرون إلى المحكمة العليا. لا بد أنه كان يومًا صيفيًا رائعًا. داخل مبنى كارتر سبينك المكيف، لا يمكنك معرفة حالة الطقس في العالم الحقيقي.|The Undomestic Goddess|Sophie Kinsella|true|en|true
19:43|1943-000|7:43 مساءً|" نظر إلى الساعة على زاوية مكتبه: 7:43 مساءً. قال: ""تباً""، مدركاً أنه إذا لم يُسرع فسيتأخر عن خطابه في عشاء المصرفيين."|False Impression|Jeffrey Archer|false|en|true
19:43|1943-001|7:43 مساءً|استجابةً لنداءٍ من داخل السور، انحنى عددٌ من الحراس نحو الرافعة، فارتفعت البوابة الحديدية مُصدرةً صوتًا حادًا، وخرج الفارس الطويل ممتطيًا جواده في اللحظة التي أشارت فيها عقارب ساعة مالوري إلى الساعة 7:43 مساءً.|A Knyght Ther Was|Robert F. Young|true|en|true
19:44|1944-000|7:44 مساءً|7:44 مساءً<br>راقب فانس طائرة الهيند وهي تقترب من الجانب الأيمن للمدمرة، متجهة نحوها مباشرة وتخفض ارتفاعها. ما الذي كان يحدث بحق الجحيم؟|Project Cyclops|Thomas Hoover|false|en|true
19:45|1945-000|7:45 مساءً|أظن ذلك. لقد مات ليلًا، أو ربما شوهد آخر مرة على قيد الحياة من قبل غريس ويلسون في الساعة 7:45 مساءً عندما سمع اعترافها. أعتقد أنه مات من الملل.|The Black Tower|P.D. James|true|en|true
19:45|1945-001|الساعة الثامنة إلا ربع مساءً|في تمام الساعة الثامنة إلا ربع مساءً، كان إيميت جالسًا في حانة متداعية على أطراف مانهاتن، وكأس من البيرة وصورة لهاريسون هيويت على المنضدة أمامه.|The Lincoln Highway|Amor Towles|true|en|true
19:45|1945-002|الساعة الثامنة إلا ربع| «سيزورك الليلة، في تمام الساعة الثامنة إلا ربع،» جاء في الرسالة، «رجلٌ يرغب في استشارتك بشأن أمرٍ بالغ الأهمية. لقد أظهرت خدماتك الأخيرة لإحدى العائلات المالكة في أوروبا أنك شخصٌ جديرٌ بالثقة في أمورٍ بالغة الأهمية لا يُمكن المبالغة في أهميتها. وقد تلقينا هذا التقرير عنك من جميع الجهات. لذا، كن في غرفتك في تلك الساعة، ولا تستغرب إذا كان زائرُك يرتدي قناعًا.»|The Adventures of Sherlock Holmes|Sir Arthur Conan Doyle|true|en|true
19:45|1945-003|الساعة السابعة وخمس وأربعون دقيقة|"في تمام الساعة السابعة وخمس وأربعون دقيقة، يتحرك الأولاد السود على طول صف المرضى، ويلصقون القسطرة على من يثبتون في مكانهم. القسطرة عبارة عن واقيات ذكرية مستعملة، تُقص أطرافها وتُربط بمطاطة إلى أنابيب تمتد أسفل أرجل السراويل إلى كيس بلاستيكي مكتوب عليه ""للاستخدام مرة واحدة، غير قابل لإعادة الاستخدام""، ومن واجبي غسله في نهاية كل يوم."|One Flew Over the Cuckoo’s Nest|Ken Kesey|false|en|true
19:45|1945-004|الثامنة إلا خمس عشرة دقيقة|على عكس عادته في التأخر، وصل بيير في ذلك اليوم إلى منزل عائلة بيرغ، ليس في العاشرة بل في الثامنة إلا خمس عشرة دقيقة.|War and Peace|Leo Tolstoy|true|en|true
19:45|1945-005|7:45|"علمني أنه إذا كان عليّ مقابلة شخص ما لموعد، فيجب عليّ رفض اتباع ""العادة البشرية الغبية"" المتمثلة في اختيار وقت عشوائي بناءً على فترات زمنية مدتها خمس عشرة دقيقة. ""لا تقابل الناس أبدًا في الساعة 7:45 أو 6:30 يا جاسبر، ولكن اختر أوقاتًا مثل 7:12 و8:03!"""|A Fraction of the Whole|Steve Toltz|true|en|true
19:45|1945-006|الساعة 19:45|"يخبر صديقه القديم بمواعيد القطارات ويتفقان على قطار الساعة 19:45 الذي يصل الساعة 23:27. ""سأحجز لنا في فندق فرانسيس دريك الفاخر للغاية. مياه جارية في عدة غرف. هل لديك هاتف جوال؟"""|Other People’s Money|Justin Cartwright|true|en|true
19:46|1946-000|7:46 مساءً|"7:46 مساءً<br>""حسنًا."" انتصب ألفريد كونويتز فجأة. ""نعم سيدي.""<br>أغلق الهاتف بقوة واستدار بسرعة إلى جاك مولهوني. ""ننفي ذلك تمامًا سيدي. تقول المراقبة الإسرائيلية إنه لا توجد لديهم أي طائرات عسكرية عاملة في أي مكان في ذلك القطاع من بحر إيجة."""|Project Cyclops|Thomas Hoover|true|en|true
19:47|1947-000|7:47 مساءً|"7:47 مساءً<br>راقب فانس الفرقاطة وهي تطلق طلقة تحذيرية خطّاطة، لكن دون جدوى. تجاهلتها المروحية ""هيند""، بينما انطلقت وابل من صواريخ عيار 57 ملم من أسفل جناحها الأيمن القصير، في حين فتح المدفع الرشاش المتصل بالرادار أسفل مقدمة المروحية النار."|Project Cyclops|Thomas Hoover|true|en|true
19:48|1948-000|7:48 مساءً| أثناء نزوله في المصعد، انبهر فينستون بالسعر المنخفض المُقدّر لكناس الشوارع لكاييبوت. كان قد حصل على النسخة الأكبر بنصف هذا السعر من عميل أفلسه مؤخرًا. عندما انزلقت الأبواب مفتوحة، سار بسرعة إلى مكتب الاستقبال وسجّل خروجه: 7:48 مساءً|False Impression|Jeffrey Archer|true|en|true
19:48|1948-001|7:48 مساءً|7:48 مساءً<br>تُسمع أصوات أبواب تُفتح وتُغلق، مع همساتٍ تُشبه فحيحًا غريبًا. تشعر بأنها تتحرك، على سرير ينزلق أمام أضواءٍ علويةٍ قوية.|Syndrome|Thomas Hoover|true|en|true
19:49|1949-000|الثامنة إلا إحدى عشرة دقيقة|"متى رأيت الدكتور ويلزلي بعد ذلك؟<br>""في الثامنة إلا إحدى عشرة دقيقة.""<br>""أين؟""<br>""في غرفة العمليات.""<br>""هل عاد إلى هناك؟""<br>""نعم.""<br>""كيف حددت هذا الوقت بدقة - الثامنة إلا إحدى عشرة دقيقة؟""<br>""لأنه كان قد رتب لرؤية مريض في ميدو جيت في الثامنة إلا عشر دقائق. ألقيت نظرة سريعة على الساعة عندما دخل، ورأيت الوقت، وذكرته بالموعد."""|In the Mayor’s Parlour|J.S. Fletcher|true|en|true
19:49|1949-001|الثامنة إلا إحدى عشرة دقيقة|"الثامنة إلا إحدى عشرة دقيقة.<br>""أنت دائمًا على حق؛ لا بد أن هناك ساعة في رأسك.""<br>""لا يمكنني أن أكون مخطئًا الليلة. سأكون قادرًا على إخبارك قبل ثانية واحدة من انطلاقهم. انظر! إنذار العشر دقائق!"""|The End of the Beginning|Ray Bradbury|true|en|true
19:50|1950-000|الثامنة إلا عشر دقائق|كان كل شيء مُعدًا لهم. وصلت سيارة ليموزين حقيقية في تمام الساعة الثامنة إلا عشر دقائق، ونقلتهم إلى المسرح. توقفت تحت المظلة في الوقت المناسب تمامًا، بعد النجوم الكبار والمخرج والمؤلف والحاكم ورئيس البلدية وبعض النجوم الأقل أهمية.|A Late Encounter with the Enemy|Flannery O’Connor|true|en|true
19:50|1950-001|الثامنة إلا عشر دقائق| كانت عقارب الساعة في منتصف الحائط تشير إلى الثامنة إلا عشر دقائق. يُغلق المقهى في الثامنة.|Before the Coffee Gets Cold: Tales from the Cafe|Toshikazu Kawaguchi|true|en|true
19:50|1950-002|الثامنة إلا عشر دقائق|في تمام الساعة الثامنة إلا عشر دقائق، نزل إلى الطابق السفلي ليتأكد من أن السيدة بوفي لا تتجول في الردهة وأن بابها ليس مفتوحًا، وليتأكد من عدم وجود أحد في سيارة فريدي.|The Talented Mr. Ripley|Patricia Highsmith|true|en|true
19:51|1951-000|7:51| تمكنت آني بطريقة ما من الاستحمام وارتداء فستان سهرة، بينما كان فليتشر يذرع الغرفة جيئة وذهابًا ناظرًا إلى ساعته كل بضع لحظات. فتح باب سيارة الأجرة لزوجته في الساعة 7:51.|Sons of Fortune|Jeffrey Archer|true|en|true
19:51|1951-001|7:51| استدارت الطائرة على مدرج الإقلاع في تمام الساعة 7:51، وبدأت محركاتها النفاثة بالدوران قبل أن تتحرك ببطء إلى الأمام، ثم اكتسبت سرعة. غادرت العجلات الأرض في تمام الساعة 7:53.|Honor Among Thieves|Jeffrey Archer|true|en|true
19:51|1951-002|قاربت الساعة الثامنة| انتظر حتى قاربت الساعة الثامنة، لأنه في حوالي الساعة السابعة كان عدد الأشخاص الذين يدخلون ويخرجون من المنزل أكبر من أي وقت آخر. في تمام الساعة 7:50، نزل إلى الطابق السفلي ليتأكد من أن السيدة بوفي ليست تتجول في الردهة وأن بابها ليس مفتوحًا، وليتأكد من عدم وجود أحد في سيارة فريدي، على الرغم من أنه نزل في منتصف الظهيرة ليلقي نظرة على السيارة ويرى ما إذا كانت سيارة فريدي.|The Talented Mr. Ripley|Patricia Highsmith|true|en|true
19:52|1952-000|7:52 مساءً|7:52 مساءً<br>سحب فانس نفسه عبر الألواح الخشبية ومدّ يده إلى صندوق معدات مخزّن أسفل المنصة الخلفية. كان بداخله رفيق سفر دائم: مسدسه والتر عيار 9 ملم ذو المقبض الكرومي. على الرغم من أن فكرة إسقاط طائرة هيند حربية بنيران الأسلحة الصغيرة قد تم اختبارها في أفغانستان وثبت عدم جدواها، إلا أنه كان غاضبًا جدًا لدرجة أن عقله السليم لم يكن حاضرًا تمامًا.|Project Cyclops|Thomas Hoover|true|en|true
19:53|1953-000|7:53|استدارت الطائرة على مدرج الإقلاع في الساعة 7:51، وبدأت محركاتها النفاثة بالدوران قبل أن تتحرك ببطء إلى الأمام، ثم اكتسبت سرعة. غادرت العجلات الأرض في الساعة 7:53.|Honor Among Thieves|Jeffrey Archer|true|en|true
19:53|1953-001|7.53 مساءً|"الأربعاء، 11 ديسمبر 1963. 7.53 مساءً. ""ساعدني. يجب أن تساعدني."" كان صوت المرأة يرتجف على حافة البكاء. سمع الشرطي المناوب الذي رد على الهاتف صوت اختناق، كما لو كانت المتصلة تكافح من أجل الكلام."|A Place of Execution|Val McDermid|true|en|true
19:54|1954-000|الثامنة إلا ست دقائق|تم العثور على الجثة في تمام الساعة الثامنة إلا ست دقائق. وصل الدكتور يونغ بعد حوالي ثلاثين دقيقة. دعني أتأكد من ذلك جيدًا - ذاكرتي سيئة للغاية.|A Man Lay Dead|Ngaio Marsh|true|en|true
19:55|1955-000|الساعة السابعة وخمس وخمسين دقيقة|كانت الساعة السابعة وخمس وخمسين دقيقة، وكان المفتش كيت ميسكين والمفتش بيرس تارانت يشربان معًا في حانة على ضفاف النهر بين جسر ساوثوارك وجسر لندن.|The Murder Room|P.D. James|true|en|true
19:55|1955-001|الساعة الثامنة إلا خمس دقائق|في تمام الساعة الثامنة إلا خمس دقائق، خرج رئيس الوزراء من مكتب ويلسون، تبعه هاليفاكس وكادوجان. كان ويلسون آخر الواصلين. بدا عليه الانزعاج. خمّن ليجات أنه لا بد أنه دخل في جدال آخر مع كادوجان.|Munich|Robert Harris|true|en|true
19:55|1955-002|الثامنة إلا خمس دقائق|لفّت فلورا معطفها حولها، ونظرت إلى قبة السماء المظلمة. ثم ألقت نظرة خاطفة على ساعتها. كانت الثامنة إلا خمس دقائق.|Cold Comfort Farm|Stella Gibbons|true|en|true
19:55|1955-003|الثامنة، والآن الثامنة إلا خمس دقائق|"يبدأ الحفل في الثامنة، والآن الثامنة إلا خمس دقائق.<br>""أي تأخير يصل إلى نصف ساعة يُعتبر في الوقت المحدد يا برويت. ألا تعرف شيئًا عن قواعد الإتيكيت؟""<br>""أخشى أنني لا أعرف الكثير.""<br>""حسنًا، أي تأخير يصل إلى نصف ساعة يُعتبر في الوقت المحدد، لكن أي وصول قبل الموعد المحدد - ولو دقيقة واحدة - يُعتبر تصرفًا غير لائق."""|Staggerford|Jon Hassler|true|en|true
19:56|1956-000|الثامنة إلا أربع دقائق|"أتذكر السيجارة في وجهه القاسي، في مواجهة سحابة العاصفة التي لا حدود لها الآن. صرخ برناردو إليه فجأة: ""كم الساعة يا إيرينو؟""<br>دون أن ينظر إلى السماء، ودون توقف، أجاب: ""إنها الثامنة إلا أربع دقائق يا برناردو خوان فرانسيسكو الصغير."" كان صوته حادًا ساخرًا."|Funes the Memorious-Labyrinths|Jorge Luis Borges|true|en|true
19:57|1957-000|الساعة الثامنة إلا ثلاث دقائق|" في تمام الساعة الثامنة إلا ثلاث دقائق، صعد لازلو وفرقته ""يانكي هوسارز"" إلى المسرح. وبينما كانت الفرقة تعزف مقطوعة سوزا الموسيقية، قام كارتر بفحص معداته بدقة، وملأ جيوبه بالأوشحة، وفحص الأختام على أوراق اللعب. ثم نظر إلى جهاز الرفع الخاص به. ""حظًا سعيدًا يا كارتر."" كان الصوت خافتًا."|Carter Beats The Devil|Glen David Gold|true|en|true
19:58|1958-000|7:58|كان عليه القبض على المتآمرين أحياءً، وإجبارهم على الشهادة ضد السيناتور. نظر المدير إلى ساعته على ساعة برج مكتب البريد القديم فوق مكتب واشنطن الميداني. كانت الساعة 7:58.|Shall We Tell the President?|Jeffrey Archer|true|en|true
19:58|1958-001|7:58 مساءً| قفز إلى سيارته، وضغط على دواسة الوقود بسرعة، وانطلق إلى ساحة سلون، مرورًا بساحة إيتون، وصعد إلى مستشفى سانت جورج، ثم حول هايد بارك كورنر إلى بارك لين، ووصل في الساعة 7:58 مساءً.|Not a Penny More, Not a Penny Less|Jeffrey Archer|true|en|true
19:58|1958-002|7.58 مساءً| ألقى روبرت لانغدون نظرة قلقة على ساعته: 7.58 مساءً. لم يُخفف وجه ميكي ماوس المبتسم من قلقه.|The Lost Symbol|Dan Brown|true|en|true
19:59|1959-000|الثامنة تمامًا، ربما قبلها بدقيقة|كانت الساعة الثامنة تمامًا، ربما قبلها بدقيقة. ذهبت إلى غرفة العرض لأرى إن كنت قد تركت علبة التلميع هناك. ووجدت زجاجة حليب على العربة، فشربت منها قليلًا. رشفة صغيرة من الأعلى.|Shroud for a Nightingale|P.D. James|true|en|true
19:59|1959-001|على وشك الساعة الثامنة| أرى ليل على يمين نزولي من الدراجة، جديلتها الفضية تتدلى على كتفها الأيمن. تجلس على الشرفة الأمامية، بشرتها الناعمة المتجعدة بلون وردي في آخر أشعة شمس اليوم. إنها على وشك الساعة الثامنة.|Blink And We’ll Miss It|Ginny Kochis|true|en|true
19:59|1959-002|قبل الساعة الثامنة بقليل|" ظهرت كونيانغ في مكتبي قبل الساعة الثامنة بقليل، مرتديةً ما كان يُعرف سابقًا بـ""فستان الحفلات""."|The Maker of Heavenly Trousers|Daniel Vare|true|en|true
19:59|1959-003| الثامنة إلا دقيقة| بسرعة، بسرعة. الثامنة إلا دقيقة. كانت قربة الماء الساخن جاهزة، وملأت كوبًا بالماء من الصنبور. الوقت كان جوهريًا.|The Thirteenth Tale|Diane Setterfield|true|en|true
20:00|2000-000|الثامنة|" كانت الساعة لا تزال الثامنة فقط. صاح: ""يا آنسة! سنعود إلى المنزل الليلة! سنكون في المنزل في عيد الميلاد!""<br>""نعم يا بونغو،"" قالت الآنسة بمرح. لكنها لم تكن تشعر بالمرح كما بدا صوتها."|The 101 Dalmatians|Dodie Smith|true|en|true
20:00|2000-001|الثامنة| ألقى تشارلي نظرة خاطفة على الساعة فوق البار ورأى أنها الثامنة، لكن الرجال الآخرين كانوا قادمين للحديث، وأدرك أنه قد لا يتمكن من إبعاد والده عن مجموعة المعجبين. خاصة إذا أحضروا له مشروبات.|Blue Springs|Peter Rennebohm|true|en|true
20:00|2000-002|الساعة الثامنة مساءً| كان المدراء العشرة الجالسون في غرفة الاجتماعات متوترين ونفاد صبرهم. كانت الساعة الثامنة مساءً. كانوا يتحدثون فيما بينهم طوال الدقائق العشر الماضية، لكنهم صمتوا تدريجيًا.|Jurassic Park|Michael Crichton|true|en|true
20:00|2000-003|الساعة الثامنة|"على الحائط فوق الخزانة، غير مرئية إلا في الليل، على ضوء المصباح، وحتى حينها تُظهر عمقًا غامضًا لأنها ذات عقرب واحد فقط، دقّت ساعة خزانة، ثم بصوت تمهيدي كما لو أنها صفّت حلقها، دقت خمس مرات.<br>قال ديلسي: ""الساعة الثامنة""."|The Sound and the Fury|William Faulkner|true|en|true
20:00|2000-004|الثامنة|" قال: ""سيكون كماني أفضل بأوتار جديدة. ضع مسدسك في جيبك. عندما يأتي الرجل، تحدث إليه بشكل عادي. اترك الباقي لي. لا تُخيفه بالنظر إليه مطولًا.""<br>قلتُ، وأنا أنظر إلى ساعتي: ""إنها الثامنة الآن."""|A Study in Scarlet|Sir Arthur Conan Doyle|true|en|true
20:00|2000-005|الثامنة|" أومأت الأم برأسها. بدت عاجزة عن النطق بكلمة. انفجرت الابنة بالبكاء. شعرت أكثر من أي وقت مضى أن هؤلاء الناس يعرفون شيئًا عن الأمر.<br>سألت: ""في أي ساعة غادر السيد دريبر منزلكِ متوجهًا إلى القطار؟""<br>قالت وهي تبتلع ريقها بصعوبة لكبح جماح انفعالها: ""في الساعة الثامنة."""|A Study in Scarlet|Sir Arthur Conan Doyle|true|en|true
20:00|2000-006|الساعة الثامنة| لم أسكر إلا مرتين في حياتي، وكانت المرة الثانية بعد ظهر ذلك اليوم؛ لذا فإن كل ما حدث يكتنفه ضبابية وظلام، على الرغم من أن الشقة كانت تغمرها أشعة الشمس المشرقة حتى بعد الساعة الثامنة.|The Great Gatsby|F. Scott Fitzgerald|true|en|true
20:00|2000-007|الساعة الثامنة|في تمام الساعة الثامنة، عندما اصطفت سيارات الأجرة المزدحمة في أزقة الأربعينيات المظلمة، متجهةً إلى منطقة المسارح، شعرتُ بضيقٍ في قلبي. كانت السيارات متلاصقةً في انتظار ركابها، وأصواتٌ تُغني، وضحكاتٌ مكتومةٌ تُسمع من نكاتٍ لم تُسمع، وأعواد سجائر مُشتعلة تُشير بإيماءاتٍ مبهمةٍ من الداخل.|The Great Gatsby|F. Scott Fitzgerald|true|en|true
20:00|2000-008|الثامنة|الثامنة، لا بعد، تُشعل المصابيح، الكبير بجانب النافذة الكبيرة، والصغير على مكتبك، لا يُرى من خلالها— لا يزال الشفق يخيّم على الرمال، وأشجار البلوط القزمة، والتوت البري، حتى الطيور الصغيرة لم تستقر بعد. للنوم، بعيدًا عن متناول الثعالب المتجولة. لا، تُشعل المصابيح لأنك وحيد في منزلك الصغير، وفتائلها الذهبية المتلألئة تُشبه زائرين اثنين يحملان قصصًا شيقة.|New and Selected Poems, Volume One|Mary Oliver|true|en|true
20:00|2000-009|الثامنة|" حدقت به بدهشة وحيرة، ثم بتحدٍ. أغلقت الحاسوب المحمول فجأة، ووضعته في حقيبتها. أخرجت قلمًا وكتبت عنوانًا على منديل. قالت بصرامة وهي واقفة: ""إذا غيرت رأيك، فسأكون في هذا المكان بين الساعة الثامنة والتاسعة مساءً."""|The Catacombs|Jeremy Bates|true|en|true
20:00|2000-010|الثامنة مساءً|" كانت الساعة تقارب الثامنة مساءً، وكان سولي سعيدًا برؤية الأنوار لا تزال مضاءة. مع عدم وجود خدمة إنترنت خاصة به، واستحالة استخدام أجهزة الكمبيوتر في صحيفة ""ذا غازيت"" (لم يكن يريد أن يعرف أحد ما يفعله، وخاصة الصحفيين)، كان هذا خياره الأفضل والوحيد لإجراء البحوث؛ وهو المكان الذي كان يكتب فيه تقارير الكتب في المرحلة الابتدائية."|The First Phone Call From Heaven|Mitch Albom|true|en|true
20:00|2000-011|الساعة الثامنة|"في تمام الساعة الثامنة، تدور الجدران وتطن بكامل قوتها. يقول مكبر الصوت في السقف: ""أدوية""، مستخدمًا صوت الممرضة الكبيرة."|One Flew Over the Cuckoo’s Nest|Ken Kesey|true|en|true
20:00|2000-012|الثامنة|" قالت سارة وهي تربت على كتف كيندرا: ""سأوصلكِ بالتأكيد! لا مشكلة على الإطلاق.""<br>أمسكت كيندرا مكان الصفعة وقالت وهي تدلك كتفها: ""نبدأ في الثامنة؟"""|Reprieve|James Han Mattson|true|en|true
20:00|2000-013|الثامنة|ثم دقت ساعة الجد في الردهة الخارجية الثامنة، فعادت إليه ذكرى الليلة الماضية.|This Side of Paradise|F. Scott Fitzgerald|true|en|true
20:00|2000-014|الساعة 8|السيد أوين - للأسف تأخر - لن يتمكن من الوصول حتى الغد. التعليمات - كل ما أرادوه - هل يرغبون بالذهاب إلى غرفهم؟... العشاء سيكون في الساعة 8...|And Then There Were None|Agatha Christie|true|en|true
20:00|2000-015|الساعة الثامنة|إنها الساعة الثامنة، ليلة صافية من ليالي مارس، القمر بدر، والسماء زرقاء، والبومة الصغيرة، في ضوء القمر، تصيح من مكان مجهول؛ تطيل صيحتها الوحيدة، هالو! هالو! هالو طويل!|The Idiot Boy|William Wordsworth|true|en|true
20:00|2000-016|الساعة الثامنة|"أتتبع الكلمات: ""سأصل لأخذك لتناول المشروبات في تمام الساعة الثامنة يوم السبت."""|Tell-All|Chuck Palahniuk|true|en|true
20:00|2000-017|8:00 مساءً|8:00 مساءً. استحم|The Curious Incident of the Dog in the Night-Time|Mark Haddon|true|en|true
20:00|2000-018|الساعة الثامنة| ظن آرثر أنه يستطيع حتى تحمل الاستماع إلى ألبوم موسيقى المزمار الذي فاز به. كانت الساعة الثامنة، وقرر أن يجبر نفسه على الاستماع إلى الألبوم بأكمله قبل أن يتصل بها.|So Long, and Thanks for All the Fish|Douglas Adams|true|en|true
20:00|2000-019|الساعة الثامنة|في تمام الساعة الثامنة من مساء ذلك اليوم، يوم سبت، وقفت باميلا شامشا مع جامبي جوشي - الذي رفض السماح لها بالذهاب بمفردها - بجوار جهاز فوتو مي في زاوية من الردهة الرئيسية لمحطة يوستون، تشعر بشعورٍ غريبٍ من المؤامرة.|Satanic Verses|Salman Rushdie|true|en|true
20:00|2000-020|الثامنة|طلب مني فرويد أن أطرق باب يونغ، ولكن دون جدوى. انتظروا حتى الثامنة، ثم انطلقوا إلى مكتبة بريل بدونه.|The Interpretation Of Murder|Jed Rubenfeld|true|en|true
20:00|2000-021|الساعة الثامنة|إنه الثالث والعشرون من يونيو عام 1975، والساعة الثامنة مساءً، يجلس بارتلبوث أمام أحجيته، وقد توفي للتو.|Life: A User’s Manual|Georges Perec|true|en|true
20:00|2000-022|الثامنة|نظرت إلى ساعتها - كانت الثامنة|The Beautiful and Damned|F. Scott Fitzgerald|true|en|true
20:00|2000-023|الثامنة مساءً|في ذلك اليوم نسي الذهاب لتناول العشاء؛ لاحظ ذلك في الساعة الثامنة مساءً، ولأن الوقت كان متأخرًا جدًا للذهاب إلى شارع سانت جاك، أكل قطعة من الخبز.|Les Misérables|Victor Hugo|true|en|true
20:00|2000-024|الساعة الثامنة| دقت الساعة الثامنة. لو كانت العاشرة، لكانت إلينور مقتنعة بأنها سمعت في تلك اللحظة عربة تقترب من المنزل؛ وكان اقتناعها قويًا لدرجة أنها، على الرغم من استحالة وصولهم بالفعل، انتقلت إلى خزانة الملابس المجاورة وفتحت مصراع النافذة، لتتأكد من الحقيقة. رأت على الفور أن أذنيها لم تخدعاها.|Sense and Sensibility|Jane Austen|true|en|true
20:00|2000-025|الساعة الثامنة|على متن إحدى أكبر وأجمل البواخر التي انزلقت على طول مسار النهر المتلألئ في ليلة صيفية مقمرة، صعدتُ، في تمام الساعة الثامنة مساءً، برفقة عدد من أصدقائي، وحاملًا في جيبي علبة من الحبوب. تم سحب الممر، وانطلقنا في رحلتنا.|The Hasheesh Eater|Fitz Hugh Ludlow|false|en|true
20:00|2000-026|الساعة الثامنة|لكن بالعودة إلى موضوعي، ربما كانت الساعة الثامنة مساءً عندما تناولت جرعة الخمسين حبة.|The Hasheesh Eater|Fitz Hugh Ludlow|false|en|true
20:00|2000-027|الثامنة مساءً|توقف القطار في راموس ميخيا. كانت ساعة المحطة تشير إلى الثامنة مساءً. نزل إردوساين.|Los siete locos|Roberto Arlt|true|es-AR|true
20:00|2000-028|الثامنة مساءً|"وصل إلى المنزل في الثامنة مساءً.<br>قال إردوساين: ""كانت غرفة الطعام مضاءة... لكن دعني أشرح. لقد عانيت أنا وزوجتي من فقر مدقع لدرجة أن ما يُسمى بغرفة الطعام لم يكن سوى غرفة خالية من الأثاث."""|Los siete locos|Roberto Arlt|true|es-AR|true
20:00|2000-029|الثامنة|أمارس الرياضة لمدة ساعة، ثم أستحم، وأقرأ الصحف، وأتناول الغداء، وآخذ قيلولة، وأشرب الفيرموث في السادسة، ثم أذهب إلى الحلاق، وأتناول العشاء في الثامنة، ثم أخرج إلى المقهى|Los siete locos|Roberto Arlt|true|es-AR|true
20:01|2001-000|الثامنة ودقيقة واحدة| تم الوصول إلى محطة لينوكس بسهولة وفي الوقت المحدد. كانت عقارب الساعة الكبيرة تشير إلى الثامنة ودقيقة واحدة فقط عندما دخل سايروس. في المكان المحدد، استقبله الرسول. تعرف سايروس على الرجل كحامل أمتعة في أحد قطارات السكة الحديدية التي كان جده ووالده يعملان بها. أجل، لقد كان حامل أمتعة عربة وودبريدج الخاصة!|A Court of Inquiry|Grace S. Richmond|true|en|true
20:01|2001-001|تجاوزت الثامنة بقليل|كانت الساعة قد تجاوزت الثامنة بقليل، لذا كانت جميع العروض تدور حول السخافة أو القتل.|Slaughterhouse 5|Kurt Vonnegut|true|en|true
20:02|2002-000|الساعة الثامنة ودقيقتين|"نعم، يجب أن أذهب إلى محطة القطار، وإذا لم يكن هناك، فسأذهب إلى هناك وألحق به. نظرت آنا إلى جدول مواعيد القطارات في الصحف. انطلق قطار مسائي في تمام الساعة الثامنة ودقيقتين. ""نعم، سأكون في الوقت المناسب."""|Anna Karenina|Leo Tolstoy|true|en|true
20:03|2003-000|الثامنة بعد ثلاث دقائق|حسنًا، من الواضح أنها ماتت، وهذا حدث مؤخرًا. خلال الساعتين الماضيتين، إن ألححتم عليّ. لكن لا بد أنكم توصلتم إلى هذا الاستنتاج بأنفسكم، وإلا لما قتلتموها. متى قلتم إنكم وجدتموها؟ بعد الثامنة بعد ثلاث دقائق.|Death of an Expert Witness|P.D. James|true|en|true
20:03|2003-001|8:03|"علمني أنه إذا كان عليّ مقابلة شخص ما لموعد، فيجب عليّ رفض اتباع ""العادة البشرية الغبية"" المتمثلة في اختيار وقت عشوائي بناءً على فترات زمنية مدتها خمس عشرة دقيقة. ""لا تقابل الناس أبدًا في الساعة 7:45 أو 6:30 يا جاسبر، ولكن اختر أوقاتًا مثل 7:12 و8:03!"""|A Fraction of the Whole|Steve Toltz|true|en|true
20:03|2003-002|الثامنة وثلاث دقائق|قد أتحدث مع الطبيب العام بشأن الحصول على بعض الحبوب المنومة. لاحظت أن ساعتي توقفت عند الثامنة وثلاث دقائق، وتساءلت عما إذا كان هذا هو الوقت المحدد لوفاة طفلنا.|Rock Paper Scissors|Alice Feeny|true|en|true
20:04|2004-000|8:04| أوقف السيارة بشكل مزدوج على أمل ألا يكون هناك شرطي مرور في الجوار. امشِ بهدوء نحو المنزل - أراهن أنها لا تزال في حوض الاستحمام. تحقق من الساعة: 8:04. ممتاز. دق جرس الباب.|Shall We Tell the President?|Jeffrey Archer|false|en|true
20:04|2004-001|8:04|تبدو الأرض وكأنها تُلقي بظلامها إلى أعلى في الهواء. الريف الزراعي كئيب في الليل. يشعر بالامتنان عندما تندمج أضواء لانكستر مع أشعته الخافتة. يتوقف عند مطعم صغير تشير ساعته إلى 8:04.|Rabbit, Run|John Updike|true|en|true
20:05|2005-000|الثامنة وخمس دقائق|" سألت سؤالها الأخير: ""عندما غادرتِ من بوابة ديفيرو كورت حوالي الساعة الثامنة وخمس دقائق، هل رأيتِ أي شخص في باوليت كورت أو يدخل ميدل تمبل؟""<br>أجابت كاثرين: ""لا أحد. كانت ديفيرو كورت والممر المؤدي إلى ستراند خاليين."""|A Certain Justice|P.D. James|true|en|true
20:05|2005-001|الساعة 8:05 مساءً|23 ديسمبر. في تمام الساعة 8:05 مساءً، بدأ البروفيسور بريوبراجينسكي أول عملية جراحية من نوعها تُجرى في أوروبا: استئصال خصيتي كلب تحت التخدير واستبدالهما بخصيتين بشريتين مزروعتين، مع ملحقاتهما وقنواتهما المنوية، مأخوذتين من رجل يبلغ من العمر 28 عامًا.|The Heart of a Dog|Mikhail Bulgakov|false|en|true
20:05|2005-002|الثامنة وخمس دقائق|أخرج رانسوم ساعته، التي كان قد عدّلها عمدًا قبل عدة ساعات لتتوافق مع توقيت بوسطن، ورأى أن الدقائق قد مرت بسرعة متزايدة خلال هذه المقابلة، وأنها الآن تشير إلى الثامنة وخمس دقائق.|The Bostonians|Henry James|true|en|true
20:05|2005-003|الثامنة وخمس دقائق|"حسنًا، إنها الثامنة وخمس دقائق الآن، قلت لدريك. ""من الأفضل أن تذهب فورًا وتُنظم حفلة صاخبة. لا أمل في القيام بمهمة بحرية الليلة، لكن من الأفضل أن نكون في الجانب الآمن."""|Eight Hours from England|Anthony Quayle|true|en|true
20:06|2006-000|8:06|"قابلني رجل آخر من جهاز الخدمة السرية يرتدي أيضاً سترة رسمية. وربطة عنقه أفضل. استسلمت. رافقوني إلى المصعد. نظرت إلى ساعتي: 8:06. لا بأس. دخلت قاعة الجلوس الغربية.<br>""مساء الخير، سيدتي الرئيسة."""|Shall We Tell the President?|Jeffrey Archer|true|en|true
20:06|2006-001|الثامنة وست دقائق|وصلتُ إلى المنارة في تمام الساعة الثامنة وست دقائق. لم أتمكن من الدخول. كان الباب مغلقًا.|The Lighthouse|P.D. James|true|en|true
20:07|2007-000|8:07 مساءً| وسمعتُ أن عدد الناس في المحطة الصغيرة قد قلّ عندما لم يكن القطار موجودًا، ففتحتُ عينيّ ونظرتُ إلى ساعتي، وكانت تشير إلى الساعة 8:07 مساءً. كنتُ جالسًا على المقعد لحوالي 5 ساعات، لكنّها لم تبدُ كأنها حوالي 5 ساعات، إلاّ لأنّ مؤخرتي كانت تؤلمني وكنتُ جائعًا وعطشانًا.|The Curious Incident of the Dog in the Night-Time|Mark Haddon|true|en|true
20:07|2007-001|8:07| استخرج بيني نصوص تلك الليلة. وردت أول مكالمة في الساعة 8:07، مع تحديد هوية مؤكد.|Mistaken Identity|Lisa Scottoline|true|en|true
20:08|2008-000|8:08 مساءً|الاثنين 8:08 مساءً<br>ألقى نظرة خاطفة على ساعته، ثم نظر من نافذة غرفته الملطخة في الفندق إلى أسفل نحو شارع ستراند. دقيقتان إضافيتان وسيُسمع طرق على الباب.|Project Daedalus|Thomas Hoover|true|en|true
20:09|2009-000|بعد الساعة الثامنة| لم أسكر إلا مرتين في حياتي، وكانت المرة الثانية بعد ظهر ذلك اليوم؛ لذا فإن كل ما حدث يكتنفه ضبابية وظلام، على الرغم من أن الشقة كانت تغمرها أشعة الشمس المشرقة حتى بعد الساعة الثامنة.|The Great Gatsby|F. Scott Fitzgerald|true|en|true
20:10|2010-000|الثامنة وعشر دقائق|إنها الثامنة وعشر دقائق. يجب أن أخبرك كم أحبك في تمام الساعة الثامنة وعشر دقائق من مساء يوم الأحد، 27 يناير 1918.|Letter to John Middleton Murry|Katherine Mansfield|true|en|true
20:10|2010-001|8:10 مساءً|"8:10 مساءً<br>حتى في ليلة عادية، كان ""ذا تروث"" لا يُطاق. كانت الأرضية مغطاة بنشارة الخشب، وموسيقى صاخبة لا يمكن وصفها إلا بأنها موسيقى ميتال ذكورية فجة تُبث عبر نظام الصوت، وأضواء عيد الميلاد تومض بشكل غير متزامن بوتيرة تُسبب الصداع، والجدران مغطاة بلافتات خشبية مزيفة تُوحي بالدفء المنزلي كُتب عليها هراء مثل:<br>أنت لست<br>كبيرًا جدًا (2 OLD)<br>على الشرب (2 DRINK)<br>كثيرًا جدًا (2 MANY)<br>من عبوات الست علب (6 PACKS)"|Kitchens of the Great Midwest|J. Ryan Stradal|false|en|true
20:10|2010-002|الساعة 20:10|في الساعة 20:10 من يوم 1 أبريل Y.D.A.U.، لا يزال الملحق الطبي يشاهد شريط الترفيه غير المُعَلَّم.|Infinite Jest|David Foster Wallace|true|en|true
20:11|2011-000|الثامنة وإحدى عشرة دقيقة|"وصل آل هيرلي في تمام الساعة الثامنة وإحدى عشرة دقيقة. عندما فتحتُ الباب الأمامي، دفع مارتن بايج، الحامل في شهرها السابع تقريبًا، إلى الردهة.<br>همس قائلًا: ""ظننتُ أنكِ بحاجة إلى بعض الدعم المبكر""، بينما كان ناثان يفكّ معطف بايج."|The Second Wife|Elizabeth Buchan|true|en|true
20:12|2012-000|الساعة الثامنة واثنتي عشرة دقيقة|في تمام الساعة الثامنة واثنتي عشرة دقيقة، انزلق باب الأمن الخاص بالسفارة مفتوحًا، وظهرت سيارة مرسيدس سوداء. انعطفت يسارًا ومرت على بُعد بوصات قليلة من الكاميرا - قريبة جدًا لدرجة أن غابرييل شعر وكأنه يستطيع مد يده وانتزاع الراكب الوحيد من المقعد الخلفي.|The Fallen Angel|Daniel Silva|true|en|true
20:13|2013-000|8:13 مساءً|8:13 مساءً<br>يا له من يوم! عندما استقرت آلي أخيرًا على أريكتها، بعد أن أخذت نيكرز في نزهة طويلة، كانت منهكة. استندت إلى الخلف وخلعت حذائها. كانت هناك لحظات قليلة من ضيق في صدرها - ربما كان ذلك نفسيًا، ناتجًا عن القلق - لكن ذلك قد زال الآن.|Syndrome|Thomas Hoover|true|en|true
20:14|2014-000|الثامنة وأربع عشرة دقيقة|عندما ورد اتصال إلى منزل ديلورث في تمام الساعة الثامنة وأربع عشرة دقيقة، تفاعل أولبير وجونز بحماسٍ يفوق بكثير ما يتطلبه الموقف، لأنهما كانا في أمسّ الحاجة إلى التحرك.|Watchers|Dean Koontz|true|en|true
20:15|2015-000|الساعة 8:15| بحلول الساعة 8:15 من مساء الأحد، كانت تيريزا قد أنهت آخر واجباتها المدرسية المؤجلة منذ فترة طويلة، واعتقدت أنها تستطيع الآن وضع كتاب الحساب جانبًا بأمان وإخبار والدها أنها متعبة ومستعدة للنوم.|Devices and Desires|P.D. James|true|en|true
20:15|2015-001|8:15 مساءً|8:15 مساءً. همم. لا يمكن العثور على تعليمات التشغيل.|Bridget Jones’s Diary|Helen Fielding|true|en|true
20:15|2015-002|8.15 مساءً|8.15 مساءً. ارتدِ ملابس النوم|The Curious Incident of the Dog in the Night-Time|Mark Haddon|true|en|true
20:16|2016-000|الثامنة وست عشرة دقيقة|قبّل يدها، وبعد قليل ذهب ليحضر مشروبين آخرين. عندما عاد، كانت الساعة الثامنة وست عشرة دقيقة، وكانت لويس تُدندن بهدوء مع موسيقى الجوكس بوكس.|The Rotters’ Club|Jonathan Coe|true|en|true
20:17|2017-000|20.17|20.17 لم يضيء ضوء التحذير الأحمر في غرفة القيادة، مما أدى إلى سلسلة من الأحداث التي ستؤدي، في غضون 23 دقيقة أخرى، إلى إبادة طاقم ريد دوارف بالكامل.|Red Dwarf|Grant Naylor|true|en|true
20:18|2018-000|2018 ساعة|2018 ساعة وصلت كاتيا إلى فندق أوديسا. بارلي وكاتيا يتحدثان في الكافتيريا. ويكلو وشخص غير نظامي يراقبان. المزيد.|The Russia House|John le Carré|true|en|true
20:19|2019-000|8:19|"في الساعة 8:19 تلقت مكالمة هاتفية ثانية لإبلاغها بأن الطائرة قد أقلعت من عمّان وعلى متنها ""الشحنة""."|Honor Among Thieves|Jeffrey Archer|true|en|true
20:19|2019-001|الثامنة وتسع عشرة دقيقة|كان كل شيء ساكنًا. كانت الساعة الثامنة وتسع عشرة دقيقة.|The Burglars’ Club|Henry Augustus Hering|true|en|true
20:20|2020-000|8:20|في طرفي الساحة الأمامية، ألقت كرتان ضوئيتان كبيرتان، مدعومتان بدلافين برونزية، بركًا متلألئة على سطح الماء المتلاطم، الذي كان يتلألأ، بينما كانت تراقبه، كعباءة كبيرة من الساتان الأسود، تهتز وتُملس وتتمايل برفق بيد خفية. نظرت ماندي إلى ساعتها: 8:20.|Original Sin|P.D. James|true|en|true
20:20|2020-001|الثامنة وعشرون دقيقة| طرق الصبي الباب مرة أخرى. لم يكن هناك رد. راقبه غابرييل وتألم معه حتى استسلم الصبي أخيرًا في تمام الساعة الثامنة وعشرون دقيقة وانصرف.|The Mistletoe Murder|P.D. James|true|en|true
20:20|2020-002|الثامنة وعشرون دقيقة|الثامنة وعشرون دقيقة، تُرسل البطاقات والألغاز...|One Flew Over the Cuckoo’s Nest|Ken Kesey|true|en|true
20:20|2020-003|8.20 مساءً|8.20 مساءً. لعب ألعاب الكمبيوتر|The Curious Incident of the Dog in the Night-Time|Mark Haddon|true|en|true
20:20|2020-004|الساعة 20:20|في تمام الساعة 20:20، انتهت جميع السفن من التزود بالزيت. ومع ذلك، فقد واجهت صعوبة بالغة في الحفاظ على مواقعها في ظل تلك الرياح العاتية؛ لكنها كانت أكثر أمانًا بكثير مما كانت عليه في عرض البحر.|H.M.S. Ulysses|Alistair MacLean|true|en|true
20:20|2020-005|الثامنة وعشرين دقيقة|مع علمنا أن العشاء كان لنا نحن الستة فقط، لم يخطر ببالنا أبدًا أنه سيكون مناسبة رسمية. لم تكن لدي شهية. لم نجلس لتناول العشاء إلا بعد الثامنة وعشرين دقيقة.|The Diary of a Nobody|George and Weedon Grossmith|true|en|true
20:21|2021-000|الثامنة وإحدى وعشرون دقيقة|كانت الساعة الثامنة وإحدى وعشرون دقيقة. سيظل مكتب كاتب المدينة مفتوحًا حتى الساعة التاسعة. كان يوم سبت، وقد حضر دافعو الضرائب لتسوية تقييماتهم ورسوم المياه. كان هناك وقت، إذن، في تلك الليلة، للحصول على رخصة زواج.|The Fog|William Dudley Pelly|true|en|true
20:21|2021-001|الساعة 8:21|"في تمام الساعة 8:21، وبعد طرق على الباب، قال شرطي إن سيارة تابعة للشرطة العسكرية دخلت للتو إلى الفناء، وسأل السائق عن ""السيد"" موراي."|The Ipcress File|Len Deighton|true|en|true
20:22|2022-000|8:22 مساءً|8:22 مساءً<br>عمل إريك هامبلين، المقيم سابقًا في سويت ووتر، تكساس، حارسًا في شركة ساتكوم على مدار العامين والنصف الماضيين، وكان يعشق وظيفته. كان يبلغ من العمر أربعة وعشرين عامًا، وقد ترك الدراسة الجامعية نتيجةً لظروف الثمانينيات الصاخبة، وكان يقضي أوقات فراغه في إحدى أجمل جزر اليونان.|Project Cyclops|Thomas Hoover|true|en|true
20:23|2023-000|20.23|20.23. بعد دقائق قليلة ستنزل. كان بإمكانها استعارة بعض الماسكارا من ابنتها سالي، لكن الوقت قد فات. كان بإمكانها الاتصال بوالدتها في نورثام، لكن الوقت قد فات. سبع دقائق من العزلة بانتظارها، ثم ستنزل.|The Radiant Way|Margaret Drabble|true|en|true
20:24|2024-000|8.24.| نظر بيتش إلى ساعته. 8.24. إذا لم يكن في سيارة أجرة خلال عشرين دقيقة، فسيكون قد انتهى أمره.|Dreams of Leaving|Rupert Thomson|true|en|true
20:25|2025-000|الثامنة وخمس وعشرون دقيقة|شعر بالفعل بثمالة كافية لمجرد التفكير في التواجد مع ساني. نظر إلى ساعته. الثامنة وخمس وعشرون دقيقة. أرخى ربطة عنقه، صفراء داكنة بنقش باهت، وفك الزر العلوي من قميصه الأزرق.|It All Began in Monte Carlo|Elizabeth Adler|true|en|true
20:25|2025-001|ثمانية وخمسة وعشرون دقيقة|ثمانية وخمسة وعشرون دقيقة، يذكر أحدهم أنه كان يراقب أخته وهي تستحم؛ ويتسابق الرجال الثلاثة الجالسون معه على الطاولة لمعرفة من سيكتب ذلك في دفتر الملاحظات...|One Flew Over the Cuckoo’s Nest|Ken Kesey|false|en|true
20:25|2025-002|الثامنة وخمس وعشرون دقيقة| جلست في مقعدها المعتاد وابتسمت لزوجها وهو يجلس على كرسيه المقابل لها. لقد نجت. كانت الساعة الثامنة وخمس وعشرون دقيقة فقط.|The Listerdale Mystery|Agatha Christie|true|en|true
20:26|2026-000|الساعة الثامنة وست وعشرين دقيقة|كانت الساعة الثامنة وست وعشرين دقيقة. ذهب دون تردد إلى غرفة الملابس، وأخرج بطاقة، فاستلم حقيبة كبيرة وسجادة ووشاحًا طويلًا سميكًا من التويد الداكن.|The Temptress|William Le Quex|true|en|true
20:26|2026-001|8:26 مساءً|"8:26 مساءً<br>قال جمال خان، شقيق سليم الأصغر ذو الشخصية الحادة، باللغة الفارسية بنبرة عادية: ""تم تأمين محيط الوسادة"". لقد قضى لتوه على شخص غريب؛ لا شيء مهم."|Project Cyclops|Thomas Hoover|false|en|true
20:27|2027-000|الثامنة وسبع وعشرون دقيقة|في تمام الساعة الثامنة وسبع وعشرون دقيقة، كانت السيدة لوفثاوس جالسةً أمام بيانو أورورا، في بداية عزف مقدمة موسيقية بستة علامات خفض؛ مقدمة تتطلب استخدامًا استثنائيًا لليد اليسرى فوق اليمنى، واليمنى فوق اليسرى، وتمرينًا للإبهام في جميع الأوضاع.|Aurora Floyd|Mary Elizabeth Braddon|true|en|true
20:27|2027-001|8.27 مساءً| كانت أختها وفية كطول النهار. لم يكن هناك أي احتمال لمغادرتها المكان الذي كان من المفترض أن يلتقيا فيه، ليس مع دوي صفارات الإنذار. وهكذا علقت هناك عندما مزق صوت غريب آخر رؤوس الحشد في الساعة 8.27 مساءً.|The Little Wartime Library|Kate Thompson|true|en|true
20:28|2028-000|الثامنة وثمان وعشرون دقيقة|" ما زال هافر جالسًا، فنظر إلى الساعة وقال فجأة: ""توفي والدي قبل خمسة وعشرين عامًا بالضبط.""<br>نظر ليندل إلى الساعة. ""بالضبط؟""<br>""نعم، بالضبط. الثامنة وثمان وعشرون دقيقة، في هذا التاريخ تحديدًا قبل خمسة وعشرين عامًا."""|Stone Coffin|Kjell Eriksson|true|en|true
20:29|2029-000|الثامنة وتسع وعشرون دقيقة ونصف|"الثامنة وتسع وعشرون دقيقة ونصف يا سيدي. ثم، كعادته، نظر إلى الساعة في البرج، وألقى مزيدًا من الكلام. ""يا إلهي! هذه الساعة متقدمة نصف ساعة! هذه أول مرة منذ عشر سنوات أراها غير دقيقة. ساعتي هذه لا تتأخر أبدًا—"" لكن المواطن كان يتحدث إلى فراغ. استدار ورأى سامعه، ظلًا أسودًا يبتعد بسرعة، يطير باتجاه منزل بثلاث نوافذ علوية مضاءة."|The Four Million|O. Henry|true|en|true
20:29|2029-001|الساعة 8:29|في تمام الساعة 8:29، ضغطتُ جرس الباب الأمامي في شارع إلجين كريسنت. فتحت الباب امرأة شرقية صغيرة ترتدي مئزرًا أبيض. أدخلتني إلى غرفة جلوس كبيرة فارغة بها مدفأة مفتوحة ولوحتان زيتيتان ضخمتان.|Engleby|Sebastian Faulks|true|en|true
20:30|2030-000|8:30 مساءً|استسلمت الكلاب وبدأت بالتجول بحلول الساعة 8:30 مساءً. كان جون قد شعر بالخدر حينها. كانت درجة الحرارة عشرين درجة، ولم يكن متأكدًا من المدة التي يمكنه البقاء فيها فوق الشاحنة معرضًا للرياح والبرد.|French Creek|Peter Rennebohm|true|en|true
20:30|2030-001|الثامنة والنصف|في المساء، أتقلب وحدي إلى زجاجة مالبك فارغة بجانب السرير. تشير ساعة طاولة أنيقة إلى أنها الثامنة والنصف. أرتدي قميصًا وسروالًا قصيرًا قطنيًا وأتبع رائحة العشاء إلى أسفل درج حلزوني.|Bath Haus|P.J. Vernon|true|en|true
20:30|2030-002|الثامنة والنصف|بحلول الساعة الثامنة والنصف، ومع حلول الغسق الذي أصبح كثيفًا لدرجة أنه لم يعد يختلف كثيرًا عن الليل، ازداد عدد الباحثين من خمسة إلى اثني عشر.|The Tommyknockers|Stephen King|true|en|true
20:30|2030-003|الثامنة والنصف|في تمام الساعة الثامنة والنصف، اقتحمت ميليسنت هاميت الغرفة دون طرق مسبق لتوديعهم.|The Black Tower|P.D. James|true|en|true
20:30|2030-004|الثامنة والنصف|في الخارج، استمرت الرياح في الازدياد. بين الحين والآخر، كانت تُطلق صرخة تقشعر لها الأبدان حول حافة السقف، مما جعله يرفع نظره عن كتابه. حوالي الساعة الثامنة والنصف، بدأ تساقط الثلج. كان كثيفًا ورطبًا، وسرعان ما غطى نافذته وحجب رؤيته للجبال. بطريقة ما، كان ذلك أسوأ. فقد حجب الثلج النوافذ في فندق أوفرلوك أيضًا.|Doctor Sleep|Stephen King|true|en|true
20:30|2030-005|الثامنة والنصف|"في الساعة الثامنة والنصف، اتصلت وقلت: ""كنت أفكر في إجراء عملية تكبير للثدي، فقط أزيلهما تمامًا. ما رأيك؟ هل يمكنني الظهور بمظهر الصدر المسطح؟"""|My Year of Rest and Relaxation|Ottessa Moshfegh|false|en|true
20:30|2030-006|الثامنة والنصف|في تمام الساعة الثامنة والنصف، يُفتح باب الجناح ويدخل فنيان يهرولان، تفوح منهما رائحة نبيذ العنب؛ يتحرك الفنيون دائمًا بخطى سريعة أو يهرولون لأنهم يميلون دائمًا إلى الأمام بشدة، لذا عليهم التحرك بسرعة للبقاء واقفين.|One Flew Over the Cuckoo’s Nest|Ken Kesey|true|en|true
20:30|2030-007|الثامنة والنصف|" ""يا له من هراء!"" فكّر فرونسكي، وألقى نظرة على ساعته.<br>كانت الساعة الثامنة والنصف بالفعل."|Anna Karenina|Leo Tolstoy|true|en|true
20:30|2030-008|الثامنة والنصف|"أخذت أليكس قطعة من التطريز وبدأت بالخياطة. قرأ جيرالد بضع صفحات من كتابه. ثم نظر إلى الساعة وألقى الكتاب بعيدًا. ""الثامنة والنصف. حان وقت النزول إلى القبو والبدء بالعمل."""|The Listerdale Mystery|Agatha Christie|true|en|true
20:30|2030-009|الثامنة والنصف|تمر الدراجات في مجموعات من اثنين وثلاثة - هناك رقصة في حظيرة بيلي برينان الليلة، وهناك لغة غامضة من التلميحات ولغة البهجة من خلال الغمزات والإيماءات. الثامنة والنصف ولا توجد بقعة على ميل من الطريق، ولا ظل ملقى قد يكشف عن رجل أو امرأة،|Inniskeen Road: July Evening|Patrick Kavanagh|true|en|true
20:31|2031-000|20:31|أشارت شاشة الساعة إلى 20:31 في نفس المساء. كان الغسق قد اقترب. كان المشهد ساكنًا باستثناء حفيف الأوراق الخفيف، لكن هدير محرك سيارة وصوت احتكاك الإطارات بالحصى لا بد أنهما هما ما فعّل التسجيل.|None So Blind|Barbara Fradkin|true|en|true
20:32|2032-000|الساعة الثامنة واثنتين وثلاثين دقيقة|"في المحطة، أمسك بالآنسة لانتري من بين الحشد المتدافع في الساعة الثامنة واثنتين وثلاثين دقيقة. قالت: ""لا يجب أن نجعل أمي والآخرين ينتظرون. إلى مسرح والاس بأسرع ما يمكنك القيادة!"""|The Four Million|O. Henry|true|en|true
20:33|2033-000|20.33|20.33 أسقط ضابط الملاحة هنري دوبوا قهوته السوداء (كونا) مع أربع ملاعق سكر على لوحة مفاتيح حاسوبه. وبينما كان يمسح القهوة، لاحظ ثلاث نقاط تحذير حمراء على شاشة مراقبته، فظنّ خطأً أنها نتيجة انسكاب قهوته.|Red Dwarf|Grant Naylor|true|en|true
20:34|2034-000|20:34|"كتب: ""سعال (هاك): 20:34 (المدة: 24 ثانية)"""|The Bells|Richard Harvell|true|en|true
20:35|2035-000|8:35 مساءً|"8:35 مساءً. هاه! وجدت تعليمات التشغيل تحت ""مرحباً! صحيح."""|Bridget Jones’s Diary|Helen Fielding|true|en|true
20:35|2035-001|8.35 مساءً|غادرت ميونيخ الساعة 8.35 مساءً في 1 مايو، ووصلت إلى فيينا في الصباح الباكر من اليوم التالي|Dracula|Bram Stoker|true|en|true
20:35|2035-002|التاسعة إلا خمس وعشرين دقيقة| توقفت متأملة. كان مهتمًا بشدة الآن، لا شك في ذلك. لا بد أن يكون للقاتل اهتمام بالقتل. لقد راهنت على ذلك، ونجحت. ألقت نظرة خاطفة على الساعة. كانت التاسعة إلا خمس وعشرين دقيقة.|The Listerdale Mystery|Agatha Christie|true|en|true
20:36|2036-000|20.36|20.36 وقف ريمر في الحمام الرئيسي على سطح التجميد ومشط شعره.|Red Dwarf|Grant Naylor|true|en|true
20:37|2037-000|8:37| نهض بيرس وأخرج ساعته من سترته، قطعة ذهبية نظيفة بشكل غريب في نهاية سلسلة سوداء كالسخام. فتحها بسرعة: كانت الساعة 8:37.|The Great Train Robbery|Michael Crichton|true|en|true
20:37|2037-001|8:37 مساءً|8:37 مساءً<br>جلست براك في كابينة مرحاض وردية اللون (لون بيبتو-بيسمول) في حمام النساء شبه الخالي، وفتحت برطمان مربى الفلفل الحلو الأخضر. على الرغم من صوت موسيقى AC/DC ورائحة المُبيض الرخيص التي تتصاعد نحو وجهها، إلا أن رائحة المربى غمرت حواسها.|Kitchens of the Great Midwest|J. Ryan Stradal|true|en|true
20:38|2038-000|الساعة التاسعة إلا اثنتين وعشرين دقيقة|وفي تمام الساعة التاسعة إلا اثنتين وعشرين دقيقة، في بداية الفصل الثالث، نهض وحاول ألا يُحدث ضجيجًا كبيرًا، ثم غادر القاعة وصعد إلى الطابق الثاني.|While the Women Are Sleeping|Javier Marais|true|en|true
20:39|2039-000|8:39 مساءً|8:39 مساءً<br>كانت كالي تفكر في مدى رغبتها في تناول بيتزا غنية بالجبن والسجق الإيطالي. لا، غنية بالكوليسترول فقط. لماذا يُفترض أن تكون جميع الأشياء اللذيذة ضارة؟|Project Cyclops|Thomas Hoover|true|en|true
20:40|2040-000|الساعة الثامنة وأربعون دقيقة|في الواقع، كنتُ مبكرًا. لم أُرِد أن ألفت الأنظار وأنا أتسكع في الممر، لذا قضيتُ خمس دقائق أتمشى على طول شارع ستراند. كنتُ خارج البوابة في تمام الساعة الثامنة وعشر دقائق. انتظرتُ حتى الساعة الثامنة وأربعون دقيقة. لم تأتِ فينيسيا أبدًا.|A Certain Justice|P.D. James|true|en|true
20:40|2040-001|التاسعة إلا عشرين دقيقة|في السابع عشر. كان الأمر كذلك. جلسوا في التاسعة إلا عشرين دقيقة. إنها عادة صغيرة لديّ، أن أدوّن الوقت الذي يجلس فيه الزبون فعليًا.|A Taste for Death|P.D. James|true|en|true
20:40|2040-002|الساعة 8:40|"هل أنتِ وحدكِ يا آنسة؟<br>كان سؤالًا غبيًا أزعجها. كان بإمكانها أن تُجيب بردود غاضبة كثيرة، لكنها كظمت غيظها وقالت ببساطة: ""نعم"".<br>""هل تنتظرين قطار الساعة 8:40؟""<br>""هل هناك قطار آخر؟""<br>""حسنًا، لا. ليس في هذا الوقت من الليل."""|The Clockwork Crow|Catherine Fisher|true|en|true
20:40|2040-003|التاسعة إلا عشرين دقيقة| عندما وقفت أمامها، متجنبًا النظر إليها، لاحظت الأشياء المحيطة بي بتفصيل، ورأيت أن ساعتها توقفت عند التاسعة إلا عشرين دقيقة، وأن ساعة في الغرفة توقفت عند التاسعة إلا عشرين دقيقة.|Great Expectations|Charles Dickens|true|en|true
20:40|2040-004|الساعة التاسعة إلا عشرين دقيقة|تم إحضار الرسالة في تمام الساعة التاسعة إلا عشرين دقيقة.|The Murder of Roger Ackroyd|Agatha Christie|true|en|true
20:41|2041-000|08:41|الساعة الآن 08:41 وأنا في السرير أتدرب. ملأت أمي كيسًا بلاستيكيًا بماء ساخن جدًا وربطته بإحكام حتى لا ينسكب منه شيء، ثم وضعته في كيس آخر وربطته أيضًا.|Room|Emma Donoghue|true|en|true
20:42|2042-000|الثامنة واثنتان وأربعون دقيقة|"""أجل، كنت أفكر للتو...""<br>ألقى شان نظرة خاطفة على ساعة الحائط ذات البندول. الثامنة واثنتان وأربعون دقيقة. ثماني عشرة دقيقة قبل أن يُرافق إلى الخلف. ""أنا قلق من أنني تركت خرطوم الري بالتنقيط مفتوحًا. إذا وصل الحارس روي مبكرًا، فأخبره أنني سأعود بعد قليل."""|The Edge of Lost|Kristina McMorris|true|en|true
20:42|2042-001|8.42| كانت يد اليد تشير في هذه اللحظة إلى 8.42. أخذ اللاعبون أوراقهم، لكن أعينهم كانت مثبتة على الساعة. يمكن القول بأمان أنه مهما شعروا بالأمان، لم تبدُ الدقائق طويلةً عليهم قط.|Around the World in Eighty Days|Jules Verne|true|en|true
20:43|2043-000|8:43|"""في كلتا الحالتين، يجب ألا يُسمح له بالعودة إلى البيت الأبيض."" انقطع الخط. أدرك كافالي أن والده كان محقًا في كلا الأمرين. نظر كافالي إلى ساعته مرة أخرى: 8:43."|Honor Among Thieves|Jeffrey Archer|true|en|true
20:43|2043-001|20:43|"سأخبرك بالضبط بما أريدك أن تقوله عندما يتصل بك مجددًا، لكن لا تنسَ أبدًا أن أولويتك القصوى هي كسب أكبر قدر ممكن من الوقت. لا يمكن لقوات العمليات الخاصة البريطانية (SBS) التحرك قبل غروب الشمس، أي الساعة 20:43 بالتوقيت المحلي، وهو ما يعني - نظر إلى ساعته - ""ساعتين وتسع عشرة دقيقة أخرى."""|Next in Line|Jeffrey Archer|true|en|true
20:43|2043-002|8.43| قال توماس فلانغان وهو يقطع البطاقات التي وضعها غوتييه رالف أمامه: «8.43». ساد صمتٌ للحظة، خيّم خلالها صمتٌ تام على الغرفة الفسيحة.|Around the World in Eighty Days|Jules Verne|true|en|true
20:44|2044-000|8.44|" كان بندول الساعة يدق كل ثانية بانتظام رياضي، وكان بإمكان كل لاعب عدّ كل جزء من ستين دقيقة عندما يلامس أذنه. قال جون سوليفان بصوتٍ كشف عن انفعاله: ""8.44!"". دقيقة واحدة فقط وسيفوز بالرهان."|Around the World in Eighty Days|Jules Verne|true|en|true
20:45|2045-000|الساعة التاسعة إلا ربع|عندما حلت الساعة التاسعة إلا ربع ولم يظهر أحد بعد، بدأ غاردنر يتساءل عما إذا كانوا قد انسحبوا. راودته الفكرة وهو جالس على كرسي بوبي الهزاز في الشرفة، يلمس الكدمة الكبيرة المنتفخة على جانب وجهه حيث ضربه بوزمان.|The Tommyknockers|Stephen King|true|en|true
20:45|2045-001|الساعة الثامنة وخمس وأربعون دقيقة|"في الساعة الثامنة وخمس وأربعون دقيقة، اتصلت وقلت: ""أحتاج إلى بعض النصائح المالية. في الواقع، أنا جادة. أنا في مأزق."""|My Year of Rest and Relaxation|Ottessa Moshfegh|true|en|true
20:45|2045-002|8:45|" قال فيلياس بهدوء: ""ليس مستحيلاً. أراهنكم بعشرين ألف جنيه إسترليني أنني أستطيع فعلها. إذا غادرت هذا المساء على متن قطار الساعة 8:45 إلى دوفر، فسأعود إلى هنا في نادي الإصلاح بحلول الساعة 8:45 من يوم السبت 21 ديسمبر. سأختم جواز سفري في كل مكان أتوقف فيه لأثبت أنني قد سافرت حول العالم."""|Around the World in Eighty Days|Jules Verne|true|en|true
20:45|2045-003|التاسعة إلا ربع| وصل بيفر في تمام الساعة التاسعة إلا ربع وهو في حالة من الرضا الذاتي الشديد؛ فقد رفض دعوتين للعشاء أثناء ارتدائه ملابسه في ذلك المساء؛ وصرف شيكًا بقيمة عشرة جنيهات إسترلينية في ناديه؛ وحجز طاولة في مطعم إسبينوزا.|A Handful of Dust|Evelyn Waugh|true|en|true
20:46|2046-000|8:46|ثم دخل غرفة النوم ورأى الدليل الوحيد الذي يؤكد وجود تينا في الشقة مساء 11 سبتمبر. كانت هناك ساعة بجانب سرير آنا. نظر جاك إلى الوقت: 8:46.|False Impression|Jeffrey Archer|true|en|true
20:46|2046-001|الساعة الثامنة وست وأربعون دقيقة|عند سماع النغمة، ستكون الساعة الثامنة وست وأربعون دقيقة بالضبط. يحتوي ميل مكعب واحد من مياه البحر على حوالي 50 رطلاً من الذهب.|Macedonia|Tom Lichtenberg|true|en|true
20:47|2047-000|20:47|كانت الساعة تشير إلى 20:47 على ساعة الموقد عندما سمعت فليس صوت مفاتيح بن في الباب. في مرحلة ما، توقف زوجها عن بذل أي جهد.|All That Is Left of Us|Catherine Miller|true|en|true
20:48|2048-000|التاسعة إلا اثنتي عشرة دقيقة|" أشارت كونستانس قائلةً: ""إنها التاسعة إلا اثنتي عشرة دقيقة فقط. حسنًا، ماذا لو أرادت ذلك؟"""|The Old Wives’ Tale|Arnold Bennett|true|en|true
20:49|2049-000|8:49|في تمام الساعة 8:49، سُمع طرقٌ عالٍ على الباب، وهمس السير هاميش بكلمة لوم غير مسموعة بينما ذهب ديفيد هيث لفتحه. فوجد الشخص الذي يتواصل معه واقفًا هناك.|A Matter of Principle|Jeffrey Archer|true|en|true
20:49|2049-001|8.49|8.49. أخذت الهاتف، ونظفت حلقي، واتصلت بالحصن، معقل العصابة على مشارف أتلانتا. حافظ على احترافيتك. أقل إثارة للشفقة بهذه الطريقة.|Magic Bleeds|Ilona Andrews|true|en|true
20:50|2050-000|التاسعة إلا عشر دقائق| اتصل بخادمه، وارتدى ملابسه على عجل، وخرج إلى الدرج، ناسياً الحلم تماماً، ولم يكن قلقه إلا تأخره. وبينما كان يقود سيارته إلى مدخل منزل عائلة كارنينا، نظر إلى ساعته فرأى أنها التاسعة إلا عشر دقائق.|Anna Karenina|Leo Tolstoy|true|en|true
20:50|2050-001|8:50 مساءً|"8:50 مساءً. آه. رسم تخطيطي. ""أزرار لوظائف التسويق المتكامل."" ولكن ما هي وظائف التسويق المتكامل؟"|Bridget Jones’s Diary|Helen Fielding|true|en|true
20:50|2050-002|قبل عشر دقائق من التاسعة|كانت جميع الساعات في لندن تدق قبل عشر دقائق من التاسعة.|Around the World in Eighty Days|Jules Verne|true|en|true
20:50|2050-003|لم يتبق سوى عشر دقائق على التاسعة|" ألقى نظرة خاطفة على ساعة الحائط على رف المدفأة، ولكن بما أنها توقفت، أخرج ساعته. قال: ""لقد فات الأوان بالفعل. لم يتبق سوى عشر دقائق على التاسعة.""<br>""يا إلهي!"" صرخت، وقد شحب وجهها تمامًا. ""ماذا أفعل؟"""|The Reluctant Widow|Georgette Heyer|true|en|true
20:50|2050-004|الساعة 20:50|كان، نعم، دائمًا في المنزل من العمل بحلول الساعة 20:50 يوم الخميس.|Infinite Jest|David Foster Wallace|true|en|true
20:50|2050-005|التاسعة إلا عشر دقائق|ماذا يعني أن يبدأ بالدق بصوت عالٍ فجأة؟ كان وجهه يشير إلى التاسعة إلا عشر دقائق. لم تكن السيدة فيرلوك تهتم بالوقت، واستمر الدق.|The Secret Agent|Joseph Conrad|true|en|true
20:51|2051-000|التاسعة إلا تسع دقائق| بقيتُ أُراقب النجم القطبي من التاسعة إلا تسع دقائق حتى التاسعة وعشر دقائق، أُرجع رأسي للخلف حتى آلمني، أُقاوم الدوار ولا أُزيح عيني عن الضوء البعيد المتلألئ الذي هو موعدنا في السماء، مُحاولًا رؤية وجهك ينظر إليّ.|Belle du Seigneur|Albert Cohen|true|en|true
20:52|2052-000|8:52|"""هذا يعني قطار الساعة 8:52، مع تغيير في دونكاستر وبيتربورو. يجب أن تعود إلى كامبريدج بعد منتصف الليل بقليل."""|Dougie Mortimer’s Right Arm|Jeffrey Archer|true|en|true
20:52|2052-001|الساعة التاسعة إلا ثماني دقائق| أحضرت النادلة قهوتي. حملتها إلى الطرف الآخر من المنضدة وشربتها ببطء. كانت الساعة التاسعة إلا ثماني دقائق. كان الناس يصطفون عند باب التحميل، مما يعني أن الحافلة كانت متوقعة.|The Far Side of the Dollar|Ross MacDonald|true|en|true
20:53|2053-000|الثامنة وثلاث وخمسون دقيقة|الثامنة وثلاث وخمسون دقيقة فقط. يبدأ اجتماع اتخاذ القرار بين الشركاء بعد سبع دقائق. لست متأكدة من قدرتي على تحمل هذا.|The Undomestic Goddess|Sophie Kinsella|true|en|true
20:54|2054-000|التاسعة إلا ست دقائق| حاولتُ استئناف حديثنا على مائدة العشاء، والذي كان يدور حول مصداقية اختبارات الذكاء، لكنه عاد إلى كآبته، ولم أشعر برغبة في محاولة إخراجه منها. شعرتُ بالارتياح عندما رنّ الجرس في الدقيقة التاسعة إلا ست دقائق؛ ربما سنشهد بعض الأحداث الآن.|Death on Deadline|Robert Goldsborough|true|en|true
20:55|2055-000|التاسعة إلا خمس دقائق| كان ميرال دافانوس جالسًا على سريره في غرفة العزل الصحي ذات الجدران البيضاء الناصعة، ونظر إلى ساعة الحائط. كانت الساعة تشير إلى التاسعة إلا خمس دقائق.|The Dark Foundations|Chris Walley|true|en|true
20:55|2055-001|التاسعة إلا خمس دقائق| بدأ لينوس يمشي ببطء في الردهة. كان المطر يضرب النوافذ على يساره. تومضت أضواء المصابيح الجدارية على يمينه قليلاً. صرّ حذاؤه على الأرض. شدّ ربطة عنقه. بحلول الوقت الذي وصل فيه إلى الطرف الآخر من الردهة، كانت قد مرت أربع دقائق. وفقًا لساعته، كانت الساعة التاسعة إلا خمس دقائق.|The House in the Cerulean Sea|TJ Klune|true|en|true
20:55|2055-002|8:55 مساءً| والماضي. كانت الساعة على لوحة القيادة تشير إلى الساعة 8:55 مساءً. وكان آخر شعاع وردي من الشمس يرتفع في سماء الليل، محاولًا يائسًا التشبث لدقيقة أخرى فقط.|Such Great Heights|Chris Cole|true|en|true
20:56|2056-000|الساعة التاسعة إلا أربع دقائق|"""المقعد رقم 7 - درجة ثانية. لم يصل السيد بعد، والساعة التاسعة إلا أربع دقائق."""|Murder on the Orient Express|Agatha Christie|true|en|true
20:57|2057-000|قبل التاسعة بثلاث دقائق فقط| تشير إلى ساعتها التي تشير إلى 08:57، أي قبل التاسعة بثلاث دقائق فقط. فأركض إلى غرفة الملابس وأستلقي على وسادتي وأتغطى ببطانية رمادية ناعمة ذات حواف حمراء.|Room|Emma Donoghue|true|en|true
20:57|2057-001|التاسعة إلا ثلاث دقائق|" قال بجدية: ""انتظري حتى تدق الساعة. لديّ ثروة وسلطة ومعرفة تفوق معظم الرجال، لكنني أشعر بالخوف عندما تدق الساعة. ابقي بجانبي حتى ذلك الحين. ستكون هذه المرأة لكِ. لديكِ وعد من أمير فاليلونا الوراثي. في يوم زفافكِ، سأمنحكِ 100,000 دولار وقصرًا على نهر هدسون. لكن يجب ألا تكون هناك ساعات في ذلك القصر - إنها تقيس حماقاتنا وتحدّ من ملذاتنا. هل توافقين على ذلك؟""<br>""بالطبع،"" قال الشاب بمرح، ""إنها مصدر إزعاج على أي حال - تدق وتدق دائمًا وتؤخركِ عن العشاء."" نظر مرة أخرى إلى الساعة في البرج. كانت عقاربها تشير إلى التاسعة إلا ثلاث دقائق."|The Four Million|O. Henry|true|en|true
20:58|2058-000|التاسعة إلا دقيقتين|" سألت بهدوء، بحزم ويأس: ""كم الساعة؟"" <br>أجابها وهو يكافح ليقول الحقيقة: ""التاسعة إلا دقيقتين."""|Sons and Lovers|D.H. Lawrence|true|en|true
20:59|2059-000|التاسعة قبل دقيقة واحدة|مع ذلك، لن تذهب أبعد من ميلين من الثكنات، وستتصرف بطريقة تليق بجندي من فوج البنادق الملكي، وستعود إلى غرفة الحرس رصينًا كالقاضي في تمام الساعة التاسعة قبل دقيقة واحدة.|As the Crow Flies|Jeffrey Archer|true|en|true
20:59|2059-001|التاسعة إلا دقيقة واحدة|عادةً ما كان مساعده يشغل التلفاز له في الساعة التاسعة إلا دقيقة واحدة. جلس يشاهد امرأة نيجيرية تلقي محاضرة عن الخياطة، ثم مذيع الأرصاد الجوية الذي زود إدواردو بالمعلومة المهمة بأن درجة الحرارة ستستمر مرتفعة للشهر القادم.|The Coup|Jeffrey Archer|true|en|true
20:59|2059-002|8:59 مساءً|" قالت إيفا في الساعة 8:59 مساءً، عندما توقفت سيارة براغر أمام شقتها: ""يا لها من تجربة طهي رائعة!""."|Kitchens of the Great Midwest|J. Ryan Stradal|true|en|true
21:00|2100-000|التاسعة| أولئك الذين كان عليهم الذهاب إلى الفراش في الموعد المحدد، والذين تنطفئ الأنوار لديهم في التاسعة مساءً، يمكنهم البقاء في مزرعة أوبرماير حتى تظهر اليراعات والنجوم - حتى تُضاء الفوانيس الصينية ويتمكنوا من التجول مرة أخرى في أرجاء المزرعة مع مضيفهم ومضيفتهم المرحين وسط هذه الأضواء الجميلة المتمايلة والملونة.|Bright Valley of Love|Edna Hong|true|en|true
21:00|2100-001|الساعة التاسعة|"تأخرت العاصفة حتى الساعة التاسعة، وبحلول ذلك الوقت كان أندرسون متأكدًا تمامًا من أنهم سيقضون ليلة رائعة - ما يسميه سكان هافن ""عاصفة حقيقية""."|The Tommyknockers|Stephen King|true|en|true
21:00|2100-002|الساعة التاسعة| دقت الساعة التاسعة عندما أرسلت الممرضة.<br>وعدت بالعودة بعد نصف ساعة.|Romeo and Juliet|William Shakespeare|true|en|true
21:00|2100-003|التاسعة مساءً|كانت الساعة تقارب التاسعة مساءً. كان القمر البدر محجوبًا بضباب خفيف، وقادتهم ظلالهم الباهتة عبر حقل مفتوح، نحو غابة مظلمة في الأفق.|Jurassic Park|Michael Crichton|true|en|true
21:00|2100-004|الساعة التاسعة|بحلول الساعة التاسعة من مساء السبت، كان شارع ليكسايد أفينيو، الشارع الرئيسي، يعج بنحو أربعة آلاف سائح يشربون الجعة، نصفهم تقريبًا يركبون الدراجات النارية.|Hell’s Angel|Hunter S. Thompson|true|en|true
21:00|2100-005|التاسعة مساءً|كانت الساعة التاسعة مساءً في شارع بلاكبري هاي ستريت.<br>في نافذة متجر الأجهزة الكهربائية، عرضت تسعة أجهزة تلفزيون نفس الصورة. أسقطت أجهزة التلفزيون التسعة شاشاتها الوامضة على الهواء الفارغ.|Johnny and the Bomb|Terry Pratchett|true|en|true
21:00|2100-006|التاسعة مساءً|" أدار ظهره للنافذة، وذراعاه متورمتان من شدة القشعريرة. كان قد اشترى شطيرة من متجر ""التفاحة الحمراء"" وكان ينوي تناولها أثناء قراءة رواية جون ساندفورد ذات الغلاف الورقي التي اشتراها أيضًا من ""التفاحة الحمراء""، لكن بعد بضع قضمات، أعاد لف الشطيرة ووضعها على حافة النافذة، حيث ستبقى باردة. ربما يأكل الباقي لاحقًا، على الرغم من أنه لم يعتقد أنه سيسهر كثيرًا بعد التاسعة مساءً؛ إذا وصل إلى مئة صفحة من الكتاب، فسيكون قد أنجز عملًا جيدًا."|Doctor Sleep|Stephen King|true|en|true
21:00|2100-007|التاسعة مساءً|على أي حال، حدث كل هذا في ليلة عاصفة في بداية أكتوبر. كان الجو حارًا ورطبًا نوعًا ما بالنسبة لهذا الوقت من السنة. حام سرب من البعوض في المساء، وأتذكر أنني أشعلت بعض لفائف طارد البعوض لإبعادهم. كانت الرياح صاخبة. كانت بوابة حمام السباحة مكسورة، وجعلتها الرياح تُفتح وتُغلق بقوة. فكرت في إصلاحها، لكن الظلام كان حالكًا، فظلت تُصدر صوتًا مزعجًا طوال الليل.<br>مرت جولتي في التاسعة مساءً على ما يرام، وقد أنجزت تقريبًا جميع البنود العشرين في قائمتي.|Blind Willow, Sleeping Woman|Haruki Murakami|true|en|true
21:00|2100-008|التاسعة|" لا يزال يبتسم طوال الوقت، يبتسم كبقة صغيرة وردية اللون شبعت. يقول مرة أخرى: ""كانت الساعة التاسعة عندما اتصلت بكِ، أليس كذلك؟"" أومأت برأسي بتعب. نعم، كانت الساعة التاسعة. هو متأكد الآن أنها كانت التاسعة لأنه يتذكر أنه أخرج ساعته."|Tropic of Cancer|Henry Miller|true|en|true
21:00|2100-009|الساعة التاسعة|"في تمام الساعة التاسعة، اتصلتُ به مرة أخرى. أجاب.<br>سألني: ""ماذا تريدين؟""<br>""كنتُ أتمنى أن أسمعكِ تقولين إنكِ تفتقدينني.""<br>قال: ""أفتقدكِ. هل هذا كل شيء؟""<br>أغلقتُ الخط."|My Year of Rest and Relaxation|Ottessa Moshfegh|true|en|true
21:00|2100-010|التاسعة|"في أحد الأيام، ترك أحدهم مجموعة كتب على الرصيف في شارع إيست سيفنتي-سيفنث، فأخذتها إلى المنزل وقرأتها جميعًا من الغلاف إلى الغلاف. تاريخ القيادة تحت تأثير الكحول في أمريكا. كتاب طبخ هندي. <em>الحرب والسلام</em>. <em>ماو الثاني</em>. <em>الإيطالية للمبتدئين</em>. كتاب ""ماد ليبس"" الذي ملأته بنفسي باستخدام أبسط الكلمات التي خطرت ببالي. قضيت أيامي على هذا النحو لمدة أربعة أو خمسة أسابيع. لم أشترِ هاتفًا محمولًا. تخلصت من المرتبة القديمة. كل ليلة في التاسعة، كنت أستلقي على أرضية الخشب الصلب الملساء وأتمدد وأتثاءب، ولم أجد صعوبة في النوم."|My Year of Rest and Relaxation|Ottessa Moshfegh|true|en|true
21:00|2100-011|الساعة التاسعة| حوالي الساعة التاسعة، انطفأ الضوء بين الأشجار، وحلّ الظلام في اتجاه القصر.|The Adventures of Sherlock Holmes|Sir Arthur Conan Doyle|true|en|true
21:00|2100-012|التاسعة|" حدقت به بدهشة وحيرة، ثم بتحدٍ. أغلقت الحاسوب المحمول فجأة، ووضعته في حقيبتها. أخرجت قلمًا وكتبت عنوانًا على منديل. قالت بصرامة وهي واقفة: ""إذا غيرت رأيك، فسأكون في هذا المكان بين الساعة الثامنة والتاسعة مساءً."""|The Catacombs|Jeremy Bates|true|en|true
21:00|2100-013|التاسعة|مع ذلك، في تمام الساعة التاسعة، خرج الأمير، مرتدياً معطفه المخملي ذو الياقة والقبعة من الفرو، في نزهته المعتادة.|War and Peace|Leo Tolstoy|true|en|true
21:00|2100-014|الساعة التاسعة|"في تمام الساعة التاسعة، نهضت إميلي برينت على قدميها.<br>قالت:<br>""سأذهب إلى النوم."""|And Then There Were None|Agatha Christie|true|en|true
21:00|2100-015|٩:٠٠ مساءً|٩:٠٠ مساءً. شاهد التلفاز أو فيديو|The Curious Incident of the Dog in the Night-Time|Mark Haddon|true|en|true
21:00|2100-016|الساعة ٢١:٠٠|في الساعة ٢١:٠٠ ليلاً يكون الجو بارداً.|Infinite Jest|David Foster Wallace|true|en|true
21:00|2100-017|التاسعة|عدتُ إلى المنزل من العمل في مطعم برجر بوي الليلة حوالي الساعة التاسعة، وقد فوجئتُ نوعًا ما لأن المنزل بأكمله كان مظلمًا.|Don’t You Dare Read This, Mrs. Dunphrey|Margaret Peterson Haddix|true|en|true
21:00|2100-018|التاسعة|كانت الساعة التاسعة ليلاً في الثاني من أغسطس - أغسطس الأكثر رعباً في تاريخ العالم. ربما ظن المرء أن لعنة الله قد حلت بالفعل على عالم منحط، إذ ساد صمت رهيب وشعور غامض بالترقب في الهواء الخانق والراكد.|His Last Bow An Epilogue of Sherlock Holmes|Sir Arthur Conan Doyle|true|en|true
21:00|2100-019|التاسعة مساءً|في مساء اليوم السابق لعيد ميلاد ك. الحادي والثلاثين - حوالي الساعة التاسعة مساءً، عندما يسود الهدوء في الشوارع - جاء رجلان إلى شقته.|The Trial|Franz Kafka|true|en|true
21:00|2100-020|التاسعة|مع دقات الساعة التاسعة، جلس السيد والسيدة دي فوتيد على جانبي مدفأة غرفة الجلوس، في وضعيات تجمع بين كرم الضيافة واللامبالاة، وكان فيفيان دي فوتيد يرتدي لحية سوداء وسترة مخملية سوداء مغلقة على صدره البوهيمي، بينما كانت سيدته ترتدي ثوبًا أرجوانيًا فضفاضًا مطرزًا في أماكن مناسبة برسومات الرمان وأوراقه.|A Marriage of Passion|Katherine Mansfield|true|en|true
21:00|2100-021|الساعة التاسعة|بعد الساعة التاسعة بقليل من مساء ذلك اليوم، توجه ويروثر بسيارته حاملاً خططه إلى مقر كوتوزوف حيث كان من المقرر عقد مجلس الحرب. تم استدعاء جميع قادة الكتائب إلى القائد العام، وباستثناء الأمير باغراتيون الذي رفض الحضور، كانوا جميعًا حاضرين في الموعد المحدد.|War and Peace|Leo Tolstoy|true|en|true
21:00|2100-022|الساعة التاسعة|يقف في قفر مقهى بولار-شتيرن ذي الجدران الكرومية والبلاط في تمام الساعة التاسعة من مساء يوم الجمعة، وسط عاصفة ثلجية، إنه اليهودي الأكثر وحدة في مقاطعة سيتكا.|The Yiddish Policemen’s Union|Michael Chabon|true|en|true
21:00|2100-023|في التاسعة|في تلك الليلة، في التاسعة، ألقى الرئيس خطابًا للأمة.|All the President’s Men|Bernstein & Woodward|true|en|true
21:00|2100-024|التاسعة|ثم ارتدى سترة رمادية وغادر الشقة متوجهًا إلى ساحة أليغريا. ويؤكد بيريرا أن الساعة كانت التاسعة بالفعل.|Pereira Maintains|Antonio Tabucchi|true|en|true
21:00|2100-025|التاسعة مساءً| هذه المرة، كان ارتداءها لأفضل قبعة في التاسعة مساءً، وهي تفكر في الخروج من القلعة، عبر الطريق الطويل ثم شمالًا على طول شارع أشجار السنط، كافيًا لجعلها تتجه نحو باب منزلها كما لو كانت تشك في وجود شخص ما هناك، شخص ما يستمع إلى أفكارها.|Titus Groan|Mervyn Peake|true|en|true
21:00|2100-026|التاسعة مساءً|في التاسعة مساءً، كنت أجلس بين أصدقائي أكتب، بينما كانوا يتحدثون من حولي. أدركت أن التعبير عن نفسي أصبح أسهل تدريجيًا؛ قلمي كان يلمع كالبرق في محاولة لمواكبة أفكاري.|The Hasheesh Eater|Fitz Hugh Ludlow|false|en|true
21:01|2101-000|٩:٠١ مساءً| قرر أن يبدأ معها بوجبة أمريكية بامتياز: برجر بالجبن، بطاطا مقلية، سلطة بطاطا، كوكاكولا. سيطلب فطيرة للتحلية: فطيرة تفاح. سيضيف إليها آيس كريم ويراقبها وهي تتلوى وتصرخ. عندما تنتهي، سيرفعها من كرسيها، ويحملها إلى غرفة النوم، ويقبل كل جزء منها. سيمارسان الجنس طوال الليل، وهذه المرة، لن يدفع.<br>نظر إلى ساعته - ٩:٠١ مساءً|Reprieve|James Han Mattson|false|en|true
21:01|2101-001|تجاوزت التاسعة| كانت الساعة قد تجاوزت التاسعة. أنهى ويليام واجباته المدرسية وعشائه. بعد أن ودّع والديه والسيدة فيليبس، تسلل إلى العلية ومعه جهازي التنصت ومصباحه اليدوي وعدسته المكبرة. أراد أن يلقي نظرة فاحصة على الرمز.|The Castle in the Attic|Elizabeth Winthrop|true|en|true
21:01|2101-002|حوالي الساعة التاسعة|في مساء اليوم السابق لعيد ميلاد ك. الحادي والثلاثين - حوالي الساعة التاسعة، عندما يسود الهدوء في الشوارع - جاء رجلان إلى شقته.|The Trial|Franz Kafka|true|en|true
21:01|2101-003|بعد التاسعة|لم يسمح آل برانت الطيبون للأولاد باللعب في الخارج بعد التاسعة مساءً في ليالي الصيف؛ كانوا يُرسلون إلى الفراش في تلك الساعة؛ بقي إيدي بشرف، لكن جورجي كان عادةً ما يتسلل من النافذة قرب العاشرة، ويستمتع بوقته حتى منتصف الليل.|Edward Mills and George Benton: A Tale|Mark Twain|true|en|true
21:01|2101-004|حوالي التاسعة|سافر بيلي ويفر من لندن على متن قطار الظهيرة البطيء، مع تغيير في سويندون في الطريق، وبحلول الوقت الذي وصل فيه إلى باث كانت الساعة حوالي التاسعة مساءً وكان القمر يشرق من سماء صافية مرصعة بالنجوم فوق المنازل المقابلة لمدخل المحطة. لكن الهواء كان باردًا جدًا وكانت الرياح مثل شفرة جليد مسطحة على خديه.|The Landlady|Roald Dahl|true|en|true
21:02|2102-000|التاسعة ودقيقتان| أسرعتُ عبر الساحة. نظرتُ إلى ساعتي. كانت التاسعة ودقيقتان. لقد أبقاني أنتظر في المرة الأخيرة.|Pop Goes the Weasel|James Patterson|true|en|true
21:03|2103-000|التاسعة وثلاث دقائق|بقي سيباستيان جالسًا، يحدق في الهاتف، متمنيًا أن يرن. في التاسعة وثلاث دقائق، استجاب أحدهم لأمره.|Be Careful What You Wish For|Jeffrey Archer|true|en|true
21:03|2103-001|التاسعة وثلاث دقائق| كانت الساعة تشير إلى التاسعة وثلاث دقائق. كانت العربات الكهربائية من وإلى بلدة ترنهيل تمر أمام باب مورفس كل خمس دقائق، وستستمر في ذلك حتى منتصف الليل.|Why the Clock Stopped|Arnold Bennett|true|en|true
21:04|2104-000|٩:٠٤|في ضوء فانوس ضيق، نظر بيرس إلى ساعته. كانت الساعة ٩:٠٤. هذا يمنحهم ساعة للعثور على المفتاح قبل أن يُقدم بارلو حيلته للتغطية على هروبهم.|The Great Train Robbery|Michael Crichton|true|en|true
21:04|2104-001|٩:٠٤ مساءً|٩:٠٤ مساءً<br>«ما رأيك في الوصول المتوقع في الساعة ٠٢٠٠؟» كان ديمتري سبيروس يستخدم جهاز راديو غير مؤمن، لكن لم يكن لديه خيار آخر. «هذا سيعطينا حوالي تسع وعشرين ساعة. وقت كافٍ لتجهيز كل شيء.»|Project Cyclops|Thomas Hoover|true|en|true
21:04|2104-002|٩:٠٤ مساءً|في تمام الساعة ٩:٠٤ مساءً، ظهرت ثلاثيات الفصوص، وتبعتها على الفور تقريبًا مخلوقات بورغيس شيل ذات الأشكال المميزة.|A Short History of Nearly Everything|Bill Bryson|true|en|true
21:05|2105-000|تسعة وخمسة|"تسعة وخمسة. انطلق صوت من سقف غرفة الدراسة: ""سيدتي ماكليلان، أي قصيدة ترغبين في قراءتها هذا المساء؟"" ساد الصمت في المنزل. قال الصوت أخيرًا: ""بما أنكِ لم تُبدي أي تفضيل، فسأختار قصيدة عشوائيًا."""|There Will Come Soft Rains|Ray Bradbury|true|en|true
21:06|2106-000|الساعة التاسعة وستة دقائق|"الباريسية؟ إنها قادمة إلى هنا!<br>""نعم، مع والدها، بالقطار الذي يصل غدًا في تمام الساعة التاسعة وستة دقائق."""|The Ink-Stain|René Bazin|true|en|true
21:07|2107-000|التاسعة وسبع دقائق|أغلق نافذته، وأطفأ المحرك، وانحنى ليفتح صندوق السيارة. نظرت إلى ساعتي. كانت التاسعة وسبع دقائق.|Even|Andrew Grant|true|en|true
21:08|2108-000|الساعة التاسعة وثماني دقائق|في تمام الساعة التاسعة وثماني دقائق، تحرك الصدع، الذي كان قد ضعف بالفعل بسبب الهزة الأرضية الأولية، فجأةً ودون سابق إنذار، وانزلق لمسافة مئة قدم تقريبًا، ساحبًا معه مليارات الأطنان من المياه.|The Poseidon Adventure|Paul Gallico|true|en|true
21:09|2109-000|9.09|9.09. فات الأوان للعودة. فات الأوان، والخطر شديد.|Dreams of Leaving|Rupert Thomson|true|en|true
21:10|2110-000|21:10|أدرك هاري أنه إذا أراد العودة إلى المطار في الوقت المناسب للصعود على متن رحلة الساعة 21:10 المتجهة إلى هيثرو، فلن يتبقى له سوى عشرين أو ثلاثين دقيقة. لكن هذا الوقت سيكون أكثر من كافٍ.|Mightier Than the Sword|Jeffrey Archer|true|en|true
21:10|2110-001|الساعة 9:10| كانت تحب السباحة معظم الليالي بعد نشرة الأخبار الساعة التاسعة مباشرة؛ كان الجميع يعلم ذلك - على الأقل، كل من يعرفها. وكانت نشرة الأخبار يوم الأحد الساعة 9:10.|Devices and Desires|P.D. James|true|en|true
21:10|2110-002|التاسعة وعشر دقائق|إيفور، أين كنت ليلة الثلاثاء؟ لم تتأخر قط عن اجتماع الزنزانة، لطالما كنت هناك قبلنا جميعًا. لكن الساعة كانت التاسعة وعشر دقائق عندما وصلت.|A Taste for Death|P.D. James|true|en|true
21:10|2110-003|٩:١٠ مساءً|"٩:١٠ مساءً ""عند تشغيل جهاز التسجيل، يجب ضبط الساعة والتقويم لتسجيل دقيق يتم التحكم فيه بواسطة المؤقت (لا تنسَ استخدام خيارات الضبط السريع للتبديل بين التوقيت الصيفي والشتوي). قوائم الساعة تُسمى باللون الأحمر والرقم ٦."""|Bridget Jones’s Diary|Helen Fielding|true|en|true
21:11|2111-000|٩:١١|استجابت هذه الأقفال الجديدة بسهولة لاهتمام أغار. في الساعة ٩:١١، فتحوا الباب الشبكي ودخلوا قبو النبيذ. وبدأوا على الفور البحث عن المفتاح.|The Great Train Robbery|Michael Crichton|true|en|true
21:11|2111-001|٩.١١|كل بضع ثوانٍ، كان المنزل يتغير طابعه، فيكون تارةً مُرعبًا ومُخيفًا، ثم يعود مسكنًا بريئًا لمواطنين ملتزمين بالقانون على وشك أن يهاجمهم جيشي الخاص. أشارت الساعة المضيئة إلى ٩.١١.|The Ipcress File|Len Deighton|true|en|true
21:12|2112-000|٩:١٢ مساءً|كان هناك قمر مكتمل كبير في تلك الليلة، والسماء صافية كالزجاج، وفي الساعة ٩:١٢ مساءً، عاد صاروخ روسي قديم إلى الغلاف الجوي للأرض وانفجر إلى مذنبات متوهجة ذات ذيول طويلة مشتعلة امتدت عبر السماء.|Beneath Devil’s Bridge|Loreth Anne White|true|en|true
21:12|2112-001|الساعة ٢١:١٢|"تم إبلاغنا بالجريمة (بسرعة غير لائقة تقريبًا، يا روج) في تمام الساعة ٢١:١٢، من قبل سوزان تروت - من بلاك غراوس كوتيدج - التي كانت، كما قالت: ""أبحث عن القنافذ عندما لاحظتُ برعب أن باب صندوق البريد قد سقط وكان ملقىً على الأرض."""|Burley Cross Postbox Theft|Nicola Barker|true|en|true
21:13|2113-000|التاسعة وثلاث عشرة دقيقة| أصبح قصر أوبرهامر الآن متداعيًا: نوافذه مغطاة بألواح خشبية، وجدرانه ملفوفة بسلاسل لمنعها من الانفجار تحت وطأة هذا البناء الضخم. لطالما أشارت ساعة البرج إلى التاسعة وثلاث عشرة دقيقة، وهو وقت الفئران والخفافيش والمجانين، لكل غول وشيطان تخيله عامة سكان ديبجيت.|Scar Night|Alan Campbell|true|en|true
21:14|2114-000|الساعة التاسعة وأربع عشرة دقيقة|كان يدرك بشكل مبهم أنه يحاول وضع الخاتم في إصبع ميلي؛ لم يكن مناسبًا لها كما كان في متجر المجوهرات. كان عزرا يبتسم - كاشفًا عن قطع العاج كأنها سياج مطلي بالمينا - كانت الساعة التاسعة وأربع عشرة دقيقة - قالت كارول إنها تريد تأثيث غرفة المعيشة على طراز ميشن|The Fog|William Dudley Pelly|true|en|true
21:15|2115-000|التاسعة والربع|لم يفت الأوان بعد للعودة إلى ريد آبل. خذ زجاجة من أي شيء. دع كل هذه الأفكار المزعجة تتلاشى.<br>لا. كان سيقرأ كتابه. كان لوكاس دافنبورت مكلفًا بالقضية، وكان سيقرأ كتابه.<br>أغلقه في التاسعة والربع ودخل إلى سرير آخر في النزل. لن أنام، فكر. ليس مع هدير الرياح هذا.<br>لكنه نام.|Doctor Sleep|Stephen King|true|en|true
21:15|2115-001|التاسعة والربع|كانت الساعة التاسعة والربع عندما انطلقت من المنزل وشققت طريقي عبر الحديقة، ومن ثم عبر شارع أكسفورد إلى شارع بيكر.|The Adventures of Sherlock Holmes|Sir Arthur Conan Doyle|true|en|true
21:15|2115-002|9.15|9.15. هل دفع لك روبرتس بعد؟|Ulysses|James Joyce|true|en|true
21:15|2115-003|التاسعة وخمس عشرة دقيقة|ماذا سنفعل؟ هل نحاول المشي إلى شارع كلافام هاي ستريت؟ لكنه بعيد جدًا. ألقي نظرة على ساعتي وأُصدم عندما أرى أنها التاسعة وخمس عشرة دقيقة. لقد أمضينا أكثر من ساعة نتسكع ولم نشرب شيئًا. وكل هذا خطأي. لا أستطيع حتى تنظيم أمسية بسيطة دون أن تسوء الأمور بشكل كارثي.|Can You Keep a Secret?|Sophie Kinsella|false|en|true
21:16|2116-000|٩:١٦ مساءً| نظر ليونارد إلى ساعته - ٩:١٦ مساءً. ذهب إلى حاسوبه، وسجل الدخول إلى حسابه على AOL. على الرغم من أنه قد طُلب منه عدم إرسال بريد إلكتروني، إلا أنه كتب رسالة إلى جون. <em>هل ستتصل بي؟</em> ثم سجل الخروج.|Reprieve|James Han Mattson|true|en|true
21:17|2117-000|٢١:١٧|٢١:١٧، مساء الأحد، أنغبي بلان. شوهد رجل خارج صالون الحلاقة. ضغط وجهه ويديه على الزجاج، وبدا عليه السكر الشديد.|Let the Right One In|John Ajvide Lindqvist|true|en|true
21:18|2118-000|الساعة التاسعة وثماني عشرة دقيقة| وينطبق الأمر نفسه لو كان هناك شخص ما في شقتها. في هذه الحالة، سيقول ببساطة إنه كان يمرّ من هناك، وتعرّف على منزلها الجميل، فقرر زيارتها. كانت الساعة التاسعة وثماني عشرة دقيقة عندما انعطف السيد مارتن إلى شارع الثاني عشر.|The Catbird Seat|James Thurber|true|en|true
21:19|2119-000|الساعة التاسعة وتسع عشرة دقيقة|استغرقت الحركة الأولى من كونشيرتو الكمان الملعون لمندلسون حوالي اثنتي عشرة دقيقة ونصف. بدأ اليهودي عزفها في الساعة التاسعة وتسع عشرة دقيقة.|Money, Money, Money|Ed McBain|true|en|true
21:20|2120-000|الساعة ٩:٢٠|"في تمام الساعة ٩:٢٠، أطفأ الجهاز، وجلس لبضع دقائق بلا حراك والصينية لا تزال على حجره. فكّر أنه لا بدّ أن يبدو كإحدى تلك اللوحات الحديثة، ""رجل مع صينية""، شخصية جامدة ثابتة في مكان عاديّ، جعلته غير عاديّ، بل ومريبًا."|Devices and Desires|P.D. James|true|en|true
21:20|2120-001|التاسعة والعشرون|كان غرانت يعلم أن الحيوانات غالبًا ما تؤدي طقوس التزاوج هذه لساعات متواصلة. كانوا يمتنعون عن الطعام، ولا يكترثون لأي شيء آخر... نظر إلى ساعته. التاسعة والعشرون.|Jurassic Park|Michael Crichton|true|en|true
21:20|2120-002|التاسعة وعشرين دقيقة| تناول الجميع عشاءً شهيًا. كانوا راضين عن أنفسهم وعن حياتهم. أشارت عقارب الساعة إلى التاسعة وعشرين دقيقة. ساد صمتٌ - صمتٌ مريحٌ وعميق.|And Then There Were None|Agatha Christie|true|en|true
21:20|2120-003|٩:٢٠ مساءً|٩:٢٠ مساءً. تناول عصيرًا ووجبة خفيفة|The Curious Incident of the Dog in the Night-Time|Mark Haddon|true|en|true
21:20|2120-004|الساعة التاسعة وعشرين دقيقة|في تمام الساعة التاسعة وعشرين دقيقة، كان دوق دنستابل، الذي تناول عشاءه على صينية في غرفته، لا يزال هناك، ينتظر قهوته ومشروبه الكحولي.|Uncle Fred in the Springtime|P.G. Wodehouse|true|en|true
21:21|2121-000|الساعة التاسعة وإحدى وعشرين دقيقة| استطاع هؤلاء الشهود أن يتذكروا بدقة مذهلة كل تفاصيل ما حدث بين الساعة الثامنة وسبع عشرة دقيقة والساعة التاسعة وإحدى وعشرين دقيقة ليلة الثالث والعشرين من سبتمبر، أي قبل أكثر من عام؛ لكنهم لم يستطيعوا تذكر أين كانوا وماذا فعلوا قبل ذلك بعشر دقائق أو بعده بعشر دقائق، أو أين كانوا في الساعة التاسعة من مساء يوم الجمعة الماضي.|The Mucker|Edgar Rice Burroughs|true|en|true
21:22|2122-000|٢١:٢٢ ساعة|بعد خمس عشرة دقيقة (٢١:٢٢ ساعة)، وصلت الآنسة سكواير إلى سكيپتون حيث حجزت غرفة في نُزُل محلي. يقع هذا النُزُل مُباشرةً مُقابل صالون حلاقة ميري كالاغان.|Burley Cross Postbox Theft|Nicola Barker|true|en|true
21:22|2122-001|٩:٢٢|بعد يومين، في الثاني من فبراير/شباط الساعة ٩:٢٢ بتوقيت القدس، شنّت الدومينيون هجومًا متزامنًا وواسع النطاق على اثنين وعشرين عالمًا من عوالم بانرمير والأرض.|The Infinite Day|Chris Walley|true|en|true
21:23|2123-000|٩:٢٣ مساءً|استقبلني والدي في المحطة، قفز الكلب لاستقبالي، لكنه أخطأ، وكاد يسقط أمام قطار برمنغهام السريع الساعة ٩:٢٣ مساءً.|The Secret Diary of Adrian Mole Aged 13 3/4|Sue Townsend|true|en|true
21:24|2124-000|٩:٢٤ مساءً|متى تُعلن نهاية الزواج؟<br>سؤال صعب على الآخرين ربما، لكن لحسن حظي، فقد تم تحديد وقت انتهاء زواجي.<br>٩:٢٤ مساءً|Bath Haus|P.J. Vernon|true|en|true
21:25|2125-000|الساعة التاسعة وخمسة وعشرين دقيقة|رن الهاتف على مكتبه، فانتفض. كانت الساعة التاسعة وخمسة وعشرين دقيقة. لم يدرك أنه كان جالسًا كما لو كان في حالة ذهول.|The Lighthouse|P.D. James|true|en|true
21:25|2125-001|٩:٢٥ مساءً|"٩:٢٥ مساءً. يا إلهي! فجأةً ظهرت القائمة الرئيسية على التلفاز مكتوبًا عليها ""اضغط ٦"". يا إلهي! أدركت أنني كنت أستخدم جهاز التحكم عن بُعد للتلفاز عن طريق الخطأ. والآن بدأت الأخبار."|Bridget Jones’s Diary|Helen Fielding|true|en|true
21:25|2125-002|الساعة التاسعة وخمس وعشرون دقيقة|هذه هي الطاولة التي سيعمل عليها توم تير إذا أصبح مهندسًا معماريًا. في تلك اللحظة، كانت الطاولة أفقية وعليها ساعة، ومصباح كهربائي معطل، وشمعة مشتعلة، وراديو بخزانة بلاستيكية بداخلها ساعة أخرى. كانت كلتا الساعتين تشيران إلى الساعة التاسعة وخمس وعشرون دقيقة.|Cain’s Book|Alexander Trocchi|true|en|true
21:26|2126-000|الساعة التاسعة وست وعشرون دقيقة|كانت الساعة التاسعة وست وعشرون دقيقة. وكما توقع، وكما كان يحدث كل ليلة منذ أن قام كاري بتركيب السلك الخاص في منزله في شارع ماديسون، قام عامل الهاتف في الطرف الشمالي من الخط بفصله.|The Wire Tappers|Arthur Stringer|true|en|true
21:26|2126-001|الساعة 21:26|"بدأ حديثه قائلاً: ""عبر الإرهابيون الحدود في تمام الساعة 21:26 من الليلة الماضية. وقُدِّمت أربعة جوازات سفر لموظف الهجرة لختمها. ثلاثة منها من أصل سويدي، وواحد من العراق."""|Honor Among Thieves|Jeffrey Archer|true|en|true
21:27|2127-000|٩:٢٧|" قالت له: ""لا بد أنك لم تتسوق في باريس منذ مدة. هذا يكفي لشراء بنطال جينز وقميصين."" قدّم كراتز على مضض خمسة آلاف فرنك أخرى.<br>في الساعة ٩:٢٧ رنّ الهاتف."|Honor Among Thieves|Jeffrey Archer|true|en|true
21:27|2127-001|الساعة التاسعة وسبع وعشرين دقيقة مساءً|جاء الاتصال في تمام الساعة التاسعة وسبع وعشرين دقيقة مساءً، بعد أن غطى الظلام معظم السماء. كان لا يزال هناك شريط ضيق من اللون الأزرق الباهت على طول الأفق الغربي، أشبه بذكرى ضوء، لكنه سيختفي قريبًا.|Purgatory Ridge|William Kent Krueger|true|en|true
21:28|2128-000|٩:٢٨|من تلك اللحظة فصاعدًا - الساعة ٩:٢٨ مساءً، ١٨ يونيو ١٩٤١- تغير كل شيء.|Everything is Illuminated|Jonathan Safran Foer|true|en|true
21:28|2128-001|٩:٢٨|تم إجراء المكالمة في الساعة ٩:٢٨. كان هذا دليلاً إضافياً، ودليلاً هاماً. لقد أثبت ما كانوا يشتبهون به منذ البداية: أن القاتل كان في سانت أنسيلم.|Death in Holy Orders|P.D. James|true|en|true
21:29|2129-000|٩:٢٩|كانت الساعة ٩:٢٩، ودخل رافائيل غرفة الملابس الكنسية أخيرًا، فلم يجد سوى الأب سيباستيان وهو يخلع عباءته قبل أن يرتدي رداءه للقداس.|Death in Holy Orders|P.D. James|true|en|true
21:30|2130-000|التاسعة والنصف|لدينا ثلاث سنوات من الماضي لنناقشها. فلنكتفِ بذلك حتى التاسعة والنصف، حين نبدأ مغامرة البيت الخالي الشهيرة.|The Empty House|Sir Arthur Conan Doyle|true|en|true
21:30|2130-001|التاسعة والنصف|فتح غرانت عينيه. كان ضوء أزرق ساطع يتدفق إلى المبنى من خلال قضبان البوابة. ضوء كوارتز: لقد عادت الكهرباء! نظر إلى ساعته بنعاس. كانت التاسعة والنصف فقط. لقد كان نائمًا لبضع دقائق فقط.|Jurassic Park|Michael Crichton|true|en|true
21:30|2130-002|التاسعة والنصف مساءً|"يأتي الرجال في التاسعة والنصف مساءً. كان من المفترض أن تذهب روكسي إلى أبناء عمومتها تلك الليلة؛ فقد تم الترتيب لذلك منذ أسابيع، لكنها عاتبت والدتها على عدم حصولها على الجوارب المناسبة من بريمارك، فقالت لها والدتها: ""لن تذهبي، ستبقين في المنزل."""|The Power|Naomi Alderman|true|en|true
21:30|2130-003|التاسعة والنصف|ثم قبيل التاسعة والنصف بقليل، بدأ يسمح لهم بالفوز، يسمح لهم باستعادة كل شيء بسرعة لدرجة أنهم بالكاد يتذكرون الخسارة. يدفع ثمن آخر سيجارتين ويضع أوراق اللعب ويتكئ للخلف متنهدًا ويدفع الغطاء عن عينيه، وتنتهي اللعبة.|One Flew Over the Cuckoo’s Nest|Ken Kesey|true|en|true
21:30|2130-004|التاسعة والنصف|"في التاسعة والنصف، كان يجلس على حافة سريره ينظر إلى ساعته. وضعها على أذنه. ثم انفرجت شفتاه عن أسنانه في تلك الابتسامة الغريبة الشبيهة بابتسامة الذئب، وهي سمة مميزة لهذا الرجل. قال بصوت خافت للغاية:<br>""أعتقد أن الوقت قد حان لفعل شيء حيال هذا."""|And Then There Were None|Agatha Christie|true|en|true
21:30|2130-005|٩:٣٠ مساءً|٩:٣٠ مساءً اذهب إلى النوم|The Curious Incident of the Dog in the Night-Time|Mark Haddon|true|en|true
21:30|2130-006|التاسعة والنصف|ثمانية وأربعون عامًا، غارق في نوم عميق في التاسعة والنصف من ليلة الجمعة - هذه هي الحياة المهنية الحديثة.|Saturday|Ian McEwan|true|en|true
21:30|2130-007|٩:٣٠ مساءً|الساعة الآن ٩:٣٠ مساءً. عليّ التوجه إلى شمال المدينة لموعدي مع بافيل. بافيل هو طبيبي النفسي. يستقبل المرضى ليلاً. إنه يهودي تشيكي، ناجٍ من معسكرَي تيريزين وأوسفيتز. أراه مرة في الأسبوع.|Maus|Art Spiegelman|true|en|true
21:30|2130-008|التاسعة والنصف|انطفأ ضوء مطبخ السيد غرين في تمام الساعة التاسعة والنصف، تبعه ضوء غرفة نومه في تمام الساعة العاشرة كالمعتاد. كان منزله أول منزل في الشارع ينطفئ.|A Crime in the Neighborhood|Suzanne Berne|true|en|true
21:31|2131-000|٩:٣١|رن هاتفه في تمام الساعة ٩:٣١. أمسك بات به، وشعر بالارتياح لسماع صوت السيد ليفي على الطرف الآخر من الخط.|You’ll Never Live to Regret It|Jeffrey Archer|true|en|true
21:31|2131-001|٩:٣١|"أخذتُ بعض العصير من الثلاجة وجلستُ على طاولة المطبخ. كانت على الطاولة رسالة من صديقتي: ""خرجتُ لتناول الطعام. سأعود بحلول الساعة ٩:٣٠"". كانت الساعة الرقمية على الطاولة تشير إلى ٩:٣٠. شاهدتُها وهي تنتقل إلى ٩:٣١، ثم إلى ٩:٣٢."|A Wild Sheep Chase|Haruki Murakami|true|en|true
21:32|2132-000|٩:٣٢|"أخذتُ بعض العصير من الثلاجة وجلستُ على طاولة المطبخ. كانت على الطاولة رسالة من صديقتي: ""خرجتُ لتناول الطعام. سأعود بحلول الساعة ٩:٣٠"". كانت الساعة الرقمية على الطاولة تشير إلى ٩:٣٠. شاهدتُها وهي تنتقل إلى ٩:٣١، ثم إلى ٩:٣٢."|A Wild Sheep Chase|Haruki Murakami|true|en|true
21:32|2132-001|٩:٣٢|كان من المقرر أن تغادر حافلة جيرالدين عائدةً إلى المصحة في بلدة بنسالم في تمام الساعة ٩:٣٢. وبسبب كبريائها، ورغم أن الرحلة استغرقت أكثر من نصف ساعة، رفضت البقاء حتى الصباح.|Sold on a Monday|Kristina McMorris|true|en|true
21:33|2133-000|العاشرة إلا سبع وعشرين دقيقة|لا بد أن الساعة كانت حوالي العاشرة إلا سبع وعشرين دقيقة عندما وصلت إلى المنزل الصيفي. كان رالف ينتظرني.|The Murder of Roger Ackroyd|Agatha Christie|true|en|true
21:34|2134-000|٩:٣٤ مساءً|"شكرًا؛ انتظرني الساعة ٩:٣٤ مساءً يوم ٢٦؛ والذي أسفر، بعد ثلاث ساعات، عن رد: ""سعيد؛ يرجى إحضار موقد ريبينجيل رقم ٣"" - توجيه محير ومثير للريبة، والذي أصابني بالرعب بطريقة ما على الرغم من موضوعه."|The Riddle of the Sands|Erskine Childers|true|en|true
21:35|2135-000|التاسعة وخمسة وثلاثون دقيقة|ركض الكولونيل نحوها، وقفز داخلها، وانطلق بسرعة أسفل منحدر فندق رويال جاردن قبل أن ينعطف يسارًا إلى حدائق قصر كنسينغتون. نظر آدم إلى ساعته: التاسعة وخمسة وثلاثون دقيقة.|A Matter of Honor|Jeffrey Archer|true|en|true
21:35|2135-001|العاشرة إلا خمس وعشرون دقيقة| نظرت تيس إلى ساعتها ودهشت عندما رأت أنها تشير إلى العاشرة إلا خمس وعشرون دقيقة. بدا أنها أطعمت فريتزي حصصًا مضاعفة وغادرت المنزل قبل أربع سنوات. ربما خمس، ظنت أنها سمعت صوت محرك يقترب، ثم قررت أنها لم تسمعه.|Full Dark, No Stars|Stephen King|true|en|true
21:35|2135-002|٩:٣٥ مساءً|"دوّن الرقيب ذلك على ورقة. ""هذا يتطابق مع روايته: ٩:٣٥ مساءً، يغادر باد؛ تصل سيدة الشمال."""|A Blunt Instrument|Georgette Heyer|true|en|true
21:36|2136-000|٩:٣٦|كانت الساعة ٩:٣٦، وعادت حركة المرور إلى طبيعتها. توجه نحو الضابط المسؤول عن تنسيق التصوير لصالح مكتب السينما والتلفزيون بالمدينة.|Honor Among Thieves|Jeffrey Archer|true|en|true
21:36|2136-001|٩:٣٦|كانت حقيبتي جاهزة، وقد جمعتُ باقي اللوازم، مثل مقياس الارتفاع وألواح الجرانولا وسكين الجيش السويسري الذي عثرتُ عليه في سنترال بارك، لذا لم يكن هناك ما أفعله. غطتني أمي في الساعة ٩:٣٦.|Extremely Loud and Incredibly Close|Jonathan Safran Foer|true|en|true
21:37|2137-000|٢١:٣٧|"متى حدث هذا الليلة الماضية؟<br>""تلقينا مكالمة الطوارئ الساعة ٢١:٣٧""، أجاب وهو يراجع ملاحظاته.<br>""ما الذي جعلها تنظر إلى الداخل؟ إنها شرفة، هل كانت تمر من النافذة؟"""|A Deviant Breed|Stephen Coill|true|en|true
21:38|2138-000|الساعة التاسعة وثمانية وثلاثين|في تمام الساعة التاسعة وثمانية وثلاثين، عاد النادل وعرض علينا طبقًا ثانيًا من الجبن والسلامي والسردين، وبدا السيد يوشوجي، الذي كان يحوّل الجنيه الإسترليني إلى ين، في حيرة شديدة وقال إنه لم يكن لديه أدنى فكرة أن هندوراس البريطانية لديها تجارة تصديرية بهذا الحجم.|Pig and Pepper|David Footman|true|en|true
21:39|2139-000|العاشرة إلا إحدى وعشرين دقيقة| نظر فليتش إلى ساعته. كانت الساعة تشير إلى العاشرة إلا إحدى وعشرين دقيقة. قام غريزيًا بحساب سرعة الشرطة.|Confess, Fletch|Gregory Mcdonald|true|en|true
21:40|2140-000|الساعة 9:40|كانت الضحية الرابعة للويسلر أصغر ضحاياه، فاليري ميتشل، البالغة من العمر خمسة عشر عامًا وثمانية أشهر وأربعة أيام، وقد توفيت لأنها فاتتها حافلة الساعة 9:40 من إيستهافن إلى كوبز مارش.|Devices and Desires|P.D. James|true|en|true
21:41|2141-000|٢١:٤١|"سأل وارن: ""أعد ما قلته يا رقيب""، على الرغم من أنه كان متأكدًا تمامًا من أنه سمعها بشكل صحيح في المرة الأولى.<br>""مرت شاحنة توصيل بريد تابعة للبريد الملكي أمام كاميرا مرور في الساعة ٢١:٤١، على بعد حوالي ثلاثة أرباع ميل جنوب غرب المركز الرياضي."""|No Smoke Without Fire|Paul Gitsham|true|en|true
21:42|2142-000|٩:٤٢ مساءً|نظر لانغدون إلى ساعته التي عليها صورة ميكي ماوس. ٩:٤٢ مساءً|The Lost Symbol|Dan Brown|true|en|true
21:43|2143-000|٩:٤٣ مساءً|"٩:٤٣ مساءً<br>قال دوري بيريتز: ""سنعمل معًا يا فتى. نحن فريق واحد."" ثم أزاح شعره الرمادي المائل للبياض إلى الخلف، وانتقل إلى جانب جورج ليفارج."|Project Cyclops|Thomas Hoover|true|en|true
21:44|2144-000|الساعة العاشرة إلا ست عشرة دقيقة|سقطت الجزيرة في تمام الساعة العاشرة إلا ست عشرة دقيقة من ليلة يناير عام 1671، وسط صياح وصراخ وإطلاق طلقات فارغة من البنادق والبنادق القديمة، مع حد أدنى من النهب والتخريب.|Stone Flute|Charles Stough|false|en|true
21:45|2145-000|الساعة العاشرة إلا ربع|ستعود هاتي قريبًا بالتأكيد. لن تغادر الغرفة لفترة طويلة بينما تشغلها شار.<br>انتهى رقصي عندما دقت الساعة العاشرة إلا ربع.|Ella Enchanted|Gail Carson Levine|true|en|true
21:45|2145-001|٩:٤٥ مساءً|لكن لسببٍ غامضٍ لا يُفهم - الولادة، الموت، نهاية الكون وكل ما هو متاح للإنسان - أُغلق مطعم كودي مينوف في الساعة ٩:٤٥ مساءً يوم الخميس...|Riven Rock|T.C. Boyle|true|en|true
21:46|2146-000|9:46 مساءً|"9:46 مساءً<br>قال ليفارج لدوري بيريتز، على أمل أن يتمكن من المماطلة: ""لكنني ما زلت أنهي تحليل المسار الافتراضي الذي كان من المفترض أن أقوم به. أنا فقط في النصف—"""|Project Cyclops|Thomas Hoover|true|en|true
21:47|2147-000|9:47|"أكد قائلاً: ""لقد ماتت. لا بد أن موتها كان مفاجئًا للغاية وبأقل قدر من الألم."" نظر إلى ساعته؛ كانت الساعة 9:47. غطى مريضته ببطانية واتصل بالإسعاف."|Old Love|Jeffrey Archer|true|en|true
21:47|2147-001|تسعة وسبعة وأربعون|"صحيح... تسعة وسبعة وأربعون وتسعة وثمانية وأربعون. لقد ماتا في نفس الوقت.<br>""هذا ليس نفس الوقت يا هاري.""<br>لوّحت بيدي، نافد الصبر."|Blood Rites|Jim Butcher|true|en|true
21:47|2147-002|العاشرة إلا ثلاث عشرة دقيقة|بالنسبة لهنتر، الذي تدرب على تدوين الأوقات بدقة، بدأت حالة الطوارئ الأخيرة في العاشرة إلا ثلاث عشرة دقيقة.|Elegy for a Revolutionary|C.J. Driver|true|en|true
21:48|2148-000|تسعة وثمانية وأربعون|"صحيح... تسعة وسبعة وأربعون وتسعة وثمانية وأربعون. لقد ماتا في نفس الوقت.<br>""هذا ليس نفس الوقت يا هاري.""<br>لوّحت بيدي، نافد الصبر."|Blood Rites|Jim Butcher|true|en|true
21:48|2148-001|الساعة التاسعة وثمانية وأربعين دقيقة|هذه هي الجثة التي رأيتها لأول مرة في تمام الساعة التاسعة وثمانية وأربعين دقيقة من يوم الجمعة الموافق الخامس عشر من أكتوبر في منزل إينوسنت، إينوسنت ووك، وابينغ.|Original Sin|P.D. James|true|en|true
21:49|2149-000|العاشرة إلا إحدى عشرة دقيقة|"انظر إلى وقت ربط TIMETRV.<br>قرأتُ القائمة. ""الخامس عشر من مايو، في تمام الساعة العاشرة إلا إحدى عشرة دقيقة. حسنًا؟""<br>""والآن انظر إلى وقت إنشاء ملف الكائن."" لمعت عينا جيب."|Hacker|Malorie Blackman|true|en|true
21:50|2150-000|٩:٥٠ مساءً|فتح باب مقصورته، وما إن دخل حتى انهار على السرير، فقد أنجز مهمته. نظر إلى ساعته: ٩:٥٠ مساءً. سيكون انتظارًا طويلًا.|Be Careful What You Wish For|Jeffrey Archer|true|en|true
21:50|2150-001|التاسعة وخمسين|لا، كانت ساعته تشير إلى التاسعة وخمسين. سيعبرون الأرض الجرداء. فتح الباب وخرج إلى الظلام. لم تكن هناك نجوم، وقاعدة السحب المنخفضة حجبت حتى القمر.|The Lighthouse|P.D. James|true|en|true
21:50|2150-002|العاشرة إلا عشر دقائق|تصل إلى راديانس في تمام الساعة العاشرة إلا عشر دقائق، مبكراً هذه المرة، وتدخل بمفتاحها، وترتدي المئزر الموف والأزرق الفاتح الذي صممته شانيتا لهما حتى يعرف الزبائن أنهما ليسا زبائن.|The Robber Bride|Margaret Atwood|true|en|true
21:50|2150-003|الساعة التاسعة وخمسين دقيقة|في تمام الساعة التاسعة وخمسين دقيقة، يغادر المقيمون وتعود الآلات إلى العمل بسلاسة. تراقب الممرضة غرفة المعيشة من داخل صندوقها الزجاجي؛ يستعيد المشهد أمامها ذلك الوضوح الأزرق الفولاذي، وتلك الحركة النظيفة والمنظمة التي تُشبه مشاهد الكوميديا الكرتونية.|One Flew Over the Cuckoo’s Nest|Ken Kesey|true|en|true
21:50|2150-004|العاشرة إلا عشر دقائق|"قال فيليب لومبارد:<br>""كم الساعة الآن؟""<br>""العاشرة إلا عشر دقائق يا سيدي.""<br>ارتفع حاجبا لومبارد. أومأ برأسه ببطء."|And Then There Were None|Agatha Christie|true|en|true
21:50|2150-005|العاشرة إلا عشر دقائق|خرجتُ مغشياً عليّ على الطريق، ورأيتُ من خلال ميناء الساعة المضاء أنها العاشرة إلا عشر دقائق. أمامي كان مبنى كبير يحمل الاسم السحري.|Dubliners|James Joyce|true|en|true
21:51|2151-000|٩:٥١|توقفوا أمام الكتل الخرسانية الضخمة التي بُنيت لإيواء إعلان الاستقلال، تمامًا كما يفعل الكاهن أمام المذبح. نظر سكوت إلى ساعته. كانت الساعة ٩:٥١.|Honor Among Thieves|Jeffrey Archer|true|en|true
21:51|2151-001|٩:٥١ مساءً|٩:٥١ مساءً<br>… مرحباً يا سوهو. بلو بيرد بحاجة إلى خدمة. هل يمكنك تشغيل المحركات؟|Project Cyclops|Thomas Hoover|true|en|true
21:52|2152-000|٩:٥٢ مساءً|"٩:٥٢ مساءً<br>قالت وهي تستدير: ""جورج عبقري، لكن هذا قد لا يكون ممكنًا في الواقع. لم يفعله أحد من قبل."""|Project Cyclops|Thomas Hoover|true|en|true
21:53|2153-000|العاشرة إلا سبع دقائق|لم يكن الناس يتحدثون معها بهذه الطريقة. كان والدها محامياً. كانت الساعة العاشرة إلا سبع دقائق.|Carrie|Stephen King|true|en|true
21:54|2154-000|٩:٥٤|سار داني عائدًا مسرعًا مارًا بالفندق، متفقدًا كل تقاطع حتى رأى أخيرًا اسم شارع أرجيل محفورًا بأحرف كبيرة على لوح حجري فوقه. نظر إلى ساعته وهو يدخل الشارع: ٩:٥٤.|A Prisoner of Birth|Jeffrey Archer|true|en|true
21:55|2155-000|العاشرة إلا خمس دقائق|كانت المصابيح لا تزال مضاءة في الممر المؤدي إلى المتحف، وعندما انعطفت عند الزاوية الأخيرة، رأت أن كل نافذة تتوهج كما لو أن المكان يستعد لاحتفال. نظرت إلى ساعتها؛ العاشرة إلا خمس دقائق. لا بد أن المجموعة الزائرة قد وصلت بالفعل.|The Murder Room|P.D. James|true|en|true
21:55|2155-001|العاشرة إلا خمس دقائق| في حوالي العاشرة إلا خمس دقائق، وضعت مارثا قدرًا من الحليب ليسخن ببطء على جانب الموقد. كان هذا ما تفعله معظم الليالي في مارتينجال حتى تتمكن من الذهاب إلى الفراش مبكرًا.|Cover Her Face|P.D. James|true|en|true
21:56|2156-000|العاشرة إلا أربع دقائق|مدّ يده إلى ساعته ولاحظ أن حقيبة بيلي الصغير قد فتحت معطفه. أشعل عود ثقاب واكتشف أنها العاشرة إلا أربع دقائق - أربع دقائق للوصول إلى الزاوية التالية. كان بإمكانه الوصول في دقيقتين، لكن حان وقت تحركه.|Fire Mountain|Norman Springer|true|en|true
21:57|2157-000|٩:٥٧ مساءً| كان العنصران الوحيدان اللذان لفت انتباه كورك في القائمة بأكملها هما مكالمتان هاتفيتان من منزل ويلفريد ليبينسكي، عمدة أورورا، إحداهما في الساعة ٩:٥٧ مساءً والأخرى في الساعة ١٠:٤١ مساءً. لو كان لدى ليبينسكي أبناء مراهقون على علم بالحفلة في فالهالا، لما كانت المكالمات غريبة، لكن جميع أبناء ليبينسكي كبروا ورحلوا منذ زمن طويل، ولذلك تساءل كورك.|Blood Hollow|William Kent Krueger|true|en|true
21:57|2157-001|٢١:٥٧|قبل الأخيرة، تومض الساعة الداخلية من ٢١:٥٧ إلى ٢١:٥٨. تغوص عينا نابيير، ويتسلل ضوء الشمس الوليد عبر أشجار البلوط العتيقة وعلى نهرٍ ضائع. انظر يا جو، طيور البلشون|Cloud Atlas|David Mitchell|true|en|true
21:57|2157-002|العاشرة إلا ثلاث دقائق|" أخرج الرجل المنتظر ساعة أنيقة، مرصعة بألماس صغير. ""العاشرة إلا ثلاث دقائق""، أعلن."|The Four Million|O. Henry|true|en|true
21:57|2157-003|العاشرة ليلاً تقريباً|وصل البعض، وتناولنا عشاءً فاخراً، وبدأ الترفيه المسائي في العاشرة ليلاً تقريباً.|Don Quijote de la Mancha|Miguel de Cervantes|true|es-ES|true
21:58|2158-000|٢١:٥٨|قبل الأخيرة، تومض الساعة الداخلية من ٢١:٥٧ إلى ٢١:٥٨. تغوص عينا نابيير، ويتسلل ضوء الشمس الوليد عبر أشجار البلوط العتيقة وعلى نهر ضائع. انظر يا جو، طيور البلشون|Cloud Atlas|David Mitchell|true|en|true
21:59|2159-000|الدقيقة التي سبقت العاشرة|في الدقيقة التي سبقت العاشرة، امتلأت السماء بأصوات مراوح المروحيات. وكما حدث في موقع الحفل، أحضرت ثلاث مروحيات الحكام، وفورتوناتو، ولم يكن هناك ممثل عن إنيغما بابل هذه المرة، وأخيراً كارباثيا.|Assassins|Tim LaHaye and Jerry B. Jenkins|true|en|true
21:59|2159-001|٩:٥٩ مساءً|٩:٥٩ مساءً<br>بينما خرج مورو من آخر بستان من أشجار السرو، مسح بنظره الجبل الشاهق في ليلة مقمرة، وتساءل أين سيختبئ ذلك الوغد. كان هناك مكان واحد واضح - في غرفة التحكم المبنية من الطوب الأسمنتي.|Project Cyclops|Thomas Hoover|false|en|true
22:00|2200-000|العاشرة|" تم تقديم ساعات شنغهاي ساعةً واحدةً حتى تتمكن المدينة من ""توفير ضوء النهار""، لكن عائلة باي قالت: ""نحن نعتمد الساعة القديمة"". كانت العاشرة بالنسبة لهم الحادية عشرة بالنسبة للجميع. كان غناؤهم متأخرًا عن الإيقاع؛ لم يتمكنوا من مواكبة آلة الهوكين [آلة وترية صينية] التي تُصدر أصواتًا كئيبة وموحشة للحياة."|Love in a Fallen City|Eileen Chang|true|en|true
22:00|2200-001|العاشرة|في تمام الساعة العاشرة من هذا اليوم، بدأت أول آلة زمن مسيرتها. نقرتُ عليها نقرة أخيرة، وأعدتُ ربط جميع البراغي، ووضعتُ قطرة زيت أخرى على قضيب الكوارتز، وجلستُ على السرج. أعتقد أن من ينتحر ويضع مسدسًا على رأسه يشعر بنفس الدهشة التي شعرتُ بها حينها حيال ما سيحدث بعد ذلك.|The Time Machine|H.G. Wells|false|en|true
22:00|2200-002|العاشرة|كان هذا معرضًا متنقلًا، ويمكننا أن نتخيل مدى ضعف تأثير نظام الصوت العام وسط صراخ المراهقين، ودويّ الأفعوانية، وهدير لعبة الفالتزر، وصياح الباعة المتجولين، وإيقاعات موسيقى الملاهي الصاخبة. بحلول الساعة العاشرة، عندما خفت الضوضاء، وتفرق معظم المحتفلين في الليل، لم يتقدم أحد للمطالبة بالفتاة الصغيرة.|Coincidents: A Novel|J.W. Ironmonger|true|en|true
22:00|2200-003|العاشرة|في الليل، ساد هدوءٌ عظيمٌ بدا وكأنه يتردد صداه. مرت سيارات قليلة على الطريق ١١٤، وبعد العاشرة تقريبًا لم تكن هناك أي سيارات على الإطلاق. بعد العاشرة، أصبح الجزء من العالم الذي جئت لأرتاح فيه ملكًا فقط للغواصات والريح في أشجار التنوب.|11/22/63|Stephen King|true|en|true
22:00|2200-004|العاشرة|في تمام الساعة العاشرة، ذهب إلى شينجوكو واشترى معالج نصوص من فوجيتسو ببطاقته الائتمانية. كان أحدث طراز، أخف وزنًا بكثير من الإصدارات السابقة.|1Q84, Book One|Haruki Murakami|true|en|true
22:00|2200-005|العاشرة|باستثناء شارعين أو ثلاثة، سنتحدث عنها لاحقًا، كان كل شيء هناك جدرانًا وعزلة. لا متجر، ولا مركبة، وبالكاد شمعة مضاءة هنا وهناك في النوافذ؛ جميع الأنوار مطفأة بحلول الساعة العاشرة.|Les Misérables|Victor Hugo|true|en|true
22:00|2200-006|العاشرة|كانت الساعة العاشرة. والآن هو ميت، وسيتم استدعاء الشرطة، وسأُشتبه في أنني متورط في الأمر. أجل، أنا متأكد من ذلك.|The Sign of Four|Sir Arthur Conan Doyle|true|en|true
22:00|2200-007|في العاشرة|في ليالي السبت، كنتُ ما زلتُ أجلس على الكرسي نفسه في ردهة السكن الجامعي. كنتُ أعلم أن مكالمة هاتفية لن تأتي، لكن لم يكن لديّ أدنى فكرة عمّا أفعله. شغّلتُ التلفاز وتظاهرتُ بمشاهدة مباراة بيسبول. وحدّقتُ في المساحة غير المحددة بيني وبين التلفاز. قسّمتُ تلك المساحة إلى قسمين، ثم إلى قسمين مرة أخرى. فعلتُ ذلك مرارًا وتكرارًا، حتى صنعتُ مساحة صغيرة جدًا تتسع في راحة يدي.<br>في العاشرة، أطفأتُ التلفاز، وعدتُ إلى غرفتي، وذهبتُ للنوم.|Blind Willow, Sleeping Woman|Haruki Murakami|true|en|true
22:00|2200-008|العاشرة|على أي حال، عندما نظر إلى ساعته مرة أخرى كانت العاشرة. في العاشرة كانت مستلقية على الأريكة ويداها على ثدييها. هكذا يعطيني إياها - على دفعات.|Tropic of Cancer|Henry Miller|false|en|true
22:00|2200-009|العاشرة مساءً|وأحيانًا، في خضم الأحداث، عندما أشعر أنني متحرر تمامًا من كل شيء، فجأة، عند انعطافي حول زاوية ما، تظهر ساحة صغيرة، وبعض الأشجار ومقعد، مكان مهجور حيث وقفنا وتجادلنا، حيث جننا بعضنا بمشاهد مريرة مليئة بالغيرة. دائمًا ما يكون مكانًا مهجورًا، مثل ساحة إستراباد، على سبيل المثال، أو تلك الشوارع الكئيبة الحزينة المتفرعة من المسجد أو على طول ذلك القبر المفتوح لشارع بريتوي الذي يكون في العاشرة مساءً صامتًا للغاية، ميتًا، لدرجة أنه يجعل المرء يفكر في جريمة قتل أو انتحار، أي شيء قد يخلق أثرًا من الدراما الإنسانية.|Tropic of Cancer|Henry Miller|true|en|true
22:00|2200-010|العاشرة ليلاً|كانت الساعة العاشرة ليلاً وقد غادر الجميع إلى منازلهم. صعدتُ الدرج المظلم لأُفرغ مكتبي. لم يكن هناك حزن أو حنين، فقط اشمئزاز من إضاعتي الكثير من الوقت في عمل غير ضروري بينما كان بإمكاني النوم والاسترخاء. لقد كنتُ ساذجةً حين اعتقدتُ أن العمل سيُضيف قيمةً لحياتي.|My Year of Rest and Relaxation|Ottessa Moshfegh|true|en|true
22:00|2200-011|العاشرة|"يوم النصر. توجهتُ إلى غرفة إرني بعد ثلاثين دقيقة من إراحة الموتى الأحياء في العاشرة. قال لي الاسكتلندي الماكر: ""هذه فرصتك الأخيرة للتراجع إن كنت لا تعتقد أنك قادر على تحمل الأمر"". <br>أجبته وأنا أكذب من بين أسناني المتآكلة: ""لم أتراجع عن أي شيء في حياتي""."|Cloud Atlas|David Mitchell|true|en|true
22:00|2200-012|العاشرة|"""هناك جريمة خطيرة قيد التخطيط. لديّ كل الأسباب للاعتقاد بأننا سنكون في الوقت المناسب لإيقافها. لكن كون اليوم سبتًا يُعقّد الأمور بعض الشيء. سأحتاج مساعدتك الليلة.""<br>""في أي وقت؟""<br>""العاشرة ستكون مبكرة بما فيه الكفاية.""<br>""سأكون في شارع بيكر في العاشرة."""|The Adventures of Sherlock Holmes|Sir Arthur Conan Doyle|true|en|true
22:00|2200-013|العاشرة|" تحرك جسدها بحركة مضطربة لركبتها، ونهضت.<br>""العاشرة""، قالت، وكأنها تنظر إلى الساعة على السقف. ""حان وقت ذهاب هذه الفتاة الطيبة إلى الفراش."""|The Great Gatsby|F. Scott Fitzgerald|true|en|true
22:00|2200-014|العاشرة|"بينما كان الجميع يأكلون، وكنتُ أتناول بعض اللقيمات، قالت دانييل: ""إذن هذه هي الخطة يا ويل. سنصل إلى مدخل سراديب الموتى حوالي الساعة العاشرة. سنواصل السير لمدة أربع ساعات، ثم نستريح لمدة ساعة. بعد ذلك، سنستغرق ساعتين إضافيتين تقريبًا للوصول إلى المكان الذي عُثر فيه على الكاميرا."""|The Catacombs|Jeremy Bates|true|en|true
22:00|2200-015|العاشرة| في تمام الساعة العاشرة، دخلت زنزانتها المزدوجة، حيث كانت المرأة التي تشاركها الزنزانة نائمة بالفعل، وسمعت صوت رنين الباب المطمئن وصوت قفل الباب. شعرت بالأمان وهي محبوسة، الآن وقد عرفت أن لديها هذا الشخص الآخر بداخلها القادر على مغامرات وحركات لم تكن تعرفها من قبل.|The Heart Goes Last|Margaret Atwood|true|en|true
22:00|2200-016|العاشرة| جلست إيفا وحيدةً على مكتبها الصغير في غرفتها، وأنهت السطر الأخير من أكثر واجبٍ تافهٍ على الإطلاق، ورغم رغبتها في البدء بمهمة المساء الحقيقية فورًا، أبقت علبة قطع التشورو الصغيرة مغلقةً تحت سريرها. ينام والداها في العاشرة مساءً في ليالي الأسبوع. لم يتبقَّ سوى ثلاث ساعات ونصف للانتظار.|Kitchens of the Great Midwest|J. Ryan Stradal|true|en|true
22:00|2200-017|العاشرة|في العاشرة من عمرهم، وجدوا أنفسهم مفلسين. تناولوا عشاءً فاخرًا بآخر أحد عشر سنتًا لديهم، وساروا وهم يغنون عبر الكازينوهات والأقواس المضاءة على الممشى الخشبي، وتوقفوا ليستمعوا بإعجاب إلى جميع حفلات الفرق الموسيقية.|This Side of Paradise|F. Scott Fitzgerald|true|en|true
22:00|2200-018|العاشرة|في هذه الأثناء، اكتسب دم قديسي المدينة مجموعة كاملة من الخصائص التي لم تكن معروفة للعلم من قبل. كان دم إحدى السيدات يسيل في تمام الساعة العاشرة من كل يوم ثلاثاء، بينما كان دم القديس جيوفاني يغلي بسخاء كلما سمع الكتاب المقدس.|The Wedding Officer|Anthony Capella|true|en|true
22:00|2200-019|الساعة ٢٢:٠٠| نظر إلى الساعة. الساعة ٢٢:٠٠. اقتربت من منتصف الليل. أسرع في ارتداء ملابسه.|The Andromeda Strain|Michael Crichton|true|en|true
22:00|2200-020|العاشرة|بحلول العاشرة، كان كويل ثملًا. كان الحشد هائلًا، متكدسًا بكثافة لدرجة أن نوتبيم لم يستطع شق طريقه في الردهة أو إلى الباب، وتبول على رقائق البطاطس المتبقية في البرميل الأزرق، مقدمًا مثالًا يُحتذى به.|The Shipping News|E. Annie Proulx|false|en|true
22:00|2200-021|العاشرة الليلة|"لم يساورني شك في أن هذه هي البقعة السوداء؛ وعندما التقطتها، وجدت مكتوبًا على الجانب الآخر، بخط واضح وجيد جدًا، هذه الرسالة القصيرة: ""أمامك حتى العاشرة الليلة."""|Treasure Island|Robert Louis Stevenson|true|en|true
22:00|2200-022|العاشرة|عدتُ إلى المكتبة منهكةً ومسترخية. بعد دقائق، رنّ الهاتف مجدداً. لم أفعل شيئاً. تركته يرن. ذهبتُ وجلستُ عند قدمي مكسيم. استمرّ الرنين. لم أتحرّك. ثمّ توقّف فجأةً، كما لو انقطع فجأةً من شدّة الغضب. دقت الساعة على رفّ المدفأة العاشرة. لفّ مكسيم ذراعيه حولي ورفعني إليه. بدأنا نتبادل القبلات بشغفٍ وحرارةٍ، كعاشقين مذنبين لم يتبادلا القبلات من قبل.|Rebecca|Daphne du Maurier|true|en|true
22:00|2200-023|العاشرة|"لم يرغب أحد في الذهاب إلى الفراش عندما أنهت السيدة مارش آخر عملٍ قامت به في تمام الساعة العاشرة، وقالت: ""هيا يا فتيات"". ذهبت بيث إلى البيانو وعزفت ترنيمة والدها المفضلة."|Little Women|Louisa May Alcott|true|en|true
22:00|2200-024|عشر مرات| تدق ساعة الجد في غرفة الدولة عشر مرات.|The Thousand Autumns of Jacob de Zoet|David Mitchell|true|en|true
22:00|2200-025|العاشرة|انطفأ ضوء مطبخ السيد غرين في تمام الساعة التاسعة والنصف، تبعه ضوء غرفة نومه في موعده المعتاد في تمام الساعة العاشرة. كان منزله أول منزل في الشارع ينطفئ.|A Crime in the Neighborhood|Suzanne Berne|true|en|true
22:00|2200-026|العاشرة|كانوا وحدهم حينها، ونظريًا أحرارًا في فعل ما يشاؤون، لكنهم استمروا في تناول العشاء الذي لم تكن لديهم شهية له. وضعت فلورنس سكينها ومدت يدها إلى يد إدوارد وضغطت عليها. من الطابق السفلي سمعوا الراديو، دقات ساعة بيغ بن في بداية نشرة الأخبار الساعة العاشرة.|On Chesil Beach|Ian McEwan|true|en|true
22:00|2200-027|العاشرة|أجّرنا غرفتنا في الطابق العلوي للسيد غودسميت، وهو رجل مطلق في الثلاثينيات من عمره، والذي بدا أنه لا يملك ما يفعله في تلك الليلة بالذات؛ لم نتمكن من التخلص منه دون أن نكون فظين؛ لقد بقي حتى العاشرة مساءً.|Anne Frank: The Diary of a Young Girl|Anne Frank|true|en|true
22:00|2200-028|العاشرة ليلاً|في العاشرة ليلاً لم يعودوا بعد، فذهبت إلى الفراش؛ وفي حوالي الواحدة صباحاً أيقظتني خطواتهم في الغرفة|Los siete locos|Roberto Arlt|true|es-AR|true
22:01|2201-000|العاشرة ودقيقة واحدة|في الساعة العاشرة ودقيقة واحدة، صافح جايلز اليد الأخيرة، وفي حاجة ماسة إلى شربة ماء، سار في الطريق لينضم إلى عمال الميناء في سفينة اللورد نيلسون.|Mightier Than the Sword|Jeffrey Archer|true|en|true
22:01|2201-001|العاشرة بدقيقة واحدة|في المدرسة القديمة التي تُستخدم الآن كقاعة للقرية، أسفل الساعة التي كانت دائمًا عند العاشرة بدقيقة واحدة، تُعلق لوحة صغيرة مغبرة لحصان.|War Horse|Michael Morpurgo|true|en|true
22:01|2201-002|حوالي الساعة العاشرة|في الليلة الأولى، بمجرد أن اصطحب العريف عمي توبي إلى الطابق العلوي، حوالي الساعة العاشرة، ألقت السيدة وادمان بنفسها على كرسيها ذي الذراعين|The Life and Opinions of Tristram Shandy, Gentleman|Laurence Sterne|true|en|true
22:02|2202-000|١٠:٠٢ مساءً|كانت الساعة الآن ١٠:٠٢ مساءً. لم يتبقَّ له سوى أقل من ساعتين.|The Lost Symbol|Dan Brown|true|en|true
22:03|2203-000|١٠:٠٣ مساءً|في تمام الساعة ١٠:٠٣ مساءً، فتح المرشدون الأبواب، وشاهدتُ اللقطات المألوفة الآن للجمهور وهو يندفع إلى الليل، وقد بدا عليه الحماس بشكل واضح.|The Dark Lake|Sarah Bailey|true|en|true
22:04|2204-000|١٠:٠٤|في يوم السبت، ١٢ نوفمبر ١٩٥٥، ضربت صاعقة برج ساعة محكمة هيل فالي، مما أدى إلى تدفق ١.٢١ جيجاوات من الطاقة إلى المبنى. وتوقف الزمن عند ١٠:٠٤ على وجه الساعة منذ ذلك اليوم.|Back to the Future: Race Through Time|Marc Sumerak|true|en|true
22:05|2205-000|١٠:٠٥ مساءً|كان المصعد A-B مصعدنا، المصعد الذي صعد به المسعفون الساعة ٩:٢٠ مساءً، المصعد الذي نقلوا فيه جون (وأنا) إلى سيارة الإسعاف الساعة ١٠:٠٥ مساءً.|The Year of Magical Thinking|Joan Didion|true|en|true
22:05|2205-001|العاشرة وخمس دقائق|"إذا لم تخبرني بكل ما أحتاج معرفته بحلول—نظر إلى ساعته على معصمه—""بحلول الساعة العاشرة وخمس دقائق من مساء الغد، فسيتم إعدامك. أنت والمجرمون الثلاثة السابقون."""|Among the Betrayed|Margaret Peterson Haddix|true|en|true
22:06|2206-000|بعد العاشرة مساءً|بالطبع، كان لديهم سبب وجيه للتدقيق في مثل هذه الليلة. ثم مرّ وقت طويل بعد العاشرة مساءً، ومع ذلك لم يكن هناك أي أثر لغابرييل وزوجته. إلى جانب ذلك، كانوا يخشون بشدة أن يظهر فريدي مالينز في حالة سكر.|The Dead|James Joyce|true|en|true
22:06|2206-001|العاشرة وست دقائق|أخبرني حالما تسمع أي شيء.<br>ارتجف كويل في المطبخ البارد. كانت الساعة تشير إلى العاشرة وست دقائق. لم يستطع سماع صوت البحر.|The Shipping News|E. Annie Proulx|true|en|true
22:06|2206-002|22:06 بتوقيت وسط أوروبا|22:06 بتوقيت وسط أوروبا<br>استقر ويليام على سريره بعد العاشرة بقليل، لكنه لم ينم. كان بعض البحارة يلعبون الورق، بينما كان آخرون يروون قصصًا غريبة عن كنوز استخرجوها من قاع المحيط.|Nothing Ventured|Jeffrey Archer|true|en|true
22:07|2207-000|10:07|"قال دون أن ينظر إليها: ""اتبعي إشارة التحويل"".<br>نظرت إلى الساعة على لوحة القيادة. كانت الساعة 10:07."|Honor Among Thieves|Jeffrey Archer|true|en|true
22:07|2207-001|١٠:٠٧ مساءً|١٠:٠٧ مساءً<br>شعرت بأحزمة النقالة ترتخي، ثم بدأت تفتح عينيها بصعوبة. ظنت، وتمنت، أنه ستون، لكنها لم تستطع الرؤية بوضوح كافٍ للتأكد تمامًا. كان عقلها وبصرها لا يزالان يفيضان بكوابيس مرعبة عن خلل في الزمن. ما معنى كل تلك الأحلام الغريبة؟|Syndrome|Thomas Hoover|true|en|true
22:08|2208-000|العاشرة وثماني دقائق| استدار رئيس المفتشين آدم دالغليش عن فحصه لملابس الفتاة المتوفاة، وقد انحشر طوله البالغ ستة أقدام وبوصتين بشكل غير مريح بين أسفل السرير وباب الخزانة. نظر إلى ساعته. كانت العاشرة وثماني دقائق.|Shroud for a Nightingale|P.D. James|true|en|true
22:08|2208-001|العاشرة وثمانية|"قلت: ساعتي تتقدم قليلاً دائماً. ""كم الساعة عندكِ الآن؟""<br>""العاشرة وثمانية.""<br>""العاشرة وثمانية عشر عند ساعتي. كما ترى."""|The Quiet American|Graham Greene|true|en|true
22:09|2209-000|العاشرة وتسع دقائق|كانت الساعة العاشرة وتسع دقائق. بدأت أسناني تصطك من شدة الإثارة.|Jonah and Co.|Dornford Yates|true|en|true
22:10|2210-000|العاشرة وعشر دقائق|كان ذلك في الماضي، والآن فارقت الحياة على أريكة ضيقة في نُزُل باريسي، وزوجتي جاثمة على الأرض تبكي بحرقة. بدأ الضوء الأبيض أمام عيني اليسرى يخفت، لكنني تذكرت الغرفة جيدًا. على اليسار خزانة أدراج، وعلى اليمين رف مدفأة تعلوه ساعة تالفة بلا بندول، تشير عقاربها إلى العاشرة وعشر دقائق. كانت النافذة تُطل على شارع دوفين، وهو شارع طويل ومظلم. بدت باريس بأكملها وكأنها تمر من تحتي، وكان الضجيج عاليًا لدرجة أن النافذة اهتزت.|The Death of Olivier Becaille|Emile Zola|true|en|true
22:10|2210-001|بعد عشر دقائق|في حوالي الساعة العاشرة، بدأت أولى رقاقات الثلج الصغيرة تتساقط ببطء وتستقر على ذراع جيل. وبعد عشر دقائق، أصبحت تتساقط بغزارة. وفي غضون عشرين دقيقة، أصبحت الأرض بيضاء بشكل ملحوظ.|The Silver Chair|C.S. Lewis|true|en|true
22:11|2211-000|١٠:١١ مساءً|لكن جميع حواسه كانت متيقظة عندما سمع طرقًا على باب الفندق. نظر إلى الساعة: ١٠:١١ مساءً.|The Root of All Evil?|Ray Keating|true|en|true
22:11|2211-001|العاشرة وإحدى عشرة دقيقة|لذلك، كان الرقيب تريفونوف في موقعه طوال اليوم أو طوال الأسبوع، ثم غادر في تمام الساعة العاشرة وإحدى عشرة دقيقة مساءً.|The Enemy|Lee Child|true|en|true
22:12|2212-000|الساعة العاشرة واثنتي عشرة دقيقة|"رن الهاتف في تمام الساعة العاشرة واثنتي عشرة دقيقة. أمسك بالسماعة، وتعرف على الفور على صوت رئيس الحزب المحلي. ""مساء الخير يا بيتر."""|Mightier Than the Sword|Jeffrey Archer|true|en|true
22:12|2212-001|١٠:١٢|لم يستطع تينغو النوم بعد، فجلس على الأرض يستمع إلى تسجيل ديوك إلينغتون بصوت منخفض، عندما رنّ الهاتف مرة أخرى. كانت عقارب ساعة الحائط تشير إلى ١٠:١٢.|1Q84|Haruki Murakami|true|en|true
22:12|2212-002|حوالي الساعة 22:12:30–40| هرعت النساء الصينيات بسرعة مذهلة، بالنظر إلى حجمهن وحجم الحقائب. كان ذلك حوالي الساعة 22:12:30–40، في منتصف فترة حل المشكلات السابقة.|Infinite Jest|David Foster Wallace|true|en|true
22:13|2213-000|العاشرة: ١٣|"أعلن كلانسي: العاشرة: ١٣. ""بعد دقيقتين—""<br>""وقت الانطلاق،"" قلت."|The Anthem Sprinters|Ray Bradbury|true|en|true
22:14|2214-000|لنقل الساعة 22:14:10| بدت حقائب التسوق ثقيلة ومهيبة، ما جعل النساء الصينيات يملن قليلاً نحو بعضهن البعض. لنقل الساعة 22:14:10.|Infinite Jest|David Foster Wallace|true|en|true
22:15|2215-000|العاشرة والربع|"كلفني دومينو الثاني بالوقوف حارسًا في غرفة السيد ميك، أراقب من خلال شق الباب. نظرًا لحالته الصحية المتدهورة، لم يكن تميمة غرفة الغلايات المخلص على علم بالهروب الكبير، لكن غرفته كانت مقابل غرفتي، وكان يفهم كلمة ""شش!"". في تمام الساعة العاشرة والربع، ذهب إرني إلى الاستقبال ليُعلن وفاتي للممرضة نوكس."|Cloud Atlas|David Mitchell|true|en|true
22:15|2215-001|١٠:١٥|آه. الساعة ١٠:١٥. نشرة الأخبار بعد ١٥ دقيقة.|Bridget Jones’s Diary|Helen Fielding|true|en|true
22:16|2216-000|الساعة ٢٢:١٦|مع ذلك، عندما تركت لي رسالة، في تمام الساعة ٢٢:١٦ وفقًا لشركة تيلينور - أي بمجرد دخولك المنزل - كنتَ متحمسًا للغاية لأنك كنتَ على الطريق الصحيح.|The Redbreast|Jo Nesbø|true|en|true
22:17|2217-000|العاشرة وسبع عشرة دقيقة|دخل الطبيب غرفة الانتظار في تمام الساعة العاشرة وسبع عشرة دقيقة من تلك الليلة.<br>نهضت تشاريتي على قدميها. لقد أمضت معظم اليوم ورأسها منحنٍ، تصلي في صمت. لقد تجاوزت مرحلة البكاء، على الأقل في تلك اللحظة، ووضعت ذراعها حول ابنتها مولي، وجذبتها إليها.|Small Favor|Jim Butcher|true|en|true
22:17|2217-001|العاشرة وسبع عشرة دقيقة|كانت الساعة قد تجاوزت العاشرة وسبع عشرة دقيقة عندما أغلق فيل الباب وأطفأ ضوء الهبوط، لكنني كنت أعلم أنني لا أستطيع المغادرة على الفور.|I Never Gave My Consent|Holly Archer|false|en|true
22:17|2217-002|١٠:١٧ مساءً|١٠:١٧ مساءً. لن يتم إدخال الكاسيت.|Bridget Jones’s Diary|Helen Fielding|true|en|true
22:18|2218-000|العاشرة وثمانية عشر|"قلت: ساعتي تتقدم قليلاً دائماً. ""كم الساعة عندكِ الآن؟""<br>""العاشرة وثمانية.""<br>""العاشرة وثمانية عشر عند ساعتي. كما ترى."""|The Quiet American|Graham Greene|true|en|true
22:18|2218-001|١٠:١٨ مساءً|١٠:١٨ مساءً. آه. فيلم ثيلما ولويز موجود هناك.|Bridget Jones’s Diary|Helen Fielding|true|en|true
22:19|2219-000|١٠:١٩ مساءً|١٠:١٩ مساءً. لن تُعرض ثيلما ولويز.|Bridget Jones’s Diary|Helen Fielding|true|en|true
22:19|2219-001|22:19 بتوقيت غرينتش|22:19 بتوقيت غرينتش<br>قررت جاكي أن هذا أسوأ من المراقبة، لأنهم كانوا ينتظرون شخصًا غير موجود، بدلًا من انتظار شخص موجود ولا بد أن يظهر في النهاية.|Nothing Ventured|Jeffrey Archer|true|en|true
22:20|2220-000|١٠:٢٠ مساءً| تجاوزت الساعة المعلقة على جدار قاعة الاجتماعات في المعهد الساعة ١٠:٢٠ مساءً. تبادلت هيلين بوميروي والقس إريك ماير النظرات عبر مكتبها. لقد ناقشا للتو الأحداث الغريبة التي وقعت في ذلك اليوم.|Cathedral|Ray Keating|true|en|true
22:20|2220-001|العاشرة وعشرون دقيقة|"هبت ريح مايو، تنتفخ كقطعة فاكهة، ذات قشرة خارجية خشنة، ولب لزج، وعشرات البذور. انشق اللب في الهواء، ونثر البذور كطلقات خفيفة على جلد ذراعي العاري، تاركًا وراءه أثرًا خفيفًا من الألم.<br>سألني ابن عمي: ""كم الساعة؟"". كان أقصر مني بحوالي ثماني بوصات، وكان عليه أن يرفع رأسه عندما يتحدث.<br>نظرت إلى ساعتي. ""العاشرة وعشرون دقيقة."""|Blind Willow, Sleeping Woman|Haruki Murakami|true|en|true
22:20|2220-002|١٠:٢٠|"في الساعة ١٠:٢٠ عادت ومعها حقيبة تسوق من السوبر ماركت. كان في الحقيبة ثلاث فرش تنظيف، وعلبة مشابك ورق، وعلبة بيرة مبردة جيدًا من ست علب. لذا شربت بيرة أخرى.<br>قلت: ""كان الأمر يتعلق بالأغنام"".<br>قالت: ""ألم أخبرك؟"""|A Wild Sheep Chase|Haruki Murakami|true|en|true
22:20|2220-003|بعد عشرين دقيقة|في حوالي الساعة العاشرة، بدأت أولى رقاقات الثلج الصغيرة تتساقط ببطء وتستقر على ذراع جيل. وبعد عشر دقائق، كانت تتساقط بغزارة. وبعد عشرين دقيقة، أصبحت الأرض بيضاء بشكل ملحوظ.|The Silver Chair|C.S. Lewis|true|en|true
22:21|2221-000|١٠:٢١ مساءً|١٠:٢١ مساءً. اضغط على جميع الأزرار بعنف. يخرج شريط الكاسيت ثم يعود مرة أخرى.|Bridget Jones’s Diary|Helen Fielding|true|en|true
22:21|2221-001|الساعة ٢٢:٢١|في يوم سبت حوالي الساعة ٢٢:٢١، عثر لينز على طائر صغير سقط من عشه، وكان يجلس أصلعًا وذو رقبة رفيعة على عشب الوحدة رقم ٣، يرفرف بجناحيه بلا جدوى.|Infinite Jest|David Foster Wallace|true|en|true
22:22|2222-000|العاشرة واثنتان وعشرون دقيقة|كانت الساعة الآن العاشرة واثنتان وعشرون دقيقة. لقد غابا عن الفصيلة لأقل من نصف ساعة، ولكن مع اشتعال النيران في مخازن السرية، كان الرجلان يدركان تمامًا أنهما يجب أن يعودا إلى رجالهما دون تأخير.|Darkest Hour|James Holland|true|en|true
22:23|2223-000|١٠:٢٣ مساءً|حدّق إليه القناع من داخل صندوق مظلم. أسرع إلى المحطة التالية، حيث أدار مفتاحًا في صندوق. سجّل الصندوق الوقت: ١٠:٢٣ مساءً|Relic|Douglas Preston and Lincoln Child|true|en|true
22:24|2224-000|العاشرة وأربع وعشرين دقيقة|مع ذلك، أنا أحبها. أحببتها من اللحظة الأولى التي رأيتها فيها؛ وكان ذلك في حفلة مسائية في مايفير، في تمام الساعة العاشرة وأربع وعشرين دقيقة من مساء يوم الخميس، الرابع والعشرين من ديسمبر، عام ١٨٦٢.|Miss Carew|Amelia B. Edwards|true|en|true
22:24|2224-001|١٠:٢٤|بفضل عشر دقائق أو نحو ذلك من الطقس المعتدل، بحلول الساعة ١٠:٢٤، كانت الأرض مغطاة بالغابات الكربونية العظيمة التي تُنتج مخلفاتها كل الفحم الذي نستهلكه، وبدأت الحشرات المجنحة الأولى بالظهور.|A Short History of Nearly Everything|Bill Bryson|true|en|true
22:25|2225-000|بعد حوالي خمس وعشرين دقيقة|تضع السيدة بولتيتاف الحليب الساخن دائمًا في العاشرة. بعد حوالي خمس وعشرين دقيقة، رأينا سالي تحمل كوبها إلى غرفتها.|Cover Her Face|P.D. James|true|en|true
22:25|2225-001|١٠:٢٥|تأمل دالغليش أن إتيان لم يكن ليجد وسيلة ردع أكثر فعالية للزوار، وللحظة تساءل عما إذا كان سيمشي نصف ميل بدلاً من المخاطرة بإيقافه عن العمل. نظر إلى ساعته، فرأى أنها ١٠:٢٥. سيصل في الموعد المحدد تمامًا.|Original Sin|P.D. James|true|en|true
22:25|2225-002|العاشرة وخمس وعشرين دقيقة مساءً|"""جاءت آخر مكالمة هاتفية في العاشرة وخمس وعشرين دقيقة مساءً من تلك الليلة، بينما كنت أستمع إلى حفل إيرول غارنر الموسيقي على شاطئ البحر وأشرب سيغرامز VO. أليس من المفيد الاحتفاظ بمذكرات كهذه؟"""|Blind Willow, Sleeping Woman|Haruki Murakami|true|en|true
22:25|2225-003|١٠:٢٥ مساءً|"١٠:٢٥ مساءً. لقد حصلت على شريط كاسيت جديد الآن. حسنًا. انتقل إلى ""التسجيل""."|Bridget Jones’s Diary|Helen Fielding|true|en|true
22:26|2226-000|الساعة العاشرة وستة وعشرين دقيقة مساءً|" قلّب سيدونز بعض الأوراق قبل أن يعثر على الوثيقة التي يبحث عنها. نظر إلى القاضي وقال: ""أؤكد يا سيدي أن شهادة الوفاة وُقِّعت في تمام الساعة العاشرة وستة وعشرين دقيقة مساءً يوم الخميس الموافق السادس والعشرين من يوليو عام ١٩٥١."""|Best Kept Secret|Jeffrey Archer|true|en|true
22:26|2226-001|العاشرة وستة وعشرين|كالعادة، عاد وعيي إليّ تدريجيًا من أطراف مجال رؤيتي. أول ما لفت انتباهي كان باب الحمام الخارج من أقصى اليمين ومصباح من أقصى اليسار، ومنهما انجرف وعيي تدريجيًا نحو الداخل كجليد يتدفق معًا نحو وسط بحيرة. في مركز مجال رؤيتي تمامًا كانت ساعة المنبه، تشير عقاربها إلى العاشرة وستة وعشرين.|Hard-Boiled Wonderland and the End of the World|Haruki Murakami|true|en|true
22:27|2227-000|العاشرة وسبع وعشرون دقيقة مساءً|"""هل يجب أن تتناول الكافيين في"" - ألقت أوليف نظرة على الساعة - ""العاشرة وسبع وعشرون دقيقة مساءً؟"" عند التفكير في الأمر، لا ينبغي له تناول الكافيين على الإطلاق، نظرًا لشخصيته المشرقة بطبيعتها. ومع ذلك، كانا يتناولان القهوة معًا كل أربعاء. لم تكن أوليف سوى مُشجِّعة."|The Love Hypothesis|Ali Hazelwood|true|en|true
22:27|2227-001|الساعة العاشرة وسبع وعشرين دقيقة|استيقظ السيد هاركورت فجأةً في تمام الساعة العاشرة وسبع وعشرين دقيقة، وبمحض الصدفة، دخل كبير الخدم في تلك اللحظة بالذات ومعه خادمان يحملان صواني من الويسكي والبراندي وأكواب الشرب والبسكويت.|England, Their England|A.G. Macdonell|true|en|true
22:28|2228-000|العاشرة وثمان وعشرون دقيقة| مساء الثلاثاء، في تمام الساعة العاشرة وثمان وعشرون دقيقة، أعلنت وكالة أسوشيتد برس فوز عضو المجلس أومالي في أكثر سباقات رئاسة بلدية مدينة نيويورك تنافسًا منذ عقود.|The Hazards of Hunting While Heartbroken|Mari Passanant|true|en|true
22:28|2228-001|العاشرة وثمان وعشرون دقيقة|في تمام الساعة العاشرة وثمان وعشرون دقيقة، بدأت فلورنس تتساءل عما إذا كانت تلك البسكويتات تستحق توبيخًا من لجنة الرقابة العليا.|Hail, California!|Mary E. Oliver|true|en|true
22:29|2229-000|العاشرة وتسع وعشرون دقيقة|"حتى عندما كنتُ مضطرةً لقول شيء ما، لم تكن الكلمات المناسبة تخرج. وفي كل مرة كنتُ أتردد، في كل مرة كنتُ أكتم فيها شيئًا على وشك قوله، كان ابن عمي ينظر إليّ بنظرة مرتبكة بعض الشيء. مالت أذنه اليسرى نحوي قليلًا.<br>سألني: ""كم الساعة الآن؟"" <br>أجبته: ""العاشرة وتسع وعشرون دقيقة."""|Blind Willow, Sleeping Woman|Haruki Murakami|true|en|true
22:30|2230-000|العاشرة والنصف|مع ذلك، ورغم قلقها الدائم، ولليلة الثالثة على التوالي، تسللت خارجةً في تمام الساعة العاشرة والنصف وتوجهت إلى حافة الضيعة، حيث كان ألياندرو ينتظرها بالقرب من قبو نبيذ مهجور، والذي أصبح مكان لقائهما.|When the Summer Was Ours|Roxanne Veletzos|true|en|true
22:30|2230-001|العاشرة والنصف|"حدثت بينهما أول مشاجرة في العاشرة والنصف من تلك الليلة. كان الخلاف حول من سينام في السرير ومن سينام على الأريكة. أصرّ بيلي على أن تنام هي في السرير، وقال إنه سيكون بخير على الأريكة.<br>""هذا تمييز جنسي.""<br>""النوم على الأريكة تمييز جنسي؟ هل تمزحين؟""<br>""أن تكون رجلاً بكل معنى الكلمة تمييز جنسي. أنت طويل جدًا على ذلك. ستتدلى قدماك على الأرض."""|Billy Summers|Stephen King|true|en|true
22:30|2230-002|العاشرة والنصف|"""ماذا تطلبين؟"" سألها في الهواء أمامه، دون أن يلتفت إليها.<br>""عفوًا؟""<br>""لقد أُرسلتُ لجلب ثلج،"" قال. ""ماذا تحتاجين؟""<br>""لا شيء. أنا ذاهبة إلى المنزل.""<br>""العاشرة والنصف ليلة رأس السنة؟ هذا إما أتعس أو أحكم شيء سمعته في حياتي."""|Cleopatra and Frankenstein|Coco Mellors|true|en|true
22:30|2230-003|العاشرة والنصف|في تمام الساعة العاشرة والنصف، وجدت كيندرا نفسها على الأريكة مرة أخرى، هذه المرة مع كريستي. شعرت بعدم الارتياح للجلوس بجانبها، خاصة بعد وابل الكراهية الذي وجهه زملاؤها في العمل إلى الشقراء، لكن كريستي بدت ودودة بشكل غير عادي في تلك اللحظة، مليئة بالابتسامات والضحكات والإيماءات السلسة.|Reprieve|James Han Mattson|true|en|true
22:30|2230-004|العاشرة والنصف|نظرت إلى الساعة؛ كانت العاشرة والنصف. إذا استطاعت الوصول إلى هناك بسرعة بالمترو، فستكون في منزله في أقل من ساعة، وربما أكثر قليلاً إذا لم تكن القطارات المتأخرة تأتي كثيرًا.|Brooklyn|Colm Toibin|true|en|true
22:30|2230-005|العاشرة والنصف|كانت الساعة العاشرة والنصف، لكنها ربما كانت الثالثة صباحًا، لأن برلين الغربية على طول حدودها تغفو مع حلول الظلام|Smiley’s People|John le Carré|true|en|true
22:30|2230-006|العاشرة والنصف|بسبب التأخير غير المناسب في الساعة التي تم فيها إعطاء الجرعة، لم تبدأ أي آثار بالظهور في هذه الحالة إلا في الساعة العاشرة والنصف.|The Hasheesh Eater|Fitz Hugh Ludlow|false|en|true
22:31|2231-000|١٠:٣١ مساءً|١٠:٣١ مساءً. حسنًا. حسنًا. اهدأ. لم يُعرض بعدُ موضوع بيني هاسباندز-بوسورث عن سرطان الدم الناتج عن الأسبستوس.|Bridget Jones’s Diary|Helen Fielding|true|en|true
22:31|2231-001|١٠:٣١ مساءً|وفي وقت لاحق، في الساعة ١٠:٣١ مساءً، خرجت إلى الشرفة لأرى ما إذا كان بإمكاني رؤية أي نجوم، لكن لم يكن هناك أي نجوم بسبب الغيوم الكثيفة وما يُسمى بالتلوث الضوئي، وهو ضوء أعمدة الإنارة وأضواء السيارات والكشافات وأضواء المباني التي تنعكس عن جزيئات صغيرة في الغلاف الجوي وتحجب ضوء النجوم. لذلك عدت إلى الداخل.|The Curious Incident of the Dog in the Night-Time|Mark Haddon|true|en|true
22:32|2232-000|الساعة العاشرة واثنتين وثلاثين دقيقة|كانت الساعة العاشرة واثنتين وثلاثين دقيقة عندما ظهرت الحافلة أخيرًا.<br>كانت الحافلة التي أتت من نوع جديد، وليست مثل تلك التي اعتدتُ ركوبها إلى المدرسة الثانوية.|Blind Willow, Sleeping Woman|Haruki Murakami|true|en|true
22:33|2233-000|١٠:٣٣|نظر إلى ساعته: ١٠:٣٣. تذكر أنه قيل له، لكنه لم يستطع تذكر متى أو من قال ذلك، أن من عادتها أن تسبح ليلًا بعد الساعة التاسعة بقليل.|Devices and Desires|P.D. James|true|en|true
22:33|2233-001|١٠:٣٣ مساءً|١٠:٣٣ مساءً. نعم، نعم. جارٍ تسجيل البرنامج الحالي. لقد فعلتها!<br>آه. الجميع يجن. بدأ شريط الكاسيت بالرجوع للخلف ثم توقف وخرج. لماذا؟ اللعنة. اللعنة. أدركتُ من فرط الحماس أنني جلست على جهاز التحكم عن بُعد.|Bridget Jones’s Diary|Helen Fielding|false|en|true
22:34|2234-000|بعد العاشرة والنصف بقليل.|"من فضلكِ. متى ذهبتِ إلى الفراش يا سيدتي؟<br>""بعد العاشرة والنصف بقليل."""|Death on the Nile|Agatha Christie|true|en|true
22:35|2235-000|العاشرة وخمس وثلاثون دقيقة|"سأل أول مسؤول يرتدي الزي الرسمي رآه: ""متى ينتهي الحفل؟""<br>""العاشرة وخمس وثلاثون دقيقة يا سيدي، لكن لا يمكنك ترك سيارتك هناك."""|As the Crow Flies|Jeffrey Archer|true|en|true
22:35|2235-001|الساعة الحادية عشرة إلا خمس وعشرين دقيقة|الساعة الحادية عشرة إلا خمس وعشرين دقيقة. ساعة مروعة - ساعة كئيبة، لأنها ليست فقط ساعة انتهاء المتعة، بل هي الساعة التي تُفقد فيها المتعة نفسها.|Rope|Patrick Hamilton|true|en|true
22:35|2235-002|الحادية عشرة إلا خمس وعشرين دقيقة|لو لم يعد خلال أربع عشرة دقيقة لكان قد تأخر. نظرت إلى الساعة. كانت الساعة تشير إلى الحادية عشرة إلا خمس وعشرين دقيقة. ربما يدخل النزل مع أرابيلا، إذ سيصلان إليه قبل موعد الإغلاق؛ ربما تقنعه بالشرب<br>معها؛ والله وحده يعلم ما هي المصائب التي ستحل به حينها.|Jude the Obscure|Thomas Hardy|true|en|true
22:35|2235-003|١٠:٣٥ مساءً|١٠:٣٥ مساءً. أنا في حالة ذعر الآن. اتصلت بشازِر، وريبيكا، وسيمون، وماجدة. لا أحد يعرف كيف يبرمج فيديوهاته. الشخص الوحيد الذي أعرفه والذي يعرف كيف يفعل ذلك هو دانيال.|Bridget Jones’s Diary|Helen Fielding|true|en|true
22:36|2236-000|الساعة 22:36|كان موعد إقلاعنا الساعة 22:36، وبينما كنت أرفع الطائرة الثقيلة إلى سماء الليل المرصعة بالنجوم، شعرت ببرودة قارسة في يدي ومعدتي.|Air Bridge|Hammond Innes|true|en|true
22:37|2237-000|١٠:٣٧ مساءً|"في تمام الساعة ١٠:٣٧ مساءً من تلك الليلة، اجتاحت كرة نارية مدينة أوبسكوريتي، مما أسفر عن مقتل كريبس، ولكن ليس قبل أن يُنادى بـ""جولديلوكس"" ويترك رسالة حول شيء ما ""مليء بالثقوب""."|The Fourth Bear|Jasper Fforde|true|en|true
22:38|2238-000|الساعة ٢٢:٣٨|مجرد نقرة عندما أغلق أحدهم الهاتف. لقد تُرك على الهاتف في الساعة ٢٢:٣٨ من الليلة السابقة. لم يكن لدى جاك شك كبير في أن أحدهم كان يتحقق مما إذا كان موجودًا.|The Kill Zone|Chris Ryan|true|en|true
22:39|2239-000|١٠:٣٩ مساءً|"الأحد، ٥ أبريل<br>١٠:٣٩ مساءً<br>قال وهو يدخل من الباب، سيد الكون مرتديًا سترة جلدية على كتفه: ""لم أكن أعرف ما إذا كان عليّ إحضار حارس شخصي."""|Syndrome|Thomas Hoover|true|en|true
22:40|2240-000|١٠:٤٠|صعدت إلى الفراش في الساعة ١٠:٤٠، لكنها لم تستطع النوم لأكثر من ساعة متواصلة. كانت تشغل التلفاز من حين لآخر لمشاهدة أفلام الويسترن الإيطالية المدبلجة إلى اللهجة اللبنانية.|Honor Among Thieves|Jeffrey Archer|true|en|true
22:40|2240-001|10:40|هناك، في تمام الساعة 10:40، ستشتعل محركات البلازما بكامل طاقتها لبدء التسارع الخطي السريع الذي سيمنحها سرعة عشرة آلاف كيلومتر في الساعة اللازمة للانزلاق بسرعة على طول نفق الفضاء العادي الذي يربط البوابات.|The Shadow and Night|Chris Walley|true|en|true
22:40|2240-002|العاشرة وأربعون دقيقة ليلاً|" قالت بنبرة رضا واضحة: ""صديقي"". لم تُبالِ، فقد سرّها سماع صوته، حتى وإن كانت الساعة العاشرة وأربعون دقيقة ليلاً. سألته: ""من أين تتصل؟""، متوقعةً أن يقول غلاسكو أو برلين."|It All Began in Monte Carlo|Elizabeth Adler|true|en|true
22:40|2240-003|إنها الحادية عشرة إلا عشرين دقيقة| بعد مرور خمس عشرة دقيقة وعدم عودة شاحنة الأشغال العامة المزيفة، قرر بيلي أنهم إما انتقلوا إلى جزء آخر من المدينة، ربما لتفقد المنزل في شارع إيفرغرين، أو عادوا إلى القصر الفخم في انتظار أوامر أخرى من نيك. أغلق الستارة، حاجبًا المنظر، ونظر إلى ساعته. إنها الحادية عشرة إلا عشرين دقيقة. كم يمر الوقت سريعًا عندما تستمتع، هكذا فكر.|Billy Summers|Stephen King|true|en|true
22:40|2240-004|الحادية عشرة إلا عشرين دقيقة|"أخبرته ساعة المحطة بالوقت: الحادية عشرة إلا عشرين دقيقة. ذهب إلى مكتب الحجز وسأل الموظف بلهجة مهذبة متى موعد القطار التالي إلى باريس. ""بعد اثنتي عشرة دقيقة."""|The Man Who Watched the Trains Go By|Georges Simenon|true|en|true
22:41|2241-000|10:41|استمع ويليام إلى مناظرة حول مستقبل برنامج ترايدنت بين توني بلير ومايكل هيسلتين - وكلاهما يُعتبران من القادة المحتملين لحزبيهما - عندما انطفأت الأنوار في غرفة معيشة سامرز في الساعة 10:41. أطفأ الراديو ودوّن ملاحظة أخرى في دفتر ملاحظاته.|Turn a Blind Eye|Jeffrey Archer|true|en|true
22:41|2241-001|١٠:٤١ مساءً| البندان الوحيدان اللذان لفت انتباه كورك في القائمة بأكملها كانا مكالمتين هاتفيتين من منزل ويلفريد ليبينسكي، عمدة أورورا، إحداهما في الساعة ٩:٥٧ مساءً والأخرى في الساعة ١٠:٤١ مساءً. لو كان لدى ليبينسكي أبناء مراهقون على علم بالحفلة في فالهالا، لما كانت المكالمات غريبة، لكن جميع أبناء ليبينسكي كبروا ورحلوا منذ زمن طويل، ولذلك تساءل كورك.|Blood Hollow|William Kent Krueger|true|en|true
22:41|2241-002|١٠:٤١|"صعد إلى المقعد الأمامي وشغل السيارة. انطلقت السيارة بصوت أزيز قوي، جاهزة للانطلاق. قال جوليان: ""ها هم الأوغاد""، وحطم الساعة بأسفل الزجاجة، ليعطيهم الوقت التقريبي. كانت الساعة ١٠:٤١."|Appointment in Samarra|John O’Hara|false|en|true
22:42|2242-000|الساعة ١٠:٤٢|لقد حددنا الوقت الدقيق لسقوط جانسون على المسرح، والسكين مغروسة في رقبته. كانت الساعة ١٠:٤٢.|West of Guam: The Complete Cases of Jo Gar|Raoul Whitfield|true|en|true
22:43|2243-000|١٠:٤٣ مساءً|" نظر سيباستيان إلى ساعته: ١٠:٤٣ مساءً. ""إذن لنذهب ونتأكد مما إذا كان لا يزال مستيقظًا."""|Be Careful What You Wish For|Jeffrey Archer|true|en|true
22:43|2243-001|١٠:٤٣ مساءً|الثلاثاء ١٠:٤٣ مساءً<br>كان مايكل فانس وإيفا بورودين وأليكسي نوفوستي أكثر حظًا مما كانوا يظنون. عندما خرجوا، كان الحارس الياباني جيرو ساتو، الذي كان متمركزًا عند مدخل بيرلي، قد تم استدعاؤه مؤقتًا عبر اللاسلكي للتشاور في زاوية ستراند.|Project Daedalus|Thomas Hoover|true|en|true
22:44|2244-000|حوالي الساعة الحادية عشرة إلا ربع|"أصغى أليك باهتمام. ""متى كان ذلك؟""<br>""أوه، مساء أمس.""<br>""في أي وقت؟""<br>""حوالي الساعة الحادية عشرة إلا ربع. كنت ألعب البريدج."""|Dead in the Water|Carola Dunn|true|en|true
22:44|2244-001|العاشرة وأربع وأربعين دقيقة|"عند عبارة ""ألف جنيه إسترليني لمن يكشف هوية الليدي ويستلداون""، كانت الساعة تشير إلى العاشرة وأربع وأربعين دقيقة."|Romancing Mr. Bridgerton|Julia Quinn|true|en|true
22:45|2245-000|الساعة الحادية عشرة إلا ربع|"رآني شار. نظر من فوق كتف شريكه وهمس: ""انتظريني"".<br>ترسختُ في مكاني. لم يكن ليُزعزعني زلزال. دقت الساعة الحادية عشرة إلا ربع. ثم دقت الحادية عشرة. لو أنها ضربت نهاية العالم، لبقيت على حالي."|Ella Enchanted|Gail Carson Levine|true|en|true
22:45|2245-001|١٠:٤٥ مساءً|١٠:٤٥ مساءً. يا إلهي. انفجر دانيال ضحكًا عندما قلتُ إنني لا أستطيع برمجة الفيديو. قال إنه سيفعل ذلك من أجلي. مع ذلك، على الأقل بذلتُ قصارى جهدي من أجل أمي. إنه لأمر مثير وتاريخي عندما يظهر أصدقاء المرء على التلفزيون.|Bridget Jones’s Diary|Helen Fielding|true|en|true
22:45|2245-002|خمس ثوانٍ حتى الحادية عشرة إلا ربعًا| لذا، تودعكم شركة البث الكسولة برسالة مفادها أنه إذا لم تكن ممتنًا للعيش في عالمٍ تُمنح فيه الكثير من الأشياء التي تستحق الامتنان كأمرٍ بديهي، ها قد بقيت خمس ثوانٍ حتى الحادية عشرة إلا ربعًا، وأنت مجرد حصان طروادة عجوز.|Good Intentions|Ogden Nash|true|en|true
22:46|2246-000|١٠:٤٦ مساءً|"تطابقت مواعيد ""قطار الليل"" تمامًا، حيث كان من المتوقع أن يكون المد العالي في الخور، كما قدّر ديفيز، بين الساعة ١٠:٣٠ و١١:٠٠ مساءً ليلة الخامس والعشرين؛ وأظهر الجدول الزمني أن قطار الليل الوحيد الذي يصل إلى نوردن كان قادمًا من الجنوب في الساعة ١٠:٤٦ مساءً."|The Riddle of the Sands|Erskine Childers|true|en|true
22:46|2246-001|الحادية عشرة إلا أربع عشرة دقيقة| أوليف: [بجانب كاثرين - تفحص ساعتها على قاعدتها] إنها الحادية عشرة إلا أربع عشرة دقيقة.<br>كاثرين: أوليف، أوليف!<br>أوليف: أردت فقط أن أرى الوقت. لا أستطيع النوم أبدًا إذا حاولت - إنه أمرٌ لا مفر منه، كما تعلمين. هل تحقق النصر بعد؟ [كاثرين، تهز رأسها] أوه! لقد دعوتُ الله كثيرًا أن أجد نصرًا في الصحف المسائية.|The Mob|John Galsworthy|true|en|true
22:47|2247-000|١٠:٤٧ مساءً|على شاشتي، يبتعد رواد السينما المتبقون ببطء، وعندما يصل الوقت إلى ١٠:٤٧ مساءً، لا يبقى أحد.|The Dark Lake|Sarah Bailey|true|en|true
22:48|2248-000|الساعة 10:48|" قال السيد ساتيرثويت، وقد بدأ حديثه يتحمس: ""أوه! لا أعرف شيئًا عن ذلك. لقد كنت هناك لفترة قصيرة الصيف الماضي. وجدتها مناسبة جدًا للمدينة. بالطبع، القطارات لا تغادر إلا كل ساعة. بعد 48 دقيقة من الساعة من واترلو حتى الساعة 10:48."""|The Sign in the Sky|Agatha Christie|true|en|true
22:49|2249-000|تجاوزت الساعة 22:45 بكثير|لقد تجاوزت الساعة 22:45 بكثير. ينزلق مقود الكلب مصحوبًا بفحيح إلى نهاية الحبل المضيء، ويتوقف الكلب على بعد خطوتين من داخل البوابة، حيث يقف لينز، مائلًا قليلًا إلى الأمام كما لو كان يتحدث مع كلب بلغة الأطفال.|Infinite Jest|David Foster Wallace|true|en|true
22:49|2249-001|١٠:٤٩ مساءً|١٠:٤٩ مساءً<br>وقف صبري راميريز يراقب تثبيت آخر صواعق الكريترون في شبكة الأسلاك المحيطة بكرة الأوكتول المتفجرة. الآن، تم تسليح إحدى القنابل. أعجبه شكلها.|Project Cyclops|Thomas Hoover|false|en|true
22:50|2250-000|١٠:٥٠ مساءً|١٠:٥٠ مساءً. أعتقد أن تدويني لهذه اليوميات هو نتاج تلك العادة العلمية التي كتبت عنها هذا الصباح. أحب تسجيل الانطباعات وهي لا تزال حاضرة في ذهني.|The Parasite|Sir Arthur Conan Doyle|true|en|true
22:50|2250-001|الحادية عشرة إلا عشر دقائق|"ليلة السبت. وقلت: ""إنها مئة هذا العام، ألم يلاحظ أحد؟"" قال جاك: ""ما هي المئة؟"" قلت: ""الحانة. المدرب. انظر إلى الساعة."" قال جاك: ""إنها الحادية عشرة إلا عشر دقائق."""|Last Orders|Graham Swift|true|en|true
22:50|2250-002|٢٢.٥٠|لذا اعتبر نفسك محظوظًا وأنت مستيقظ وتذكر طاقمًا سعيدًا. فكر في هامبورغ في الليلة السحرية. ٢٢.٥٠ وخرجوا بسلاسة، كما ينبغي - لا يمكنك أن تلوم باركس، فقد كان دائمًا على مساره.|Day|A.L. Kennedy|true|en|true
22:51|2251-000|الحادية عشرة إلا تسع دقائق|في تمام الساعة الحادية عشرة إلا تسع دقائق، فُتح باب المنزل المقابل. ركعتُ في سريري ونظرتُ من النافذة. كانت السيدة غوستافسن؛ كانت تعبر الممر حاملةً كيس قمامة في يدها.|My Struggle: Book 1|Karl Ove Knausgaard|true|en|true
22:52|2252-000|الحادية عشرة إلا ثماني دقائق| الآن، كانت حمى اللاعب واضحة في عيني راولي. كان وجهه شاحبًا للغاية، لكن يده كانت ترمي بثبات وهدوء، وكأنها مهملة، كما قد يبدو. وفجأة، عند الدقيقة الحادية عشرة إلا ثماني دقائق، انقلب الحظ لصالحه، وعادت نقاطه لتتراكم من جديد.|Northern Lights|Gilbert Parker|true|en|true
22:53|2253-000|الحادية عشرة إلا سبع دقائق|في كل مرة كنتُ هناك، كنتُ أراكِ جالسةً في نهاية البار وحدكِ، مُنحنيةً على فنجان قهوة. وفي كل ليلة، في تمام الساعة الحادية عشرة إلا سبع دقائق، كنتِ تُلقين المال على البار، وتأخذين معطفكِ، وتخرجين من الباب بأسرع ما يُمكنكِ.|All There Is|Kelly Krieg-Sigman with Dave Isay|true|en|true
22:54|2254-000|10:54|كان لديهم رقم هاتف مسجل باسم أوزغارد، رامزي جي، في المدينة. كانت الساعة 10:54 في كولورادو، لكن التوقيت قد يجعل المكالمة تبدو أكثر إلحاحًا وبالتالي أكثر مصداقية.|Velocity|Dean Koontz|true|en|true
22:55|2255-000|الساعة العاشرة وخمس وخمسين دقيقة|كل ما استطاعت إخباري به هو أنها خلدت إلى النوم بعد وقت قصير من استماعها إلى الرباعية الوترية لديفوراك في الساعة العاشرة وخمس وخمسين دقيقة - كان لديهما سريران منفصلان - ولم تستيقظ حتى أيقظها زوجها بخبر جريمة القتل.|The Murder of Santa Claus|P.D. James|true|en|true
22:55|2255-001|١٠:٥٥|في الساعة ١٠:٥٥ سيدخلون بوابة فارهولم، ويخرجون بعد عشر دقائق ونصف فقط عند بوابة بانرمير. على بُعد أربعين سنة ضوئية.|The Shadow and Night|Chris Walley|true|en|true
22:55|2255-002|الساعة الحادية عشرة، إلا خمس دقائق!|"إنها الساعة الحادية عشرة! الساعة الحادية عشرة، إلا خمس دقائق!<br>""لكن أي ساعة من الحادية عشرة؟""<br>""الساعة الحادية عشرة التي ستُحدد الحياة أو الموت!... أخبرني بذلك قبل أن يرحل... إنه فظيع... إنه مجنون تمامًا: مزق قناعه وأطلقت عيناه الصفراوان لهيبًا!..."""|The Phantom of the Opera|Gaston Leroux|true|en|true
22:55|2255-003|الحادية عشرة إلا خمس دقائق|" قال القاضي وارغريف:<br>""إنها الآن الحادية عشرة إلا خمس دقائق. أعتقد أنه يجب علينا استدعاء الآنسة برنت للانضمام إلى اجتماعنا."""|And Then There Were None|Agatha Christie|true|en|true
22:56|2256-000|١٠:٥٦ مساءً|أشارت الساعة إلى ١٠:٥٦ مساءً. هذا يعني أنني كنت غائبًا لمدة عشرين دقيقة. عشرون دقيقة من النوم. مجرد غفوة لطيفة. في ذلك الوقت، أفسدت صفقة مع عصابة وخسرت ثمانية آلاف دولار.|Farewell, My Lovely|Raymond Chandler|true|en|true
22:56|2256-001|حوالي الحادية عشرة|كانت الساعة حوالي الحادية عشرة. كانت النجوم تتلألأ. هبت الرياح برفق وحملت معها رائحة الأوراق المتساقطة والثلوج الذائبة من الحقول.|The Hammer of God|Bo Giertz|true|en|true
22:57|2257-000|الساعة 22:57| هناك أوقفوا محركاتهم ورسوا جنبًا إلى جنب على الماء لبضع دقائق، ربما على بعد خمسة أميال من أسطول الصيد، وبينهم وبين دوارنينيز. في الساعة 22:57، قاموا بتشغيل المحركات الرئيسية وانصرفوا للقيام بعملهم.|Most Secret|Nevil Shute|true|en|true
22:57|2257-001|حوالي الساعة الحادية عشرة| ثم حلّ الظلام؛ كانت تريد أن تُدخلهم إلى الفراش، لكنهم توسلوا بحزن للسماح لهم بالبقاء مستيقظين؛ وحوالي الساعة الحادية عشرة، رُفع مزلاج الباب بهدوء، ودخل السيد.|Wuthering Heights|Emily Brontë|true|en|true
22:58|2258-000|الساعة العاشرة وثمانية وخمسين دقيقة|"متى سيذهبون؟<br>""ليلة الأحد. سأقودهم إلى نورويتش للحاق بقطار الساعة الثامنة والنصف، وسيصلون إلى شارع ليفربول في الساعة العاشرة وثمانية وخمسين دقيقة. ستستقبلهم ابنتهم."""|Devices and Desires|P.D. James|true|en|true
22:59|2259-000|الحادية عشرة قبل دقيقة واحدة| أوقفوا السيارة أمام متجر لوثر في تمام الساعة الحادية عشرة قبل دقيقة واحدة. كان الناس يغادرون، ولم يكن جميعهم سعداء بتقليص أمسيتهم. لكن التذمر كان خافتًا، وحتى حينها لم يبدأ إلا بعد أن وصلوا إلى الشارع بأمان.|The Complaints|Ian Rankin|true|en|true
22:59|2259-001|١٠:٥٩ مساءً|لم يتحدث أحد طوال بقية المساء. اكتفوا بالشرب والأكل والجلوس في أماكن متفرقة من الكوخ. كانت سارة تقضم أظافرها وتتظاهر بالانشغال على طاولة الطعام. جلست كيندرا على الأريكة، وركبتاها مثنيتان، ورأسها بين ذراعيها. وقفت كريستي بجانب النافذة، تراقب المطر، وذراعاها متقاطعتان، ووجهها عابس.<br>في تمام الساعة ١٠:٥٩ مساءً، أصدر جهاز اللاسلكي الخاص بكيندرا صوت تنبيه.|Reprieve|James Han Mattson|true|en|true
22:59|2259-002|دقيقة واحدة قبل الحادية عشرة| تأوه هاري في نومه وانزلق وجهه على النافذة قليلاً، مما جعل نظارته أكثر اعوجاجًا، لكنه لم يستيقظ. دقات ساعة منبه، أصلحها هاري قبل عدة سنوات، بصوت عالٍ على حافة النافذة، مشيرة إلى دقيقة واحدة قبل الحادية عشرة.|Harry Potter and the Half-Blood Prince|J.K. Rowling|true|en|true
23:00|2300-000|الحادية عشرة|في تمام الساعة الحادية عشرة، قبّلت الكلاب يد السيدة ديرلي للمرة الأخيرة، وأخذت السيد ديرلي في جولة جري أخيرة. انضمت إليهم بيرديتا في ذلك. كانت قد أمضت الأمسية مع المربيات، وشعرت أن بونغو وميسيس قد يرغبان في البقاء بمفردهما مع حيواناتهما الأليفة.|The 101 Dalmatians|Dodie Smith|true|en|true
23:00|2300-001|الحادية عشرة|"تم تقديم ساعات شنغهاي ساعةً واحدةً حتى تتمكن المدينة من ""توفير ضوء النهار""، لكن عائلة باي قالت: ""نحن نعتمد الساعة القديمة"". كانت الساعة العاشرة بالنسبة لهم هي الحادية عشرة بالنسبة للجميع. كان غناؤهم متأخرًا عن الإيقاع؛ لم يتمكنوا من مواكبة آلة الهوكين [آلة وترية صينية] التي تُصدر أصواتًا كئيبة وموحشة للحياة."|Love in a Fallen City|Eileen Chang|true|en|true
23:00|2300-002|الحادية عشرة|يتناول توني وزينيا القهوة، كما يفعلان كل ثلاثة أيام تقريبًا منذ الشهر الماضي، منذ أن التقيا. أو ليس كل ثلاثة أيام، بل كل ثلاث أمسيات: الآن الساعة الحادية عشرة، موعد نوم توني المعتاد، وهي هنا، لا تزال مستيقظة. إنها ليست نعسانة حتى.|The Robber Bride|Margaret Atwood|true|en|true
23:00|2300-003|الحادية عشرة| كانت الساعة تقارب الحادية عشرة عندما وصلنا إلى هذه المرحلة الأخيرة من مغامراتنا الليلية. لقد تركنا ضباب المدينة الكبير الرطب خلفنا، وكانت الليلة صافية إلى حد ما. هبت ريح دافئة من الغرب، وتحركت السحب الكثيفة ببطء عبر السماء، مع ظهور نصف قمر من حين لآخر من خلال الشقوق.|The Sign of Four|Sir Arthur Conan Doyle|true|en|true
23:00|2300-004|الحادية عشرة مساءً|لم يكن هناك نهاية. في البداية، أصدرتُ كل الأصوات المناسبة لأُظهر لها أنني أتابعها، لكنني سرعان ما استسلمت. شغّلتُ أسطوانة، وعندما انتهت، رفعتُ الإبرة وشغّلتُ أخرى. بعد أن انتهيتُ من جميع الأسطوانات، أعدتُ تشغيل الأولى. في الخارج، كان المطر لا يزال ينهمر. مرّ الوقت ببطء بينما استمر حديثها بلا نهاية.<br>لم أقلق بشأن ذلك، مع ذلك، حتى بعد فترة. فجأة أدركتُ أنها الحادية عشرة مساءً وأنها كانت تتحدث بلا توقف لمدة أربع ساعات.|Blind Willow, Sleeping Woman|Haruki Murakami|true|en|true
23:00|2300-005|الحادية عشرة|في تمام الساعة الحادية عشرة، تم الاتفاق على كل شيء؛ سيهربان إلى بورنيو. تباً للزوج! لم تحبه قط على أي حال. ما كانت لتكتب الرسالة الأولى لو لم يكن الزوج عجوزاً فاقداً للعاطفة.|Tropic of Cancer|Henry Miller|false|en|true
23:00|2300-006|الحادية عشرة ليلاً|أحببتُ أن أعتقد أنني اخترتُ الدكتورة تاتل عشوائيًا، وأن هناك شيئًا مقدّرًا في علاقتنا، إلهيًا بطريقة ما، لكن في الحقيقة، كانت هي الطبيبة النفسية الوحيدة التي أجابت على الهاتف في الحادية عشرة ليلاً يوم الثلاثاء.|My Year of Rest and Relaxation|Ottessa Moshfegh|true|en|true
23:00|2300-007|الحادية عشرة| حوالي الساعة الحادية عشرة، فُتح الباب. استعددتُ لرفض الاعتذارات والهجوم. دخلت امرأةٌ كانت ذات يومٍ وقورة. سبعون عامًا، ثمانون، خمسة وثمانون، من يدري متى يبلغون هذا العمر؟ تبعها كلب سلوقي هزيل يرتدي سترة.|Cloud Atlas|David Mitchell|true|en|true
23:00|2300-008|الحادية عشرة|" كانت هناك حركة وصيحة من يميني، ومن خلال العتمة رأيت ويتني، شاحبًا ومرهقًا ومهمل المظهر، يحدق بي.<br>قال: ""يا إلهي! إنه واتسون"". كان في حالة رد فعل مثيرة للشفقة، وكل عصب من أعصابه يرتجف. ""أقول يا واتسون، كم الساعة؟""<br>""تقارب الحادية عشرة."""|The Adventures of Sherlock Holmes|Sir Arthur Conan Doyle|true|en|true
23:00|2300-009|الحادية عشرة|" غادرت غرفتها، ودخلت غرفتي، حيث جلست لبعض الوقت تتحدث عن زفافها الوشيك. في تمام الساعة الحادية عشرة، نهضت لتغادرني، لكنها توقفت عند الباب والتفتت إليّ.<br>قالت: ""أخبريني يا هيلين، هل سمعتِ يومًا أحدًا يصفر في جوف الليل؟"" <br>قلت: ""أبدًا."""|The Adventures of Sherlock Holmes|Sir Arthur Conan Doyle|true|en|true
23:00|2300-010|الحادية عشرة|مرت ساعتان ببطء، ثم فجأة، عند دقات الحادية عشرة، سطع ضوء ساطع واحد أمامنا مباشرة.|The Adventures of Sherlock Holmes|Sir Arthur Conan Doyle|true|en|true
23:00|2300-011|الحادية عشرة ليلاً|"قبل خمسة أشهر، ظهرت آشلي في عربة هود إيرستريم في الحادية عشرة ليلاً وقالت: ""انفصلت عنه. وأعتقد أنه يجب أن تعلم أنني أحبك."""|Malibu Rising|Taylor Jenkins Reid|true|en|true
23:00|2300-012|الحادية عشرة|حوالي الساعة الحادية عشرة، تناولت هي وستان قطعة دونات أخرى. ثم توقفا على أمل العثور على شيء ما عند حاوية قمامة خلف مطعم حساء، لكن دون جدوى، فقد تم فرز الأشياء بالفعل.|The Heart Goes Last|Margaret Atwood|true|en|true
23:00|2300-013|الحادية عشرة|"كان إيلي، صديق برايان، الأطول بينهما. مدت جايدي يدها لمصافحته. قال: ""مرحباً"".<br>سأل إيلي: ""إلى أين أنت ذاهب؟"". كان يرتدي قميص بولو وردياً وشورت كاكي، وبدا مشرقاً في ظلام الليل الدامس. كانت عيناه سعيدتين، وقد تغيرتا، بلا شك، بسبب الكحول.<br>قال: ""أنا عائد"".<br>نظر إيلي إلى ساعته. ""إنها الحادية عشرة فقط"".<br>قالت جايدي: ""أنا متعبة فقط. لقد كان يوماً طويلاً""."|Reprieve|James Han Mattson|true|en|true
23:00|2300-014|الحادية عشرة ليلاً|"""هذا الكاهن الذي لديكِ مضحك حقاً. هل تعلمين أن هؤلاء الكهنة مسموح لهم بالشرب؟ ممنوع دخول النساء، لكن الكحول مسموح!"" دخلت بهار وهي تلوّح بأمر الأب ماهوني. كانت عيناها، اللتان عادة ما تكونان خجولتين، لامعتين - ويا ليت مارجان تأمل - سعيدتين؟<br>""إنهم يشربون البيرة كالماء هنا. يوم السبت الماضي رأيت عائلة بأكملها، مع أطفال صغار، تغادر الحانة المجاورة. في الحادية عشرة ليلاً!"""|Pomegranate Soup|Marsha Mehran|true|en|true
23:00|2300-015|الحادية عشرة|مرّ الوقت، ساعتان منه، وتعلم العشاق الأقل دهاءً توجيه نظراتهم العاطفية الزائفة إلى مكان آخر، ففي تمام الساعة الحادية عشرة، كانت إيزابيل وأموري جالسين على الأريكة في الغرفة الصغيرة المجاورة لغرفة القراءة في الطابق العلوي. كانت تدرك أنهما ثنائي وسيم، ويبدو أنهما ينتميان بشكل مميز إلى هذه العزلة، بينما تومض أضواء خافتة وتثرثر في الطابق السفلي.|This Side of Paradise|F. Scott Fitzgerald|true|en|true
23:00|2300-016|الحادية عشرة|"""سيبدأ احتجازك في تمام الساعة الحادية عشرة من مساء اليوم.<br>قابل السيد فيلتش في قاعة المدخل."""|Harry Potter and the Sorcerer’s Stone|J.K. Rowling|true|en|true
23:00|2300-017|في تمام الحادية عشرة|سيكون هنا في تمام الحادية عشرة يا سيدي.<br>في البار، بدأ الأزواج العراة بالرقص.|Smiley’s People|John le Carré|false|en|true
23:00|2300-018|الحادية عشرة|في تمام الساعة الحادية عشرة من تلك الليلة، وبعد أن حجز سريرًا في أحد الفنادق وأرسل عنوانه إلى والده فور وصوله، خرج إلى شوارع ساندبورن.|Tess of the d’Urbervilles|Thomas Hardy|true|en|true
23:00|2300-019|الحادية عشرة|في تمام الساعة الحادية عشرة، قرعتُ جرس منزل بيتريدج، وأخبرتُ السيد بليك أنه يستطيع أخيرًا أن يستعد للنوم.|The Moonstone|Wilkie Collins|true|en|true
23:00|2300-020|الحادية عشرة|"يقول: ""لقد قتلوا جان. ارحل.""<br>""الحقيبة؟"" أسأل.<br>""خذها بعيدًا. لا نريد أن يكون لنا أي علاقة بها الآن. استقل قطار الساعة الحادية عشرة.""<br>""لكنه لا يتوقف هنا...""<br>""بل سيتوقف. اذهب إلى الرصيف رقم ستة. مقابل محطة الشحن. لديك ثلاث دقائق.""<br>""لكن...""<br>""تحرك، وإلا سأضطر إلى اعتقالك."""|If on a Winter’s Night a Traveller|Italo Calvino|true|en|true
23:00|2300-021|الحادية عشرة| دقت الساعة الحادية عشرة. نظرتُ إلى أديل، التي كان رأسها مُستندًا على كتفي؛ بدأت عيناها تُثقلان، فحملتها بين ذراعي وذهبتُ بها إلى الفراش. اقتربت الساعة من الواحدة قبل أن يتوجه السادة والسيدات إلى غرفهم.|Jane Eyre|Charlotte Brontë|true|en|true
23:00|2300-022|في الحادية عشرة|وصل القطار إلى نيويورك في الحادية عشرة من تلك الليلة.|The Recognitions|William Gaddis|true|en|true
23:00|2300-023|الساعة 23:00|لم يجلسوا لتناول الطعام حتى الساعة 23:00.|Infinite Jest|David Foster Wallace|true|en|true
23:00|2300-024|الحادية عشرة|تركتُ سرد قصتي بينما كنا لا نزال نسير نحو الطبيب. وأخيرًا، عندما وصلنا إلى هناك، وجدناه لا يزال جالسًا في مكتبه، على الرغم من أن الساعة كانت الحادية عشرة.|The Hasheesh Eater|Fitz Hugh Ludlow|false|en|true
23:00|2300-025|الساعة الحادية عشرة|عندما وصلوا إلى قمة برج الفلك في الساعة الحادية عشرة، وجدوا ليلة مثالية لمراقبة النجوم، صافية وهادئة.|Harry Potter and the Order of the Phoenix|J.K. Rowling|true|en|true
23:00|2300-026|الحادية عشرة ليلاً|بمجرد أن تم ذلك، وعندما حلت الساعة الحادية عشرة ليلاً، وجد دون كيخوته آلة فيويلا في غرفته|Don Quijote de la Mancha|Miguel de Cervantes|true|es-ES|true
23:00|2300-027|١١ ليلاً|غادرنا الكهف في الساعة ١١ ليلاً.|El juguete rabioso|Roberto Arlt|true|es-AR|true
23:01|2301-000|الساعة الحادية عشرة ودقيقة واحدة| حدقت به. ثم، عندما أدركت أنه لم يكن يمزح، نظرت إلى جميع الساعات الصغيرة على أجهزة المطبخ. اتفقت جميعها: الساعة الحادية عشرة ودقيقة واحدة.|Dying for Millions|Judith Cutler|true|en|true
23:02|2302-000|11:02|"""نعم."" لم يسمح صوت بيرينا الحازم بأي جدال. ""انفجر في الساعة 11:07. كنت ستدخل في الساعة 11:02، بحيث كنت ستكون حينها في منتصف المسافة تمامًا بين البوابات."""|The Shadow and Night|Chris Walley|true|en|true
23:02|2302-001|١١:٠٢ مساءً| أنهيت المكالمة. نظرت في سجل المكالمات الأخيرة للتأكد من أنني اتصلت به. كان رقمه موجودًا هناك، بالإضافة إلى الوقت - ١١:٠٢ مساءً. أغلقت هاتفي ووضعته على الطاولة بجانب السرير. أطفأت المصباح وغفوت على الفور تقريبًا.|If It Bleeds|Stephen King|true|en|true
23:03|2303-000|الساعة الحادية عشرة وثلاثة دقائق|"ما الذي يجعلك تعتقد أنه حقيقي؟<br>""مجرد حدس، حقًا. بدا جادًا. أحيانًا يمكنك معرفة حقيقة الناس"" - ابتسم - ""حتى لو كنت شخصًا عاديًا من الطبقة الأرستقراطية البيضاء البروتستانتية.""<br>""أعتقد أنها مكيدة.""<br>""لماذا؟""<br>""أعتقد ذلك فحسب. لماذا قد يرغب شخص من الحكومة في مساعدتك؟""<br>""سؤال وجيه. أعتقد أنني سأكتشف ذلك.""<br>عادت إلى المطبخ. ""متى ستلتقي به؟"" نادت.<br>""الساعة الحادية عشرة وثلاثة دقائق،"" قال. ""هذا ما جعلني أعتقد أنه جاد. يحدد العسكريون ورجال الاستخبارات مواعيد دقيقة لتجنب أي لبس أو غموض. لا يوجد أي غموض في الساعة الحادية عشرة وثلاثة دقائق."""|Little Green Men|Christopher Buckley|true|en|true
23:04|2304-000|تجاوزت الحادية عشرة بأربع دقائق|خرج من شروده ولاحظ على الساعة الرقمية أنها قد تجاوزت الحادية عشرة بأربع دقائق. وبينما كان يقلب القنوات، لعن نفسه، ولعن ضعفه، ولعن قوى الشر التي كانت طليقة في هذه الأرض الملعونة.|The Lion’s Game|Nelson DeMille|true|en|true
23:05|2305-000|11:05|" ألقى غيتس نظرة خاطفة على ساعته على المنضدة بجانب السرير. كانت الساعة 11:05. ""ربما يكون تري وأصدقاؤه قد انتهوا من الحديث عن أسماك الزينة الاستوائية منذ حوالي نصف ساعة. لكنه معتاد على تأخري في العودة إلى المنزل."" ابتسمت. ""لذا، لا داعي للعجلة."""|Murderer’s Row|Ray Keating|true|en|true
23:05|2305-001|الساعة الحادية عشرة وخمس دقائق|الساعة الحادية عشرة وخمس دقائق؛ أقل من ربع ساعة قبل أن تنجح أميثيست أو تفشل|The Infinite Day|Chris Walley|true|en|true
23:05|2305-002|الساعة ١١:٠٥|كانت الساعة ١١:٠٥، أي بعد خمس دقائق من موعد نومي المعتاد. شعرتُ. شعرتُ بالذنب لكوني ما زلتُ مستيقظًا، لكن الماضي ظلّ يُؤرّقني، وعرفتُ أن جميع أحداث تلك الأيام التسعة عشر في يوليو كانت تُثيرني، مثل البلغم المتساقط في نوبة التهاب الشعب الهوائية.|The Go-Between|L. P. Hartley|true|en|true
23:05|2305-003|الحادية عشرة وخمس دقائق|كانت الساعة الحادية عشرة وخمس دقائق عندما سجلت آخر ما كتبته. أتذكر أنني شغّلت ساعتي ولاحظت الوقت. لقد أضعت خمس ساعات تقريبًا من الفترة القصيرة المتبقية لنا. من كان ليصدق ذلك؟ لكنني أشعر بنشاط أكبر، ومستعد لمصيري - أو أحاول إقناع نفسي بذلك. ومع ذلك، كلما كان الإنسان أكثر لياقة، وكلما ارتفع مستوى حياته، كلما ازداد خوفه من الموت. ما أحكم وأرحم تلك الطبيعة التي تُرخّي مرساة الإنسان الأرضية عادةً بسحبات صغيرة غير محسوسة، حتى ينجرف وعيه من مينائه الأرضي الذي لا يمكن الصمود فيه إلى البحر العظيم وراءه!|The Poison Belt|Sir Arthur Conan Doyle|true|en|true
23:05|2305-004|11:05|ساعتي تشير إلى 11:05. لكنني لا أعرف إن كان صباحًا أم مساءً.|Household Worms|Stanley Donwood|true|en|true
23:06|2306-000|الساعة الحادية عشرة وست دقائق|نظر إلى الساعة الكبيرة على الحائط ورأى أنها الساعة الحادية عشرة وست دقائق بالتوقيت المحلي. كان هذا هو الوضع الطبيعي.|Lightning|Dean Koontz|true|en|true
23:07|2307-000|11:07|"""نعم."" لم يسمح صوت بيرينا الحازم بأي جدال. ""انفجر في الساعة 11:07. كنت ستدخل في الساعة 11:02، بحيث كنت ستكون حينها في منتصف المسافة تمامًا بين البوابات."""|The Shadow and Night|Chris Walley|true|en|true
23:07|2307-001|١١:٠٧ مساءً|"في تمام الساعة ١١:٠٧ مساءً، كان صامويل ""غانر"" ويلسون يتحرك بسرعة ٦٤٥ ميلاً في الساعة فوق صحراء موهافي. في ضوء القمر، رأى أمامه محركي الدفع النفاثين الرئيسيين، ومحركات الاحتراق اللاحق لهما تتوهج بشدة في سماء الليل."|The Andromeda Strain|Michael Crichton|true|en|true
23:08|2308-000|11:08| رفع بصره ليرى الوقت على شريط البيانات على الحافة العلوية لخوذته: 11:08:23. عشر دقائق. واصلوا سيرهم بخطى غير ثابتة.|The Infinite Day|Chris Walley|true|en|true
23:08|2308-001|11:08|"قال ويلسون: ""هذه هي طلعتي الأولى. من الشرق إلى الغرب، في تمام الساعة 11:08. ننظر من كاميرا الجناح الأيسر التي تعمل بسرعة 96 إطارًا في الثانية. كما ترون، ينخفض ارتفاعي بسرعة."""|The Andromeda Strain|Michael Crichton|true|en|true
23:09|2309-000|11:09|" قال باول لموظفي مكتب المدعي العام: ""الساعة الآن 11:09. راقبوا الساعة فوق النموذج. إنها مصممة للتزامن مع الحركة البطيئة.""<br>في صمت مطبق، درس القسم القانوني مسرح الجريمة ودونوا ملاحظات بينما أعادت الروبوتات تمثيل أحداث حفلة بومونت المشؤومة."|The Demolished Man|Alfred Bester|true|en|true
23:10|2310-000|الساعة الحادية عشرة وعشر دقائق|هكذا قضيت ليلة عيد الميلاد من حوالي الساعة الحادية عشرة وعشر دقائق حتى الساعة الثانية صباحًا تقريبًا، ألعب ألعابًا لا تنتهي من الورق، وأستمع إلى فاغنر وبيتهوفن، وأسمع طقطقة وأزيز الحطب المحترق وأنا أبقي النار مشتعلة، وأشاهد ابن عمي يشرب بثبات حتى فرغت زجاجة الويسكي.|The Mistletoe Murder|P.D. James|true|en|true
23:10|2310-001|الحادية عشرة وعشر دقائق| تراجعت بسيارتها إلى الممر، وتأكدت من خلو الطريق، ثم اتجهت نحو الطريق السريع. الحادية عشرة وعشر دقائق. وقت كافٍ.<br>هذا ما فكرت به حينها.|If It Bleeds|Stephen King|true|en|true
23:10|2310-002|الحادية عشرة وعشر دقائق|يوم عيد ميلاد آخر يوشك على الانتهاء. إنها الحادية عشرة وعشر دقائق. رفض ريتشارد عرضي بشكرٍ لترتيب سرير له هنا في مكتبي، وانطلق عائدًا إلى كامبريدج، لذا أستطيع تدوين بعض الملاحظات عن اليوم قبل أن أخلد إلى النوم.|Deaf Sentence|David Lodge|true|en|true
23:10|2310-003|الساعة الحادية عشرة وعشر دقائق|لم تكن لديه القوة لمساعدة نفسه، وفي الساعة الحادية عشرة وعشر دقائق لم يكن بإمكان أحد مساعدته، لا أحد في العالم|Appointment in Samarra|John O’Hara|true|en|true
23:11|2311-000|الساعة ١١:١١ مساءً|آخر مكالمة مسجلة على هاتف الضحية كانت ليلة الأحد الساعة ١١:١١ مساءً. لم يرها أحد منذ تلك الليلة.|Vermillion Drift|William Kent Krueger|true|en|true
23:11|2311-001|١١:١١ مساءً|" تتغير الحياة بسرعة. تتغير الحياة في لحظة. تجلس لتناول العشاء، وتنتهي الحياة كما تعرفها. مسألة الشفقة على الذات. كانت تلك أول الكلمات التي كتبتها بعد حدوث ذلك. يُشير تاريخ الكمبيوتر على ملف Microsoft Word (""Notes on change.doc"") إلى ""٢٠ مايو ٢٠٠٤، ١١:١١ مساءً""، ولكن هذا كان بسبب فتحي للملف وضغطي على زر الحفظ بشكل تلقائي عند إغلاقه. لم أُجرِ أي تغييرات على ذلك الملف منذ أن كتبت الكلمات، في يناير ٢٠٠٤، بعد يوم أو يومين من وقوع الحادث. لفترة طويلة، لم أكتب شيئًا آخر. تتغير الحياة في لحظة. اللحظة العادية."|The Year of Magical Thinking|Joan Didion|true|en|true
23:12|2312-000|الحادية عشرة واثنتا عشرة دقيقة مساءً|ثم أرسلوا لي رسالة نصية في تمام الساعة الحادية عشرة واثنتا عشرة دقيقة مساءً ليخبروني أنهم لم يعثروا على شيء وأنهم عائدون إلى منازلهم لقضاء الليلة.|Deadly Cross|James Patterson|true|en|true
23:12|2312-001|23:12|تم إجراء عملية تحديد هوية مؤكدة من قبل الضابط السري 6475 في تمام الساعة 23:12 عند تقاطع شارع 147 وشارع أمستردام.|A Naked Singularity|Sergio De La Pava|true|en|true
23:13|2313-000|11:13|"ابتسمت فيرو. ""أ-أعتبر هذا موافقة. لذا دعني ألخص. وفقًا لمسارها وسرعتها الحالية، ستمر شفرة الليل خلف القمر بين الساعة 11:13 و11:22 مساءً بتوقيت القدس ليلة السابع عشر من فبراير. هذا بعد أربعة أيام. ستكون قريبة بما يكفي بحيث يغطي القمر قرص الأرض بالكامل في الساعة 11:18. هذا أمر بالغ الأهمية."""|The Infinite Day|Chris Walley|true|en|true
23:14|2314-000|الحادية عشرة وأربعة عشر|"عندما انتهوا من تناول البرغر، نظرت ميليسا إلى ساعتها، وهي ساعة بلاستيكية رقمية كبيرة تبدو وكأنها تخص طفلاً.<br>قالت ميليسا: ""الحادية عشرة وأربعة عشر. ما زال أمامنا أربع وأربعون دقيقة قبل نهاية العالم."""|The Glass Hotel|Emily St. John Mandel|true|en|true
23:15|2315-000|الحادية عشرة والربع|يقع الشاليه منعزلاً في نهاية وادٍ أعمى. في الأعلى، لا يوجد سوى الخزان، وخلفه النهر الجليدي الغادر. في تمام الساعة الحادية عشرة والربع، تستنتج أنه من المستحيل أن يكون نيك يتجول هناك، في هذا الطقس.|Echo|Thomas Olde Heuvelt|true|en|true
23:15|2315-001|١١:١٥|كنا نجلس لتناول الإفطار صباح أحد الأيام، أنا وزوجتي، عندما أحضرت الخادمة برقية. كانت من شرلوك هولمز، ونصها كالتالي:<br>هل لديك يومان فائضان؟ لقد تلقيت للتو برقية من غرب إنجلترا بخصوص مأساة وادي بوسكومب. سأكون سعيدًا لو أتيت معي. الجو والمناظر رائعة. غادر بادينغتون بحلول الساعة ١١:١٥.|The Adventures of Sherlock Holmes|Sir Arthur Conan Doyle|true|en|true
23:15|2315-002|١١:١٥ مساءً|"١١:١٥ مساءً. همم. اتصلت أمي للتو. ""آسفة يا عزيزتي. ليس برنامج نيوزنايت، بل برنامج أخبار الإفطار غدًا. هل يمكنكِ ضبطه على الساعة السابعة صباحًا غدًا، على قناة BBC1؟"""|Bridget Jones’s Diary|Helen Fielding|true|en|true
23:15|2315-003|الحادية عشرة والربع|عند وصولنا إلى المنزل في تمام الساعة الحادية عشرة والربع، وجدنا عربة تجرها الخيول، كانت تنتظرني لمدة ساعتين ومعها رسالة. قالت سارة إنها لا تعرف ماذا تفعل، لأننا لم نغادر العنوان الذي ذهبنا إليه.|The Diary of a Nobody|George and Weedon Grossmith|true|en|true
23:15|2315-004|بين الحادية عشرة وخمس عشرة دقيقة وست عشرة دقيقة| انتابتني رغبةٌ في النظر مرةً أخرى. كان عقرب الدقائق في منتصف المسافة بين الحادية عشرة وخمس عشرة دقيقة وست عشرة دقيقة. لا بد أن الساعة قد توقفت؛ وضعتها على أذني؛ لا، كانت لا تزال تعمل.|The Hasheesh Eater|Fitz Hugh Ludlow|false|en|true
23:16|2316-000|١١:١٦|أخيرًا، في تمام الساعة ١١:١٦، حضر وجلس في مكانه المحجوز على طاولة الباكارات. توقف ستيفن عن احتساء عصير الطماطم، وانتقل جان بيير وانتظر بصبر بجانب الطاولة حتى يغادر أحد الرجال الجالسين على يسار أو يمين هارفي.|Not a Penny More, Not a Penny Less|Jeffrey Archer|true|en|true
23:16|2316-001|١١:١٦ مساءً|لكنني لم أستطع الخروج من المنزل فورًا لأنه سيرى، لذا كان عليّ الانتظار حتى ينام.<br>كانت الساعة ١١:١٦ مساءً.<br>حاولت مضاعفة العدد ٢ مرة أخرى، لكنني لم أستطع تجاوز ٢(١٥) الذي يساوي ٣٢٧٦٨. لذا تأوهت لأجعل الوقت يمر أسرع ولا أفكر.|The Curious Incident of the Dog in the Night-Time|Mark Haddon|true|en|true
23:17|2317-000|11:17| حاول ميرال تحرير رأسه، فألقى نظرة خاطفة على الوقت في شريط بيانات خوذته. 11:17:45. أقل من دقيقة. سيرسلون الآن تحذيرات التوهج الشمسي.|The Infinite Day|Chris Walley|true|en|true
23:18|2318-000|11:18|"ابتسمت فيرو. ""أ-أعتبر هذا موافقة. لذا دعني ألخص. وفقًا لمسارها وسرعتها الحالية، ستمر شفرة الليل خلف القمر بين الساعة 11:13 و11:22 مساءً بتوقيت القدس ليلة السابع عشر من فبراير. هذا بعد أربعة أيام. ستكون قريبة بما يكفي بحيث يغطي القمر قرص الأرض بالكامل في الساعة 11:18. هذا أمر بالغ الأهمية."""|The Infinite Day|Chris Walley|true|en|true
23:18|2318-001|11:18|الساعة الآن 11:18. صف من المنازل الصغيرة على شكل دائرة مع مجموعة من أشجار الأرز في المنتصف.|Trumpet|Jackie Kay|true|en|true
23:19|2319-000|11:19| قاطعت صفارة حادة كلماته. جثا بيتر على ركبتيه لينظر من النافذة، وحدقت به الآنسة فولر. نظرت بولي إلى ساعتها: 11:19. القطار. لكن رئيس المحطة قال إنه دائمًا متأخر.|Blackout|Connie Willis|true|en|true
23:20|2320-000|الحادية عشرة وعشرون دقيقة|اتضح لاحقًا أنه في نفس المساء، في تمام الساعة الحادية عشرة وعشرون دقيقة، قام بزيارة أخرى غريبة وغير متوقعة. استمر المطر بالهطول. دخل، وقد تبلل تمامًا، إلى الشقة الصغيرة التي يسكنها والدا خطيبته، في شارع الثالث بجزيرة فاسيليفسكي.|Crime and Punishment|Fyodor Dostoyevsky|true|en|true
23:20|2320-001|الحادية عشرة وعشرون دقيقة|انطلق من جزيرة بالبوا جنوبًا بالسيارة إلى شاطئ لاجونا. وفي تمام الساعة الحادية عشرة وعشرون دقيقة، أوقف شاحنته الصغيرة على الجانب الآخر من الشارع مقابل منزل هدستون.|Watchers|Dean Koontz|true|en|true
23:20|2320-002|الحادية عشرة وعشرون دقيقة|" نظر هارفي إلى الساعة، التي كانت تشير إلى الحادية عشرة وعشرون دقيقة. ""إذن سأنام هنا حتى الثالثة وألحق بقطار الشحن الساعة الرابعة. عادةً ما يسمحون لنا نحن رجال الأسطول بالركوب مجانًا."""|Captains Courageous|Rudyard Kipling|true|en|true
23:21|2321-000|11:21 مساءً|لم تُظهر الشرطة السويدية أي تميز يُذكر. قُتل بالم في الساعة 11:21 مساءً، لكن الأمر بمراقبة الطرق لم يصدر إلا في الساعة 12:50، وحتى حينها لم يتم إبلاغ رجال الشرطة في سيارات الدورية بما يبحثون عنه، ولم تُغلق المطارات إلا في الساعة 1:05 صباحًا.|Neither Here, Nor There|Bill Bryson|true|en|true
23:22|2322-000|11:22 مساءً|"ابتسمت فيرو. ""أ-أعتبر هذا موافقة. لذا دعني ألخص. وفقًا لمسارها وسرعتها الحالية، ستمر شفرة الليل خلف القمر بين الساعة 11:13 و11:22 مساءً بتوقيت القدس ليلة السابع عشر من فبراير. أي بعد أربعة أيام. ستكون قريبة بما يكفي بحيث يغطي القمر قرص الأرض بالكامل في الساعة 11:18. هذا أمر بالغ الأهمية."""|The Infinite Day|Chris Walley|true|en|true
23:22|2322-001|الحادية عشرة واثنتان وعشرون دقيقة|بدأ المطر بالهطول مجدداً، فجلست هناك والستائر مفتوحة، تحدق في قطرات المطر على الزجاج.<br>كانت الساعة الآن الحادية عشرة واثنتان وعشرون دقيقة.<br>كانت تعرف شيئاً واحداً بيقين تام: أنها لا تريد أن تصل إلى الغد. نهضت. وجدت قلماً وورقة.<br>قررت أنه وقت مناسب جداً للموت.|The Midnight Library|Matt Haig|false|en|true
23:22|2322-002|الساعة ١١:٢٢|في تمام الساعة ١١:٢٢، سلّم تذكرته لحارسٍ متثائب، ونزل درجًا خشبيًا طويلًا إلى موقف السيارات. هبّت نسمةٌ خفيفةٌ وأسقطت أوراق شجرة، فتذكر الفتاة ذات الشعر الأشقر. كانت دراجته ملقاةً حيث تركها.|Dreams of Leaving|Rupert Thomson|true|en|true
23:23|2323-000|الساعة الحادية عشرة وثلاث وعشرون دقيقة|بحلول الوقت الذي أقر فيه القفل الثاني بالهزيمة بنقرة، كانت الأمور لا تزال تسير بسلاسة. نظر كوينتن إلى ساعته: الساعة الحادية عشرة وثلاث وعشرون دقيقة.|The Discovery of Heaven|Harry Mulisch|true|en|true
23:24|2324-000|١١:٢٤ مساءً|١١:٢٤ مساءً<br>كان ويليم فورست يقود طائرة سيسنا بينما كانت تشق طريقها عبر ليل بحر إيجة، متجهةً نحو ٢١٠ درجة مع اقترابها السريع من أنديكيثيرا. كان يحافظ على ارتفاعها عند خمسمائة متر، وسرعتها الجوية أقل بقليل من مئة عقدة، بالكاد فوق سرعة التوقف.|Project Cyclops|Thomas Hoover|true|en|true
23:25|2325-000|١١:٢٥ مساءً|حسنًا، إستيل، سأكون في مطار نيس الساعة ١١:٢٥ مساءً يوم السبت، الخطوط الجوية البريطانية: هل يمكنكِ إرسال السائق؟|Other People’s Money|Justin Cartwright|true|en|true
23:25|2325-001|الحادية عشرة وخمس وعشرين دقيقة| لاختبار شدة الضوء الذي لم يستطع تحديد طبيعته وسببه، أخرج ساعته ليرى ما إذا كان بإمكانه تمييز الأرقام على الميناء. كانت الأرقام واضحة للعيان، وأشارت العقارب إلى الساعة الحادية عشرة وخمس وعشرين دقيقة. في تلك اللحظة، اشتعل الضوء الغامض فجأةً إلى وهج شديد، يكاد يكون مبهرًا...|A Wireless Message|Ambrose Bierce|true|en|true
23:26|2326-000|١١:٢٦ مساءً|لوس أنجلوس. ١١:٢٦ مساءً. في غرفة حمراء داكنة - لون جدرانها قريب من لون الكبد النيء - امرأة طويلة ترتدي ملابس كاريكاتورية عبارة عن شورت حريري ضيق للغاية، صدرها مرفوع ومضغوط للأمام بواسطة بلوزة صفراء مربوطة تحته.|American Gods|Neil Gaiman|false|en|true
23:27|2327-000|١١:٢٧ مساءً|في تمام الساعة ١١:٢٧ مساءً، غادر جان بيير بهدوء وعاد إلى عزلته في غرفته بالفندق حيث بقي حتى الساعة ١١ صباحًا من اليوم التالي. لم يتصل بأحد ولم يستخدم خدمة الغرف.|Not a Penny More, Not a Penny Less|Jeffrey Archer|true|en|true
23:27|2327-001|الساعة 23:27|"يخبر صديقه القديم بمواعيد القطارات ويتفقان على قطار الساعة 19:45 الذي يصل الساعة 23:27. ""سأحجز لنا في فندق فرانسيس دريك الفاخر للغاية. مياه جارية في عدة غرف. هل لديك هاتف جوال؟"""|Other People’s Money|Justin Cartwright|true|en|true
23:28|2328-000|١١:٢٨ مساءً|الاثنين ١١:٢٨ مساءً<br>كان الأمر مثالياً. تناولوا العشاء في دفيئة قوطية مغطاة باللبلاب في حديقة نُزُل يعود للقرن التاسع عشر، حيث كان النُدُل يتحركون بسرعة، وكان مدير المطعم يحوم حولهم، وكان ساقي النبيذ يومئ بتملق في كل مرة يمر فيها بجانب طاولتهم. لقد كان أفضل من زيارتهم الأولى.|Project Daedalus|Thomas Hoover|true|en|true
23:29|2329-000|الساعة الحادية عشرة وتسع وعشرين دقيقة|مع تنهيدة ارتياح لأنها لم تفوت الموعد النهائي، تسللت بين الأغطية في تمام الساعة الحادية عشرة وتسع وعشرين دقيقة وأطفأت النور على الفور.|Belle du Seigneur|Albert Cohen|true|en|true
23:30|2330-000|الحادية عشرة والنصف|دخل غرفة نومهما بعد الحادية عشرة والنصف بقليل. كان قد خلع حذاءه الموحل في الطابق السفلي، وكان يحاول أن يكون هادئًا، لكنه سمع حفيف أغطية السرير في الظلام وعرف أنها مستيقظة.|If It Bleeds|Stephen King|true|en|true
23:30|2330-001|الحادية عشرة والنصف|وهكذا، حوالي الساعة الحادية عشرة والنصف، وجدت نفسي أستقل حافلة الجادة الخامسة متجهةً إلى القرية، وعنوان شارع هوبارت وبلاك ويل في جيبي، مكتوبًا على صفحة من إحدى دفاتر الملاحظات المزخرفة التي كانت السيدة باربور تحتفظ بها بجانب الهاتف.|The Goldfinch|Donna Tartt|true|en|true
23:30|2330-002|الحادية عشرة والنصف ليلاً|"""سأكون أحمق إن لم يكن هنا في الحادية عشرة والنصف ليلاً، يتسكع في الظلام بمقص وكيس ورقي."""|One Flew Over the Cuckoo’s Nest|Ken Kesey|false|en|true
23:30|2330-003|2330|قام بتحميل المشغل وتشغيل جهاز العرض، وسمع صوت طقطقة ركبتيه مرة أخرى وهو يجلس القرفصاء لضبط الإشارة على 2330.|Infinite Jest|David Foster Wallace|true|en|true
23:30|2330-004|الحادية عشرة والنصف|كان يستقل حافلة الليل المتجهة إلى الدار البيضاء، تلك التي تغادر الشاطئ في الحادية عشرة والنصف.|Midnight Mass & Other Stories (The Dismissal)|Paul Bowles|true|en|true
23:30|2330-005|الحادية عشرة والنصف|كان من المقرر أن يغادر قارب بيكتون في تمام الساعة الحادية عشرة والنصف. كانت ليلة جميلة، معتدلة، مرصعة بالنجوم، فقط عندما خرجوا من الكابينة وبدأوا في السير على طول الرصيف القديم الممتد إلى الميناء، هبت نسمة خفيفة من الماء عبثت تحت قبعة فينيلا، فرفعت يدها لتثبيتها.|The Voyage|Katherine Mansfield|true|en|true
23:30|2330-006|الحادية عشرة والنصف|تشير ساعة السفينة في البار إلى الحادية عشرة والنصف. الحادية عشرة والنصف هو وقت الافتتاح. ظلت عقارب الساعة ثابتة عند الحادية عشرة والنصف لمدة خمسين عامًا.|Under Milk Wood|Dylan Thomas|true|en|true
23:31|2331-000|تسع وعشرون دقيقة قبل منتصف الليل|إنها تسع وعشرون دقيقة قبل منتصف الليل. يعمل دار رعاية الدكتور نارليكار بطاقم عمل محدود للغاية؛ فهناك العديد من الغائبين، والعديد من الموظفين الذين فضلوا الاحتفال بميلاد الأمة الوشيك، ولن يحضروا ولادة الأطفال هذه الليلة.|Midnight’s Children|Salman Rushdie|true|en|true
23:32|2332-000|بعد حوالي ثمانية وعشرين دقيقة ستكون منتصف الليل.|هذا المساء. هذه الليلة. إنها ليلة رأس السنة. بعد حوالي ثمانية وعشرين دقيقة ستكون منتصف الليل. لا يزال لدي ثمانية وعشرون دقيقة متبقية. عليّ أن أستجمع أفكاري. في تمام الساعة الثانية عشرة، يجب أن أنتهي من التفكير.|The Evenings|Gerard Reve|true|en|true
23:32|2332-001|١١:٣٢ مساءً|"ثم بدأ المطر، فابتلتُ وبدأت أرتجف من البرد.<br>ثم كانت الساعة ١١:٣٢ مساءً، وسمعتُ أصوات أناس يسيرون في الشارع.<br>وسمعتُ صوتًا يقول: ""لا يهمني إن كنتَ تعتقد أن الأمر مضحك أم لا""، وكان صوت سيدة."|The Curious Incident of the Dog in the Night-Time|Mark Haddon|true|en|true
23:33|2333-000|١١:٣٣ مساءً|١١:٣٣ مساءً<br>قلصت العاصفة الرؤية إلى الحد الأدنى، وما زال جهاز رصد برك المياه في الأسفل لا يستجيب.|Project Cyclops|Thomas Hoover|true|en|true
23:33|2333-001|قبل منتصف الليل بسبع وعشرين دقيقة| نحن الآن في كولابا كوزواي، للحظة فقط، لنكشف أنه قبل منتصف الليل بسبع وعشرين دقيقة، تبحث الشرطة عن مجرم خطير. اسمه: جوزيف دي كوستا. الممرض غائب، غائب منذ عدة أيام، عن عمله في دار رعاية المسنين، عن غرفته القريبة من المسلخ، وعن حياة مريم العذراء المكلومة.|Midnight’s Children|Salman Rushdie|false|en|true
23:34|2334-000|الحادية عشرة وأربعة وثلاثون دقيقة|الحادية عشرة وأربعة وثلاثون دقيقة. نقف على الرصيف أمام شقة جين في الجانب الشرقي العلوي. ينظر إلينا بوابها بحذر ويملأني برعبٍ مبهم، تخترقني نظراته من الردهة. ستارة من النجوم، تمتد لأميال، متناثرة، متوهجة، عبر السماء، وكثرتها تُشعرني بالرهبة، وهو أمر يصعب عليّ تحمله. هزت كتفيها وأومأت برأسها بعد أن قلت شيئًا عن أشكال القلق. يبدو الأمر كما لو أن عقلها يجد صعوبة في التواصل مع فمها، كما لو أنها تبحث عن تحليل منطقي لمن أكون، وهو أمر مستحيل بالطبع: لا يوجد... مفتاح.|American Psycho|Bret Easton Ellis|true|en|true
23:34|2334-001|الساعة الحادية عشرة وأربعة وثلاثين دقيقة|استعاد ريتشر مسدسه G36 من تحت نافذة بار الصالون في تمام الساعة الحادية عشرة وأربعة وثلاثين دقيقة، وانطلق عائدًا سيرًا على الأقدام على الطريق، معتقدًا أن ذلك سيجعل رحلة العودة أسرع.|The Hard Way|Lee Child|true|en|true
23:35|2335-000|الحادية عشرة وخمس وثلاثون دقيقة|كان خلف السيارة على دراجة نارية لعدة أميال ورآها تدخل للتوقف عند الأحجار. كان ذلك حوالي الساعة الحادية عشرة وخمس وثلاثون دقيقة يوم الجمعة. لم يكن في السيارة سوى شخص واحد، وأطفأ السائق الأنوار عند توقفه.|The Private Patient|P.D. James|true|en|true
23:35|2335-001|الحادية عشرة وخمس وثلاثون دقيقة|ثم في تمام الساعة الحادية عشرة وخمس وثلاثون دقيقة، فُتح الباب الخلفي للقاعة ودخل رقيب شرطة وثلاثة من رجال الشرطة، برفقة باجوت.|Hamlet, Revenge!|Michael Innes|true|en|true
23:35|2335-002|١١:٣٥ مساءً|اتصلت باربي بالشرطة، وتم إرسال سيارة من مركز شرطة هافرستوك هيل في تمام الساعة ١١:٣٥ مساءً. وصلت السيارة إلى منزل عائلة بيرنسون في أقل من ثلاث دقائق.|The Silent Patient|Alex Michaelides|true|en|true
23:36|2336-000|2336|ثم يطرق غرين الباب الأمامي في الساعة 2336 — يتعين على غيتلي تسجيل الوقت بدقة، ثم يعود إليه القرار بشأن فتح الباب.|Infinite Jest|David Foster Wallace|true|en|true
23:37|2337-000|الحادية عشرة وسبع وثلاثون دقيقة مساءً|كان آخر اتصال مع سفينة تيزديل في الساعة الحادية عشرة وسبع وثلاثون دقيقة مساءً، أي قبل يوم ونصف تقريبًا، عندما أبلغ القبطان محطة خفر السواحل في دولوث أنه سيغير مسار السفينة للبحث عن ملجأ في ظل جزر الرسول. ولعدم حدوث أي اتصال آخر، فقد افترض أن ناقلة الخام قد وصلت بسلام وتنتظر انحسار العاصفة.|Purgatory Ridge|William Kent Krueger|true|en|true
23:38|2338-000|بين الساعة ١١:٣٥ و١١:٤٠|شوهدت سيارة فورد فوكس تحمل لوحة ترخيص W341 UDG متوقفة بالقرب من المنزل بين الساعة ١١:٣٥ و١١:٤٠ ليلة وفاتها.|The Private Patient|P.D. James|true|en|true
23:38|2338-001|٢٢ دقيقة حتى منتصف الليل|"أفاد جون وراندي بالشيء نفسه.<br>""إنها ٢٢ دقيقة حتى منتصف الليل،"" أضافت راندي. ""الوقت ضيق للغاية.""<br>انطلقوا مسرعين نحو الدرج الطويل المظلم المنحني الذي بدا وكأنه يهوي إلى ما لا نهاية مظلمة."|The Paris Option|Robert Ludlum|true|en|true
23:39|2339-000|الحادية عشرة وتسع وثلاثون دقيقة|"سأل رايث: ""ما الوقت؟""<br>أجاب الحارس الشخصي: ""الحادية عشرة وتسع وثلاثون دقيقة يا سيدي.""<br>""حسنًا، لا يزال هناك وقت."" سار نحو مجموعة من الوسائد في الزاوية البعيدة من الغرفة، وأدركت أنها كانت مبعثرة حول منصة حجرية صغيرة مرتفعة."|Blood Rites|Jim Butcher|true|en|true
23:39|2339-001|١١:٣٩|"هناك همسة على الخط في الساعة ١١:٣٩<br>عندما يكون قطار البريد الليلي جاهزًا للمغادرة، تقول: ""سكيمبل، أين سكيمبل؟ هل ذهب للبحث عن الكشتبان؟ يجب أن نجده وإلا لن يتمكن القطار من الانطلاق."""|Old Possum’s Book of Practical Cats|T.S. Eliot|true|en|true
23:40|2340-000|تقارب الثانية عشرة إلا عشرين دقيقة|كانت الساعة تقارب الثانية عشرة إلا عشرين دقيقة. حينها سمعت صوت المصعد. إنه مقابل جناح الأخت - حسنًا، أتوقع أنك رأيته. سمعتُ فقط صوت ارتطام الأبواب الخفيف، ثم صوتًا أشبه بالخرخرة أثناء نزوله.|The Private Patient|P.D. James|true|en|true
23:40|2340-001|٢٠ دقيقة حتى منتصف الليل|" لاحظ غرانت الوقت. ""باقي ٢٠ دقيقة حتى منتصف الليل. من يريد مساعدتي في توزيع الكؤوس وسكب الشمبانيا؟"""|Warrior Monk|Ray Keating|true|en|true
23:40|2340-002|١١:٤٠ مساءً|ذهبتُ إلى المطبخ لأختار زجاجة أخرى، وقررتُ تقليل استهلاكي للكحول في اليوم التالي للتعويض. ثم رأيتُ الساعة: ١١:٤٠ مساءً. رفعتُ سماعة الهاتف وطلبتُ سيارة أجرة. مع قليل من الحظ، ستصل قبل بدء احتساب تعرفة ما بعد منتصف الليل.|The Rosie Project|Graeme Simsion|true|en|true
23:40|2340-003|قبل منتصف الليل بعشرين دقيقة|قبل منتصف الليل بعشرين دقيقة، وقبل أن ينهي أوليفر الاحتفالات، استسلمت لاندفاعها وأرسلت رسالة نصية إلى ابنها، تذكره بموعد حظر التجول المتفق عليه بينهما.|Behind the Lie|Emilya Naymark|true|en|true
23:40|2340-004|11:40|لدينا جميعًا الخرائط والأجهزة المختلفة المتاحة. سأغادر أنا والبروفيسور فان هيلسينج على متن قطار الساعة 11:40 الليلة إلى فيريستي، حيث سنستأجر عربةً للذهاب إلى ممر بورجو. نحمل معنا مبلغًا كبيرًا من المال، لأننا سنشتري عربةً وخيولًا.|Dracula|Bram Stoker|true|en|true
23:41|2341-000|11:41| بمجرد عودته إلى مقعد القيادة، نظر إلى ساعته: 11:41. لا يوجد سبب يمنعه من الوصول إلى شيلينغفورد في غضون ساعتين، على الرغم من أنه كان يعلم أن والده سيكون يذرع الممر ذهابًا وإيابًا قبل ذلك بوقت طويل.|Best Kept Secret|Jeffrey Archer|true|en|true
23:41|2341-001|١١:٤١|بعد قليل، صفى ذهنه، لكن رأسه وذراعيه وجسده كانت تؤلمه. لفتت انتباهه الأرقام الفسفورية على ساعته. حدق فيها. كانت الساعة ١١:٤١. أتذكر... ماذا أتذكر؟|Noble House|James Clavell|true|en|true
23:42|2342-000|11.42|يُفتح الباب الأمامي. يدق قلبها بشدة. تنظر إلى الساعة في أسفل يمين شاشتها. 11.42|The Woman Downstairs|Elisabeth Carpenter|true|en|true
23:42|2342-001|الساعة 11:42|في تمام الساعة 11:42، تكون الإشارة على وشك الانطلاق، والركاب في حالة ذعر شديد، ثم سيظهر سكيمبل ويتجه ببطء إلى الخلف:|Old Possum’s Book of Practical Cats|T.S. Eliot|true|en|true
23:43|2343-000|الساعة 11:43|الساعة 11:43. في غضون أربع دقائق تقريبًا، ستموت إيما.|Blood Rites|Jim Butcher|true|en|true
23:43|2343-001|الحادية عشرة وثلاث وأربعون دقيقة|أخبرته الساعة أنها الحادية عشرة وثلاث وأربعون دقيقة، وفي تلك اللحظة، في ومضة من الإدراك، فهم مونغو ما هي الأرقام في نهاية رسائل مركز موسكو|Talking to Strange Men|Ruth Rendell|true|en|true
23:44|2344-000|الساعة الحادية عشرة وأربع وأربعين دقيقة|في تمام الساعة الحادية عشرة وأربع وأربعين دقيقة من ليلة أمس، طعن شخص ما هذه الفتاة في رقبتها بسكين مطبخ، وبعد ذلك مباشرة غرز السكين نفسه في جمجمتها، حيث استقر.|Dead Famous|Ben Elton|false|en|true
23:45|2345-000|الثانية عشرة إلا ربعًا|كانت الساعة تشير إلى الثانية عشرة إلا ربعًا عندما انتهت الصلاة. عندما وصل الأسقف إلى منزله، خلع ملابسه وذهب إلى الفراش على الفور دون أن يصلي صلاته.|The Bishop|Anton Pavlovich Chekhov|true|en|true
23:45|2345-001|بقيت خمس عشرة دقيقة على منتصف الليل| بقيت خمس عشرة دقيقة على منتصف الليل، عندما ألقى الموتى -بحسب سيليا- بأغطية توابيتهم كما لو كانت بطانيات. توقف عن ذلك، قال مات لنفسه.|The House of the Scorpion|Nancy Farmer|true|en|true
23:45|2345-002|منتصف الليل إلا ربعًا| تستمر خطة بيلي حتى منتصف الليل إلا ربعًا. كان يشاهد فيلمًا حركيًا وهو يرتدي ملابسه الداخلية، وعلى الرغم من أن الحبكة بسيطة - شيء ما عن رجل يسعى للانتقام من الرجال الذين قتلوا كلبه - إلا أن بيلي فقد تركيزه. قرر إنهاء الأمر.|Billy Summers|Stephen King|true|en|true
23:45|2345-003|الحادية عشرة وثلاثة أرباع| دقت ساعات الكنيسة الحادية عشرة وثلاثة أرباع، بينما ظهر شخصان على جسر لندن. أحدهما، الذي تقدم بخطى سريعة وثابتة، كان امرأة تنظر حولها بشوق كما لو كانت تبحث عن شيء ما؛ أما الشخص الآخر فكان رجلاً...|Oliver Twist|Charles Dickens|true|en|true
23:45|2345-004|الثانية عشرة إلا ربع|"وصلنا أخيرًا إلى ممر السحب، وهذا أسعدنا لأننا قبل ذلك لم نكن متأكدين مما إذا كنا نسير باتجاه النهر أم بعيدًا عنه، وعندما تكون متعبًا وتريد الذهاب إلى الفراش، فإن مثل هذه الشكوك تقلقك. مررنا ببحيرة شيبليك بينما كانت الساعة تدق الثانية عشرة إلا ربع، ثم قال جورج متأملًا: ""ألا تتذكر أيًا من الجزر كانت؟"""|Three Men in a Boat|Jerome K. Jerome|true|en|true
23:46|2346-000|١١:٤٦ مساءً|في صالة كيسميت، يرى السيد إيرلي فجأةً، في حالة من الرعب، أن الساعة ١١:٤٦ مساءً. لقد مكث في هذا المكان وقتًا أطول بكثير مما كان يخطط له، وشرب أكثر مما كان يخطط له. يا للعار! ماذا لو كانت ابنته الصغيرة تبكي عليه بحرقة في فندق إي-زي؟|Doll: A Romance of the Mississippi|Joyce Carol Oates|true|en|true
23:47|2347-000| قبل الظهر بثلاث عشرة دقيقة أو منتصف الليل| لأن اللعنتين اللتين حلتا هنا في شيكاغو وصلتا في الساعة الحادية عشرة وسبع وأربعين دقيقة صباحًا، وقريبتين جدًا من ذلك الليلة الماضية. أضف ساعتين إلى عدد الوفيات في كاليفورنيا لمراعاة اختلاف المناطق الزمنية. أُرسلت اللعنة في نفس الوقت. قبل الظهر بثلاث عشرة دقيقة أو منتصف الليل.|Blood Rites|Jim Butcher|false|en|true
23:47|2347-001|ثلاث عشرة دقيقة قبل منتصف الليل|لو أنه نظر إلى ساعته، لرأى أنها ثلاث عشرة دقيقة قبل منتصف الليل. ولو أنه كان مهتمًا بما يجري، لسمع أصوات وبكاء الرجال المذعورين.|Dead Soldiers Don’t Sing|Rudolf Jašík|true|en|true
23:48|2348-000|يقترب من منتصف الليل|كان الوقت يقترب من منتصف الليل.<br>أخذ تورفيك الدمية التي تُركت على الأريكة في غرفة الدراسة، بعد أن قام أولاً بإصلاح قدمها المكسورة.|The Hammer of God|Bo Giertz|true|en|true
23:48|2348-001|قرب منتصف الليل|كان الوقت قرب منتصف الليل عندما غادرت القصر في سلة ملابس يحملها حمالان، مغطاة بملابسها الداخلية المتسخة التي كان من المفترض أن تُنقل إلى الغسالة.|Forever Amber|Kathleen Windsor|true|en|true
23:48|2348-002|١١:٤٨ مساءً|رتب ليتل رحلة طيران خاصة. طلب من الطيار أن يقود بأقصى سرعة. اهتزت الطائرة الصغيرة ذات المقعدين بشدة - لم يصدق كيمبر ذلك. كانت الساعة ١١:٤٨ مساءً. كانوا على بعد ستة وثلاثين ساعة من موعد الانطلاق.|American Tabloid|James Ellroy|false|en|true
23:49|2349-000|إحدى عشرة دقيقة قبل منتصف الليل|هز توم كتفيه. دفع كم قميصه الوردي المكشكش إلى الخلف، ورأى أن الساعة تشير إلى إحدى عشرة دقيقة قبل منتصف الليل. أنهى توم قهوته.|The Boy Who Followed Ripley|Patricia Highsmith|true|en|true
23:50|2350-000|عشر دقائق قبل منتصف الليل| كانت الساعة على الحائط تشير إلى عشر دقائق قبل منتصف الليل. أراد كورك أن يعيد عقارب الساعة إلى الوراء، وأن يفعل كل شيء بشكل مختلف، وأن يكون في جميع الأماكن الصحيحة في جميع الأوقات الصحيحة. أراد فرصة ثانية في الأيام القليلة الماضية. السنوات القليلة الماضية.|Purgatory Ridge|William Kent Krueger|true|en|true
23:50|2350-001|يحتاج إلى عشر دقائق، بالكاد أكثر، حتى منتصف الليل الرهيب|" قال مازحًا: ""يا سيد ماكلير، أنا سعيد لأنك تمكنت من الإفلات من انتهاك حرمة السبت! لقد نجوت بأعجوبة! إنه يحتاج إلى عشر دقائق، بالكاد أكثر، حتى منتصف الليل الرهيب!"""|Salted with Fire|George MacDonald|true|en|true
23:50|2350-002|١١:٥٠ مساءً|في تمام الساعة ١١:٥٠ مساءً، نهضتُ بهدوء شديد، وأخذتُ أغراضي من تحت السرير، وفتحتُ الباب مليمترًا واحدًا في كل مرة، حتى لا يُصدر أي صوت.|Extremely Loud and Incredibly Close|Jonathan Safran Foer|true|en|true
23:51|2351-000|الثانية عشرة إلا تسع دقائق| نظرت فيرجينيا إلى ساعتها: الثانية عشرة إلا تسع دقائق. لقد أوفت بوعدها. ضغطت جرس الباب وانتظرت حتى رأت ضوءًا في الطابق الثالث يضيء.|This Was a Man|Jeffrey Archer|true|en|true
23:51|2351-001|11:51|" قال سميث وهو يلهث: ""من المقرر وصولنا إلى واترلو في تمام الساعة 11:51. هذا يمنحنا 39 دقيقة للوصول إلى الضفة الأخرى من النهر والوصول إلى فندقه."""|The Mystery of Dr. Fu Manchu|Sax Rohmer|true|en|true
23:52|2352-000|١١:٥٢ مساءً|"ثم تعطل جهاز الفيديو.<br>سمعت صوت العجلات تدور، ثم أزيزًا، ثم صريرًا، ثم توقف. ضغطت على زر ""إخراج"" ولم يحدث شيء. عبثت بجميع الأزرار. فصلت الجهاز عن الكهرباء وأعدت توصيله. حملته وهززته. ضربته بمؤخرة يدي، ثم بحذائي. لم يكن شيء يعمل. في الخارج، كان الظلام حالكًا. أشار هاتفي إلى أنها الساعة ١١:٥٢ مساءً من يوم ٦ يناير."|My Year of Rest and Relaxation|Ottessa Moshfegh|true|en|true
23:52|2352-001|ثماني دقائق قبل منتصف الليل|كانت ثماني دقائق قبل منتصف الليل. وقتٌ جميل، قلتُ لنفسي. في الداخل، كان كل شيء هادئًا ومظلمًا. رائع. ذهبتُ إلى البار وأحضرتُ كوبًا، وقارورة صودا، وزجاجة غلين غرانت، وتناولتُ مشروبًا خفيفًا وحبة دواء، وجلستُ في غرفة الطعام العامة لأنتظر الدقيقتين المتبقيتين.|The Green Man|Kingsley Amis|true|en|true
23:53|2353-000|سبع دقائق قبل منتصف الليل|"""بالتأكيد يا عزيزي. أنا فقط أعيد المزهريات."" نظرت إلى ساعتها مرة أخرى. ""أعتقد أنك ستجد أنها سبع دقائق قبل منتصف الليل، لذلك فقد وفيت بوعدي."""|This Was a Man|Jeffrey Archer|true|en|true
23:53|2353-001|يقترب من منتصف الليل|كان الوقت يقترب من منتصف الليل.<br>أخذ تورفيك الدمية التي تُركت على الأريكة في غرفة الدراسة، بعد أن قام أولاً بإصلاح قدمها المكسورة.|The Hammer of God|Bo Giertz|true|en|true
23:53|2353-002|قرب منتصف الليل|كان الوقت قرب منتصف الليل عندما غادرت القصر في سلة ملابس يحملها حمالان، مغطاة بملابسها الداخلية المتسخة التي كان من المفترض أن تُنقل إلى الغسالة.|Forever Amber|Kathleen Windsor|true|en|true
23:53|2353-003|يقترب من منتصف الليل|كان الوقت يقترب من منتصف الليل، وكان رئيس الوزراء يجلس وحيدًا في مكتبه، يقرأ مذكرة طويلة تتلاشى من ذهنه دون أن تترك أثرًا يُذكر للمعنى.|Harry Potter and the Half-Blood Prince|J.K. Rowling|true|en|true
23:53|2353-004|منتصف الليل يقترب|منتصف الليل يقترب، وبينما انقضت ذروة النشاط، يستمر التمثيل الغذائي الأساسي الذي يحافظ على الحياة دون أن يضعف، منتجًا صوتًا رتيبًا أشبه بأنين المدينة، صوت لا يرتفع ولا ينخفض ولكنه يحمل في طياته نذير شؤم.|After Dark|Haruki Murakami|true|en|true
23:54|2354-000|١١:٥٤ مساءً|كانت ساعته تشير إلى الساعة ١١:٥٤ مساءً بتوقيت شرق الولايات المتحدة القياسي. كانت الساعة قد اقتربت من السادسة صباحًا في روما. غادر مدينة تجمدت بفعل عاصفة يناير القاسية، بعد موسم عيد ميلاد كئيب وماطر.|Conclave|Greg Tobin|true|en|true
23:55|2355-000|الحادية عشرة وخمس وخمسون دقيقة|"بدأت الفرقة بالعزف على أغنية ""أولد لانغ ساين"".<br>قالت وهي تنظر إلى الساعة الذهبية على قلادتها: ""الحادية عشرة وخمس وخمسون دقيقة. أنا حقًا أحب أغنية ""أولد لانغ ساين"". ماذا عنك؟"""|Blind Willow, Sleeping Woman|Haruki Murakami|true|en|true
23:55|2355-001|خمس دقائق قبل منتصف الليل|" عندما يصل نيس إلى محطة الاتحاد، تخبرنا الساعة العملاقة أن الوقت قد اقترب من منتصف الليل بخمس دقائق. وهذا أمر مهم، لأن البشر يعتبرون منتصف الليل وقتًا تحدث فيه أشياء سيئة. منتصف الليل هو منتصف شهر مارس بالنسبة لساعات النهار! لذلك فإن عبارة ""خمس دقائق قبل منتصف الليل"" هي إشارة ممتازة لما سيحدث. فهي في النهاية تعادل تقريبًا عبارة ""خمس دقائق قبل حدوث أشياء سيئة للغاية""."|Set My Heart to Five: A Novel|Simon Stephenson|true|en|true
23:55|2355-002|خمس دقائق قبل منتصف الليل|"سأحبسكِ. إنها— نظر إلى ساعته، ""خمس دقائق قبل منتصف الليل. آنسة غرانجر، ثلاث لفات تكفي. حظًا سعيدًا."""|Harry Potter and the Prisoner of Azkaban|J.K. Rowling|true|en|true
23:55|2355-003|خمس دقائق قبل الثانية عشرة|انتظرت خمس دقائق قبل الثانية عشرة حتى بدأت تظهر عليّ الأعراض التحذيرية لتأثير الأفيون. في ذلك الوقت، لم تكن أي عين غير خبيرة لتلاحظ أي تغيير عليه. ولكن مع مرور دقائق الصباح الجديد، بدأ التقدم السريع والخفي للتأثير يظهر بشكل أوضح. لمع سُكر الأفيون في عينيه؛ وبدأ ندى عرق خفي يتلألأ على وجهه. بعد خمس دقائق أخرى، فقد الحديث الذي كان لا يزال مستمرًا معي ترابطه.|The Moonstone|Wilkie Collins|false|en|true
23:56|2356-000|أربع دقائق قبل منتصف الليل| وصل الجنس البشري إلى نهاية المطاف، وساعة يوم القيامة تدق. توقفت لعقد من الزمان عند أربع دقائق قبل منتصف الليل، لكن عقاربها لا تزال واقفة. في أي لحظة ستبدأ بالتحرك مرة أخرى.|Wicked Women|Fay Weldon|true|en|true
23:57|2357-000|ثلاث دقائق قبل منتصف الليل| كانت الساعة تشير إلى ثلاث دقائق قبل منتصف الليل. لم يبدُ ذلك متأخرًا جدًا في مزاجي. ارتديتُ رداء الحمام وأخذتُ مصباحي اليدوي الصغير معي وذهبتُ إلى غرفة سالي.|Cover Her Face|P.D. James|true|en|true
23:57|2357-001|الساعة الحادية عشرة وسبع وخمسون دقيقة|قال: الساعة الحادية عشرة وسبع وخمسون دقيقة. أومأ ويلز برأسه. حسب تقويم العجوز، لدي ثلاث دقائق أخرى.|No Country for Old Men|Cormac McCarthy|true|en|true
23:57|2357-002|قبل منتصف الليل بقليل| ثبتته لازارا في مكانه بصمت مطبق. لكنها تمكنت من استعادة رباطة جأشها قبل منتصف الليل بقليل وودعته بقبلة رسمية.|Doce cuentos peregrinos|Gabriel García Márquez|true|es-CO|true
23:58|2358-000|قبل دقيقتين من منتصف الليل|عليك أن تدع العالم يذهب إلى الجحيم بطريقته الخاصة يا غارد، سواءً قبل دقيقتين من منتصف الليل أم لا.|The Tommyknockers|Stephen King|false|en|true
23:58|2358-001|قبل دقيقة وسبع عشرة ثانية من منتصف الليل|يظهر البشر قبل دقيقة وسبع عشرة ثانية من منتصف الليل. إن تاريخنا المسجل بأكمله، على هذا النطاق، لن يتجاوز بضع ثوانٍ، وعمر الإنسان الواحد بالكاد لحظة.|A Short History of Nearly Everything|Bill Bryson|true|en|true
23:58|2358-002|قبل منتصف الليل بقليل|وهكذا تم الأمر، ولا بد أنه كان قبل منتصف الليل بقليل عندما وصلنا إلى سفح جبل شاهق ضخم، ليس قريبًا جدًا من البحر بحيث لا يترك لنا مجالًا للنزول براحة|Don Quijote de la Mancha|Miguel de Cervantes|true|es-ES|true
23:59|2359-000|قبل دقيقة من منتصف الليل|قبل دقيقة من منتصف الليل، كان روكينتون يمسك بيد زوجته ويُسدي لها بعض النصائح الأخيرة. عند دقات منتصف الليل، شعرت بيد رفيقها تذوب داخل يدها.|The Man Who Walked Through Walls|Marcel Aymé|true|en|true
23:59|2359-001|كان اليوم الجديد لا يزال على بُعد دقيقة| نهض شيغورغ والتقط الغلاف الفارغ من على السجادة ونفخ فيه ووضعه في جيبه ونظر إلى ساعته. كان اليوم الجديد لا يزال على بُعد دقيقة.|No Country for Old Men|Cormac McCarthy|true|en|true
