Time|Id|Quote time|Quote|Title|Author|SFW|Source locale|Draft
00:00|0000-000|午夜|当他们在喷泉边喝水时，教堂的钟声敲响了午夜的钟声。太太高兴地说：“哦，彭哥，明天就到了！今天我们就能和我们的小狗们在一起了！”|《101斑点狗》|Dodie Smith|true|en|false
00:00|0000-001|午夜|午夜时分，大门敞开，乌合之众涌入，占据了分配给他们的营位，除非发生地震或一支持矛的军队，否则无人能将他们赶走。他们在长凳上打盹儿，在那里吃了早餐；训练结束时，他们依然像开始时那样，耐心而渴望观看。|宾虚|Lew Wallace|true|en|false
00:00|0000-002|午夜|“我还以为你睡着了，”他过了一会儿说道。<br>“睡觉是给老人和小孩准备的，我出来看看我的朋友们，南方的星星——它们此刻正为尼罗河拉起午夜的帷幕。不过，你倒是挺惊讶的！”|宾虚|Lew Wallace|true|en|false
00:00|0000-003|午夜|任说：“如果你在万圣节午夜去足球场，念三遍他的名字，他的鬼魂就会出现。”|铜河|William Kent Krueger|true|en|false
00:00|0000-004|午夜|“威利，我的朋友，”弗里茨牧师轻声说道，“你这正午时分仍身处午夜黑暗中的人，耶稣基督是你救赎的角，是你黑暗中的光吗？”|爱之明谷|Edna Hong|true|en|false
00:00|0000-005|午夜|你牵着一只黑猫——对吧？——它身上连一根白毛都没有（你知道的），你绑住它的四只爪子，然后在午夜时分把它带到十字路口，大声喊道：|玫瑰之名|Umberto Eco|true|en|false
00:00|0000-006|午夜|而我，就是你已遗忘的那头狮子，推着载着你——一个濒临死亡的孩子——的小船，驶向岸边，那里坐着一位午夜未眠的男子，迎接你。|《马和男孩》|C.S. Lewis|true|en|false
00:00|0000-007|午夜|如果吉尔更习惯冒险，她或许会怀疑猫头鹰的话，但她从未想过这一点；在午夜逃亡的兴奋念头中，她忘记了困倦。|银椅|C.S. Lewis|true|en|false
00:00|0000-008|午夜|“几乎就在午夜时分，伯爵的耐心得到了回报。因为按照他写给理查德的指示，大都会酒店一楼的所有电话都响了起来。”|《莫斯科绅士》|Amor Towles|true|en|false
00:00|0000-009|午夜|“该死的，西比赢了！”休伯特先生说。“西比赢了！我们到底还要争论什么才能到午夜？”|摩西下山|William Faulkner|false|en|false
00:00|0000-010|午夜|午夜，田野上结了霜，一条以事故频发而臭名昭著的道路上结着斑驳的黑冰——篱笆柱和电线杆上绑着一束束枯萎的花朵，树篱上撕开了缺口，就像某种歉收的庄稼。|《身体的谎言》|Jo Baker|true|en|false
00:00|0000-011|午夜|圣叙尔皮斯广场，如此静谧荒凉，每晚临近午夜，都会有一个女人撑着破伞，戴着怪异的面纱来到这里。每晚她都睡在破伞下的长椅上，肋骨垂落，裙子泛绿，骨瘦如柴的手指和腐烂的气味从她身上渗出；而到了清晨，我也会坐在那里，在阳光下打个盹，咒骂着那些到处觅食的该死的鸽子。|北回归线|Henry Miller|false|en|false
00:00|0000-012|午夜|房子空无一人，但尤金的歌声却仿佛欧洲所有君主都在他面前。花园的门敞开着，湿树叶的气味扑面而来，雨水与尤金的<em>忧郁</em>和<em>悲伤</em>交织在一起。午夜时分，当观众们汗流浃背、口臭弥漫了整个大厅后，我回到长椅上继续睡觉。出口处的灯光笼罩在一圈烟雾之中，微弱的光线照在石棉窗帘的下角；我每晚都闭上眼睛，仿佛戴着一只义眼……|北回归线|Henry Miller|true|en|false
00:00|0000-013|午夜|特雷弗穿着安迪·沃霍尔式的服装：金色波波头假发、厚厚的黑框眼镜、紧身条纹衬衫。我对他的第一印象是自由奔放、聪明风趣。事实证明，我的印象完全错了。我们一起离开了派对，四处闲逛了几个小时，互相吹嘘着各自的幸福生活，午夜吃了披萨，乘坐斯塔滕岛渡轮往返，还看了日出。|我的休憩之年|Ottessa Moshfegh|true|en|false
00:00|0000-014|午夜|J.午夜来到我的床上，在我们运动的时候，我的门被撞开了。真是荒唐又恐怖！谢天谢地，J.进来的时候锁上了门。门把手嘎嘎作响，一阵急促的敲门声响起。恐惧既能让人头脑清醒，也能让人头脑昏沉，我想起了我的<em>唐璜</em>，便把J.藏在我那张下陷的床上的被褥和床单里，把窗帘半开着，表明我没有什么可隐瞒的。|云图|David Mitchell|false|en|false
00:00|0000-015|午夜|那是一种动物般的本能。一种荒野般的本能。那一刻，她的一切都与过去的自己截然不同。尤其是她的声音。这可能是鹰的尖啸，狼的凄厉嚎叫，或是午夜赤狐的嘶哑叫声。可能是任何一种，但绝不是一个十六岁女学生的尖叫。|《失踪之树岛》|Elif Shafak|true|en|false
00:00|0000-016|午夜|七月一个闷热的午夜，在一场大型街区派对接近尾声时，奥利弗·杜波依斯驾驶一辆皮卡车撞破了他家的前门。<br>那辆车不是他的，而且街道已经封闭，所以当这辆车从黑暗中驶出，沿着橡树路缓缓隆隆驶过时，邻居和宾客们都被吓得四散奔逃，在烛光摇曳的草坪上不知所措。|谎言背后|Emilya Naymark|true|en|false
00:00|0000-017|午夜|她看了看手表上的数字显示屏。<br>00:00:00<br>午夜，时钟告诉她的时间。<br>她等待着下一秒的到来，但它没有。|午夜图书馆|Matt Haig|true|en|false
00:00|0000-018|午夜|再见了，亲爱的玩伴：请为我们祈祷；<br>也祝你和你的狄米特律斯好运！<br>记住，莱桑德：我们必须<br>直到明日午夜，都不能再吃情人的食物。|仲夏夜之梦|William Shakespeare|true|en|false
00:00|0000-019|午夜|眼前是一片广袤的空旷：只有紧闭的门和我，以及点缀在午夜夜空中的繁星，它们似乎在注视着我的下一步行动。那些冰冷遥远的星光，是否还保留着一丝人类的痕迹？他们曾经是人类，是那些特殊的、被选中的、受宠的，他们曾与神灵擦肩而过。|阿丽亚德妮|Jennifer Saint|true|en|false
00:00|0000-020|午夜|午夜时分，是午夜森林中鲜血与狂喜的诱惑，将她引向了波光粼粼的蓝色水面吗？我疑惑她为何此刻身处葡萄园。|阿丽亚德妮|Jennifer Saint|true|en|false
00:00|0000-021|午夜|她叫来了警察，午夜时分，当警察赶到并表示同情时，她作了证。她曾为狼提供庇护，也曾救助过疯狗。|权力|Naomi Alderman|true|en|false
00:00|0000-022|午夜|某个圣诞节的午夜，就在钟声敲响的那一刻，在老地方，病房的门砰的一声被风吹开，一个胖男人走了进来，留着胡子，眼睛冻得通红，鼻子红得像樱桃。|飞越疯人院|Ken Kesey|true|en|false
00:00|0000-023|午夜|午夜时分，咖啡馆厨房的灯光格外刺眼。没有了透过彩色玻璃窗洒进来的日光，房间里的一切看起来都阴沉而简陋。|石榴汤|Marsha Mehran|true|en|false
00:00|0000-024|午夜|有时，最黑暗的地方莫过于我们自己的思想；那是心灵无月的午夜。|《无所畏惧：一部小说》|Dean Koontz|true|en|false
00:00|0000-025|午夜|“一切从午夜开始。”|《饥饿游戏2：星火燎原》|Suzanne Collins|true|en|false
00:00|0000-026|午夜|黎明似乎以不合时宜的速度紧随午夜而来。|哈利·波特与死亡圣器|J.K. Rowling|true|en|false
00:00|0000-027|十二点|“我永远不会忘记去年复活节那天狂风大作，他为亨利放风筝的情景——自从去年九月他特意在午夜十二点给我写了那张便条，向我保证科巴姆没有猩红热之后，我就确信世上再也找不到比他更善良、更体贴的人了。——如果说有人配得上他，那一定是泰勒小姐。”|《爱玛》|Jane Austen|true|en|false
00:00|0000-028|十二点|在他骑马前往劳伦斯维尔的第二天晚上，一群人涌向纽约寻求冒险，大约在十二点钟乘坐两辆汽车返回普林斯顿。那是一场热闹的聚会，参与者的清醒程度各不相同。|人间天堂|F. Scott Fitzgerald|true|en|false
00:00|0000-029|午夜|午夜时分，黑暗如铜锤般敲击着昏暗的空气，道林·格雷身着朴素的服装，脖子上围着围巾，悄悄地从家中溜了出来。|《道林·格雷的画像》|Oscar Wilde|true|en|false
00:00|0000-030|午夜|“等等，我再告诉你，”他说。“狂欢过后，我们也吃了顿午夜午餐，当我们出发时，已经是前一晚之后的第二天清晨了。”|《尤利西斯》|James Joyce|true|en|false
00:00|0000-031|午夜|你说，午夜。对年轻人来说，午夜意味着什么？突然，一阵欢腾的火焰燃起，掠过五棵雪松树干，露出斑驳的积雪，一辆巡逻车在我们颠簸的路上嘎吱一声停了下来。重拍，重拍！|微暗的火|Vladimir Nabokov|true|en|false
12:00|0000-032|中午12点|一个几乎看不见两英尺以外东西的人居然能被雇佣当保安，这让我觉得我们的工作根本不是为了保护任何东西，而是为了每天晚上来上班，在厚厚的账簿上写满诸如“中午12点巡逻周边，无事件发生”之类的晦涩难懂的记录，然后每两周去办公室领工资，听喋喋不休的埃尔加西尔女士唠叨。|一个棚户区居民的故事|Ike Oguine|true|en|false
00:00|0000-033|午夜|这是一年中的午夜，也是露西的白昼，她只露出短短七个小时的真容；太阳已逝，如今它的光瓶只发出微弱的光芒，不再是持续的光芒；|圣露西日夜曲|John Donne|true|en|false
00:00|0000-034|午夜|午夜时分，他的妻子和女儿或许还在忙碌着，在厨房里准备节日佳肴，收拾屋子，或许在准备和服，或许在插花。大木会坐在客厅里听收音机。当钟声响起时，他会回顾过去的一年。他总是觉得那是一种令人动容的经历。|美丽与悲伤|Yasunari Kawabata|true|en|false
00:00|0000-035|十二|贝尔纳多：现在已经十二点了；弗朗西斯科，去睡觉吧。|哈姆雷特|William Shakespeare|true|en|false
00:00|0000-036|午夜|但更奇怪的是——大本钟又一次敲响了午夜钟声。外面的时间仍然与里面那座停止运转的镀金钟所显示的时间一致。内外时间完全吻合，但两者都大错特错。嗯。|马戏团之夜|Angela Carter|true|en|false
00:00|0000-037|午夜|但最终我理解了这种语言。我理解了它，我理解了它，也许全错了。但这并不重要。它告诉我写这份报告。这是否意味着我现在比以前更自由了？我不知道。我会学习的。然后我回到屋里，写道：现在是午夜。雨点敲打着窗户。当时并非午夜。也没有下雨。|莫洛伊|Samuel Beckett|true|en|false
00:00|0000-038|00:00|00:00后禁止使用卡带，以鼓励睡眠。|无尽的玩笑|David Foster Wallace|true|en|false
00:00|0000-039|00:00|盖特利能听到华盛顿山下传来喇叭声、喊叫声和掉头的尖叫声。这表明现在大约是00:00，也就是换班时间。|无尽的玩笑|David Foster Wallace|true|en|false
00:00|0000-040|十二|哈姆雷特：现在几点了？霍拉旭：我想还差十二点。马塞勒斯：不，已经敲响了。|哈姆雷特|William Shakespeare|true|en|false
00:00|0000-041|午夜|他确信自己听到了脚步声：脚步声越来越近，然后又消失了。门缝下透进来的光线熄灭了。现在是午夜；有人关掉了煤气；最后一个仆人已经去睡觉了，他只能痛苦地躺一整夜，没有人来帮他。|《追忆似水年华》|Marcel Proust|true|en|false
00:00|0000-042|午夜|我是在对面房间壁炉架上那座钟的午夜钟声中受孕的。那座钟曾属于我的曾祖母（一位名叫爱丽丝的女士），它疲惫的钟声见证了我来到这个世界。|博物馆幕后|Kate Atkinson|true|en|false
00:00|0000-043|十二|我握住她的手，让她镇定下来；因为她浑身颤抖，不停地盯着镜子。<br>“这里没人！”我坚持道。“是<em>你</em>，林顿太太：你早就知道了。”<br>“是我自己！”她喘着气说，“而且钟已经敲了十二下！是真的！太可怕了！”|呼啸山庄|Emily Brontë|true|en|false
00:00|0000-044|午夜|我出生在孟买……事实上，就在午夜钟声敲响的那一刻。我降生之时，时针和分针仿佛合掌致敬。哦，说清楚，说清楚：就在印度获得独立的那一刻，我跌入了这个世界。|午夜之子|Salman Rushdie|true|en|false
00:00|0000-045|午夜|已是午夜。雨点敲打着窗户。我很平静。一切都已入睡。然而，我起身走向书桌。我睡不着。|莫洛伊|Samuel Beckett|true|en|false
00:00|0000-046|午夜|午夜降临在拥挤的城市。宫殿、地窖、监狱、疯人院；生与死、健康与疾病的房间；尸体僵硬的面容和孩童安详的睡梦——午夜笼罩着这一切。|雾都孤儿|Charles Dickens|true|en|false
00:00|0000-047|午夜|在一个阴沉的午夜，<br>我疲惫不堪，沉思着，<br>翻阅着许多古怪而奇特的、早已被人遗忘的知识书籍，<br>我昏昏欲睡，几乎要睡着了，突然传来一阵敲门声，<br>仿佛有人轻轻地、轻轻地敲着我的房门。<br>“是某个访客，”我喃喃自语，“敲着我的房门——仅此而已，别无其他。”|乌鸦|Edgar Allan Poe|true|en|false
00:00|0000-048|十二|时钟敲响十二下，哦，它敲响了，它敲响了！现在，肉体，化作空气吧，否则路西法会迅速将你带入地狱。哦，灵魂，变成细小的水滴吧，落入大海，永不寻觅。我的上帝，我的上帝，请不要如此严厉地看着我！|浮士德博士|Christopher Marlowe|true|en|false
00:00|0000-049|午夜|第一晚，大约十点钟，下士刚把托比叔叔带上楼，沃德曼太太就一屁股坐在扶手椅上，左膝搭在右膝上，右膝用来支撑手肘，她把脸颊贴在手掌上，身体前倾，一直沉思到午夜，反复琢磨这个问题。|《绅士特里斯特拉姆·香迪的生平与见解》|Laurence Sterne|true|en|false
00:00|0000-050|十二点|为了从我生命的开始开始我的人生，我记录下我（据我所知并相信）出生于一个星期五的晚上十二点。有人注意到，钟声响起的同时，我也开始哭泣。|大卫·科波菲尔|Charles Dickens|true|en|false
00:00|0000-051|午夜|我们听到了午夜的钟声。|亨利四世|William Shakespeare|true|en|false
00:00|0000-052|午夜|现在肯定已经是午夜了。一只孤鸟鸣叫，原本稀疏的树木融为一体，形成一片令人望而生畏、充满敌意的景象。在萨沃尼乌斯看来，它们仿佛就是这场强加于他的、令人沮丧的冒险的化身。在这片幽深的森林深处，躺着一个他本应试图安慰和安抚的疯子。|《上帝之锤》|Bo Giertz|true|en|false
00:00|0000-053|午夜|午夜时分，男孩们徒步走到长廊尽头，然后就舍监选举问题爆发了激烈的争论。责任和服务精神都到哪里去了？兄弟情谊又去了哪里？|《上帝之锤》|Bo Giertz|true|en|false
00:00|0000-054|午夜|“我向你求助，”堂吉诃德回答说，“因为我既非大理石铸成，你也非青铜铸成，而且现在不是早上十点，而是午夜。”|堂吉诃德|Miguel de Cervantes|true|es-ES|false
00:00|0000-055|午夜|“我会克制自己，”桑丘回答说，“可是，你只见过我们夫人的家一次，就指望我能永远记住它，还能在午夜找到它，而你自己都找不到，尽管你肯定见过成千上万次了，我怎么能忍受呢？”|堂吉诃德|Miguel de Cervantes|true|es-ES|false
00:00|0000-056|午夜|唐吉诃德和桑丘离开森林，进入埃尔托博索时，大约是午夜时分。|唐吉诃德|Miguel de Cervantes|true|es-ES|false
00:00|0000-057|午夜|“你很容易感到无聊吗？”<br>“还好。我的生活安排得像个实业家。我每天午夜入睡，早上九点起床。”|《七个疯子》|Roberto Arlt|true|es-AR|false
00:00|0000-058|夜之心|她，被雕刻在夜之心，<br>由我幻觉般双眼的不安雕刻：<br>她，被镌刻在森林的木梁上，<br>由我双手的刀刃镌刻|热情的深度|Pablo Neruda|true|es-CL|false
00:01|0001-000|午夜过后一分钟|“或许吧。但最好还是提醒他们，我觉得我有义务通知税务机关你在布里斯托尔，所以如果警察在午夜过后一分钟登上你的游艇并将其扣押，你也不要感到惊讶。”|This Was a Man|Jeffrey Archer|true|en|false
00:01|0001-001|午夜过后一分钟|她戴着一块手表。不是电子表，至少今生不是。而是一款优雅纤细的罗马数字指针表。大约是午夜过后一分钟。<br>这怎么可能？|午夜图书馆|Matt Haig|true|en|false
00:01|0001-002|午夜过后一分钟|午夜过后一分钟的行刑时间即将到来，我敲了两下金属门。锁转动，门迅速打开。|午夜之死|Donald A. Cabana|true|en|false
00:01|0001-003|午夜过后一分钟|四面八方都是钟。康拉德立刻注意到了它们，每个街角，每个拱门上方，建筑物侧面四分之三的高度，几乎覆盖了所有可能的接近角度。大多数钟都高得离地，除了消防梯之外根本够不着，但它们的指针依然清晰可见。所有钟都显示着同一个时间：12:01。康拉德看了看手表，发现才2:45。<br>“它们是由一个船长驱动的，”斯泰西告诉他。“当船长停止运转时，它们也同时停止了。那是三十七年前的午夜过后一分钟。”|时空之都|J.G. Ballard|true|en|false
00:02|0002-000|十二点过两分|十二点过两分，门开了，两个男人走进大厅。一个身材高大，黑色头发梳成五十年代的蓬巴杜发型。另一个身材矮小，戴着眼镜。两人都穿着西装。|比利·萨默斯|Stephen King|true|en|false
00:02|0002-001|午夜过后两分钟|午夜过后两分钟。我带领着黄队、白队和红队的其他十四名队员走出空地，沿着墙边分散开来，准备越过墙进入场地。|克雷特之夜|Shashi Warrier|true|en|false
00:03|0003-000|午夜过后三分钟|2021年1月1日凌晨，午夜过后三分钟，地球上最后一个出生的人类在布宜诺斯艾利斯郊区一家酒吧的斗殴中丧生，享年25岁2个月零12天。|《人类之子》|P.D. James|true|en|false
00:03|0003-001|刚过午夜三分钟|我最后一次见到活着的阿彻·哈里森时，刚过午夜三分钟。我记得很清楚，因为我说已经过了两分钟，他看了看表，说已经过了三分钟。|自易卜生|George Jean Nathan|true|en|false
00:03|0003-002|午夜过后三分钟。|突然，我感到空气中一片寂静，紧接着一阵紧张感袭来。我瞥了一眼手表。午夜过后三分钟。我的呼吸恢复正常，笔尖在纸上流畅地移动着。我想，跟踪我的东西似乎没有我想象的那么狡猾，同时小心翼翼地继续写作，没有停顿。|历史学家|Elizabeth Kostova|true|en|false
00:04|0004-000|十二点四分|十二点四分，弗兰克·麦金托什和保利·洛根身着西装走进大厅。大家纷纷握手。弗兰克的蓬巴杜发型看起来像是刚换过机油。|比利·萨默斯|Stephen King|true|en|false
00:04|0004-001|午夜过后四分钟|1月22日午夜过后四分钟，洛瑞海军上将率领的250多艘舰船组成的舰队抵达安齐奥附近的运输区。海面平静，夜色漆黑。|安齐奥：英勇史诗|Fred Sheehan|true|en|false
00:05|0005-000|已过十二点|伊士顿回家时已过十二点。露丝在他到家之前就认出了他的脚步声，当她听到大门在他进门后砰地关上的声音时，她的心跳似乎停止了。|《衣衫褴褛的慈善家》|Robert Tressell|true|en|false
00:05|0005-001|00:05|E.M. 安保人员，通常在00:05时对他们的卡车一丝不苟，却不见踪影，这又印证了一句老生常谈。如果你问盖特利此刻的感受，他肯定一头雾水。|无尽的玩笑|David Foster Wallace|false|en|false
00:06|0006-000|午夜过六分钟|午夜过六分钟，死亡解救了受苦之人。|地狱边缘的西边|Glenn Shirley|true|en|false
00:07|0007-000|午夜过后七分钟|午夜过后七分钟，那只狗躺在希尔斯太太家门前草坪中央的草地上，双眼紧闭。它看起来像是在侧身奔跑，就像狗在梦里追逐猫咪时那样。|《深夜小狗神秘事件》|Mark Haddon|true|en|false
00:08|0008-000|午夜过后八分钟|“夜深人静之时！”牧师惊呼道，“现在是白天，不是黑夜，而且现在是午夜过后八分钟！”|双桅帆船|James Pascoe|true|en|false
00:09|0009-000|凌晨12:09|10月18日凌晨12:09，车队抵达卡尔萨兹桥，距离目的地还有10公里。|布托谋杀案追踪：从瓦济里斯坦到总参谋部|Amir Mir|true|en|false
00:10|0010-000|午夜过后十分钟|蒙斯特告诉我，昨晚他锁门时，那东西还在展示柜里。那是午夜过后十分钟。今天早上六点刚过他就开了门，但没去看展示柜，虽然他觉得如果那只手臂不见了，他应该会注意到。但他也不敢肯定。|《皮下的骷髅》|P.D. James|true|en|false
00:10|0010-001|午夜过后十分钟|午夜过后十分钟，三辆警车、几辆阿尔萨斯牧羊犬和一辆黑色的马车抵达农舍。只穿着一条护裆的农夫拒绝他们进入。|排队|Jonathan Barrow|true|en|false
00:10|0010-002|午夜过后十分钟|午夜过后十分钟，加里·阿什从他姑妈家打电话报警，说他散步回来后发现了姑妈的尸体。|正义的审判|P.D. James|true|en|false
00:11|0011-000|12:11|她必须尽快离开接待处，回房间换衣服。12:11时会再次停电，届时她要走外面的楼梯到一楼，在出口处等候布罗德莫尔医院的餐车。|飞地|Karen Hancock|true|en|false
00:11|0011-001|午夜过后11分钟|第一批袭击圣托马斯医院的燃烧弹在午夜过后11分钟溅落在里德尔楼，几个小时前，坎特伯雷大主教曾在这里发表了“鼓舞人心的演讲”。|《漫漫长夜》|Gavin Mortimer|true|en|false
00:12|0012-000|0 小时 12 分|时钟时间为 0 小时 12 分 0 秒。23 分钟后，他们第一次看到了金星。每个人都躺着，把眼睛贴在一架两英尺半长的格里高利式反射望远镜的镜筒口上；两架望远镜完全一样，由肖特先生制作，配有伯德先生制作的遮光装置。|梅森和迪克森|Thomas Pynchon|true|en|false
00:12|0012-001|午夜过后十二分钟|午夜过后十二分钟，母女俩看到了第一道闪电。闪电猛烈地击中了主谷仓，地面在她们脚下颤抖。|肯塔基热浪|Fern Michaels|true|en|false
00:13|0013-000|午夜过后十三分钟|现在是午夜过后十三分钟。我们又坐上了另一架飞机，这次是从圣地亚哥经芝加哥飞往波士顿。周围的人都睡着了。|Madlands|Anna Rose|true|en|false
00:14|0014-000|午夜过后十四分钟|他完成最后一次通话时，正好是午夜过后十四分钟。他联系到的人中不乏正直之士。他们的声音将会传到总统耳中。|马塔雷斯圈|Robert Ludlum|true|en|false
00:15|0015-000|十二点十五分|十二点十五分，他下了车。他把手枪塞进裤腰带里，穿过寂静空旷的街道，走向哈德斯顿家。|守望者|Dean Koontz|true|en|false
00:15|0015-001|十二点一刻|晚饭后，大约十二点一刻，聚会散了。奥尔加·米哈洛夫娜站在门口送客，说道：<br>“你真该带条披肩！有点冷了。老天保佑，你别着凉！”|《聚会及其他故事》|Anton Pavlovich Chekhov|true|en|false
00:16|0016-000|午夜过后十六分钟|午夜过后十六分钟，4号楼遭到袭击，屋顶起火。|《漫漫长夜》|Gavin Mortimer|true|en|false
00:17|0017-000|凌晨十二点十七分|所以你推断我到达倒下的树那里比凌晨十二点十七分晚。也许是这样。因为我没有编造不在场证明，所以我没有每两分钟就看一次时间。|夜莺的裹尸布|P.D. James|true|en|false
00:17|0017-001|十二点十七分|卡瓦为自己和爱人点了两杯咖啡和一些蛋糕。当两人离开时，正好是十二点十七分，俱乐部里顿时热闹起来。|范维尔德·卡瓦|Isaac Bashevis Singer|true|en|false
00:18|0018-000|午夜过后十八分钟|长方形瞬间变成了正方形；然后，正方形也消失了。托因顿庄园静静地躺在那里，在寂静的海岬上，黑暗中隐约可见一个轮廓。他好奇地看了看表。时间是午夜过后十八分钟。|黑塔|P.D. James|true|en|false
00:18|0018-001|凌晨12:18|1985年12月21日凌晨12:18<br>[在床上]<br>迈克尔不相信天堂和地狱。他比大多数活着的人都更接近死亡，但他告诉我，他没有看到光隧道，也没有看到跳舞的天使。说实话，我有点失望。|谎言之书|Mary Horlock|true|en|false
00:19|0019-000|午夜过后十九分钟|我猛地从床上跳起来，冲下楼梯，穿过刺眼的灯光冲进厨房。墙上的钟显示午夜过后十九分钟。我从后门旁的挂钩上抓起黑色雨衣，套上雨靴——其中一只几乎塞不进去——然后冲了出去。|《火灾之后》|Henning Mankell|true|en|false
00:20|0020-000|十二点二十分|警察十二点二十分到达时，发现奥基夫太太几乎赤身裸体地躺在前客厅的单人沙发上。|正义的审判|P.D. James|false|en|false
00:20|0020-001|十二点二十分|“但是等他爬到山顶的时候，那女人的尸体基本上已经被苍蝇吃光了，对吧？”我的朋友说。<br>“某种意义上来说是这样，”他的女朋友回答。<br>“某种意义上来说，被苍蝇吃光，这的确是个悲伤的故事，不是吗？”我的朋友说。<br>“嗯，我想是的，”她想了想后说。“你怎么看？”她问我。<br>“听起来像个悲伤的故事，”我回答。<br>十二点二十分，我的表弟回来了。|盲柳，睡女|Haruki Murakami|false|en|false
00:20|0020-002|十二点二十|她正在碗的凸边上揉捏那小团热乎乎的糊状物，我能闻到鸦片的味道。这味道独一无二。床边的闹钟显示十二点二十，但我的紧张感已经消散了。派尔的情绪低落了。|《安静的美国人》|Graham Greene|false|en|false
00:21|0021-000|12:21|飞机于12:21起飞，当其他家人还在打盹时，萨沙开始复习他抵达机场后要发表的讲话。他还需要为叔叔的葬礼准备悼词，但这得等到他们入住酒店后再说。|正面赢|Jeffrey Archer|true|en|false
00:21|0021-001|凌晨12:21|凌晨12:21<br>糟糕。范斯感到轨道突然震动了一下。然后，伴随着一阵刺耳的金属摩擦声，龙门架再次开始移动。他们决定解除安全关闭装置。|独眼巨人计划|Thomas Hoover|true|en|false
00:21|0021-002|凌晨12:21|“无名氏”曾是麦克罗夫特·沃德最重要的特工之一，每天凌晨12:21到12:22之间，他的笔记本电脑可以有60秒的时间直接连接到麦克罗夫特·沃德庞大的自我在线数据库。|《生鲨短信》|Steven Hall|true|en|false
00:22|0022-000|12:22|“无名氏”曾是麦克罗夫特·沃德最重要的特工之一，每天凌晨12:21到12:22之间，他的笔记本电脑可以有60秒的时间直接连接到麦克罗夫特·沃德庞大的自我在线数据库。|《生鲨短信》|Steven Hall|true|en|false
00:23|0023-000|午夜过后二十三分钟|奥斯卡掂了掂手里的手表，然后把这块精致的、表盘上显示着午夜过后二十三分钟的夜光表递给了小平奇科尔。他抬头疑惑地看着他的首领。斯托特贝克点头表示同意。奥斯卡一边调整着他的铁皮鼓，准备回家，一边说道：“耶稣会指引方向。跟随我！”|铁皮鼓|Günter Grass|true|en|false
00:24|0024-000|凌晨12:24|桑德斯和他的炮手萨顿于凌晨12:24开始巡逻，向南飞往海拔10,000英尺的比奇角。|《漫漫长夜》|Gavin Mortimer|true|en|false
00:25|0025-000|12:25|过了一会儿，现实重新袭来，她意识到自己并非产生了幻觉，而是在做梦。桌上的钟显示12:55。他们的十分钟疗程是从12:25开始的，所以显然她还有二十分钟的时间需要解释。|飞地|Karen Hancock|true|en|false
00:25|0025-001|午夜过后二十五分钟|夏洛特记得，她听到格雷戈尔刚进卧室就又下楼了，甚至在仆人锁好房门之前。他肯定是匆匆赶去某个小树林找特蕾莎，然后他们肯定又匆匆赶往维约堡车站，最后一班开往巴黎的火车在午夜过后二十五分钟从那里出发。事情的确就是这样发生的。|丰硕成果|Emile Zola|true|en|false
00:25|0025-002|午夜过后25分|我的意思是，看看时间！午夜过后25分！真是一次胜利！|士兵的妻子|Joanna Trollope|true|en|false
00:26|0026-000|凌晨12:26|国王十字车站的杜塔先生打电话告诉我您正在来的路上。他说您想看看昨天凌晨12:26到达的录像。我需要几分钟时间来调出录像。我们平时的保安今天不在；他因为在达格纳姆女风笛手总部外犯有严重猥亵罪，正在哈林盖地方法院出庭。|布莱恩特和梅脱轨|Christopher Fowler|true|en|false
00:27|0027-000|午夜过后27分钟|布莱克下了公交车，跟在一个抱着熟睡婴儿的胖女人身后。公交车司机正和一个穿着时髦的小姑娘聊天，甚至都没回头看一眼那女人和她的孩子。布莱克扶住了踉跄了一下的女人。她转过身，疲惫地朝他笑了笑。布莱克朝她点点头，抬头看了看终点站的钟。那时是午夜过后27分钟。|哀悼刽子手|Harry Whittington|true|en|false
00:28|0028-000|12.28|“喝杯提神咖啡”挂钟显示12.28。|1963年11月22日|Stephen King|true|en|false
00:29|0029-000|十二点二十九分|“现在几点了？”小不点问道。<br>车站工作人员掏出他那块硕大的银色怀表，仔细看了看，然后宣布：“十二点二十九分。”<br>“十二点过！”小不点重复道，“不可能吧。”|《刀印》|Clayton H. Ernst|true|en|false
00:30|0030-000|十二点半|十二点半到了；火鸡开始脸涨得通红，掀翻了墨水瓶，变得吵闹不休；尼珀斯安静下来，彬彬有礼；姜饼人津津有味地吃着他的午苹果；巴特比仍然站在窗前，陷入了他最深刻的沉思之中。|抄写员巴特比|Herman Melville|true|en|false
00:30|0030-001|午夜过后半小时|“我爱你胜过你所能想象的一切。”<br>“我也爱你。”我笑了，他的唇在我脸颊上停留片刻。他沿着走廊走去，我看了看时间：午夜过后半小时。|巴斯豪斯|P.J. Vernon|true|en|false
00:30|0030-002|十二点半|我绝望之下回到奥尔巴尼酒店时，已经是十二点半了。我遭遇不幸的地方和我离开时几乎一模一样。百家乐的赌桌还散落在桌上，空酒杯和装满烟灰的烟灰缸也散落一地。一扇窗户打开是为了排出烟雾，结果却让雾气涌了进来。|业余骗子|E.W. Hornung|true|en|false
00:31|0031-000|00:31|第三人悄无声息地靠近，毫无防备。进入攻击范围后，此人伸手抓向目标。录制结束：时间码：00:31:02。|丧尸末日！反击|Stephen Jones|true|en|false
00:32|0032-000|12:32|他仔细地记下了壁炉上方挂钟的时间，并记录在笔记本上。“12:32 Courtney-Brigs 先生报告说，温彻斯特路小路上有一棵倒下的树。”|夜莺的裹尸布|P.D. James|true|en|false
00:32|0032-001|午夜过后32分钟|午夜过后32分钟；照这样下去，我可能要忙一整夜了。在重新开始仔细检查拨号盘之前，我突然想到：也许这个保险箱不像老款那样在零点打开，而是在出厂预设的数字上打开。|伊克斯塔帕|Everette Howard Hunt|true|en|false
00:33|0033-000|十二点三十三分|斯蒂芬·马克斯直视着他的眼睛，几乎漫不经心地说：“我的手表显示是十二点三十三分。”|遮住她的脸|P.D. James|true|en|false
00:34|0034-000|午夜过后34分钟|午夜过后34分钟。“我们还有十分钟时间回到这里。”LT没有反驳。这小子知道他以前干的活。LT的目光在博物馆上空焦急地扫视着。“你不会还在担心安保吧，因为这里根本没有安保。”|Killer Tune|Dreda Say Mitchell|true|en|false
00:35|0035-000|已经过了午夜35分钟|詹特里太太看了看钟。已经过了午夜35分钟了。|空罐子案|Erle Stanley Gardner|true|en|false
00:35|0035-001|午夜过后三十五分钟|时钟显示午夜过后三十五分钟。我睡意朦胧，一时分还未睡醒。谁会在这个时候给我打电话呢？|《走在时代前沿的猫》|Lydia Adamson|true|en|false
00:36|0036-000|午夜过后36分钟|检察官看了看她的金表。午夜过后36分钟。|冰冻的亡灵|Bernard Minier|true|en|false
00:37|0037-000|已经过了午夜三十七分钟|瞥了一眼他手表的夜光表盘，发现已经过了午夜三十七分钟。|非婚男人|Dixie Browning|true|en|false
00:37|0037-001|凌晨12:37|斯蒂芬看了看床头的闹钟。凌晨12:37。<br>他走进厨房，从冰箱里拿出一罐香草可乐。在客厅里，他打开DVD柜，目光扫过数百张DVD的标题。|武僧|Ray Keating|true|en|false
00:38|0038-000|凌晨十二点三十八分|你大约在午夜离开了医院主楼。你凌晨十二点三十八分在正门和门卫交谈过。这段时间你去了哪里？|夜莺的裹尸布|P.D. James|true|en|false
00:38|0038-001|午夜过后38分钟|他不知何时失去了三天；因为他是在星期四午夜过后38分钟进入那燃烧的帷幕的。是的。但保持冷静。事关重大，远不止失去三天。肯定有；否则警察为何会来？|已拆除|Alfred Bester|true|en|false
00:38|0038-002|凌晨12:38|贾斯汀打开灯，迷迷糊糊地看了看索尼收音机闹钟，上面显示是凌晨12:38。梦里的尖叫声痛苦而恐怖地真实，但他却想不起来尖叫声是从哪里传来的。|乌鸦巢|G.V. Miller|true|en|false
00:39|0039-000|凌晨12:39|凌晨12:39，我眼睁睁地看着月亮被一群邪恶的、疾驰而来的乌云吞噬。|修道院噩梦|Ross H. Spencer|true|en|false
00:40|0040-000|十二点四十分|他环顾四周，发现自己身处一节车厢里。车厢里挤满了夜班乘客、服务员、护士、参加聚会归来的人、醉汉——甚至还有一名交通管理员。火车最终在十二点四十分驶入了他的车站。|荣誉之战|Jeffrey Archer|true|en|false
00:40|0040-001|十二点四十分|十二点四十分查看尸体的法医病理学家认为，奥基夫夫人回家后不久便去世了。|正义的审判|P.D. James|true|en|false
00:40|0040-002|差二十分钟一点|“差二十分钟一点？”海伦惊呼道。“我妈妈肯定会以为我们迷路了。但我不想去。那里很壮观，即使很可怕。”|白灰|Sidney R. Kennedy|true|en|false
00:41|0041-000|凌晨12:41|当他回到车旁时，已经是凌晨12:41了。我当时正站在车外等着，他注意到了我。|血缘关系|Geraldo Cruz|true|en|false
00:42|0042-000|差十八分钟一点|烟头在她指间渐渐发热；现在，灼热的烟头刺痛着她的皮肤。她掐灭香烟，站起身，拂去黑色裙子上的烟灰。差十八分钟一点。她走到家里的电话旁，拨通了他房间的电话。电话响了又响，但无人接听。|玛乔丽·莫宁斯塔|Herman Wouk|true|en|false
00:43|0043-000|十二点四十三分|“你说你五分钟前死了？”他问。他的目光落在手腕上的手表上。“十二点四十三分，”他在吸墨纸上写道。|《黑麦口袋》|Agatha Christie|true|en|false
00:44|0044-000|凌晨12点44分|凌晨12点44分，她从布鲁利餐厅拐角处上了州界路。她等着进站的火车。|燃烧的余烬|Wayne Pearson|true|en|false
00:45|0045-000|差一刻一点|楼下某处传来砰砰的关门声，把我吵醒了。我从床头柜上拿起手表，发现已经差一刻一点了。我想，在关门声停止之前，我是睡不着了，于是我穿好衣服，走到门口，然后又回到衣橱里拿雨衣。下楼后，我停住了脚步。从客厅走廊尽头的大卧室里，我能听到S太太锯木头的声音，长而响亮。任何关门声都无法打扰她的休息。|欢乐园|Stephen King|true|en|false
00:45|0045-001|12点45分|12点45分，趁着空档，吉良吉先生告诉我，由于战争，现在英国的女性比男性多得多。|《猪与胡椒：青春喜剧》|David Footman|true|en|false
00:45|0045-002|午夜过后第三刻|想到这里，他猛地站起身，从挂钩上取下那件他把维纳小姐的信放在里面的外套。时钟指向午夜过后第三刻，他知道现在去邮筒还是明天一大早去都一样；但他想让自己心安，于是找到信后，他走向门口。|《礁石》|Edith Wharton|true|en|false
00:46|0046-000|凌晨12:46|泰迪写道，电话记录证实了卢顿小姐的说法。她凌晨12:46打了电话。|拨打M恶作剧|Kasey Michaels|true|en|false
00:47|0047-000|凌晨12:47|凌晨12:47，胡志明叔叔永远地离开了我们。|昨夜我梦见和平|Andrew X. Pham|true|en|false
00:48|0048-000|凌晨12:48|斯坦顿关了灯，迅速瞥了一眼时钟的红色数字；凌晨12:48。她努力回想今天是星期几。|《摩利亚骗局》|Marvin Wiebener|true|en|false
00:49|0049-000|凌晨12点49分|就在这时，他们开始呼救。附近一栋高层建筑的保安听到了他们的呼救声，并报了警。当时是凌晨12点49分。迈阿密-戴德县警官巴特·科恩和他的搭档一分钟后赶到现场。|别让他们看到你哭泣|Edna Buchanan|true|en|false
00:50|0050-000|12点50分|12点50分，打包工作完成了；哈里斯坐在大篮子上，说他希望没有东西损坏。乔治说，如果有什么东西坏了，那就坏了，这番话似乎让他感到安慰。他还说他准备睡觉了。|《三个男人一艘船》|Jerome K. Jerome|true|en|false
00:51|0051-000|凌晨12点51分|意识到时间后，我的笑容突然消失了。现在是凌晨12点51分，凌晨一点通常会有人检查我们。我拼命地跑，直到赶到电梯。|我们头顶的群星|Jyerrmou|true|en|false
00:52|0052-000|凌晨12:52|1998年除夕夜，确切地说是元旦清晨。<br>确切地说：就说是凌晨12:52吧。<br>我发现了我想要的：<br>关注。|爱与泪之年|Kenneth Robinson|true|en|false
00:53|0053-000|凌晨12:53|但他这次醒来的速度太慢了，以至于杰奎琳在他完全清醒之前就已经拿起电话说了声“你好”。时钟显示现在是凌晨12:53。对于米德来说，这个时间打电话有点早，但除了他还能是谁呢？|冲动|Michael Weaver|true|en|false
00:54|0054-000|差六分钟到一点|大家都很开心；大家都互相称赞；气氛很快就缓和了；接下来是歌声、轶事和更多的酒水，令人期待的几分钟飞逝而过。差六分钟到一点，当欢乐达到顶峰时——砰！瞬间鸦雀无声。|双管齐下的侦探故事|Mark Twain|true|en|false
00:55|0055-000|12:55|过了一会儿，现实重新袭来，她意识到自己并非产生了幻觉，而是在做梦。桌上的钟显示12:55。他们的十分钟疗程是从12:25开始的，所以显然她还有二十分钟的时间需要解释。|飞地|Karen Hancock|true|en|false
00:55|0055-001|差五分钟到一点|差五分钟到一点，节目主持人从温暖的帐篷里走了出来，观众们报以热烈的掌声。她身穿一件紫红色外套，内搭黑色高领毛衣，下身是及膝裙、黑色紧身裤和过膝长靴。|《来自天堂的第一通电话》|Mitch Albom|true|en|false
00:55|0055-002|差五分钟到一点|他翻了个身，又翻了个身，听着时钟滴答作响，一分钟后就睡着了。差五分钟到一点。还有五十一个小时。|61 小时|Lee Child|true|en|false
00:56|0056-000|凌晨十二点五十六分|凌晨十二点五十六分，乔·奥康纳终于放弃了睡觉的念头。几个小时以来，她一直醒着，担心着路易斯、斯托米和莎拉·双刀，还有科克。|边界水域|William Kent Krueger|true|en|false
00:56|0056-001|凌晨12点56分|凌晨12点56分，杰拉德把车开上草坪，把豪华轿车停在了墓地旁边。|特别响，非常近|Jonathan Safran Foer|true|en|false
00:56|0056-002|12:56|老师过去常常在夜里躺在床上，面对着那个钟，眨着眼睛，用枕套模仿钟滴落的声音。有一天晚上——这第一个夜晚早已湮没在之后无数个充满惊奇的夜晚之中——他发现了一个游戏。假设当时是12:56。|《精髓课程》|Dana Standridge|true|en|false
00:57|0057-000|12:57|一分钟过去了，滚筒落下一片新叶子。12:57。12 + 57 = 69；6 + 9 = 15；1 + 5 = 6。712 + 5 = 717；71 + 7 = 78；7 + 8 = 15；1 + 5 = 6。|精华课程|Dana Standridge|true|en|false
00:58|0058-000|快到凌晨一点|在发生那么多事之后，他竟然还敢在晚上，快到凌晨一点来拜访他们，真是厚颜无耻。|白痴|Fyodor Dostoyevsky|true|en|false
00:58|0058-001|00:58 CET|00:58 CET<br>“一切就绪。现在我们只需要……”<br>威廉一动不动，直到声音消失。还有一些话，但都随风飘散。他把防水布掀起一寸，目光落在离救生艇几码远的四个男人身上。|无所畏惧|Jeffrey Archer|true|en|false
00:59|0059-000|差一分钟到一点|只有一声迟到的汽车喇叭声轻轻打破了寂静。<br>我看了看手表。显示差一分钟到一点。当我抬起头时，某个地方不耐烦的钟表也证实了这一点。<br>我打了个哈欠，哄着小梗犬睡觉，伸手去拿开关。<br>就在这时，它又低吼了一声。|贝瑞公司|Dornford Yates|true|en|false
00:59|0059-001|大约一点钟|“现在几点了？”她问。<br>“大约一点钟。”<br>“早上？”<br>赫雷拉的朋友冲她咧嘴一笑。“不，现在有日全食。”|自由|Jonathan Franzen|true|en|false
00:59|0059-002|快一点了|夏洛克·福尔摩斯外出回来时，快一点了。他手里拿着一张蓝纸，上面潦草地写满了笔记和数字。|《福尔摩斯探案集》|Sir Arthur Conan Doyle|true|en|false
00:59|0059-003|快一点了|她向我提出了那个奇怪的问题，我专注地看着她。那时快一点了。借着月光，我只能清晰地辨认出一张苍白而年轻的脸，脸颊和下巴瘦削而轮廓分明；一双大大的、严肃的、充满渴望的眼睛；紧张而犹豫的嘴唇；以及一头浅棕色的头发。|白衣女人|Wilkie Collins|true|en|false
01:00|0100-000|凌晨一点|如果你想不被人发现地离开家，下午在某种程度上比半夜更容易尝试。门窗更有可能开着；而且如果你被抓住了，你总可以假装你没打算走远，也没有什么特别的计划。（如果你凌晨一点被发现从卧室窗户爬出去，无论是巨人还是大人都很难相信这一点。）|银椅|C.S. Lewis|true|en|false
01:00|0100-001|一点钟|他一点钟就停笔了。他写了两页，但那种感觉越来越强烈，他觉得自己又变回了三年前那个神经兮兮、差点把房子烧掉的男人，这种感觉越来越难以摆脱。|《如果它流血》|Stephen King|true|en|false
01:00|0100-002|凌晨一点|凌晨一点前不久，他应声打开后门，让五个男人进来，其中两个是熟练的木匠。|The Nameless Ones|John Connolly|true|en|false
01:00|0100-003|凌晨1点|我想大喊大叫，但我只会对着墙喊。我冲回卧室。半小时后，她和格博耶加一起离开了家。<br>她直到凌晨1点才回来。<br>我直到凌晨1点才睡。|我的姐姐，连环杀手|Oyinkan Braithwaite|true|en|false
01:00|0100-004|一点钟|我们离开劳里斯顿花园3号时是一点钟。夏洛克·福尔摩斯带我去了最近的电报局，在那里他发出了一份长长的电报。然后他拦了一辆出租车，吩咐司机把我们送到雷斯垂德给我们的地址。|血字的研究|Sir Arthur Conan Doyle|true|en|false
01:00|0100-005|凌晨一点|“没人注意到他独自一人下了游乐设施吗？”<br>“没有。当时是七月中旬，正是旺季，游乐园里人山人海，简直像个疯人院。直到第二天凌晨一点，也就是游乐园关门很久、恐怖屋的照明灯都亮着的时候，他们才发现尸体。你知道，那是夜班的工作时间。”|欢乐园|Stephen King|true|en|false
01:00|0100-006|一点钟|夏洛克·福尔摩斯外出回来时，已近一点钟了。他手里拿着一张蓝纸，上面潦草地写满了笔记和数字。|《福尔摩斯探案集》|Sir Arthur Conan Doyle|true|en|false
01:00|0100-007|一点钟|“不行，芬德尔；我已经和别人在一起了！明天一点钟左右给我打电话！”|人间天堂|F. Scott Fitzgerald|true|en|false
01:00|0100-008|一点钟|“大约一点钟的时候，他们去了马克西姆酒吧，两人在德维尼埃酒吧找到了他们。斯隆一直在连续喝酒，处于一种不稳定的兴奋状态，但阿莫里却异常清醒；他们没有遇到那些经常光顾他们在纽约聚会的、老奸巨猾的香槟买家。”|人间天堂|F. Scott Fitzgerald|true|en|false
01:00|0100-009|钟敲了一声|他越想越困惑……他不明白这把左轮手枪<br>是怎么回事……<br>房子里有人拿到了那把左轮手枪……<br>楼下，钟敲了一声。|无人生还|Agatha Christie|true|en|false
01:00|0100-010|凌晨 1:00|凌晨 1:00。我感到周围的寂静让我窒息。|修女|Rosamund Lupton|true|en|false
01:00|0100-011|一点钟|他不知道滑槽尽头是什么。开口很窄（但足以让金丝雀通过）。他梦见滑槽通向巨大的垃圾桶，里面装满了旧咖啡滤纸、番茄酱馄饨和残缺的生殖器。巨大的蠕虫，和金丝雀一样大，长着可怕的喙，会攻击尸体。撕掉它的脚，掏出它的肠子，戳破它的眼球。他惊醒了，浑身颤抖；才一点钟。他吞下了三片阿普唑仑。他的第一个自由之夜就这样结束了。|原子化|Michel Houellebecq|false|en|false
01:00|0100-012|凌晨一点|在这个改变我们所有人命运的日子到来前夜，我是这所房子里唯一醒着的人。虽然那天已经到了：我闹钟上（我还没设置）的夜光指针显示刚刚过了凌晨一点。|明天|Graham Swift|true|en|false
01:00|0100-013|凌晨一点|此时已是5月30日。1940年5月30日凌晨一点。对于一个彻夜难眠、盯着天花板的人来说，这真是一个著名的日子。在英格兰的溪流和潮汐河口，游船和明轮船已经开始解缆，准备前往敦刻尔克进行一日游。而在另一边，泰德和其他人一样，都面临着同样的命运。|伦敦属于我|Norman Collins|true|en|false
01:00|0100-014|钟声正敲着一点|昨晚，当那颗从极点向西的星辰，照亮了如今燃烧的那片天空，我和马塞勒斯，钟声正敲着一点。|哈姆雷特|William Shakespeare|true|en|false
01:00|0100-015|凌晨一点|车站比他预想的要拥挤得多——几点了？他抬头看了看钟——凌晨一点。天哪，他凌晨一点出现在国王十字车站干什么？没带烟，也没个能让他安心回家的地方，万一被一只杀人鸟啄死怎么办？|《灵魂漫长的黑暗下午茶》|Douglas Adams|true|en|false
01:01|0101-000|大约一点钟|“现在几点了？”她问。<br>“大约一点钟。”<br>“早上？”<br>赫雷拉的朋友冲她咧嘴一笑。“不，现在有日全食。”|自由|Jonathan Franzen|true|en|false
01:01|0101-001|一点零一分|就这样，一点零一分，当一个自尊心异于常人的门房冷漠地确认直到天亮前无需再做任何事，便将自己关上门，不让她看到自己时，女孩便瘫坐在一张极尽奢华、堪称豪华的床边，脸颊绯红，激动得浑身颤抖（现在她终于敢再次做回自己了），带着与当时情境相符的难以置信，凝视着门框上那面长镜里，一个年轻女子正茫然地回望着她。|无人|Louis Joseph Vance|true|en|false
01:02|0102-000|一点零两分|法伦在一点零两分走向大门，他那趾高气扬的姿态表明他对事态的发展非常满意。|《血色黎明》|Amanda Bonilla|true|en|false
01:02|0102-001|凌晨一点刚过|凌晨一点刚过，佩雷娜·莱维茨抵达机场，朝拉尼娅·威拉茨号走去。探照灯似乎让这艘Q系列货船庞大而臃肿的轮廓显得更加夸张。|The Dark Foundations|Chris Walley|true|en|false
01:03|0103-000|01:03|克利夫兰于美国东部时间01:03将飞机移交给多伦多；那是七分钟前。目前，多伦多中心报告飞机位置在安大略省伦敦附近。如果您需要更多信息，我可以提供——航向、高度、速度。|机场|Arthur Hailey|true|en|false
01:04|0104-000|一点四分|火车呼啸而过，车顶上的电子钟显示一点四分。醒着的人大多都坐在餐厅明亮的窗户边，而那些身材魁梧的搬运工则昏昏欲睡地倚靠在旅馆的门柱上。在出租车里，拉尔斯顿心想，如果总统能看到他此刻在城里追着一个年轻女子和她的男伴满城跑，他会作何感想呢？|莫特曼|Arthur Cheney Train|true|en|false
01:04|0104-001|凌晨1点04分|在老混蛋中风后的24小时内，她打了两次电话，当时很明显他快要死了。两次电话都没人接。<br>父亲去世后，她又打了一次电话——这次是8月2日凌晨1点04分。一个醉汉接的电话。|《汤米诺克》|Stephen King|false|en|false
01:05|0105-000|一点零五分|当然，先生。我驾车驶入马厩时，正好是一点零五分。<br>“好了，山，你可要小心点。我想知道你驾车到房子前到底发生了什么。用你自己的方式告诉我们。”<br>马车夫环顾四周，似乎有些困惑。“先生，”他转过身回答巴索普，“什么也没发生！”|赫拉帕斯庄园|J.S. Fletcher|true|en|false
01:06|0106-000|一点零六分|午夜礼拜结束后，我们一起走出教堂，立刻就看到了那刺眼的灯光，大多数教友也都看到了。一向严谨的比尔看了看表。他接到庄园的电话是在一点零六分。|《圣诞老人之死》|P.D. James|true|en|false
01:06|0106-001|1:06|他醒来时，床头柜上的电子钟显示1:06。他躺在那里，望着天花板，窗外的汽灯刺眼的光芒将卧室笼罩在一片冰冷的蓝色光芒中。如同冬日的月光。|《老无所依》|Cormac McCarthy|true|en|false
01:07|0107-000|01:07 GMT|01:07 GMT<br>拉蒙特听到身后传来汽车的声音。片刻之后，一辆绿色捷豹驶过，沿着车道行驶，车灯全开。它在房子外面停了下来。|无所畏惧|Jeffrey Archer|true|en|false
01:07|0107-001|凌晨1:07|但最显著的区别是时间。地下室窗外，夜幕降临。路灯亮着，一轮满月高悬空中。<br>“哇，”我听到自己低声说道。我瞥了一眼放在书架顶上的电子闹钟。它闪烁的蓝色显示屏显示，当地时间现在是凌晨1:07。|头号玩家2|Ernest Cline|true|en|false
01:08|0108-000|凌晨 1 点 08 分| 当时是凌晨 1 点 08 分，但他和我同时放下了球，而且他还要走更远的路。|罗西计划|Graeme Simsion|true|en|false
01:08|0108-001|凌晨1点08分|我的收音机闹钟在凌晨1点08分亮着，这时我听到楼梯上传来脚步声，停顿了一下，然后是外门传来怯怯的敲门声。|骨钟|David Mitchell|true|en|false
01:09|0109-000|凌晨1:09|周三凌晨1:09<br>“亲爱的，你觉得他们会发现这是个圈套吗？”<br>“谁知道呢。”他一边往壁炉里添柴，一边抬起头来——炉膛里只剩下一堆余烬。“坦赞·米诺或许是个天才，但他手下的那些黑帮小喽啰可算不上什么火箭科学家。”| 代达罗斯计划 |Thomas Hoover|true|en|false
01:09|0109-001|凌晨一点零九分|他们低调地下了马车，当特快列车驶向西部时，他们发现自己已身处异国他乡的车站站台上，时间是凌晨一点零九分——但最终，他们的影子已不见踪影。|黑包|Louis Joseph Vance|true|en|false
01:10|0110-000|一点十分|先生，卡德威尔和梅克皮斯小姐检查灯的时候，后门没闩上。大约是一点十分。|《圣诞老人之死》|P.D. James|true|en|false
01:10|0110-001|一点十分|邦德的手表显示一点十分，就在这时，在贵宾桌旁，整个游戏的格局突然发生了改变。|皇家赌场|Ian Fleming|true|en|false
01:10|0110-002|凌晨1点10分|2月26日，星期六——理查兹凌晨1点10分出去，发现天气稍微放晴，所以我们尽快出发，也就是凌晨2点10分。|南方：坚忍号探险|Ernest Shackleton|true|en|false
01:11|0111-000|比一点半更接近一点|他声称其中一个侍者喝得酩酊大醉，正在训斥他。他还说当时比一点半更接近一点。|胜利舞会事件|Agatha Christie|true|en|false
01:11|0111-001|一点零十一分|我把门半开着，一点零十一分的时候，我听到哈维穿过客厅。他从手推车上的一个瓶子里喝了一口，发出咕噜咕噜的声音。他尽可能轻手轻脚地从前门走了出去。我从窗户看着他；他独自一人。|亿万富翁的大脑|Len Deighton|true|en|false
01:12|0112-000|凌晨1:12|那是在牧师的沉默氛围下。也许以后有机会我会告诉珍妮更多。但现在不行。<br>他看了看钟。显示凌晨1:12。|梵蒂冈阴影|Ray Keating|true|en|false
01:12|0112-001|凌晨1点12分|父亲到达警察局时是凌晨1点12分。我直到1点28分才见到他，但我知道他在那里，因为我能听到他的声音。<br>他大喊着：“我要见我的儿子！”“他为什么被关起来？”“我当然非常生气！”|《深夜小狗神秘事件》|Mark Haddon|false|en|false
01:13|0113-000|一点十三分|他拿出笔记本，大声朗读了神秘的蜡烛商对他说的话：“我咽下最后一口气的时候，正是1月24日一点十三分。”|亚特兰蒂斯|Gerhart Hauptmann|true|en|false
01:14|0114-000|一点十四|萨尔来了，这是我纽约的老朋友，这是他来丹佛的第一晚，我必须带他出去，给他介绍个姑娘。<br>“你什么时候回来？”<br>“现在，”（看了看表）“正好一点十四。”|在路上|Jack Kerouac|true|en|false
01:15|0115-000|凌晨1点15分|罗宾心想，有点虚弱，但这已经是凌晨1点15分他能做到的最好成绩了。<br>“你确定不是什么漂亮姑娘吗？”玛丽问道。<br>“恐怕吉姆和弗雷德就算对他们深爱的妻子来说，也很难称得上漂亮。”|一分钱不多，一分钱不少|Jeffrey Archer|true|en|false
01:15|0115-001|1点15分|艾玛沉沉睡去，却被楼下街道上传来的刺耳警笛声惊醒。现在她明白了为什么楼上的房间更贵。她看了看表，1点15分。|父辈的罪孽|Jeffrey Archer|true|en|false
01:15|0115-002|一点一刻|因此，正如我所说，我很后悔当初注意到那些脚步声。它们大约在凌晨一点一刻开始出现，有节奏的、快速的绕着餐桌走动。|《我的生活与艰难岁月》：“鬼魂闯入之夜”|James Thurber|true|en|false
01:15|0115-003|凌晨1点15分|莉莉·陈总是为她丈夫准备一份“夜宵”，让他凌晨1点15分回家时享用。|酸甜|Timothy Mo|true|en|false
01:16|0116-000|一点十六分|一点十六分，他们走进了面试室。|《美好时光终将逝去》|Dana Stabenow|true|en|false
01:16|0116-001|1点16分|由其他两位列车员证实，凌晨1点至1点16分。|东方快车谋杀案|Agatha Christie|true|en|false
01:17|0117-000|一点十七分|“我不知道你感觉如何，但我累坏了，”泰德说着，闩上了厨房的门。<br>海泽尔看了看表。一点十七分。|擦鞋童|Jeffrey Archer|true|en|false
01:17|0117-001|凌晨1:17|星期五 凌晨1:17<br>房间很冷。就是很冷。这是他们把他推进去时他首先注意到的。现在依然如此。他已经在一张硬邦邦的、帆布覆盖的苏联式行军床上坐了九个小时，瑟瑟发抖。|代达罗斯计划|Thomas Hoover|true|en|false
01:17|0117-002|一点十七分|就在那一刻（凌晨一点十七分），布朗斯菲尔德中尉正准备离开值班岗位返回他的舱室，这时他被远处一阵嘶嘶声吸引住了。|《绕月而行》|Jules Verne|true|en|false
01:17|0117-003|1点17分|时钟停在了1点17分。一道长长的光束划过，然后是一连串轻微的震动。他起身走到窗边。“怎么了？”她问。他没有回答。他走进浴室，打开灯，但已经停电了。窗玻璃上透出暗淡的玫瑰色光芒。他单膝跪地，拉起浴缸的阀门，然后把两个水龙头都拧到最大。|《路》|Cormac McCarthy|true|en|false
01:18|0118-000|一点十八分|那是星期六晚上，或者严格来说是星期天凌晨。一点十八分。|夏日乐园|Elin Hilderbrand|true|en|false
01:19|0119-000|一点十九|“在他进来之前去睡觉，”她第无数次告诫自己。然而，她仍然坐在那里看着钟。分针已经指向一点十九，她的神经更加紧张了。|《被鬼缠身的丈夫》|Elizabeth August|true|en|false
01:20|0120-000|一点二十|我醒来，瞥了一眼床边桌子上的手表。一点二十。我的心跳得厉害。我从床上滑到地毯上，盘腿坐下，深吸了几口气。然后我屏住呼吸，放松肩膀，坐直身子，努力集中注意力。我心想，一定是游泳游多了，或者晒太阳晒多了。|盲柳，睡女|Haruki Murakami|true|en|false
01:20|0120-001|一点二十分|“好啊！”她说道，一副即将诅咒世人罪孽的女先知模样。“我能占用您宝贵的时间问问吗，你这小丑脸伯蒂，你到底在搞什么鬼？现在已经是凌晨一点二十分了，你却一点动静都没有。”|《吉夫斯与封建精神》|P.G. Wodehouse|true|en|false
01:20|0120-002|凌晨1点20分|当时是凌晨1点20分，但我还没听到父亲上楼睡觉。我不知道他是不是在楼下睡着了，还是正等着进来杀了我。于是我拿出瑞士军刀，打开锯片，以便自卫。|《深夜小狗神秘事件》|Mark Haddon|false|en|false
01:21|0121-000|凌晨1:21|星期五 凌晨1:21<br>“你叫万斯？”这带着蹩脚英语的俄罗斯口音，是他万万最意想不到的。<br>“你是谁？”<br>“我是这艘飞船的推进系统主管，”他正式而自豪地回答，同时拉了拉身上的白色实验服。“我必须和你谈谈。请。”|代达罗斯计划|Thomas Hoover|true|en|false
01:22|0122-000|1点22分|我们找到爸爸的坟墓时是1点22分。|特别响，非常近|Jonathan Safran Foer|true|en|false
01:23|0123-000|凌晨 1:23| 克罗伊登中心选区于凌晨 1:23 宣布结果，保守党以 1.8% 的优势获胜。| 这是一个人 |Jeffrey Archer|true|en|false
01:23|0123-001|一点二十三分|时钟指向一点二十三分。他突然感到一阵焦躁，却又充满希望。她来了！谁知道她会说什么呢？她或许会对自己迟到给出最合理的解释。|哑剧演员的故事|Anatole France|true|en|false
01:24|0124-000|凌晨 1:24|拉金于凌晨 1:24 去世，他转向陪伴在他身边的护士，紧紧握住她的手，虚弱地说：“我要去面对不可避免的结局了。”|《身体部位：生命写作随笔》|Hermione Lee|true|en|false
01:25|0125-000|一点二十五分|他做了最后的努力；他试图起身，却又跌了回去。他的头重重地落在沙发垫上。那时是一点二十五分。|《月亮宝石》|Wilkie Collins|true|en|false
01:26|0126-000|凌晨一点二十六|当我到达车站下车时，根据公交车上的时钟显示，已经是凌晨一点二十六了。我已经离开超过十个小时了。|银色金属爱好者|Tanith Lee|true|en|false
01:27|0127-000|凌晨1点27分|这是一张购买13.6加仑汽油的收据，信用卡交易上有索德伯格的签名。收据于1月1日凌晨1点27分在Food ’N Fuel加油站生成。|血谷|William Kent Krueger|true|en|false
01:27|0127-001|一点二十七分|一点二十七分，她感觉自己好像要飘出身体了。|追踪者|Deon Meyer|true|en|false
01:28|0128-000|1点28分|父亲凌晨1点12分到达警察局。我直到1点28分才见到他，但我知道他在那里，因为我能听到他的声音。<br>他大喊着：“我要见我的儿子！”“他为什么被关起来？”“我当然非常生气！”|《深夜小狗神秘事件》|Mark Haddon|false|en|false
01:29|0129-000|凌晨 1 点 29 分|他凌晨 1 点 29 分离开了男洗手间|《缉毒警》|William Edmund Butterworth|true|en|false
01:30|0130-000|一点三十分|她瞥了一眼床头钟。一点三十分。指针下方，镶嵌着象牙的小绵羊跃过栅栏。这是爸爸为她设计的，她发现自己正在数着这些小家伙，努力不去理会脑海中纷乱的思绪，闭上眼睛，渐渐进入了不安的梦乡，梦里满是银眸男人和骷髅头手杖。|齿轮心|Peter Bunzl|true|en|false
01:30|0130-001|一点半|周一凌晨一点半，罗斯继续冥想。除了围裙安妮和正在照看弗利克爷爷的大莫之外，其他“真理”成员都睡得很沉，这时她觉得时机成熟了。|睡梦医生|Stephen King|true|en|false
01:30|0130-002|一点半|第二天一点半，我去拜访范·诺登。今天是他的休息日，或者更确切地说，是他今晚的休息日。他请了假，今天要我帮他搬家，所以他跟卡尔一起离开了工作。<br>我发现他情绪异常低落。他告诉我，他整晚都没睡。他心事重重，有什么东西在折磨着他。|北回归线|Henry Miller|true|en|false
01:30|0130-003|一点半|一点半，路灯发出断断续续的声音，路灯低声咕哝着，路灯说：“看看那个女人……”|狂风夜曲|T.S. Eliot|true|en|false
01:30|0130-004|凌晨 1:30|大约凌晨 1:30，门开了，我以为是卡拉，结果却是巴格，他说卡拉和劳拉颜料用完了，就出去参加单身派对了。|微型农奴|Douglas Coupland|true|en|false
01:30|0130-005|一点半|深夜帮了大忙。它简化了事情。它把人群划分清楚了。无辜的旁观者大多都待在家里睡觉了。我走了半个小时，但什么也没发生。直到凌晨一点半。直到我绕到22街和百老汇。|《明日不再》|Lee Child|true|en|false
01:30|0130-006|凌晨1:30|收音机闹钟亮起，显示凌晨1:30。糟糕的卡拉OK声穿透墙壁传来。我完全清醒，被汗湿的床单紧紧束缚着。头痛欲裂，太阳穴像被拇指狠狠地掐住。我的胃里像是有伽马射线干扰一样跳动：我踉跄着冲向厕所。|代笔|David Mitchell|true|en|false
01:31|0131-000|一点三十一|凌晨一点三十一分。他又倒了一杯皇冠威士忌，一饮而尽，然后重复了两次。|韦斯特利|Michael E. Newell|true|en|false
01:32|0132-000|一点三十二|我再次坐到沙发上，看了看表，一点三十二分。我闭上眼睛，将注意力集中在脑海中的某个地方。我的大脑一片空白，我任由时间的流逝，让它带着我去任何它想去的地方。|盲柳，睡女|Haruki Murakami|true|en|false
01:32|0132-001|一点三十二|她带着一丝恶作剧的意味冲他咧嘴一笑，露出一口方正的牙齿，然后跑向楼梯。一点三十二。她好像听到一声汽笛，便一步跨过了最后三级台阶。|伊斯坦布尔火车|Graham Greene|true|en|false
01:33|0133-000|凌晨一点三十三分|他看了看表。凌晨一点三十三分。他在这张长椅上睡了一个半小时多了。|骷髅|Kat Fox|true|en|false
01:34|0134-000|凌晨1点34分|默特尔睡不着。电子钟上闪烁的数字告诉她，现在是凌晨1点34分，这将是她一生中醒来最晚的一次。但疑问太多，也太执着，让她无法摆脱。|溺亡的希望|Donald E. Westlake|true|en|false
01:35|0135-000|一点三十五|两天后，日记本的铃声在半夜惊醒了梅拉尔。他摇了摇头，瞥了一眼日记本屏幕上的时钟。<br>一点三十五。这时间点收到消息可真不寻常。有人看到那艘船了吗？|黑暗基石|Chris Walley|true|en|false
01:36|0136-000|一点三十六分|在法尔茅斯海港小镇，街道东北侧，大约在鱼市和肉市中间的位置，大约在父亲手表显示一点三十六分这个静谧而庄严的时刻，12月28日清晨，当时尊贵的乔治二世陛下是英国和爱尔兰国王（在重要的事情上，有必要具体说明），我按照惯例和仪式被引入了古老的赫里家族，作为父亲理查德和母亲琼的第九个孩子，毫无疑问，也是后来证明的，他们最年幼、最有前途的后代中最后一个。|飓风赫里|W.H.G. Kingston|true|en|false
01:37|0137-000|凌晨1点37分|云少校出现在卡斯尔顿将军身边，递给这位基地指挥官一个接口。卡斯尔顿将军接过接口，脸色阴沉下来，眉头紧锁，开始阅读。<br>“什么事？”他抬起头时，云少校问道。“今天凌晨1点37分，基地内部发出了一条加密信息。”|Outcasts|Gail Delaney|true|en|false
01:38|0138-000|一点三十八|凌晨一点三十八分，嫌疑人离开汽车影院，驾车前往北胡桃街723号，即住宅后方，并将车停好。|缉毒警|William Edmund Butterworth|true|en|false
01:39|0139-000|01:39|您正在浏览 blueeyedboy 的博客，发布于：badguysrock@webjournal.com<br>发布时间：2月22日星期五 01:39<br>状态：公开<br>心情：糟糕<br>正在收听：Gloria Gaynor：《I Will Survive》|Blueeyedboy|Joanne Harris|true|en|false
01:40|0140-000|凌晨1点40分|3月12日凌晨1点40分，她离开一群喝酒的朋友去赶回家的公交车。她再也没能到家。|《骨灰》|Kathy Reichs|true|en|false
01:41|0141-000|差十九分两点|拉弗尔斯一丝不挂，嘴里叼着一个塞满棉花的玻璃小瓶，耳朵后面别着一把小螺丝刀，脚先钻进了床铺上方的通风口；差十九分两点，他头朝下钻了回来，嘴里还叼着小瓶，棉花塞得严严实实，堵住了里面像一颗大灰豆一样的东西发出的嘎嘎声。|业余裂缝工|E.W. Hornung|false|en|false
01:42|0142-000|1点42分|1点42分26秒时，飞机撞上了尼米兹山的山坡。尼米兹山是一座植被茂密的山，位于机场西南三英里处——价值6000万美元、重达21.2万公斤的钢铁以每小时100英里的速度撞击在岩石地面上。|《异类：成功人士的故事》|Malcolm Gladwell|true|en|false
01:43|0143-000|凌晨 1:43| 凌晨 1:43，当保守党拿下巴斯尔登时，欢呼声更加响亮。根据艾玛的图表，这预示着保守党将以大约 30 席的多数优势获胜。|这是一个男人|Jeffrey Archer|true|en|false
01:43|0143-001|凌晨 1:43|它们被计时为肯尼·斯托克斯遇袭当日凌晨 1:43。|奖杯|David Evans|true|en|false
01:44|0144-000|差十六分两点|她知道这是压力造成的，整整两天的压力，她看了看表，差十六分两点，她吓得差点跳了起来，一股冲击波席卷全身，时间都去哪儿了？|追踪者|Deon Meyer|true|en|false
01:45|0145-000|1点45分|最后我接受了一杯红酒。让他独自喝酒似乎既粗鲁又苛责。马车钟停在1点45分，他才起身说道：“抱歉，表哥。喝得有点醉了。幸好有你作伴。上床睡觉吧，或许还能做个梦。”|槲寄生谋杀案|P.D. James|true|en|false
01:45|0145-001|两点差十分或十五分|每到两点差十分或十五分，执事就会进来；他是个瘦长的年轻人，二十二岁，长发，没有胡须，胡子也几乎看不见。他走进客厅，在圣像前划了个十字，微笑着向冯·科伦伸出手。<br>“早上好，”动物学家冷冷地说。“你去哪儿了？”|决斗|Anton Pavlovich Chekhov|true|en|false
01:45|0145-002|凌晨 1:45|卡普兰看起来比平时更加憔悴。他脸颊上方和眼周的皮肤因冻伤而起了水泡。他一瘸一拐的走路姿势表明，他的脚趾可能也冻伤了。他昨晚最后一次与外界联系是在凌晨 1:45，当时他用无线电通知部门他最终放弃了。|犯罪现场|William Kent Krueger|false|en|false
01:46|0146-000|凌晨1点46分|这种特殊的现象让普雷斯托在凌晨1点46分起床；他默默地用迷彩颜料涂抹了自己的脸和裸露的身体。他打开房门，走进了公共大厅。|法德诺克的复仇|J.W. Stockton|false|en|false
01:47|0147-000|凌晨 1:47|那天晚上，科克醒来，看了看床边柜子上的钟——凌晨 1:47——意识到自己孤身一人。|《仁慈瀑布》|William Kent Krueger|true|en|false
01:47|0147-001|凌晨1:47|星期五 凌晨1:47<br>“他会帮忙吗？”尤里·安德罗夫环视着昏暗控制室里的十一名成员。左侧的墙壁完全由厚重的玻璃构成，可以俯瞰一号机。风洞、视频屏幕、仪表盘，一切都处于休眠状态。|代达罗斯计划|Thomas Hoover|true|en|false
01:48|0148-000|01:48|佩里帕特先生，您随后立即获得西贡政府的特别许可离开，并于当地时间01:48返回此处。|Finity|John Barnes|true|en|false
01:49|0149-000|01:49|庞普勒穆斯先生在睡前喝了好几杯提神醒脑的酒。因此，当电话第二次响起时，他比平时花了更长的时间才回过神来。他眯起眼睛，过了一会儿才看清床头电子钟上的数字01:49，又过了好一会儿才最终明白对方在说什么。|庞普勒穆斯先生和激进助产士|Michael Bond|true|en|false
01:50|0150-000|差十分两点|她必须离开这该死的露营车。它或许是世界上最大、最豪华的露营车，但此刻却像个棺材。她扶着东西保持平衡，艰难地走向车门。出去之前，她瞥了一眼仪表盘上的时钟。差十分两点。一切都发生在短短二十分钟之内。难以置信。|睡梦医生|Stephen King|false|en|false
01:50|0150-001|凌晨两点前十分钟|不，她想：每个老处女法律秘书、调酒师和正畸医生都养了一两只猫——她无法容忍（哪怕只是出于好玩，哪怕是在凌晨两点前十分钟，哪怕只是一瞬间），这种陈词滥调的化身。|狗|Michelle Herman|true|en|false
01:51|0151-000|两点差九分|两点差九分，另一辆车到了。米拉一开始不敢相信自己的眼睛：那个形状，那些标记。|追踪者|Deon Meyer|true|en|false
01:52|0152-000|两点差八分|林克通过心灵感应确认现在是凌晨两点差八分。距离异常现象再次出现只剩八分钟了。26世纪的时间对我来说正在迅速流逝。|永恒之旅|Elliot Sacchi|true|en|false
01:53|0153-000|差七分两点|博尼又喝了两口，拿回玻璃杯，让老人去睡觉，然后离开了房间，悄无声息地走回卧室的窗边。他回到房间才一分钟，就听到别克车回来了。那时是差七分两点。|群山有个秘密|Arthur Upfield|true|en|false
01:54|0154-000|差六分钟两点|差六分钟两点。Janina Mentz盯着屏幕，小小的程序窗口闪烁着，文件滚动得飞快，根本看不清，她正在搜索关键词。|Trackers|Dean Koontz|true|en|false
01:55|0155-000|凌晨 1:55|凌晨 1:55，皇后区贝赛<br>兰德尔·哈基姆和阿卜杜勒·丁合住的地下室公寓有两组楼梯——一组从狭小的后院通往楼上，另一组从屋内通往楼下。|武僧|Ray Keating|true|en|false
01:56|0156-000|01:56|佩里帕特先生，您于 01:56 命令我恢复关机模式。|Finity|John Barnes|true|en|false
01:57|0157-000|一点五十七|然后我睁开眼睛，看了看表。一点五十七分。二十五分钟不知不觉就过去了。不错，我对自己说。一种毫无意义地消磨时间的方式。真不错。|盲柳，睡女|Haruki Murakami|true|en|false
01:58|0158-000|差两分钟|当时是差两分钟两点。我检查了一下手电筒和信封，让手臂内侧隔着外套感受枪套的结实。这让我感到安心。|《子弹换星星》|Stuart M. Kaminsky|true|en|false
01:58|0158-001|快两点了|我被狗吠声吵醒。我听到砰的一声关门声，然后是他走进厨房的声音。火已经灭了，新添的木柴也没烧，但灯还亮着。我瞥了一眼手表；快两点了。我感到一阵寒意和恶心。我起身捋了捋头发。我用脚趾轻轻碰了碰凯伦；她眨了眨眼醒了过来。|身体的谎言|Jo Baker|true|en|false
01:59|0159-000|一…五十九|他坐着，看着飞船和埃蓬之间的距离逐渐缩小，飞船的电脑反复计算着那些能让飞船绕着这颗小卫星盘旋的数字，最终完成这个循环，让它永远地在黑暗中绕着它运行。“一…五十九……”|再见，感谢所有的鱼|Douglas Adams|true|en|false
02:00|0200-000|凌晨两点|所以，当多姆看起来焦躁绝望，凌晨两点猛敲汤姆的门，说他愿意替汤姆“跑腿”一次，以此换取免除一部分债务时，汤姆知道自己别无选择。再说，这根本不是提议，而是命令。|《野心》|Lee Strobel|true|en|false
02:00|0200-001|两点钟|“那天晚上，我大约两点钟被远处雷声惊醒，再次意识到哈里根先生已经死了。<br>我躺在床上，而他已经入土为安。”|《如果它流血》|Stephen King|true|en|false
02:00|0200-002|凌晨 2 点| 昨天早上，一名学生——艾米·陈——被她的母亲带到了双瀑城警局。艾米声称，她在 11 月 15 日星期六凌晨 2 点左右看到莉娜醉醺醺地在魔鬼桥的人行道上踉跄而行。|魔鬼桥下|Loreth Anne White|true|en|false
02:00|0200-003|凌晨两点| “咖啡馆墙上中央的钟响了，宣告现在是凌晨两点。夜深人静，一片寂静。” |《咖啡未凉：咖啡馆里的故事》|Toshikazu Kawaguchi|true|en|false
02:00|0200-004|两点钟|“一个妄想的画家会在两点钟完成一幅画，却指望四点钟就能看到社会发生翻天覆地的变化。即使艺术家们撰写宣言，他们（但愿如此）也意识到，他们那急迫的语气最终只是借用，仅仅是呼应和模仿游击队员的诉求或激进分子的抗议，而非真正付诸行动。人民有时会要求变革，但他们几乎从不要求艺术。”|暗示|Zadie Smith|true|en|false
02:00|0200-005|凌晨2点|杰西卡听到大厅里的动静，打开了床边的灯。那里的钟没有正确校准到当地时间，她减去21分钟才算出大约是凌晨2点。|沙丘|Frank Herbert|true|en|false
02:00|0200-006|凌晨两点左右|“亲爱的夏洛克·福尔摩斯先生：<br>昨夜，布里克斯顿路旁的劳里斯顿花园街3号发生了一桩恶性事件。我们巡逻的警员在凌晨两点左右看到屋里有灯光，而那是一幢空屋，因此怀疑出了什么事。”|A Study in Scarlet|Sir Arthur Conan Doyle|true|en|false
02:00|0200-007|两点钟|假发安排妥当后，他把一本空白的史泰博笔记本放在笔记本电脑旁边，开始在线浏览出租房屋和公寓。他找到了一些可能的房子，但实地考察还得等到亚马逊的货到了才能进行。<br>他结束在线看房时才两点钟，离下班还早。其实，现在该开始写作了。|比利·萨默斯|Stephen King|true|en|false
02:00|0200-008|凌晨两点|根据他的天美时手表显示，现在是凌晨两点。房间很冷，但他的胳膊和胸口却湿漉漉的。<br>想听点建议吗，宝贝？<br>“不，”他说。“我不想听你的。”|睡梦医生|Stephen King|true|en|false
02:00|0200-009|凌晨两点|虽然已经是凌晨两点，但桃子在第二声铃响时就接了电话。她已经八十五岁了，睡眠薄如蝉翼。|睡梦医生|Stephen King|true|en|false
02:00|0200-010|两点钟|“我会试试Infermiterol，”我简短地说。<br>“很好。每天都要吃一顿高奶制品餐。你知道奶牛可以选择站着睡觉还是躺着睡觉吗？如果让我选，我知道<em>我会</em>选哪个。你用炉子做过酸奶吗？别回答。我们下次见面再教你做饭吧。现在记下来，因为我感觉你太神经质了，记不住：1月20日，星期六，两点钟。试试Infermiterol。再见。”|我的休息与放松之年|Ottessa Moshfegh|true|en|false
02:00|0200-011|两点钟|那天晚上我回到西卵的家时，有一瞬间害怕房子着火了。两点钟，整个半岛的角落都亮着灯，灯光不真实地洒在灌木丛上，在路边的电线上投下细长的闪光。|《了不起的盖茨比》|F. Scott Fitzgerald|true|en|false
02:00|0200-012|早上两点|亨利伸出手去拿纸条，维多利亚用一张甜美的卡波拉尔换来了纸条。纸条上只有四个字：<em>明天早上两点</em>。|漆黑一片，没有星星|Stephen King|true|en|false
02:00|0200-013|凌晨两点|她知道他一定对她有自己的记忆，从她冬天用的肉桂味润唇膏，到他用鼻子蹭她后颈时她洗发水的味道（现在这种蹭颈不常发生了，但偶尔还是会发生），再到每个月总有那么两三个晚上，不知为何她辗转难眠，凌晨两点听到的电脑咔哒声。|《漆黑一片，没有星星》|Stephen King|true|en|false
02:00|0200-014|凌晨两点|她关掉电脑，慢吞吞地爬上二楼。淋浴让她的背痛减轻了一些，再吃几片泰诺，到凌晨两点左右应该会更舒服些；她确信自己到时候肯定醒着，到时候就知道了。|《漆黑一片，没有星星》|Stephen King|true|en|false
02:00|0200-015|凌晨2点|凌晨2点，夜色渐深，三人决定返回克莱奥和弗兰克的住处。佐伊正和奥黛丽坐在宽大的防火梯上，学习如何卷出完美的烟卷，这时克莱奥爬了下来，怀里抱着一大堆五彩缤纷的冰棒。|克利奥帕特拉与弗兰肯斯坦|Coco Mellors|false|en|false
02:00|0200-016|夜里两点|“星期六下午？”她问。<br>他朝比利眨了眨眼，把女孩的头搂在臂弯里。“不，是星期六夜里两点。悄悄溜进去，敲敲你今天早上敲过的那扇窗户。我会说服夜班保安让你进去。”|飞越疯人院|Ken Kesey|true|en|false
02:00|0200-017|凌晨两点|“我在这儿等了一整夜，”肖恩说。“把一切都告诉我。”<br>“肖恩，”她说。“这一切都太不可思议了。我该从何说起呢？……”<br>他们一直聊到凌晨两点。|缓刑|James Han Mattson|true|en|false
02:00|0200-018|凌晨两点|在与侯赛因结婚近四个月后，以及在贾莱广场发生意义重大的“黑色星期五”大屠杀三天后，巴哈尔在凌晨两点悄悄溜进了她姐姐们位于德黑兰的公寓。她轻手轻脚地钻进了曾经和小莱拉一起睡过的那张单人床上，以至于玛尔詹直到黎明才注意到她。|石榴汤|Marsha Mehran|true|en|false
02:00|0200-019|两点钟|两点钟的时候，回到韦瑟比家，莎莉问她和阿莫里是不是在书房里“玩”了一把。伊莎贝尔静静地转向她。她的眼中闪烁着理想主义者的光芒，那是圣女贞德般纯洁梦想家的光芒。|人间天堂|F. Scott Fitzgerald|true|en|false
02:00|0200-020|两点钟|当大教堂的钟声敲响两点钟时，冉阿让醒了过来。|悲惨世界|Victor Hugo|true|en|false
02:00|0200-021|凌晨2点|凌晨2点登上飞机，周围是包裹、鸡、吉普赛人，对面坐着一对肥胖的算命先生，他们一路呻吟（非常隐蔽地）呕吐到第比利斯。|贝克：一本书|J. Updike|true|en|false
02:00|0200-022|二|麦克白夫人：滚出去，该死的污点；滚出去，我说。一，二——那么，是时候动手了。地狱一片漆黑。呸，我的大人，呸，一个士兵居然害怕？我们明知自己无所不能，又何须畏惧？谁又能想到这老头子体内竟有如此多的鲜血？|麦克白|William Shakespeare|false|en|false
02:00|0200-023|两点了。|屏幕后面某个地方，一个钟开始发出嘶嘶声，仿佛被什么东西压迫着，仿佛有人在掐它的脖子。一阵异常漫长的嘶嘶声之后，传来一声尖锐刺耳、急促无比的钟声——仿佛有人突然向前跳了一下。两点了。我醒了过来，尽管我其实并没有睡着，而是半梦半醒地躺着。|《地下室手记》|Fyodor Dostoyevsky|true|en|false
02:00|0200-024|两点钟|当一切都安静下来，费奥多尔·帕夫洛维奇大约两点钟上床睡觉时，伊万·费奥多罗维奇也上床睡觉了，他下定决心要尽快入睡，因为他感到筋疲力尽。|卡拉马佐夫兄弟|Fyodor Dostoyevsky|true|en|false
02:00|0200-025|夜里才过了两个小时|夜里才过了两个小时，我们就已经全都上了船，并在船上解开了佐拉伊达父亲双手的绑绳，取下了堵在他嘴上的布。|堂吉诃德|Miguel de Cervantes|true|es-ES|false
02:01|0201-000|凌晨 2:01|我看了看表。凌晨 2:01。开心乐园餐里的芝士汉堡现在只剩下遥远的回忆了。我懊恼自己早上没再点个早餐三明治。|T.S. Spivet 精选集|Reif Larsen|true|en|false
02:02|0202-000|大约两点。刚过。|“半夜？”亚历克厉声问道。“你能说得更确切些吗？”<br>“大约两点。刚过。”黛西注意到他丝毫没有表现出对她安全的关心。|《水中亡魂》|Carola Dunn|true|en|false
02:03|0203-000|两点零三分|两点零三分，汽车旅馆走廊的灯光闪烁了几下，然后熄灭了，长长的走廊陷入一片黑暗，只有楼梯间透出的光线是唯一的照明来源。|谍影重重|Robert Ludlum|true|en|false
02:03|0203-001|快到2:04|醒来。<br>“做了个噩梦。”<br>“我当然知道。”<br>“太可怕了。梦一直没完没了。”<br>“我摇你，摇你，然后……”<br>“时间到了。”<br>“快——快到2:04了。”|遗忘|David Foster Wallace|true|en|false
02:04|0204-000|2:04|醒来。<br>“做了个噩梦。”<br>“确实如此。”<br>“太可怕了，没完没了。”<br>“我摇你，摇你，然后……”<br>“时间到了。”<br>“快——快到2:04了。”|遗落战境|David Foster Wallace|true|en|false
02:05|0205-000|凌晨 2:05| 凌晨 2:05，皇后区法拉盛<br>她的手机调成震动模式，放在床边的床头柜上。|武僧|Ray Keating|true|en|false
02:05|0205-001|2点05分|2点05分，那件带气泡的紧身裤噼啪作响地脱落了。|伦敦田园|Martin Amis|true|en|false
02:05|0205-002|两点零五分|然后他开始按铃。大约十分钟后，他的贴身男仆出现了，衣衫不整，看起来昏昏欲睡。“很抱歉打扰您，弗朗西斯，”他边说边走进来；“但我忘了带钥匙。现在几点了？”<br>“两点零五分，先生，”男仆看了看钟，打了个哈欠回答。<br>“两点零五分？太晚了！明天你得九点叫醒我。我还有些工作要做。”|《道林·格雷的画像》|Oscar Wilde|true|en|false
02:06|0206-000|两点零六分|他看了看表：两点零六分。他关上卧室门，慢慢走下楼。他打开前门，看到他的车停在路边。|《生而囚徒》|Jeffrey Archer|true|en|false
02:06|0206-001|两点零六分|时间是两点零六分。约拿呢？他和哈里大概会晚到五分钟。|贝瑞公司|Dornford Yates|true|en|false
02:06|0206-002|大约两点。刚过。|“半夜？”亚历克厉声问道。“你能说得更确切些吗？”<br>“大约两点。刚过。”黛西注意到他丝毫没有表现出对她安全的关心。|《水中亡魂》|Carola Dunn|true|en|false
02:07|0207-000|凌晨2点07分|凌晨2点07分，我决定在刷牙上床之前喝点橙味饮料，于是下楼去了厨房。父亲坐在沙发上，一边看电视里的斯诺克比赛，一边喝威士忌。他的眼里流出了泪水。|The Curious Incident of the Dog in the Night-Time|Mark Haddon|true|en|false
02:07|0207-001|凌晨2点07分|但我睡不着。凌晨2点07分，我下了床，害怕希尔斯先生，于是下楼，走出前门，来到了查普特路。|《深夜小狗神秘事件》|Mark Haddon|true|en|false
02:07|0207-002|凌晨 2:07| 星期六，11 月 17 日 — 凌晨 2:07。我睡不着。本在楼上，已经回床上躺着了，而我正在厨房里写下这些文字。他以为我在喝他刚给我做的可可。他以为我很快就会回床上睡觉。我会的，但首先我必须再写一会儿。|《睡前》|S.J. Watson|true|en|false
02:08|0208-000|2:08|她迅速穿好衣服，系好第二只运动鞋的鞋带。时钟显示2:08。|武僧|Ray Keating|true|en|false
02:09|0209-000|凌晨 2:09| 凌晨 2:09，牙买加，皇后区<br>在 al-Dawla 家门外，联邦调查局特工已就位——不仅在地面上，还在二楼卧室窗外的半层屋顶上。|武僧|Ray Keating|true|en|false
02:10|0210-000|两点十分|她打开床头灯，摸索着找到眼镜，凝视着床头柜上滴答作响的马车钟。才两点十分。等不到天亮了。|《嗜死》|P.D. James|true|en|false
02:10|0210-001|2:10|身穿防弹衣、戴着防毒面具和夜视镜的联邦调查局特工封锁了主楼层，并将年迈的房主带走。不幸的是，这对夫妇醒着，妻子因卧室遭到入侵而尖叫。由于噪音太大，他们不得不立即行动，而不是等到预定的2:10。|武僧|Ray Keating|true|en|false
02:10|0210-002|两点十分|“先生，两点十分，”那人看着钟眨了眨眼，回答道。“两点十分？太晚了！”|《道林·格雷的画像》|Oscar Wilde|true|en|false
02:10|0210-003|凌晨 2:10| 决定一旦天气好转就立即再次出发。当时正在下雪，风力大约每小时 50 到 60 英里。2 月 26 日，星期六——理查兹凌晨 1:10 出去查看，发现天气稍有好转，所以我们尽快出发，也就是凌晨 2:10。|南方：坚忍号远征|Ernest Shackleton|true|en|false
02:11|0211-000|2:11|每部手机都藏得很好，像一个冷酷无情的士兵，等待着命令。而命令的下达时间是美国东部时间凌晨2:11:17。|武僧|Ray Keating|true|en|false
02:12|0212-000|凌晨两点十二分| 维尔纳知道，凌晨两点十二分，那个法国人会再次广播，维尔纳要么关掉收发器，要么假装只听到静电噪音。|《我们无法看见的光》|Anthony Doerr|true|en|false
02:12|0212-001|凌晨 2 点 12 分| 然后全城的灯都灭了。根据发电厂的记录，这件事发生在凌晨 2 点 12 分，但布莱克的日记里没有提到具体时间。日记里只有一句话：“灯灭了——上帝保佑我。” |《黑暗中的潜伏者》|H.P. Lovecraft|true|en|false
02:13|0213-000|凌晨02:13|现在，听着：你的目的地是1944年8月4日，星期五，窗口将于22:30打开。你要去的是一个维度，它在1918年2月20日，星期三凌晨02:13与我们自己的维度分道扬镳，距今已有二十六年之久。你不知道那里会是什么样子。|第二家网吧，第一部分：维度研究员|Chris James|true|en|false
02:14|0214-000|两点十四分|现在和他刚到时一样，楼里已经没有亮灯了。这算是件好事。枪击事件发生后，大楼里并没有发生什么骚动。瞥了一眼车里的钟：两点十四分。|枪手如何告别|Malcolm Mackay|true|en|false
02:15|0215-000|凌晨 2:15|他快速浏览着邮件，心里把绝大多数都当作无关紧要的邮件忽略了，但其中一封引起了他的注意：邮件来自 Art Bullock，发送时间是凌晨 2:15。邮件主题是：周五早上紧急通知。|雄心壮志|Lee Strobel|true|en|false
02:15|0215-001|2:15|夜深人静之时，电话铃声响起。他睁开眼，发现时钟显示2:15。起初他迷迷糊糊的，没明白附近为何会有铃声，但他摇了摇头，几乎是下意识地拿起听筒，贴在耳边。|盲柳，睡女|Haruki Murakami|true|en|false
02:15|0215-002|凌晨 2 点 15 分|凌晨 2 点 15 分，一名警察在黑暗中观察着这个地方，但陌生人的车仍然停在路边。|《时间之外的阴影》|H.P. Lovecraft|true|en|false
02:15|0215-003|两点十五分|确实如此。两点十五分闹钟响起时，卢关掉闹钟，打开床头灯，然后把脚放到地上，坐在床边，睁着眼睛。|夜行者|Jack Finney|true|en|false
02:16|0216-000|凌晨2点16分|你没听到我在飞机上跟你说的话吗？斯科特将军的飞机今天凌晨2点16分在沙漠坠毁，机上人员全部遇难。|明日回声|Rob Buckman|true|en|false
02:17|0217-000|两点一十七|两点一十七，他惊叹道。这是他一生中见过的最奇怪的时间。<br>“房间这么乱，真抱歉，”拉莉莎说。<br>“我喜欢这样。我喜欢你现在的样子。你饿了吗？我有点饿了。”<br>“不，沃尔特。”她笑了。“我不饿。但我可以给你拿点东西。”<br>“我想，比如，一杯豆浆。豆奶饮料。”|自由|Jonathan Franzen|true|en|false
02:17|0217-001|2点17分|其中一架“直升机”停了下来，掉头飞回我身边。信号弹断断续续地闪烁了几下，渐渐消失，探照灯的强光刺得我睁不开眼。我一动不动地坐着。当时是2点17分。在螺旋桨的轰鸣声中，一种更低沉、更浑厚的声音划破了冰冷的黑暗空气。|伊普克雷斯档案|Len Deighton|true|en|false
02:18|0218-000|凌晨 2:18|当时是凌晨 2:18，唐娜没看到其他办公室里有人这么晚还在工作。|哞|Jane Smiley|true|en|false
02:19|0219-000|02:19|由于二级减速齿轮失效，“彼得罗斯·朱庇特”号无法继续航行。02:19，船长通过甚高频无线电联系了兰兹角海岸警卫队站，告知值班人员情况并询问是否有拖船可用。|黑潮|Hammond Innes|true|en|false
02:20|0220-000|两点二十|她突然转向护士，问时间。“两点二十。”“啊……两点二十！”吉纳维芙重复道，仿佛有什么急事要办。|南方邮报|Antoine de Saint Exupery|true|en|false
02:20|0220-001|两点二十|卢第三次散步的那晚，他睡在自己的公寓里。两点二十分，闹钟的绿色指针亮起，他睁开了眼睛，知道这一次，他真的在睡梦中一直在等待着它。|夜行者|Jack Finney|true|en|false
02:20|0220-002|两点二十分|两点二十分，在去圣地亚哥的路上，听着一些怪异、嘈杂的音乐；没有旋律，也没有内容。|Somewhere in Time (Bid Time Return)|Richard Matheson|true|en|false
02:21|0221-000|凌晨2:21|她猛然惊醒，发现自己躺在一张陌生的床上，房间里一片冰冷。狂风呼啸，雨点猛烈地拍打着窗户，她这才想起自己身在何处，为何还在这里。<br>她一动不动，紧张地躺了好一会儿，任由睡意模糊的边缘渐渐消散。<br>凌晨2:21<br>看来她那些模糊的性梦也不过如此。|代号：公主|Christina Skye|false|en|false
02:21|0221-001|凌晨 2:21|凌晨 2:21，下士哈特曼从伦敦街的房子里走了出来。|将军之夜|Hans Hellmut Kirst|true|en|false
02:21|0221-002|两点二十一|我突然很想抬头看看天空。但头顶上当然没有太阳，没有月亮，也没有星星。黑暗沉重地笼罩着我。我呼吸的每一口气，每一步湿漉漉的脚步，都像泥巴一样滑落到地上。我抬起左手，打开电子表的屏幕。两点二十一。我们进入地下时是午夜，所以只过去了两个多小时。我们继续向下走，沿着狭窄的沟渠，嘴巴紧紧地闭着。|《奇鸟行状录与世界尽头》|Haruki Murakami|true|en|false
02:22|0222-000|两点二十二分|又拜访了两次之后，那位最著名的医生告诉波帕尼拉，他的病症“毫无疑问是神经性的”；他因为说话太多而过度兴奋；以后他每说一个字都要数到五，永远不要问任何问题，并且要避免社交；也就是说，无论出于什么原因，晚上参加聚会的时间都不要超过两点二十二分，也不要因为任何劝说而在同一天外出就餐超过一次。|波帕尼拉船长的航行|Benjamin Disraeli|true|en|false
02:22|0222-001|凌晨 2:22|她的肚子突然咕噜叫了起来。事故发生后，她一直太过紧张，没怎么吃东西，现在饥饿感袭来。<br>她又看了一眼钟。<br>凌晨 2:22|代号：公主|Christina Skye|true|en|false
02:23|0223-000|两点二十三分|医生的妻子躺在丈夫身边，床很窄，她尽可能地靠近他，但这也是她自己的选择。为了在半夜保持体面，不让自己像某些人所说的“猪”那样行事，他们付出了多少代价？她看了看表。两点二十三分。|盲目|José Saramago|true|en|false
02:24|0224-000|凌晨2点24分|当时是凌晨2点24分。她跌跌撞撞地下了床，绊到了先前踢掉的鞋子，然后套上一件毛衣。|After You’d Gone|Maggie O’Farrell|true|en|false
02:25|0225-000|凌晨2点25分|现在是凌晨2点25分，肖恩打来了电话。斯蒂芬悄悄下床，走出卧室。肖恩打来，可能是家事，可能是对国家的威胁，也可能是两者之间数不清的任何事情。|The Traitor|Ray Keating|true|en|false
02:25|0225-001|凌晨 2:25|你看，时间到了：凌晨 2:25。你起床了。|《一九八三年：小红帽四部曲》第四部|David Peace|true|en|false
02:26|0226-000|凌晨 2:26|收听了克劳德凌晨 2:26 留下的语音留言。|The Lighted Rooms|Richard Mason|true|en|false
02:27|0227-000|早上2点27分|请求获准，但前提是另一份表格填写并签署完毕。那天早上2点27分，德克斯特·哈钦斯给中央情报局局长打了个对方付费电话。|盗亦有道|Jeffrey Archer|true|en|false
02:27|0227-001|两点二十七分|布卢姆斯伯里中心四千个房间里所有四千个电子钟的指针都指向两点二十七分。|美丽新世界|Aldous Leonard Huxley|true|en|false
02:27|0227-002|凌晨2点27分|月亮直到凌晨2点27分才再次升起。这足以让瓦兰德意识到他位于树下一段距离处。|《一步之遥》|Henning Mankell|true|en|false
02:28|0228-000|凌晨 2:28| 凌晨 2:28：羊数完了，开始清点其他家畜。|承诺先生|Mike Gayle|true|en|false
02:29|0229-000|凌晨2:30左右|凌晨2:30左右，他不用应付出了名的糟糕的意大利司机，而且安全屋离罗马斗兽场只有几条街的距离，这座建筑自公元80年开放以来就一直屹立在罗马。|梵蒂冈阴影|Ray Keating|true|en|false
02:30|0230-000|两点半|“哦，爸爸，”我说。我抽泣着说。“他没死。至少今天早上两点半的时候他还没死。我们得把他挖出来。我们必须这么做，因为我们把他活埋了。”|如果它流血|Stephen King|true|en|false
02:30|0230-001|两点半|她看了看表：两点半。还有几分钟时间冷静下来，之后就得走了。|密室|Maj Sjöwall & Per Wahlöö|true|en|false
02:30|0230-002|凌晨2:30|我自己穿的是便服：白手套和配套的运动鞋。不过很遗憾地告诉你，乔还穿着她的丹顿医生鞋。雪莉，你穿什么？<br>“我以前当鼓乐队指挥的衣服。就是我参加州决赛穿的那套。听着，我们不能这样占线。”<br>“为什么不行？”哈里说。“谁会在凌晨2:30打电话来提出更好的主意？耶！用卢的话说，我们要开派对啦！卢，我们准备什么酒？”<br>“我想是啤酒吧。我们没有酒，对吧，乔？”<br>“只是用来做饭的。”|夜行者|Jack Finney|true|en|false
02:30|0230-003|两点半|大约两点半的时候，她被楼梯上吱呀作响的脚步声吵醒了。起初她很害怕。|《小陌生人》|Sarah Waters|true|en|false
02:30|0230-004|02:30|Inc，我大概在02:30左右试图把她拉开，然后就听到了这该死的……声音。|无尽的玩笑|David Foster Wallace|false|en|false
02:30|0230-005|凌晨2点30分|现在是凌晨2点30分，我感觉很紧绷。像蜱虫一样紧绷，像领主一样紧绷，像蝾螈一样紧绷。必须在美好的记忆消逝模糊之前把它写下来。|任何人的心|William Boyd|true|en|false
02:31|0231-000|凌晨2点31分|然后我醒了，因为公寓里有人在喊叫，当时是凌晨2点31分。其中一个人是父亲，我吓坏了。|《深夜小狗神秘事件》|Mark Haddon|true|en|false
02:32|0232-000|凌晨 2:32| 最后一位客人于凌晨 2:32 离开，比预定结束时间晚了两小时零两分钟。|罗西计划|Graeme Simsion|true|en|false
02:33|0233-000|两点三十三分|但什么也没发生！都两点三十四分了，好吧。两点三十三分了，什么事都没发生。要是他接到房间呼叫，或者电梯的夜间铃响了，现在该怎么办？|一个漂亮的宝贝|Jim Thompson|true|en|false
02:34|0234-000|两点三十四|但什么也没发生！现在是两点三十四，好吧。两点三十三了，什么事都没发生。假设他接到房间呼叫，或者电梯的夜间铃响了，现在呢？|一个漂亮的宝贝|Jim Thompson|true|en|false
02:35|0235-000|早上2点35分|那天早上2点35分，马特森和主席开车从马克的公寓回来，任务完成了。马特森睡过了头，晚了半小时。该死的酒店竟然忘了叫醒他；现在这世道，谁都不能相信。|我们该告诉总统吗？|Jeffrey Archer|false|en|false
02:35|0235-001|两点三十五|我蹑手蹑脚地走下楼梯，小心翼翼地避开那些我知道会暴露我行踪的台阶，我知道父亲已经睡在客厅的沙发上了。在厨房里，我借着月光看到墙上的钟指针指向两点三十五。|平凡的恩典|William Kent Krueger|true|en|false
02:35|0235-002|凌晨 2:35| 亮起的屏幕没有显示来电者的任何信息，但确实显示现在是凌晨 2:35。|流沙 |Ray Keating|true|en|false
02:35|0235-003|凌晨 2:35| 罗夏的日记：凌晨 2:35 离开雅各布家。他对任何诋毁曼哈顿博士的企图都一无所知。他只是被利用了。|守望者|Alan Moore and Dave Gibbons|true|en|false
02:35|0235-004|2点35分|关于2点35分发生的事情，我们有以下证词：一位年轻、聪明且受过良好教育的牧师；以及中央警局的巡警威廉·J·莫诺汉，一位极其可靠的警官，他当时在巡逻的那个地方停下来查看人群。|《黑暗中的潜伏者》|H.P. Lovecraft|true|en|false
02:36|0236-000|2点36分|“开车小心，”内德说。他发短信让我把车开过去。那是2点36分，我知道，因为我看了钟，就是那边那个装饰艺术风格的钟，看到了吗？走时很准。然后，我不知道，他就消失了。|石床垫|Margaret Atwood|true|en|false
02:36|0236-001|凌晨 2 点 36 分|大约凌晨 2 点 36 分，一名宪兵上校来逮捕我。2 点 36 分半钟时，我才想起那副厚重的隔热手套。但即便我之前就想起来了，又能怎么办呢？|伊普克雷斯档案|Len Deighton|true|en|false
02:37|0237-000|02:37|他离最近的加油站至少还有几英里，而且在阿肯色州，他一度确信美国国家安全局正在跟踪他，于是把手机扔出了窗外。他从口袋里掏出厨房定时器：02:37:47。他得徒步赶路了。|俄亥俄州|Stephen Markley|true|en|false
02:37|0237-001|凌晨两点三十七分|1990年6月13日。凌晨两点三十七分零十六秒。|《末日逼近》|Stephen King|true|en|false
02:38|0238-000|差22分钟3点|的确，打钟装置早已与指针不符；而指针本身，由于多年积累的误差，也已不再指示真实时间；然而，每当它敲响七点，他总能确信指针指向十二点一刻，那时正好是差22分钟3点。|法老的经纪人|Ellsworth Douglass|true|en|false
02:39|0239-000|2点39分|不，平惠里车站站长报告说，有一位先生在平惠里搭乘了2点39分的火车。|五条红鲱鱼|Dorothy L. Sayers|true|en|false
02:40|0240-000|两点四十分|当她的手表显示两点四十分时，她准备出发。她穿上最深色的外套，口袋里已经装着一大盒火柴，头上系了一条围巾。|《私人病人》|P.D. James|true|en|false
02:40|0240-001|凌晨 2:40|康诺弗小姐告诉调查人员，凌晨 2:40，马丁·威利斯警官走进餐馆，点了咖啡和甜甜圈。|《安德洛墨达病毒》|Michael Crichton|true|en|false
02:41|0241-000|02:41|他的助手们想要一份冗长而华丽的声明，充满激动人心的词句，并对各自的将军们大加赞扬。艾森豪威尔把他们的建议抛到一边，写下了——啊！就是它了：“盟军的任务于1945年5月7日当地时间02:41完成。”|月球战争|Ben Bova|true|en|false
02:42|0242-000|02:42|这次是一只鸟，一只戴着护目镜的乌鸦。帕特森已经破译了电报，现在正在快速阅读。女神4号报告说，天才于祖鲁时间02:42离开了沙龙。|夜鹭|Adam Brookes|true|en|false
02:43|0243-000|凌晨2点43分|她在他身边坐了下来。“现在是凌晨2点43分12秒，凯斯。我的视神经里植入了一个读取芯片。”|神经漫游者|William Gibson|true|en|false
02:43|0243-001|02:43|麦克斯从噩梦中惊醒，倒吸一口凉气，在漆黑的房间里猛地睁开双眼。她眨了眨眼，低声呻吟，眼前出现了02:43的时间戳。“你连真正的熊都没见过，”她喃喃自语道。|黑暗中的一丝微光|K.B. Wagers|true|en|false
02:44|0244-000|三点差十六分|你三点差十六分到的。罗恩看了看表。|《可憎之人》|Maj Sjöwall|true|en|false
02:45|0245-000|差一刻三点|他醒来时已是夜幕降临，月光洒进房间。他看了看表：差一刻三点。睡意全无，他坐在床上，想起了老伯爵夫人的葬礼。|黑桃皇后|Alexsander S. Pushkin|true|en|false
02:45|0245-001|差一刻三点|他低头看了看表。他一边抚摸着她，一边笑着唤醒她，现在也笑着。“差一刻三点。我们谈话之后，我在我那破旧的汽车旅馆房间里坐了将近两个小时，试图说服自己，我所想的不可能是真的。但我走到今天这一步，并非是因为我逃避了真相。”|《漆黑一片，没有星星》|Stephen King|true|en|false
02:45|0245-002|0245h|0245h，恩内特之家，真正寂静的时刻。|无尽的玩笑|David Foster Wallace|true|en|false
02:46|0246-000|凌晨2点46分|我们一开始永远不知道，我们即将面对的是一场灾难还是一场灾难。昨晚凌晨2点46分，楼上的灯亮了。警铃也响了，但我不能说我真正听见了。十秒钟后，我穿好衣服，走出了车站的房间。|姐姐的守护者|Jodi Picoult|true|en|false
02:46|0246-001|凌晨 2:46|凌晨 2:46。链条驱动装置嗡嗡作响，纸靶沿着昏暗的靶场滑行，在黄色白炽灯光的光束中忽隐忽现。射击台上，一个身影在阴影中等待着。当靶子滑过 25 英尺标记线时，那人开火了：八发子弹——快速而毫不犹豫。|爱国者|Steve Sohmer|true|en|false
02:46|0246-002|两点四十六|维姬把眼镜推到眼前，瞥了一眼钟。两点四十六。“我没时间管这些，”她嘟囔着，靠回枕头上，心脏依然砰砰直跳。|血脉|Tanya Huff|true|en|false
02:47|0247-000|凌晨2点47分|闪烁的数字显示凌晨2点47分。莫伊塞斯叹了口气，转身走向浴室门。终于，门把手转动了，康奇塔回到床上。她重新躺到莫伊塞斯身边。他松了口气，把她搂得更紧。|《欲望之书》|Daniel A. Olivas|true|en|false
02:48|0248-000|差十二分三点|贝蒂，你给我安静点。可能会有麻烦。他差点把她从桌子上推到麦克斯面前。一秒钟后，他拨动了门厅门口的开关，房间里顿时暗了下来。透过门，时钟显示差十二分三点。|盲目盟友|Baynard Kendrick|true|en|false
02:49|0249-000|凌晨 2:49|凌晨 2:49，镇书记员走回麦克风前，再次敲击了一下。短暂的寂静被一支铅笔从桌子上掉下来滚到地板上的声音打破了。|比剑更强大|Jeffrey Archer|true|en|false
02:50|0250-000|2点50分|当时间到了2点50分，银行也没有遭到袭击时，很明显，今天不是发生大政变的日子。|密室|Maj Sjöwall & Per Wahlöö|true|en|false
02:51|0251-000|凌晨 2:51| 星期四 凌晨 2:51<br>浑身湿透、烦躁不安的迈克尔·万斯敲响了泽诺·斯坦托普洛斯昏暗咖啡馆的门。他摸黑沿着僻静的小路走进伊拉克利翁，以被雨水冲刷得斑驳的梧桐树、橄榄树和野梨树林为指引，试图弄明白到底发生了什么事。|代达罗斯计划|Thomas Hoover|false|en|false
02:52|0252-000|凌晨 2:52|这是一个源于孤独的冲动。那是星期天凌晨 2:52。|《清晨之歌》|Gerald Seymour|true|en|false
02:53|0253-000|凌晨差七分钟到三点|他们到达了布拉瓦约镇郊外的第一个路障，克雷格看了看手表。凌晨差七分钟到三点。|《黑暗中的猎豹》|Wilbur Smith|true|en|false
02:54|0254-000|差六分三点|时代变了，我可以准确地告诉你它是什么时候变的——上周五早上差六分三点整，时代变了。|GB84|David Peace|true|en|false
02:55|0255-000|差五分三点|仪表盘上的时钟显示差五分三点，比西奥预想的要晚。道路狭窄而荒凉，在他们面前苍白地展开，然后像一块破烂肮脏的亚麻布一样在车轮下滑行。|《人类之子》|P.D. James|true|en|false
02:55|0255-001|凌晨 2:55|哈利，这就是世界末日的结局。录制好的鸡尾酒音乐，核动力驱动，即使所有生命都已毁灭，也能持续播放数个世纪。选自《不，不，娜内特》，永世长存。凌晨 2:55 就这些？|夜行者|Jack Finney|true|en|false
02:55|0255-002|凌晨 2:55| 出发时间：凌晨 2:55。塞西双手从椅子上拿起他的鸭舌帽。| 顺流而下 |Iain Sinclair|true|en|false
02:56|0256-000|2点56分|铁锹触碰到棺材时是2点56分。我们都听到了声音，面面相觑。|特别响，非常近|Jonathan Safran Foer|true|en|false
02:57|0257-000|02:57|格林尼治标准时间02:57。亚哈亚从藏身之处溜了出来，右手紧紧握着他从船上医院偷来的注射器。|生命探测|Michael McCollum|true|en|false
02:58|0258-000|差两分三点|但通常情况恰恰相反，她会慢慢来。她会把旋钮拧到极限，让太阳在屏幕上静止不动，好几个星期都不会移动一丝一毫，所以树上的叶子和牧场里的草叶都不会闪烁。时钟的指针停在差两分三点，她很可能会让它一直停在那里，直到我们锈迹斑斑。|飞越疯人院|Ken Kesey|true|en|false
02:59|0259-000|凌晨2点59分|凌晨2点59分，他从床上爬起来，精神饱满，神清气爽，走到小屋中央的大箱子旁，打开了箱子的盖子。|小心你的愿望|Jeffrey Archer|true|en|false
02:59|0259-001|凌晨2:59| “我希望它早点开，”索菲说，“但里昂站也行。” 早点？兰登看了看表，凌晨2:59。火车还有七分钟就开了，他们甚至还没买票。|《达芬奇密码》|Dan Brown|true|en|false
02:59|0259-002|夜里2点59分|我记得一天夜里2点59分来到这个房间。我记得那个给我起外号的军士：大多是盎格鲁-撒克逊式的单音节四字母词，偶尔夹杂着一个奇怪的“共产主义者”之类的词。|伊普克雷斯档案|Len Deighton|true|en|false
03:00|0300-000|凌晨 3:00| 凌晨 3:00，一辆灰色的德索托外交官轿车在奥利弗大道上来回行驶。车里唯一的乘客四处张望，寻找任何异常的迹象。|蓝泉|Peter Rennebohm|true|en|false
03:00|0300-001|凌晨三点| 最糟糕的是，亨里克使用了如此尖锐且无情的具体例子。如果他是在宣扬仁慈，他就会这样描述穷人的境遇：船长手下的众多佃农中，有人凌晨三点背着一袋谷物离开家，在田里辛勤劳作，常常为了在十三个小时的劳作后终于到达磨坊而不得不放弃午饭，取回面粉后，再背着沉重的货物穿过树林回家。|《上帝之锤》|Bo Giertz|true|en|false
03:00|0300-002|凌晨三点|凌晨三点，赌场的气味、烟雾和汗水令人作呕。|《皇家赌场》|Ian Fleming|true|en|false
03:00|0300-003|凌晨三点|霍莉凌晨三点就起床了。她收拾好了行李，打印了达美航空的机票，七点才到机场，而且航程很短，但她再也睡不着了。|《如果它流血》|Stephen King|true|en|false
03:00|0300-004|凌晨3点|那个女人是谁？她有所怀疑，但最终还是猜错了。凌晨3点，在失眠的黑暗中，一个模糊的身影轻轻地嘲笑着她，然后悄然离去。她什么也猜不透。|《石床垫》|Margaret Atwood|true|en|false
03:00|0300-005|凌晨三点|“你在做什么？”他问。<br>“我觉得把门锁上更好，”威拉说，“以防万一。”<br>“现在是凌晨三点。”<br>“那就更该锁了。”<br>马尔科维奇古怪地看了她一眼，然后回到休息室。|The Nameless Ones|John Connolly|true|en|false
03:00|0300-006|凌晨3点| 这支美国小组乘坐湾流喷气式飞机从波兰东部的一个地区机场飞抵维也纳。自反恐战争开始以来，中央情报局一直在该机场设立引渡基地。因此，这并非该小组的第一天。凌晨3点，他们已经开始监视。两辆汽车停在了酒店正门和后门附近，其中一辆汽车最初绕着街区转了三圈。|《无名氏》|John Connolly|true|en|false
03:00|0300-007|凌晨三点| 托尼很早就变得冷酷无情了。现在，凌晨三点，她懊悔地在地下室里这样称呼自己。身后的沙盘上散落着红发奥托的丁香大军的残骸，楼上韦斯特还在为那些不义之徒而沉睡，而泽尼亚则在城里的某个地方肆意妄为，无人制止。|《强盗新娘》|Margaret Atwood|true|en|false
03:00|0300-008|三|时间一分一秒地过去，疲惫的凯瑟琳听到屋里所有的钟都报了三点，直到暴风雨停歇，或者她不知不觉地睡着了。|诺桑觉寺|Jane Austen|true|en|false
03:00|0300-009|凌晨3点|“努里叔叔！”他看到我动了一下就说，“你睡了这么久。” 墙上的钟显示凌晨3点。|阿勒颇的养蜂人|Christy Lefteri|true|en|false
03:00|0300-010|凌晨三点|明迪·帕克盯着天花板。她无事可做。凌晨三点的班实在无聊。只有源源不断的咖啡才能让她保持清醒。|《火星救援》|Andy Weir|true|en|false
03:00|0300-011|凌晨3点|凌晨3点，我发现自己在谷歌搜索框里输入了“连环杀手”|《我的姐姐，连环杀手》|Oyinkan Braithwaite|true|en|false
03:00|0300-012|三点钟|大约三点钟，四对情侣因幸福而惊恐，正从俄罗斯山上滑下来。俄罗斯山是一座奇特的建筑，当时占据了博容的高地，其起伏的线条在香榭丽舍大街的树木之上清晰可见。|悲惨世界|Victor Hugo|true|en|false
03:00|0300-013|三点钟|片刻之后，大约三点钟，库尔费雷克碰巧和博絮埃一起沿着穆夫塔尔街走过。雪势加重，弥漫在空气中。|悲惨世界|Victor Hugo|true|en|false
03:00|0300-014|凌晨三点|我半醒着，被子松开，像裹尸布一样裹着我，心跳加速，下意识地抓挠着自己的嘴。过了好一会儿我才意识到被子里空无一物。尽管如此，我还是起床，去了洗手间，喝了两杯水。也许我做过比周二凌晨三点把我吵醒的那个噩梦更可怕的梦，但如果真有，我已经记不起来了。|欢乐园|Stephen King|true|en|false
03:00|0300-015|凌晨三点| 仿佛被惊醒了——或许真是如此——莱恩抬起头看着我。他努力想看着我；他的眼睛回到了眼眶的水平位置，但现在却指向相反的方向。那可怕的景象从未从我的脑海中消失，而且仍然会在最奇怪的时候浮现：经过收费公路收费站时，清晨一边喝咖啡一边听着CNN主播们喋喋不休地播报坏消息时，凌晨三点起床小便时——某个诗人恰如其分地将凌晨三点称为“狼的时刻”。|欢乐园|Stephen King|false|en|false
03:00|0300-016|凌晨三点|我再次环顾房间。和往常一样，房间干净整洁。<br>“凌晨三点，人们会想各种各样的事情。我们都会。所以我们每个人都必须找到自己对抗这些念头的方法。”<br>“你说的或许有道理，”我说。|盲柳，睡女|Haruki Murakami|true|en|false
03:00|0300-017|凌晨三点|“连动物在凌晨三点也会思考事情，”他说，仿佛想起了什么，“你有没有在凌晨三点去过动物园？”<br>“没有，”我含糊地回答，“没有，当然没有。”|Blind Willow, Sleeping Woman|Haruki Murakami|true|en|false
03:00|0300-018|三|所有的门都锁好了，一切都井然有序。一切如常。我回到管理员的房间，把闹钟设在三点，然后很快就睡着了。|盲柳，睡女|Haruki Murakami|true|en|false
03:00|0300-019|三|然而，三点钟闹钟响起时，我醒来却感觉很奇怪。我说不上来，就是感觉不一样了。我不想起床——好像有什么东西在压制我起床的意志。我平时都是那种起床后立马跳起来的人，所以完全无法理解。|盲柳，睡女|Haruki Murakami|true|en|false
03:00|0300-020|凌晨3点|前戏结束，他小便完，用力擤了擤鼻子，若无其事地走到他的女伴面前，给了她一个响亮的吻，还亲昵地拍了拍她的屁股。这女伴，我从未见过她不干净的样子——即使是在凌晨3点，在辛苦工作了一晚上之后。她看起来就像刚从土耳其浴里出来一样。|北回归线|Henry Miller|false|en|false
03:00|0300-021|凌晨三点|现在是凌晨三点，这里有两个荡妇在光秃秃的地板上翻跟头。菲尔莫尔赤身裸体地走来走去，手里拿着一个高脚杯，他那啤酒肚紧绷得像鼓槌一样，硬得像瘘管。|北回归线|Henry Miller|false|en|false
03:00|0300-022|三点钟|贾维斯吹着口哨。“蒂莫西，法律能帮你这个年纪的人从多处脊椎骨折中恢复过来吗？”<br>埃迪：“你这个年纪的人不会恢复，只会摔得粉身碎骨。”<br>我拼尽全力反抗，但我的括约肌已经不受控制，一发不可收拾。我本可以忍受他们的嘲笑或轻蔑，但折磨我的人的怜悯却意味着我彻底的失败。马桶的链子被拉了下来。<br>“三点钟，”卡文迪什-雷杜克斯被冲进了马桶。|云图|David Mitchell|false|en|false
03:00|0300-023|凌晨三点|的确，在凌晨三点的毕晓普索普村，很容易相信村民们所信奉的谎言——这里是善良安静的人们过着平静美好生活的地方。|拉德利一家|Matt Haig|true|en|false
03:00|0300-024|三点钟|这个星期五凌晨三点钟亮着的灯属于罗文，他是拉德利家两个孩子中的哥哥。尽管他喝了六倍于推荐剂量的夜用营养液，但他仍然精神抖擞。|拉德利一家|Matt Haig|false|en|false
03:00|0300-025|凌晨三点| 昨晚熬夜练习一首轰鸣的大提琴<em>快板</em>，以爆发式的三连音点缀。寂静中夹杂着急促的捕鼠器声。记得凌晨三点教堂的钟声。“我听到一只猫头鹰，”哈克贝利·费恩说，“飞走了，呜呜地叫着，好像在哀悼某个死去的人，还有一只夜鹰和一条狗在哀嚎，好像在哀悼某个即将死去的人。”|《云图》|David Mitchell|true|en|false
03:00|0300-026|凌晨三点|那天晚上他彻夜难眠，胸口像被一条蛇紧紧缠绕着一样，闷闷不乐。凌晨三点，床边的电话响了起来。是艾达的声音，几乎难以辨认，她断断续续的喘息声和啜泣声一样绝望。|《失踪的树木之岛》|Elif Shafak|true|en|false
03:00|0300-027|凌晨三点|凌晨三点，她依然醒着，脑海里不断回想着自己在育儿方面屡屡失败的种种，于是她掀开毯子，轻手轻脚地走到厨房。她倒了一杯苏格兰威士忌，温热的酒入口后，顿觉灼热，她又喝了一口，然后倒在床上，彻底放松下来。|谎言背后|Emilya Naymark|true|en|false
03:00|0300-028|凌晨三点|更糟糕的是，她半夜都陪着乔西，乔西做了个一个噩梦，<br>梦见蟒蛇，醒来后就不肯再睡了。艾利克斯不知道其他候选人是谁，但她敢打赌，她们肯定不是那种凌晨三点还得用尺子戳暖气通风口，证明黑暗的隧道里没有蛇的单身妈妈。|十九分钟|Jodi Picoult|true|en|false
03:00|0300-029|三点钟|现在是三点钟了。反基督已经在地球上待了十五个小时，而一个天使和一个恶魔已经连续喝了三个小时的酒了。|好兆头|Terry Pratchett and Neil Gaiman|true|en|false
03:00|0300-030|三|当钟敲响三点时，伊丽莎白感到自己必须走了，她很不情愿地说了出来。|傲慢与偏见|Jane Austen|true|en|false
03:00|0300-031|凌晨三点|一股赌博热潮席卷了二年级学生，许多闷热的夜晚，他们都伏案赌博到凌晨三点。|人间天堂|F. Scott Fitzgerald|true|en|false
03:00|0300-032|三点钟|她今天早上很早就去世了，大约三点钟。|《远航》|Virginia Woolf|true|en|false
03:00|0300-033|凌晨三点|凌晨三点。这就是我们的报偿。凌晨三点。灵魂的午夜。潮水退去，灵魂也随之消退。一列火车在绝望的时刻到来。为什么？|Something Wicked This Way Comes|Ray Bradbury|true|en|false
03:00|0300-034|三点钟|根据她的手表，刚过三点钟不久，但根据其他一切判断，已经是晚上了。|《灵魂漫长的黑暗下午茶》|Douglas Adams|true|en|false
03:00|0300-035|凌晨三点|凌晨三点，我在车间里走来走去，听着卡恰图良在拖拉机厂里干活。他称之为小提琴协奏曲。我称之为松动的风扇皮带，管它呢。|漫长的告别|Raymond Chandler|false|en|false
03:00|0300-036|凌晨三点|凌晨三点，欧律狄刻必然会出现。毕竟，如果不是为了接收来自四面八方关于失踪的欧律狄刻的消息，我又何必像个迷失前哨的电报员一样坐在这里呢？她原本就不属于我，但我却一直哀悼她，不断地以专业和业余的方式寻找她。|美杜莎频率|Russell Hoban|true|en|false
03:00|0300-037|凌晨三点|但在凌晨三点，一个被遗忘的包裹却有着与死刑判决同等的悲剧意义，而且治愈方法也无效——在真正的灵魂暗夜里，永远都是凌晨三点，日复一日。|《崩溃》|F. Scott Fitzgerald|true|en|false
03:00|0300-038|凌晨三点|她必须喝上一杯淡到泛着金黄色的茶，才能开始新的一天。她患有失眠症。夜晚，她睁着眼睛，焦虑不安。即使在凌晨三点，你也可能听到她在厨房里吃着隔水加热的饼干。|下午拉格|Amit Chaudhuri|true|en|false
03:00|0300-039|凌晨 3 点|我猛地摔上手机，但没砸到底座。我却砸到了时钟，时钟闪烁着凌晨 3 点。|墙另一边的歌|Dan Holloway|true|en|false
03:00|0300-040|凌晨三点|六天风平浪静——这是营地里迄今为止最美好的日子，七月的阳光灿烂地洒满大地，六个完美的山间仲夏日，天天如梦似幻——凌晨三点，有人踉跄着，仿佛脚踝被锁链束缚，走进了科曼奇小屋的浴室。|复仇女神|Philip Roth|true|en|false
03:00|0300-041|凌晨三点|凌晨三点，出租车停在他酒店外巨大的雪堆旁。他已经好几个小时没吃东西了。|太阳|Ian McEwan|true|en|false
03:00|0300-042|凌晨三点|我曾见过一个我永远不会忘记的身影。那是凌晨三点，我像往常一样从布莱基家回家；那是我的捷径，我想，这么晚了街上应该不会有人，尤其是在这可怕的寒冷中。|我不是斯蒂勒|Max Frisch|true|en|false
03:00|0300-043|凌晨三点|弗蕾娅·盖恩斯被吵醒，迷迷糊糊地摸索着可视电话的开关；她迷迷糊糊地找到开关，啪地一声打开了。“喂，”她咕哝着，想知道现在几点了。她看清了床边钟表的夜光表盘。凌晨三点。天哪。|泰坦的玩家|Philip K Dick|true|en|false
03:00|0300-044|03:00|沙克特清了清嘴，用力咽了口唾沫。“塔维斯连在更衣室里重新勾缝瓷砖都要召开社区会议或成立委员会。勾缝委员会从五月份就开始拖延了。突然间他们开始搞什么秘密的03:00牛奶调包？这听起来不太对劲，吉姆。”|《无尽的玩笑》|David Foster Wallace|true|en|false
03:00|0300-045|凌晨三点|凌晨三点，查尔斯·霍洛威坐在床边想。火车为什么会在这个时候来？因为，他想，这是一个特殊的时刻。女人从来不会在这个时候醒来，不是吗？她们睡得像婴儿和孩子一样香甜。但是中年男人呢？他们对这个时刻很熟悉。|《邪恶降临》|Ray Bradbury|true|en|false
03:00|0300-046|三|“几点了？”那人上下打量着乔治，眼神里明显带着怀疑，“你仔细听，就能听到钟声了。”<br>乔治侧耳倾听，旁边的钟立刻应声。“可是才过了三点啊！”钟声停下后，乔治带着受伤的语气说道。|三个男人同舟|Jerome K. Jerome|true|en|false
03:00|0300-047|凌晨 3:00| 苏菲醒来时是凌晨 3:00 | 绝望的角色 |Paula Fox|true|en|false
03:00|0300-048|凌晨三点|听着，小姐。现在是凌晨三点，我的头脑比以往任何时候都清醒。我知道我所有的财产，也知道钱都花在了哪里。我已经做好了一切准备，随时可以改变主意，随心所欲。你听到了吗，小姐？我的头脑清醒。|《米德尔马契》|George Eliot|true|en|false
03:00|0300-049|凌晨三点|当时应该是凌晨三点；我正坐在托尔托尼酒吧的桌旁，喝着咖啡，抽着烟。|人工呼吸|Ricardo Piglia|true|es-AR|false
03:01|0301-000|凌晨3点01分|凌晨3点01分，撒迪厄斯·芬斯顿在睡梦中动了动，醒了过来。他坐起身，环顾昏暗的病房。其他三十名熟睡的病人轻轻的呼吸声和偶尔的鼾声充满了房间。芬斯顿转向窗户，凝望着黑色的山丘，那些山丘环抱着空无一人的手工艺楼。|A Filbert is a Nut|Rick Raphael|true|en|false
03:01|0301-001|凌晨三点左右|昨天凌晨三点左右，我发现母亲昏迷在浴室地板上。他们说我是英雄，因为我救了她，让她免于锂过量。<br>我不是英雄。这都是我的错。|眨眼之间|Ginny Kochis|false|en|false
03:01|0301-002|大约是凌晨三点钟|现在大约是凌晨三点钟，弗朗西斯·麦康伯在不再想狮子之后睡了一会儿，醒来后又睡着了。|《弗朗西斯·麦康伯短暂而幸福的一生》|Ernest Hemingway|true|en|false
03:01|0301-003|三点过后|“我不能就这么躺在这里，”她想，“任由我的人生被毁掉！”当她听到“上帝保佑各位早安，我的主人！三点过后，祝您早安！”时，她一把掀开被子，跳下床，转身摇醒了南。|永远的琥珀|Kathleen Windsor|true|en|false
03:02|0302-000|三点两分|经过数月的核实和复核，约瑟夫·里卡多，一个混血儿，于1995年10月19日西境时间三点两分在布宜诺斯艾利斯一家医院非婚生子，终于被正式承认。|《人类之子》|P.D. James|true|en|false
03:03|0303-000|三点零三分|三点零三分，他开始了作为世界名人之一的职业生涯。|震撼地球的男人|Arthur C. Train and Robert W. Wood|true|en|false
03:04|0304-000|3点04分|他看了看床头柜上的前线时钟，发现它停在了3点04分。所以，连闹钟都不能指望了。|《舞王归来》|Henning Mankell|true|en|false
03:04|0304-001|夜里将近三个小时|事情是这样的，我说，当我们已经出海，夜里将近三个小时过去了，我们扬帆远航，帆从上到下完全展开|堂吉诃德|Miguel de Cervantes|true|es-ES|false
03:05|0305-000|三点零五|“五分钟前是三点，”墨菲说。“我不能确定，但我推测现在应该是三点零五左右了。”<br>我抱起双臂。“我通常不做蹲点。”|白夜|Jim Butcher|true|en|false
03:05|0305-001|凌晨 3 点 05 分|圣诞节前的那个星期天，她凌晨 3 点 05 分醒来，心想：还有 36 个小时。四个小时后，她起床想：还有 32 个小时。当天晚些时候，她带着阿尔弗雷德去戴尔和霍尼·德里布莱特家参加街区协会的圣诞派对，把他安全地安置在柯比·鲁特身边，然后开始提醒所有邻居，她最喜欢的孙子，那个盼望了一整年能在圣裘德过圣诞节的孙子，明天下午就要到了。|更正|Jonathan Franzen|true|en|false
03:06|0306-000|凌晨 3:06| 凌晨 3:06<br>“给你，”佩蒂格鲁小姐用细小的声音说道。乔高高地俯视着她。他一言不发，只是用手臂挽着她的胳膊，带着那种佩蒂格鲁小姐从未体验过的、令人愉悦的、占有欲极强的、守护般的男性关怀。她只是无力地靠在他身上。|佩蒂格鲁小姐的一天|Winifred Watson|true|en|false
03:07|0307-000|3:07|他瞥了一眼手表：3:07。肯定不是菲奥娜吧？他拖着疲惫的身体起床，穿上睡袍，不情愿地走到门口。|正面赢|Jeffrey Archer|true|en|false
03:07|0307-001|凌晨3:07|韦恩迟到了：凌晨3:07——深夜节目。他停好车。他倒掉牛奶罐。他打了个哈欠，伸了个懒腰。他挠了挠痒。|寒冷的六千|James Ellroy|true|en|false
03:08|0308-000|三点零八分|雾气渐渐散去，他隐约能看到格兰奇庄园——一个庞大的黑色阴影，窗户里透出模糊的光影。他的手表显示现在是三点零八分。所以他们现在都独自躲在密室里冥想，等待四点钟的召集令，宣布最终投票结果。|黑塔|P.D. James|true|en|false
03:09|0309-000|三点九分|霍尔看了看他的劳力士手表，已经三点九分了，可是一只布谷鸟都没有报时，一只也没有。这种情况持续了多久了？或者说，这种情况持续了多久？|《毁灭之路》|Donald E. Westlake|true|en|false
03:10|0310-000|三点十分|亚当舔了舔手指，揉了揉眼睛，试图适应黑暗。他看了看闹钟上发光的小表盘：三点十分。|荣誉之战|Jeffrey Archer|true|en|false
03:10|0310-001|凌晨3点10分|格兰特牧师终于在凌晨3点10分回到了牧师住宅。|武士僧侣|Ray Keating|true|en|false
03:10|0310-002|三点十分|我想我的信用卡也在里面。我写下了“信用卡”这几个字，并说如果他们不让我注销，我就要求他们登记丢失，这样你就不会被收取我打电话之后的任何费用了。我看了看表。三点十分。|《完整的故事和其他故事》|Ali Smith|true|en|false
03:10|0310-003|三点十分|再次恋爱；三点十分自慰|再次恋爱|Philip Larkin|false|en|false
03:11|0311-000|凌晨 3:11| 时钟显示凌晨 3:11。<br>“喂，你好？”<br>电话那头传来一个低沉、毫无感情的声音：“请问是斯蒂芬·格兰特牧师吗？”|万恶之源？|Ray Keating|true|en|false
03:12|0312-000|三点十二分|一张桌子上放着钓鱼杂志和烟灰缸，书架上放着几本书，瓶子里插着一支蜡烛，几把椅子，壁炉架上的钟停在三点十二分。|与他人为伴|Jan Karon|true|en|false
03:12|0312-001|凌晨3点12分|当时是凌晨3点12分，查理打来了电话。<br>她接起电话：“你还坐在那家旅馆外面吗？”<br>“是啊。这他妈的太扯了。我现在就进去找那个家伙，我才不管他正在干什么。”|Vatican Shadows|Ray Keating|false|en|false
03:13|0313-000|03:13|你可能不会记得我了，但我就是那个幸运的灵魂，在格林威治标准时间03:13被传送到了人类的身体里。|再来一次|Josie Lloyd and Emlyn Rees|true|en|false
03:14|0314-000|3点14分|自从他告诉那个女孩这段关系必须结束之后，他每天早上都会准时在3点14分醒来，从未间断。每天早上，他都会睁开眼睛，神情警觉，电子闹钟上的红色数字都会显示3点14分。|耳光|Christos Tsiolkas|true|en|false
03:15|0315-000|三点十五分|老板那天下午三点十五分拉的屎比拉屎厉害多了；他拉在裤子里的东西简直就像一颗原子弹。|《汤米诺克》|Stephen King|false|en|false
03:15|0315-001|凌晨三点一刻|八月的一个夜晚，采摘工作已经完成，老派的工人们也付清了工资回到了保留地，我被母牛的哞叫声吵醒了。<em>我睡过头了，错过了挤奶时间</em>，我想，但当我摸索着从床边的桌子上拿起父亲的怀表，瞥了一眼时，发现已经是凌晨三点一刻了。|《漆黑一片，没有星星》|Stephen King|true|en|false
03:15|0315-002|3:15|69号房间门上的钟滴答作响，显示3:15。变化正在加速。曾经的体育馆现在变成了一个七英尺宽的小房间，一个紧凑的、近乎完美的立方体。|69号井|J.G. Ballard|true|en|false
03:16|0316-000|三点十六分|丽贝卡和艾比被救护车送往医院，艾比几个小时后出院，只受了些轻微的割伤和擦伤。丽贝卡·劳登今天凌晨三点十六分被宣布死亡，此前外科医生未能修复她颈动脉的损伤。|安全之地|Emma Salisbury|true|en|false
03:17|0317-000|03:17|哈桑看了看表——03:17——她确信船上唯一醒着的人就是桥上的那个年轻人。车对象四。他从棋盘上移走了一个马。|下一位|Jeffrey Archer|true|en|false
03:17|0317-001|凌晨3:17|时间戳显示凌晨3:17。一大段文字。这不是什么好兆头。|Bath Haus|P.J. Vernon|true|en|false
03:17|0317-002|凌晨三点十七分| 凌晨三点十七分。米拉穿着风衣和靴子，坐在床边。马利克·索兰卡呻吟了一声。灾难总是在你最脆弱的时候降临：就像爱情一样，让你措手不及。|《愤怒》|Salman Rushdie|true|en|false
03:17|0317-003|凌晨3点17分|我们俩坐在那里听着——鲍里斯比我听得更专注。“那跟他在一起的是谁？”我问。“一个妓女。”他听了一会儿，眉头紧锁，月光下他的侧脸轮廓分明，然后又躺了回去。“是两个。”我翻了个身，看了看我的iPod。凌晨3点17分。|金翅雀|Donna Tartt|false|en|false
03:17|0317-004|凌晨 3:17|他再次转向监视器，快速浏览屏幕，每个屏幕都能显示八种不同的摄像机架设，让库尔特得以看到 192 张不同的格林奥克斯静物照片，拍摄时间是三月的一个夜晚凌晨 3:17。|《失去的一切》|Catherine O’Flynn|true|en|false
03:18|0318-000|凌晨3点18分|真相或许永远不得而知。我们目前只知道，2月10日凌晨3点18分，“南十字星”号被冰层牢牢包围，并发出求救信号。夜间某个时候，那条水道一定已经到了尽头。西向涌来的浮冰将她包围，几个小时后，她便消失在茫茫大海之中。|白色南方|Hammond Innes|true|en|false
03:19|0319-000|凌晨3点19分|纳维德森摄像机上的时间戳显示，现在是凌晨3点19分。|叶屋|Mark Z. Danielewski|true|en|false
03:20|0320-000|凌晨 3:20|普拉巴特·库马拉，16岁。1989 年 11 月 17 日，凌晨 3:20，从朋友家中。|阿尼尔的鬼魂|Michael Ondaatje|true|en|false
03:21|0321-000|3点21分|他懒得洗澡刮胡子，匆匆穿上前一天的衣服。3点21分，他离开位于皇后区的公寓，开车前往曼哈顿，在4点前几分钟把车停在了警局门口。|盗亦有道|Jeffrey Archer|true|en|false
03:21|0321-001|3:21|她又瞥了一眼床头钟：3:21。她下了床，穿上睡袍，坐在小桌旁，在几张酒店信纸上写下笔记，为与塞夫顿·杰尔克斯的会面做准备。感觉就像在准备考试。|父辈的罪孽|Jeffrey Archer|true|en|false
03:21|0321-002|三点二十一分|接着，他想起圣诞节的第二天是农历二十七日，因此，涨潮时间为三点二十一分，退潮时间为七点一刻，退潮时间为九点三十三分，涨潮时间为十二点三十九分。|《海上的劳动者》|Victor Hugo|true|en|false
03:22|0322-000|凌晨3点22分|女士们先生们，今天凌晨3点22分，我们位于新墨西哥州索科罗的GEODSS传感器套件探测到一个位于月球轨道之外的异常物体。|礼物|Dave Donovan|true|en|false
03:23|0323-000|三点二十三分|现在是三点二十三分，他的飞机早上八点起飞。|糖果乐园|Evan Hunter and Ed McBain|true|en|false
03:24|0324-000|三点二十四|“肯定不是！”她嘲讽道。“连接洲际交通。帮助在八十天内——或者现在是四十天？——环绕地球一周。让旅客了解三点二十四号列车；分发时刻表和其他宝贵的教育资料——”<br>“我在这里很开心，”他固执地说。|成功：一部小说|Samuel Hopkins Adams|true|en|false
03:25|0325-000|凌晨3点25分|当时是凌晨3点25分。想到我是家里唯一醒着的马尔瓦尼家人，我感到一阵奇异的兴奋。|We Were the Mulvaneys|Joyce Carol Oates|true|en|false
03:26|0326-000|03:26|萨姆重重地瘫坐在凌乱的床边，双手抱头，手指胡乱地梳理着凌乱的头发，然后瞥了一眼床头柜上的电子钟。红色的小数字闪烁着03:26，他叹了口气。|Ink|Torrie McLean|true|en|false
03:27|0327-000|凌晨3点27分|凌晨3点27分，他再次要求肃静。“本人伦纳德·德里克·哈迪，作为选举主任……”人们低下头，闭上眼睛，有些在场的人转过身去，连舞台都不敢面对，只能交叉手指祈求好运，等待他读出数字。|Mightier Than the Sword|Jeffrey Archer|true|en|false
03:27|0327-001|三点二十七分|游骑兵在前领头，他们快步离开了小镇。如果有人注意到，就会发现鸟笼旅馆墙上的钟显示时间是三点二十七分。|哦，你这德州佬！|William MacLeod Raine|true|en|false
03:28|0328-000|3.28|有人从他房间门口跑过。砰的一声关上了门。又是那门外语。到底是怎么回事？他打开灯，看了看手表。3.28。他下了床。|离开的梦|Rupert Thomson|true|en|false
03:29|0329-000|凌晨3点29分|只有CIU发来的消息。他们收到了迪福德手机上的账单。最后一次通话是周日凌晨3点29分打给另一部手机的。从那以后就没人用过这部手机了。|借来的光|Graham Hurley|true|en|false
03:30|0330-000|三点半|他睡得太沉，没听到有人拉门把手的声音。把他吵醒的是一阵轻柔的敲击声。起初声音很轻，像是指甲刮过木头的声音。他睁开眼时，以为是哪个孩子做了噩梦后正努力爬回床上。但当他看到陌生的房间时，他才想起自己身在何处。他眯起眼睛，看着酒店闹钟上发光的指针。三点半。|慕尼黑|Robert Harris|true|en|false
03:30|0330-001|三点半|三点半，一只鸟儿对着寂静的天空，唱着一首谨慎的歌。|三点半，一只鸟儿|Emily Dickinson|true|en|false
03:30|0330-002|凌晨三点半|凌晨三点半，他失去了一个幻想：奉命侦察的军官告诉他，敌人没有动静。|悲惨世界|Victor Hugo|true|en|false
03:30|0330-003|凌晨3:30|凌晨3:30，拉尔夫太太家终于安静下来，盖普决定打扫厨房，消磨时间，直到天亮。盖普熟悉家庭主妇的家务，他把水槽装满水，开始洗碗。|盖普眼中的世界|John Irving|true|en|false
03:30|0330-004|三点半|“我们睡觉吧，”我说。“看看几点了。”闹钟收音机就在床边。谁都能看到上面显示着三点半。|睡过这张床的人|Raymond Carver|true|en|false
03:30|0330-005|三点半|听着，我可不会凌晨三点半打电话给麦格拉斯医生，问他我儿子能不能吃虫子。这太荒谬了。|如何吃炸虫子|Thomas Rockwell|true|en|false
03:31|0331-000|03:31|他犹豫片刻，伸手去够海军上将的呼叫图标，小心翼翼地触碰，仿佛那是核弹的引爆装置。阿拉山将准确时间记录在值班日志中：03:31。|伊甸之幕|Marlin Desault|true|en|false
03:32|0332-000|凌晨3点32分|今天凌晨3点32分，在距离此地以北36英里的黑泽尔布鲁克村附近，人们最终在他弃置的汽车外发现了一个空的低温支持气瓶。|斯卡拉蒂之子|John McNally|true|en|false
03:33|0333-000|3:33|一阵冷风从厨房窗框吹进来，我不禁打了个寒颤。珀克斯炉灶上的电子钟显示3:33。|慢性城市|Jonathan Lethem|true|en|false
03:34|0334-000|凌晨3点34分|当时是凌晨3点34分，他完全清醒。他听到了电话铃声和叔叔的声音。|永远的弗洛伦斯|Muriel Jensen|true|en|false
03:35|0335-000|3:35|三点三十分，3:35，3:40。突然一阵剧烈的震动，几乎把他从座位上甩了出去。紧接着是刺耳的车轮摩擦声，火车迅速减速，最终停了下来。|小心你的愿望|Jeffrey Archer|true|en|false
03:35|0335-001|凌晨3:35|他在黑暗中隐约看到闹钟的指针：凌晨3:35。他调整了一下枕头，闭上了眼睛。|里加的狗|Henning Mankell|true|en|false
03:36|0336-000|凌晨 3:36| 当我接近死马镇时，是凌晨 3:36，气温零下十七度。高耸的钠灯照亮了道路，没有树木，只有机器和机械的影子。甚至连教堂都没有。这说明了一切。|动物实验|Richard Christian Matheson|true|en|false
03:37|0337-000|凌晨3点37分|凌晨3点37分，玛吉难得睡着了。最近几个月她的睡眠质量确实不错。克莱德为此感到无比自豪。|蛛网|Stephen Bury|true|en|false
03:38|0338-000|凌晨 3 点 38 分| 凌晨 3 点 38 分，肯塔基州鲍灵格林开始下雪。盘旋在城市上空的鹅群飞回公园，降落下来，蜷缩在湖中的小岛上，静静地等待着。|就像我们曾经认识的那些人|Connie Willis|true|en|false
03:39|0339-000|凌晨3:39|1893年10月23日凌晨3:39。仔细想想，我觉得有必要解释一下，被流放到大师的工作室并非一种糟糕的命运。它并非只是一个空荡荡、毫无刺激的地下室——恰恰相反。|《发条人》|William Jablonsky|true|en|false
03:40|0340-000|三点四十分|床头钟显示三点四十分。他不知道自己为什么下床：他既不需要小便，也不受梦境或前一天发生的事情的困扰，甚至不受世事变迁的影响。|星期六|Ian McEwan|true|en|false
03:41|0341-000|凌晨 3:41|闹钟显示凌晨 3:41。他坐了起来。为什么闹钟走得这么慢？他拿起闹钟，调整指针，使之与手表上的时间一致：凌晨 3:44|里加之犬|Henning Mankell|true|en|false
03:42|0342-000|凌晨3:42|凌晨3:42，电话响了。这么晚了会是谁打来的？或者说，“这么早”？他们才睡了几个小时。复活节守夜礼大约在晚上11点结束，之后她就为复活节日出礼拜做好了一切准备，礼拜大约在早上6点开始。|血染|Gayl Siegel|true|en|false
03:42|0342-001|凌晨 3:42| 让我们看看搜查令能查出什么。目前为止，佩利承认他去过篝火旁。实验室称他的靴印与莉娜身上的痕迹相符。据佩利的妻子莱西说，佩利无法解释他最后一次被人看到搂着莉娜离开篝火旁，到凌晨 3:42 醉醺醺地回到家这段时间的行踪。|《魔鬼桥下》|Loreth Anne White|true|en|false
03:42|0342-002|3点42分|“我们3点42分到黄天镇，”他温柔地看着她的眼睛说。<br>“哦，是吗？”她说道，仿佛对此毫不知情。对丈夫的话表现出惊讶，是她作为妻子温婉可亲的一部分。|新娘来到黄天镇|Stephen Crane|true|en|false
03:43|0343-000|凌晨 3:43|时钟显示凌晨 3:43。温度计显示气温只有华氏 14 度，寒气逼人。天气预报说这股寒流会持续到周四，所以一定要穿得暖和些，多穿几层。蝙蝠洞的窗户上挂满了冰柱。|代笔|David Mitchell|true|en|false
03:44|0344-000|3:44|当我睁开双眼，牡蛎色的晨曦正透过窗户窥视着我。我的黄铜闹钟指针指向3:44。|馅饼底部的甜蜜|Alan Bradley|true|en|false
03:44|0344-001|凌晨 3:44| 天色已黑。她打开灯，上了个厕所后，看了看表：凌晨 3:44。她脱下衣服，把猫送出门外，然后回到单人床上。| 肝脏：肝丸子 |Will Self|true|en|false
03:45|0345-000|03:45|他摸了摸手表，看了看时间：03:45。这是打开外门，让他安全返回另一个世界的密码。|除非我死了|Jeffrey Archer|true|en|false
03:45|0345-001|差一刻四点|艾布拉没有安静下来。哭声单调、令人抓狂、令人恐惧。当他们到达布里奇顿医院时，已经是差一刻四点了，艾布拉的哭声依然震耳欲聋。通常情况下，乘坐讴歌汽车比服用安眠药更有效，但今天早上却并非如此。|睡梦医生|Stephen King|true|en|false
03:45|0345-002|差一刻四点|卡弗舍姆勋爵：哎呀，先生！您在这儿干什么呢？像往常一样虚度光阴！您应该上床睡觉了，先生。您熬夜太晚了！我听说您前几天晚上在拉福德夫人家跳舞跳到凌晨四点！<br>戈林勋爵：才差一刻四点，父亲。|《理想丈夫》|Oscar Wilde|true|en|false
03:46|0346-000|03:46|这次年份在前，88，然后是月份，09，最后是时间，刚刚跳到03:46。|除非我死了|Jeffrey Archer|true|en|false
03:46|0346-001|凌晨3点46分|我看到那辆宾利车凌晨3点46分拐进了学校操场，几分钟后，那辆载着两名特勤局特工的SUV也驶过了。|致命十字|James Patterson|true|en|false
03:47|0347-000|3点47分|我一直熬到3点47分。那是我睡着前最后一次看表。我的表盘是夜光的，按一下按钮就能亮起来，这样我就可以在黑暗中看时间了。我感到很冷，也很害怕爸爸会出来发现我。但我觉得待在花园里更安全，因为我躲了起来。|《深夜小狗神秘事件》|Mark Haddon|true|en|false
03:48|0348-000|3点48分|他看了看时间，3点48分，正要输入密码，这时柯林斯镇定地走进房间，身穿燕尾服、条纹裤、硬挺的白色领子和灰色丝绸领带。|除非我死了|Jeffrey Archer|true|en|false
03:48|0348-001|距离四点还有十二分|杰里米和库比回到房间时，距离四点还有十二分。卧室里的火几乎熄灭了，但杰里米下楼又拿来一些柴火，重新点燃了火。|《扭曲的剑》|Winston Graham|true|en|false
03:49|0349-000|凌晨3点49分|凌晨3点49分，他打了我，因为我说了两百遍“我不知道”。之后他打了我很多次。|伊普克雷斯档案|Len Deighton|true|en|false
03:50|0350-000|凌晨差十分钟或五分钟到四点|她用手机在圣保罗那位名叫费尔南多的年轻牙医的答录机上留了几条留言，那是前一天晚上在他家发生的。第一条留言是在凌晨差十分钟或五分钟到四点录下的。|《巴西之死：遗漏之书》|Peter Robb|true|en|false
03:51|0351-000|3:51|收音机闹钟上的数字显示是3:51。这种时候总是奇数。这意味着什么？死亡也是奇数吗？|白噪音|Don DeLillo|true|en|false
03:52|0352-000|03:52|这太完美了，完美得过分。航海日志翻开，最后一条记录是：03:52 — 布雷迪机场信标，方位角 312°，约 8 英里。|《地中海奇遇记》|Clive Cussler|true|en|false
03:53|0353-000|四点差七分|我知道老埃尔斯跟我说过什么，但儿子，我还没听你说过。今天早上四点差七分左右，你在猪苑干什么？|苏豪区|Keith Waterhouse|true|en|false
03:54|0354-000|凌晨 3:54| 这架从佛罗里达起飞的包机于几分钟前，即凌晨 3:54 降落在奥尔德格罗夫。| 男人拥有的越多，想要的就越多 |Paul Muldoon|true|en|false
03:55|0355-000|凌晨3点55分|凌晨3点55分，在这空旷的地下室里，一束微光中，站着西奥·佩罗恩。|星期六|Ian McEwan|true|en|false
03:56|0356-000|差四分四点|现在是差四分四点，新的一天开始了：这一天很可能会撕开裂痕，让淤青变成血淋淋的伤口，将她耐心建立起来的一切彻底粉碎。|卡桑德拉情结|Brian Stableford|true|en|false
03:57|0357-000|3点57分|他打开床头灯，拿起手表。3点57分。他开始回忆几个小时前发生的事情。|盗亦有道|Jeffrey Archer|true|en|false
03:57|0357-001|差三分钟四点|“差三分钟四点，”她回答道，看了看她那块宽大的旧金表，然后把它贴在耳边。“是的，差三分钟四点。我还以为会晚些呢。你看到了什么，威廉·莫布雷——你确实看到了。你看到了什么，对吧？”|《黑暗之中》|Joseph Sheridan Le Fanu|true|en|false
03:58|0358-000|差两分四点|古老的房子空无一人，摇摇欲坠的车库上了锁，透过窗户上跳跃的阳光，勉强能辨认出对面墙上的钟面。钟停在了清晨差两分四点，或者谁知道呢，也许更早，就在昨天下午，凯撒离开卡玛利亚前往巴蒂卡几个小时之后。|哈特兰|Wilson Harris|true|en|false
03:58|0358-001|3:58|俱乐部顶上的钟显示3:58。|地下世界|Don DeLillo|true|en|false
03:59|0359-000|快四点了|而现实的原材料，如果没有时间的粘合剂，就会像漂浮的物体一样，现实就像模型飞机的轻木零件散落在风中一样毫无意义……是的，我在我以前的房间里，当然，很黑，也很冷，但现在几点了？“快四点了，儿子。”|有时一个伟大的想法|Ken Kesey|true|en|false
03:59|0359-001|差一分钟到四点|他转向佐尔·阿拉。“你与殖民地的其他人类进行你认为合适的接触，并组织几队你信任的人。让他们分成小组，分别聚集在大门两侧，躲在栅栏墙的阴影里。确保他们在差一分钟到四点做好准备。让队员们配备你能想到的任何武器。”|克拉的时间科技|Max Sheridan|true|en|false
04:00|0400-000|四点钟|四点钟的时候，马克坐在仙女的办公室里，重读着他写的最后两篇文章——一篇发表在我们最体面的报纸上，另一篇发表在更受欢迎的刊物上。这是当晚工作中唯一能满足他文学虚荣心的部分。早些时候，他则忙于更艰辛的新闻编造工作。|那可怕的力量|C.S. Lewis|true|en|false
04:00|0400-001|凌晨四点|她本该告诉他的。她没告诉他，这很不友好。第一次，她告诉了他，他们俩都哭了，紧紧地拥抱在一起，互相安慰，因为他们都觉得受到了某种伤害。然后他们讨论了彼此的问题，一直坐到凌晨四点，在厨房的桌子对面低声交谈。|《人之前的生活》|Margaret Atwood|true|en|false
04:00|0400-002|四点钟|我顺着他的目光看向壁炉架。钟停在了四点钟的位置。<br>“<em>我的朋友</em>，有人动过手脚。它本来还能走三天。你知道，这是个八日钟。”<br>“但他们为什么要这么做？难道是为了制造假象，让犯罪看起来像是发生在四点钟？”|四大侦探|Agatha Christie|true|en|false
04:00|0400-003|凌晨四点|乌云密布，比尔的声音与他脑海中的思绪脱节。那紫色的云朵似乎有了某种想法。它像倒塌高塔冒出的浓烟一样，席卷而来，笼罩着他。他所有的工作、旅行和热情，或许都只是一场闹剧。这是他在凌晨四点，在西德克萨斯州的高速公路上，用来排解痛苦的方式。他的心怦怦直跳，他梦见了真相，但每一次发现都像鱼儿在手中滑溜溜，每次他试图抓住它，它都会扭动尾巴，挣脱束缚。|俄亥俄州|Stephen Markley|true|en|false
04:00|0400-004|四|一个妄想的画家，两点钟完成一幅画，却指望四点钟社会发生翻天覆地的变化。即使艺术家们撰写宣言，他们（但愿如此）也意识到，他们那急迫的语气最终不过是借用，只是回响和模仿游击队诉求或激进分子抗议的紧迫感，而非真正付诸行动。人民有时会要求变革，但他们几乎从不要求艺术。|暗示|Zadie Smith|true|en|false
04:00|0400-005|四|当钟表盒里的钟声敲响四下时，他合上账簿，伸手去拿柜台边的油灯。他取下玻璃灯罩，划了一根火柴，点燃灯芯，然后盖上灯罩，看着琥珀色的火焰充满房间，在钟面间投下斑驳的影子。|齿轮之心|Peter Bunzl|true|en|false
04:00|0400-006|凌晨四点|这一切，你都能透过悬挂在天花板上的油灯和温暖的炉火看到。我穿着斗篷，戴着帽子，坐在炉火旁；我的手筒和雨伞放在桌上，我正在驱散在十月酷暑中十六个小时的麻木和寒冷：我凌晨四点离开劳顿，现在米尔科特镇的钟声刚刚敲响八点。|简·爱|Charlotte Brontë|true|en|false
04:00|0400-007|四点钟|直到四点钟我们才终于离开。不知为何，现在轮到查尔斯和卡米拉不说话了。他们吵架了——我看到他们在院子里争吵——回家的路上，他们并排坐在后座上，目不转睛地盯着前方，双臂交叉抱在胸前，我敢肯定他们自己都没意识到，他们的姿势滑稽得一模一样。|《秘密历史》|Donna Tartt|true|en|false
04:00|0400-008|凌晨四点|弗朗西斯离开后，我又睡着了。醒来时已是凌晨四点。我睡了将近二十四小时。|《秘史》|Donna Tartt|true|en|false
04:00|0400-009|四|他四点醒来，一手拿着新手套走到外面，看到爱丽丝正坐在那张永远摆在那里的汽车旅馆草坪椅上，裹着一件印着“我爱拉斯维加斯”的运动衫，仰望着一轮残月。|比利·萨默斯|Stephen King|true|en|false
04:00|0400-010|凌晨四点|他母亲知道不能说话的事。那是在丹尼冒险进入瞭望酒店217号房间之后发生的。<br>“你能跟迪克谈谈吗？”<br>他躺在床上，抬头看着她，点了点头。他母亲打来了电话，尽管当时是凌晨四点。<br>第二天晚些时候，迪克来了。他带来了一样东西。<br>一份礼物。|睡梦医生|Stephen King|true|en|false
04:00|0400-011|四点钟|为了表示敬意，罗斯脱下高顶礼帽，放在身侧。<br>四点钟，他们精神抖擞地回到停车场的营地。他们第二天会回来，后天也会回来，再后天也会回来。他们会一直回来，直到精疲力竭，然后才会继续前进。|睡梦医生|Stephen King|true|en|false
04:00|0400-012|凌晨 4 点|薇拉已经昏迷一周了，时而清醒时而昏迷，呼吸断断续续地出现潮式呼吸，而这正是那些体弱多病的人选择出门的夜晚。通常是在凌晨 4 点。|睡梦医生|Stephen King|true|en|false
04:00|0400-013|凌晨四点|诗人或许会在二十一岁死去，革命者或摇滚明星或许会在二十四岁起步。但之后，你便会觉得一切都会好起来。你已经驶过了死亡弯道，走出了隧道，沿着六车道高速公路直奔目的地——无论你是否愿意。你理发；每天早上刮胡子。你不再是诗人，也不再是革命者或摇滚明星。你不会再醉倒在电话亭里，也不会在凌晨四点大声播放“大门乐队”的歌。|盲柳，睡女|Haruki Murakami|true|en|false
04:00|0400-014|凌晨四点|在街区派对三个月前，在奥利弗·杜波依斯驾驶偷来的卡车撞进自家客厅之前，在有人在橡树大道 46 号枪杀斯蒂芬·沃尔金之前，霍莉·杜波依斯决定清晨散步。非常早。凌晨四点。|谎言背后|Emilya Naymark|true|en|false
04:00|0400-015|凌晨四点|“巴斯特，”她低声说，轻轻揉着那只小西施犬，把它唤醒。毕竟，独自在凌晨四点出门散步可能会被认为有点古怪。在西尔万，除了一两个坚持跑步、正在慢走放松的跑者，没有人会这么做，而她并不是跑者。|Behind the Lie|Emilya Naymark|true|en|false
04:00|0400-016|四点钟|那时我半睡半醒地躺在宾夕法尼亚车站冰冷的底层，盯着早晨的《论坛报》，等着四点钟的火车。|《了不起的盖茨比》|F. Scott Fitzgerald|true|en|false
04:00|0400-017|四点钟|她四点钟躺下，本不指望能睡着，但她正在康复的身体却自有安排。她几乎立刻就睡着了，当她被床头钟持续不断的“<em>哒哒哒</em>”声吵醒时，她庆幸自己设了闹钟。外面，十月的微风吹拂着树叶，五彩斑斓的落叶在她家后院里飞舞。阳光变成了那种奇异而深邃的金色，似乎是新英格兰深秋午后的专属色彩。|《漆黑一片，没有星星》|Stephen King|true|en|false
04:00|0400-018|清晨 4 点整| 周日清晨 4 点整，<em>那东西</em>以一辆亮绿色厢式货车的形式准时出现。德芙拉被刺鼻的尾气熏醒，一股浓烈的尾气涌入她敞开的卧室窗户。当她看到这辆奇特的车时，恼怒转为感激，因为德芙拉一眼就能看出，这预示着会有劲爆的消息。|石榴汤|Marsha Mehran|true|en|false
04:00|0400-019|四点钟|“什么也没发生，”他无精打采地说。“我等了一会儿，大约四点钟的时候，她走到窗边，站了一会儿，然后关了灯。”|《了不起的盖茨比》|F. Scott Fitzgerald|true|en|false
04:00|0400-020|四点。|我看了一眼钟，（没错，你猜对了）凌晨四点。我应该感到安慰，因为大约四分之一的格林威治标准时间的人也刚刚惊醒，躺在床上，可怜巴巴地盯着黑暗，忧心忡忡。|西瓜|Marian Keyes|true|en|false
04:00|0400-021|凌晨4点|他突然哭了起来。他蜷缩在沙发上，放声痛哭。米歇尔看了看表，刚过凌晨4点。屏幕上，一只野猫嘴里叼着一只兔子。|原子化|Michel Houellebecq|true|en|false
04:00|0400-022|四点钟|鸟儿四点钟开始鸣叫<br>它们的黎明时分|鸟儿四点钟开始鸣叫|Emily Dickinson|true|en|false
04:00|0400-023|凌晨四点|在阿尔伯特·凯斯勒抵达圣特雷莎的前一天晚上，凌晨四点，塞尔吉奥·冈萨雷斯·罗德里格斯接到了记者兼革命制度党（PRI）女议员阿苏塞娜·埃斯基韦尔·普拉塔的电话。|2666|Roberto Bolaño|true|en|false
04:00|0400-024|四点|四点醒来，寂静的黑暗笼罩着我，我凝视着。终有一天，窗帘的边缘会透出光亮。在那之前，我看到的始终存在：永不停息的死亡，如今又近了一天，让我除了思考我将如何、在哪里、何时死去之外，别无他念。|晨歌|Philip Larkin|true|en|false
04:00|0400-025|四点|当他注意到那些来自高级酒店和餐厅的厨师——一群挑剔又没耐心的家伙——总是在摊贩间来回穿梭，一会儿买苹果，一会儿买西兰花时，他便问能否为他们提供一些茶。汤米同意了，厨师们感激地在凌晨四点喝上了一杯热饮，便驻足停留，购买了茶水。|茶玫瑰|Jennifer Donnelly|true|en|false
04:00|0400-026|四点钟|现在是仲夏清晨四点钟，透过大厅的窗户，我可以看到西边的山丘，它们开始被对面地平线上黎明的倒影染成紫色。|《哈希什食客》|Fitz Hugh Ludlow|false|en|false
04:00|0400-027|凌晨四点|如果你遇到困难，我会尽力帮助你，而你也要在一切事情上都按照你的理解行事。此致，八月十六日凌晨四点。<br><br>你的朋友，<br>公爵。|堂吉诃德|Miguel de Cervantes|true|es-ES|false
04:00|0400-028|凌晨四点|贝拉诺说现在是凌晨四点。那时我无奈地知道，我今晚肯定睡不着了。|荒野侦探|Roberto Bolaño|true|es-CL|false
04:01|0401-000|四点一分|我很快就拿到了办公室和夜班编辑的桌子，告诉他我是谁，然后开始口述。“在我们这里四点一分（查一下巴黎时间对应的时间，然后填进去），一艘法国战舰被那个将要结束所有战争的人击沉了。船上可能没有人幸存。”最后那句话是我根据过去的经验做出的猜测。|结束战争的人|Hollis Godfrey|true|en|false
04:01|0401-001|刚过凌晨四点|查理瞥了一眼钟。家里刚过凌晨四点。星期天。她应该已经起床了。可能会一边喝咖啡一边看书，然后在去教堂前跑步。|坚持下去|Vanessa Rasanen|true|en|false
04:01|0401-002|刚过凌晨 4 点|他突然哭了起来。他蜷缩在沙发上，放声痛哭。米歇尔看了看表，刚过凌晨 4 点。屏幕上，一只野猫嘴里叼着一只兔子。|原子化|Michel Houellebecq|true|en|false
04:02|0402-000|4:02|我在座位上来回踱步。没人多看我一眼。最后我坐到一位男士旁边。他毫无察觉。我的手表显示4:02。也许他迟到了。|爱的历史|Nicole Krauss|true|en|false
04:03|0403-000|凌晨 4:03| 一月一个极其寒冷的清晨，凌晨 4:03，我刚到家。我出去跳舞了，只喝了一半，但累得筋疲力尽。|《时间旅行者的妻子》|Audrey Niffenegger|true|en|false
04:04|0404-000|四点零四分！|四点零四分！现在还很早，从这里走到那里，即使走得慢，也不会超过15分钟。她大约五点钟告诉我的。在街角等会不会更好？|天使山|Cirilo Villaverde|true|en|false
04:05|0405-000|凌晨 4 点 05 分|树叶被风吹打着我的窗户。当时是凌晨 4 点 05 分。月亮在天空中移动了位置，透过厚厚的云层，像一枚被照着的鸡蛋一样闪闪发光。|我们是穆尔瓦尼一家|Joyce Carol Oates|true|en|false
04:06|0406-000|凌晨4点06分|德克斯特看了看凯特的纸条，又看了看她的脸，然后看了看钟。现在是凌晨4点06分，也就是他们去餐厅的前一天晚上。|《旅居海外人士》|Chris Pavone|true|en|false
04:07|0407-000|凌晨 4:07| 凌晨 4:07。我为什么站着？肩膀冰凉，我不禁发抖。我意识到自己站在房间中央。我立刻看向卧室门。门关着，没有被闯入的痕迹。我为什么起床了？|《守护汉娜：一部小说》|Miha Mazzini|true|en|false
04:08|0408-000|凌晨 4:08|凌晨 4:08，在冰冷的金属儿童游乐设施下，安德鲁所有的梦想都实现了。他吻了他唯一的挚爱，并向这位疲惫的伴侣发誓，在漫长的回家路上，这份爱将永存。|《夏日黄昏的死亡》|Seth O’Connell|true|en|false
04:09|0409-000|凌晨4点09分|这辆卡车整夜以大约每小时四十英里的稳定速度向巴格达方向不停歇地行驶，但今天凌晨4点09分，它拐进了沙漠，我们便停止了监视它的动向，因为那条路通向荒漠。|盗亦有道|Jeffrey Archer|true|en|false
04:09|0409-001|四点零九分|当时是四点零九分。“他正坐在超声波场中央，我迟到了十分钟才把他救出来。快点！”|《秘密特工：终极事件》|David McDaniel|true|en|false
04:10|0410-000|四点十分|“我不喜欢这种等待，”他说。<br>她笑了。“你肯定不适合当私家侦探。”<br>“现在几点了？”<br>“四点十分。比你上次问的时候晚了十五分钟。”|铜河|William Kent Krueger|true|en|false
04:10|0410-001|四点十分|变化发生在四点十分。躺在沙滩上的黑衣女人预感到了变化的到来，放松了下来。|《女人》|Ray Bradbury|true|en|false
04:11|0411-000|四点十一分|第二天早上我正好四点十一分醒来，一觉睡过了平时三点钟失眠醒来的时间。|生活点滴|Karen Karbo|true|en|false
04:12|0412-000|四点十二分|她终于用手电筒发出信号，表示她已经到达顶端。我回应了她的信号，然后向下照去，想看看水位上涨了多少。我什么也看不清。我的手表显示凌晨四点十二分。天还没亮。早报还没送达，火车还没开，地面世界的人们还在沉睡，对这一切浑然不知。我双手拉紧绳子，深吸一口气，然后慢慢开始攀爬。|《奇鸟行状录与世界尽头》|Haruki Murakami|true|en|false
04:12|0412-001|4:12|凯伦感觉到哈利的重量让床晃动了一下。她侧身躺着，睁开眼睛，看到黑暗中显示着数字，浅绿色的4:12。哈利在她身后继续移动，渐渐安顿下来。她看着数字变成了4:13。|矮子当道|Elmore Leonard|true|en|false
04:13|0413-000|4:13|凯伦感觉到哈利的重量让床晃动了一下。她侧身躺着，睁开眼睛，看到黑暗中显示着数字，浅绿色的4:12。哈利在她身后继续移动，渐渐安顿下来。她看着数字变成了4:13。|矮子当道|Elmore Leonard|true|en|false
04:14|0414-000|凌晨 4:14| 凌晨 4:14，两人返回吉普车。乘客将罐子放回吉普车后座后，司机倒车驶出车道，向东行驶。胶片上最后出现的影像似乎是火焰或烟雾。| 一场真正的噩梦 |David H. Swendsen|true|en|false
04:15|0415-000|四点十五分|爱丽丝想警告她，家族里有一种遗传缺陷，就像扁平足或糖尿病一样：她们都可能因为自己固执的选择而最终孤独终老。丑陋的厨房钟显示四点十五分。|天堂里的猪|Barbara Kingsolver|true|en|false
04:16|0416-000|四点十六分|我弯腰从地上捡起手表。四点十六分。离天亮还有一个小时。我走到电话旁，拨通了自己的号码。很久没给家里打电话了，所以我努力回忆着号码。电话响了十五声，无人接听。我挂断电话，再次拨号，又响了十五声。还是没人接。|《奇鸟行状录与世界尽头》|Haruki Murakami|true|en|false
04:16|0416-001|四点十六分|他们凌晨四点十六分驶入访客停车场。他知道是四点十六分，因为产科入口的标牌下方有一个电子钟。|《城市怪胎：怪胎系列第二部》|Maree Anderson|true|en|false
04:17|0417-000|4点17分|大艾尔伸了个懒腰，开始绕着车慢慢走动。他知道他们计划在天亮之前很久就出发，也就是早上6点48分。他看了看表：4点17分。一架飞机从头顶飞过，那是当天早上第一架降落在希思罗机场的飞机，两人都抬头望去。|《生而囚徒》|Jeffrey Archer|true|en|false
04:17|0417-001|凌晨 4:17|我按捺不住好奇心，拉起套头衫的左袖，看了看手表。凌晨 4:17。这让我很惊讶，不是因为天快亮了，而是因为我完全不知道时间。|地下墓穴|Jeremy Bates|true|en|false
04:17|0417-002|凌晨4点17分|凌晨4点17分，他惊醒过来，浑身是汗。他又梦见了非洲，梦境延续到他年轻时的美国。但因巴塔一直在那里，注视着他。|卑鄙|Douglas Phinney|true|en|false
04:18|0418-000|四点十八|我抓起闹钟，扔到腿上，双手猛拍红黑相间的按钮。铃声没有停。是电话！时钟显示四点十八分。外面天黑了。凌晨四点十八分。我起床拿起听筒。“喂？”|《奇鸟行状录与世界尽头》|Haruki Murakami|true|en|false
04:19|0419-000|四点十九分|2040年12月27日凌晨四点十九分，她那双如同阿兹特克祭祀刀般漆黑的眼睛猛然睁开。|极光探索|James Axler|true|en|false
04:20|0420-000|四点二十|每次醒来，他都会打开灯，瞥一眼床头的闹钟，希望看到黎明即将到来。两点十分，三点四十分，四点二十。|灯塔|P.D. James|true|en|false
04:21|0421-000|四点二十一|四点二十一分，我推断最初的冲突并未损害它的作品。它仍在运转，我不知道该将时间的这种漠然解读为吉兆还是凶兆。|铁皮鼓|Günter Grass|true|en|false
04:22|0422-000|4点22分|主席拨了七位数的号码，要求与值班人员通话。他一边等待接通，一边看了看表。现在是4点22分。|盗亦有道|Jeffrey Archer|true|en|false
04:22|0422-001|4点22分|他伤我太深，我想告诉他一些事。我的手表显示现在是4点22分。它停了。它摔碎了。|伊普克雷斯档案|Len Deighton|true|en|false
04:23|0423-000|4:23|4:23，星期一早上，冰岛广场。比约恩松街附近的一些人被尖叫声惊醒。|生人勿进|John Ajvide Lindqvist|true|en|false
04:23|0423-001|04:23|她的芯片显示着时间。04:23:04。真是漫长的一天。|神经漫游者|William Gibson|true|en|false
04:24|0424-000|凌晨4点24分|2025年1月5日凌晨4点24分，繁星在夜空中静止不动。在加利福尼亚州，地震始于一声低沉的隆隆声。那不是声音，而是一种感觉，它导致双腿莫名其妙的无力感、肠胃痉挛和恐慌。|完美圆圈|Carlos J. Cortes|true|en|false
04:25|0425-000|四点二十五分|我穿衣服的时候瞥了一眼手表。难怪没人动静。已经四点二十五分了。|《福尔摩斯探案集》|Sir Arthur Conan Doyle|true|en|false
04:26|0426-000|四点二十六分|四点二十六分，她被宣布死亡。死因，或者更确切地说是死亡方式，显而易见。她的胸部有两个弹孔。|如果你真的爱我|Ann Rule|false|en|false
04:27|0427-000|04:27|然后我在梦里听到了学校的铃声，但那并不是真正的铃声，铃声的音调变得非常陡峭，就像一个陷阱门打开了，我掉了下去，摔在了床上。天还黑着，我的闹钟显示04:27，我又听到了那个声音。|死去的父亲俱乐部|Matt Haig|true|en|false
04:28|0428-000|凌晨4点28分|他是唯一的幸存者——唯一一个活着回家的人。这到底是怎么回事？噩梦中出现的这个新角色是谁？他抬头看了一眼钟，沮丧地发现现在才凌晨4点28分。|Solfleet：使命召唤|Glenn Smith|false|en|false
04:29|0429-000|04:29|抱歉，莱文博士，但有个紧急电话找您。伪机器人卡利班说他必须马上和您通话。<br>弗雷达叹了口气。她知道自己必须接电话，也知道卡利班只有在重要的事情上才会打电话。但即便如此，这注定是一个漫长的夜晚。<br>“现在几点了？”她问。<br>“现在是 04:29，”唐纳德说。|乌托邦|Roger MacBride Allen|true|en|false
04:30|0430-000|4点30分|他不能离开。<br>很可能，他永远也走不了了。<br>布拉姆找到椅子坐下。<br>外面，月亮在厚厚的云层后忽隐忽现，一只鸟儿鸣叫着。他从外套里掏出怀表，咒骂了一声。他忘了上弦，指针停在了4点30分。他把怀表塞回口袋。|Dracul|Dacre Stoker & J.D. Barker|true|en|false
04:30|0430-001|凌晨 4:30| 我怎么了？为什么我如此孤独？凌晨 4:30——就在我快要睡着的时候，答案突然出现在我的脑海里。顿悟了！一切都说得通了，我终于明白了我一开始就应该知道的事情。不能再睡了。我必须回到实验室，把这个结果和电脑的计算结果进行比对。这，终于，找到了实验的缺陷。|献给阿尔吉侬的花束|Daniel Keyes|true|en|false
04:30|0430-002|凌晨四点半|阿尔杰农两天前去世了。凌晨四点半，我从水边散步回来，发现他侧身躺在笼子的角落里，四肢伸展着。仿佛还在梦中奔跑。|献给阿尔杰农的花束|Daniel Keyes|true|en|false
04:30|0430-003|四点三十分|乔纳斯痛苦地从吊床上滚下来，酸痛的下背部僵硬肿胀，急需一位脊椎按摩师。他看了看表。四点三十分……但这是上午还是下午呢？|梅格，原始之水|Steve Alten|true|en|false
04:30|0430-004|四点半|<em>那么为什么不描述一下这个“循环”呢？</em><br>如果你愿意的话。服务员会在四点半被气流中的刺激物唤醒，然后在宿舍里泛黄。在消毒蒸汽房待了一分钟后，我们换上干净的制服，然后排队进入餐厅。|云图|David Mitchell|true|en|false
04:30|0430-005|凌晨四点半|“现在几点了？这里也有时间吗？”<br>“当然有。”她拉起袖子，露出一块黄色的天美时手表。“现在是凌晨四点半。”<br>“这块表不错。”<br>“是我父亲给我的，”她高兴地说。|The Catacombs|Jeremy Bates|true|en|false
04:30|0430-006|四点半|一段感情结束时，往往是不再爱的那个人说出温柔的话语。我被一种背叛感淹没，这种背叛感源于一段我投入了那么多的感情，却在我毫无察觉的情况下宣告破裂。克洛伊根本没给它一个机会，我这样告诉自己，明知凌晨四点半内心法庭做出的那些空洞判决是多么徒劳。|《爱情随笔》|Alain de Botton|true|en|false
04:30|0430-007|早上4点半|海丝特·特雷尔像往常一样，穿着一件仿狐皮夹克，在晚上11点30分摇曳着身姿走了进来。尽管她早上4点半就得起床去普罗维登特疗养院上早餐班，有时还会和盖特利一起吃早餐，两人都小心翼翼地把脸凑到麦片上。|《无尽的玩笑》|David Foster Wallace|true|en|false
04:31|0431-000|凌晨 4:31| 尼科尔小姐沿着走廊走着，看了看手表。凌晨 4:31。她走下楼梯到五楼，然后前往育婴室。|《命运之子》|Jeffrey Archer|true|en|false
04:31|0431-001|凌晨4点31分|今天凌晨4点31分，洛杉矶发生地震，CNN立即开始发布地震画面。|Microserfs|Douglas Coupland|true|en|false
04:32|0432-000|凌晨 4:32| 彼得·霍顿上幼儿园的第一天，凌晨 4:32 就醒了。他蹑手蹑脚地走进父母的房间，问是不是该坐校车了。|十九分钟 |Jodi Picoult|true|en|false
04:33|0433-000|04:33|当他听到身后传来钢门缓缓关上的“咔嗒”声时，他在黑暗中露出了笑容。他们出去了。他按下手表上的一个按钮，当灯光显示时间是04:33时，他的笑容变成了咧嘴大笑。十多年来，没有人能活着离开格林艾克，这使得毕肖普的成就更加令人欣喜。这正是他想要打破的纪录。|错判|Jason Dean|true|en|false
04:34|0434-000|凌晨4:34|他很不高兴被从梦中拉出来。时钟嘲弄着他，说现在是凌晨4:34。他拿起听筒。|武僧|Ray Keating|true|en|false
04:34|0434-001|凌晨4:34|我重重地叹了口气，勉强睁开眼睛，看向床头柜上闪烁的数字。凌晨4:34。究竟是什么样的变态会在凌晨4:34给别人打电话？|右边第一个坟墓|Darynda Jones|true|en|false
04:35|0435-000|4点35分|圣诞节那天，无论多么疲惫，孩子都无法睡到早上六点以后。科尔比4点35分就醒了。|梦境与阴影|C. Robert Cargill|true|en|false
04:36|0436-000|早上4点36分|那天早上4点36分，我独自一人在酒店房间里，当时的情景要好得多。斯宾塞脸色苍白，被我无可辩驳的指控弄得不知所措。他的上唇渗出几滴汗珠，太阳穴上的一根细小血管开始跳动。|黄铜中间人|Ross Thomas|true|en|false
04:37|0437-000|凌晨 4:37|敲门声很轻，但还是吵醒了斯蒂芬。他摸了摸智能手机的屏幕。凌晨 4:37|金色穹顶之下|Ray Keating|true|en|false
04:37|0437-001|4点37分|她的卧室几乎和她的特大号床垫一样小，她告诉我这张床垫是她从父母那里继承来的，当时她母亲生病了，“所以他们就买了两个双人床，因为我爸爸晚上睡不着觉，她老是翻来覆去。”床头柜上，几罐健怡七喜汽水之间，一个电子闹钟的绿色数字闪闪发光。现在是4点37分。我闻到了花生酱的味道，还有，又一次，呕吐物的苦涩味道。|我的休息与放松之年|Ottessa Moshfegh|false|en|false
04:38|0438-000|凌晨 4 点 38 分| 凌晨 4 点 38 分，太阳正从戈利森林升起，我听到身旁的草丛里传来一阵奇怪的沙沙声。我仔细一看，却什么也看不见。|《排队》|Jonathan Barrow|true|en|false
04:39|0439-000|差21分5点|3月21日凌晨0点01分，差21分5点，吉菲·特里普站在战壕里，旁边是一位步兵军官，眺望着无人区。天色仍然漆黑。零时零点零5秒，炮弹爆炸如同万花筒般将五彩斑斓的景象投射到无人区，他伸手去拿SOS火箭。红-绿-红。|上帝的麻雀|Phillip Child|true|en|false
04:40|0440-000|早上4点40分|我养成了一个固定的作息。早上4点40分起床，洗澡，5点10分之前坐火车北上。|老板娘|Tina Fey|true|en|false
04:41|0441-000|4点41分|4点41分，克莱恩的声音从对讲机里传来，仿佛他读懂了他们叛变的念头。“所有人进电梯！现在！”就在通话前几分钟，他和C.J.刚刚完成了他们希望能够成功的转移视线行动。|《残次品：一部小说》|Roland S. Jefferson|true|en|false
04:42|0442-000|凌晨4:42|办公桌上方的大钟显示时间是凌晨4:42。他停下来倾听。那里发生的一切似乎都已经结束了。|死城|Matthew Warwick|true|en|false
04:43|0443-000|四点四十三分|现在是凌晨四点四十三分，外面天快亮了。|Psychoraag|Suhayl Saadi|true|en|false
04:44|0444-000|凌晨04:44|昨天凌晨04:44，登陆艇“奥菲斯号”被来自加拿大安大略省多伦多市的27岁天体物理学家戴安娜·钱德勒博士占用。钱德勒博士显然因其丈夫亚伦·罗斯曼（同样27岁，也来自多伦多）未能续签他们最近到期的两年婚姻合同而感到沮丧，据推测她自杀了。罗斯曼先生是星际科技公司的码头主管。|金羊毛|Robert J. Sawyer|false|en|false
04:45|0445-000|四点四十五|他从未觉得有必要给首相打电话，尽管丘吉尔先生确实给他打过一次电话。查理拿起桌上的听筒时，是凌晨四点四十五分。|直线距离|Jeffrey Archer|true|en|false
04:45|0445-001|凌晨4:45|他妻子在他身边的呼吸微弱得几乎听不见。他想，总有一天早上，她会死在我身边，而我却浑然不觉。或许，死的会是我。黎明破晓时分，我们会发现，我们之中有人被独自留下。他看了看床边桌上的钟。指针闪烁着，显示凌晨4:45。|无面杀手|Henning Mankell|true|en|false
04:46|0446-000|四点四十六分|四点四十六分，电话又响了。<br>“喂，”我说。<br>“喂，”一个女人的声音传来。“抱歉刚才那个时间。声场有点干扰。有时候声音会消失。”<br>“声音会消失？”<br>“是的，”她说。“声场有点不稳定。你能听到我说话吗？”|《奇鸟行状录与世界尽头》|Haruki Murakami|true|en|false
04:47|0447-000|凌晨 4:47|上网后，我辗转反侧，难以入眠。我读到的那些句子在我脑海里一遍又一遍地回响。当我醒来，感觉像是第一百次醒来时，床边的冲锋队闹钟显示着凌晨 4:47。|她所知道的|Gilly MacMillan|true|en|false
04:48|0448-000|4:48|4:48，欢乐时光，清明降临温暖的黑暗，浸透我的双眼，我不再知罪|4:48 精神病|Sarah Kane|true|en|false
04:48|0448-001|凌晨 4:48|想到这张卡片，我就对穿过牛顿家拱形门廊的想法心生向往，但当我到达他们家时，这个计划显得荒谬可笑。我这是在干什么？现在是凌晨 4:48，我却把车停在他们漆黑的房子外面。|这是什么？|Dave Eggers|true|en|false
04:49|0449-000|差11分5点|当科斯泰恩离开舰桥时，驾驶室里的黄铜计时器显示差11分5点。哈克尼斯看了一眼，隐约意识到时间差仍然太大。|盖尔福斯|Elleston Trevor|true|en|false
04:50|0450-000|差十分钟五点|就连他的手表指针和所有十三座钟的指针都冻住了。七年前的一个雪夜，它们同时冻住了，从那以后，城堡里的时间永远都是差十分钟五点。|《十三座钟》|James Thurber|true|en|false
04:51|0451-000|凌晨4:51|凌晨4:51<br>“你知道，我不想扫你的兴。”万斯试图看向莫罗，但他肿胀的眼皮让他几乎看不清。“但我有个令人不安的消息。你和拉米雷斯的其他手下马上就要陷入困境了。一旦你试图把那颗炸弹放上去，你就等着倒霉吧。最好趁现在好好享受。”|独眼巨人计划|Thomas Hoover|false|en|false
04:51|0451-001|凌晨差九分钟到五点|更早？现在是凌晨差九分钟到五点——谁会这么早起床？<br>“哦，我们都是早起的人。”|《麦琪的礼物》|Jean Johnson|true|en|false
04:52|0452-000|凌晨 4:52| 安娜凌晨 4:52 离开公寓，身穿牛仔裤、蓝色 T 恤、亚麻外套和棒球帽。在这个凉爽而黑暗的清晨，她走上人行道，不知道会发生什么。| 虚假印象 |Jeffrey Archer|true|en|false
04:52|0452-001|差八分五点|如果这很重要的话，现在是差八分五点。别误会，我可不是故意在这么晚的时候还待在床上。如果你邀请我们进去，在法律上就更容易了。|Holding the Zero|Gerald Seymour|true|en|false
04:53|0453-000|五点差七分|邮局里静得出奇，特立尼达甚至能听到秒针轻轻滴答的声响。现在是五点差七分。|博纳文图尔·阿罗的沉默|Rita Leganski|true|en|false
04:54|0454-000|差六分五点|盖上最后一个盖子后，他看了看墙上的钟：差六分五点。刚好够他瞥一眼另一个盒子，看看是否也能遇到同样的情况。|荣誉之战|Jeffrey Archer|true|en|false
04:54|0454-001|差六分钟五点|差六分钟五点。还有六分钟。突然间，我感觉头脑清醒了很多。牢房里出现了一丝意想不到的光亮；界限清晰，角色分明。怀疑、质疑和不确定的时期已经结束了。|《黎明：一部小说》|Elie Wiesel|true|en|false
04:55|0455-000|凌晨 4:55| 有两条信息。第一条信息于凌晨 4:55 发送，来自校园车库。<br>“我们找到了您的车，”机械师的声音告诉他。“很遗憾，我们费了些周折才把它从沟里拖出来，而且它还受到了一些轻微的额外损坏。” | 飞地 |Karen Hancock|true|en|false
04:55|0455-001|4:55|4:55 — 曼克拿着电话，转向卡德尔：“你是谁？”<br>卡德尔：“吉姆。”（耸耸肩）“我想他是我们在辛辛那提的人。”|《恐惧与厌恶：1972年竞选之路》|Hunter S. Thompson|true|en|false
04:56|0456-000|五点前|伊森努力辨别关键信息，突然意识到自己正看着墙上的钟；7:35。<br>“等一下。你是什么时候听说这件事的？”<br>他略微犹豫了一下。“五点前不久，第一条消息传来。”|《无限之日》|Chris Walley|true|en|false
04:56|0456-001|差四分五点|“就是这样。你那边差四分五点。我这边差七分。”<br>是胸甲骑兵一直待在杜贝尔将军身边，一只眼睛一动不动地盯着他掌心那块白色怀表的表盘。他张大嘴巴，等待着最后一秒的钟声，然后才厉声喊道：<br>“前进！”|荣誉之战|Joseph Conrad|true|en|false
04:57|0457-000|差三分五点|在埃尔克哈特更换机车耽误了131秒，599号大机车在戴夫·卢斯的驾驶下，于差三分五点时转向黎明，驶向133英里外的托莱多。|危险与冒险的职业生涯|Cleveland Moffett|true|en|false
04:57|0457-001|差三分五点|直到他们穿过村庄，越过桥梁，驶上通往切斯特的宽阔公路时，露丝才开始意识到自己白费了一番功夫。她到底指望在哪里找到他们呢？车里的小钟显示现在是差三分五点，而到切斯特还有整整十五分钟的车程。|寻找|Grace Livingston Hill|true|en|false
04:57|0457-002|五点前几分钟|第二个人在五点前几分钟说了同样的话，并提到了永恒……我相信我会在另一个世界与你相遇。四分钟后，她留下了最后一条短暂的信息：我的爱人。费尔南多。我是苏珊娜。然后，她似乎开枪自杀了。|《巴西之死：遗漏之书》|Peter Robb|false|en|false
04:58|0458-000|差两分钟五点|他想直面死亡。差两分钟五点。我从口袋里掏出一块手帕，但约翰·道森命令我放回去。英国人死的时候眼睛是睁着的。他想直面死亡。|《黎明：一部小说》|Elie Wiesel|true|en|false
04:59|0459-000|差一分五点|船长和他的三个船员在清晨的薄雾中出现，时间是差一分五点。他们四个人都穿着和前一天晚上一模一样的衣服，这让珀西怀疑他们是不是直接从渔夫酒馆出来的。|《不外交的外交官》|Jeffrey Archer|true|en|false
04:59|0459-001|04:59|不管你干什么，整个地方都弥漫着死亡的气息。盖特利在04:59.9到达避难所，然后就像他的脑袋上有个控制开关一样，直接关掉了自己的脑袋。|无尽的玩笑|David Foster Wallace|false|en|false
05:00|0500-000|五点整|像每天早晨一样，五点整，在楼上房间一片寂静的几个小时前，朵拉就从床上爬起来，沿着走廊走到厨房，烧了一壶水，把一袋伯爵茶倒进杯子里。|《夏日属于我们》|Roxanne Veletzos|true|en|false
05:00|0500-001|凌晨五点|“我刚把浴室药柜里的药全吃了，”她说，“六十二片含可待因的阿司匹林，二十四片安定。我想你也许愿意道个别。”<br>“那太蠢了，玛莎，”内特说，“你真的吃了？”<br>“等着看吧，”她笑着说，“等到凌晨五点，你就能来验尸了。”|Life Before Man|Margaret Atwood|false|en|false
05:00|0500-002|凌晨5:00|柔和的黄色灯光透过侧窗照射进来。天亮了：他睡了一整夜！他迅速看了一眼手表：凌晨5:00。离船必须召回还有将近六个小时。|侏罗纪公园|Michael Crichton|true|en|false
05:00|0500-003|五|穆尔顿皱起了眉头。“电网都关掉了？”<br>“是的。”<br>“全部都关掉了？从今天早上五点开始？过去五个小时都关掉了？”<br>“是的。”|侏罗纪公园|Michael Crichton|true|en|false
05:00|0500-004|五点钟|五点钟，营部外的栏杆上响起了起床号，一如往常五点钟的钟声。该起床了。刺耳的敲击声被窗户上两指厚的冰层闷住了，很快就消失了。太冷了，狱卒没法继续敲了。|伊万·杰诺索维奇的一天|Aleksandr Solzhenitsyn|true|en|false
05:00|0500-005|早上五点|据莱昂说……后天。袭击定于后天早上五点左右进行。他的脸仍然在阴影中。|穿越时空的踪迹|Jodi Taylor|true|en|false
05:00|0500-006|五|西克斯密斯，<br>我穿着睡袍坐在书桌前。教堂的钟声敲响了五下。又是一个干渴的黎明。我的蜡烛燃尽了。疲惫的夜晚颠倒过来。|云图|David Mitchell|true|en|false
05:00|0500-007|清晨五点|一月十九日清晨五点刚过，贝西就拿着蜡烛走进我的衣橱，发现我已经起床，几乎穿戴整齐了。|简·爱|Charlotte Brontë|true|en|false
05:00|0500-008|早上五点|读者应该记得，他们那天早上五点就起床了；但是，唉！星期天哪，哪有什么疲惫可言？宠妃说道；星期天疲惫是干不了事的。|悲惨世界|Victor Hugo|true|en|false
05:00|0500-009|五|我祖父亚瑟曾经带我去钓鱼。那时我七岁。<br>我想他一定经常去钓鱼，虽然我从没记得他带回过鱼，也没记得他带回过其他的钓鱼之旅。<br>他五点就叫醒我，那时太阳还没升起。|《潘趣先生的滑稽悲剧还是悲喜剧》|Neil Gaiman|true|en|false
05:00|0500-010|五|星期四早上。这一天。比利五点起床。他吃着吐司，喝了一杯水。不喝咖啡。在任务完成之前，不摄入任何含咖啡因的东西。当他扛起700型步枪，透过Leupold瞄准镜观察时，他希望自己的双手绝对稳固。|比利·萨默斯|Stephen King|true|en|false
05:00|0500-011|早上五点|连个哈欠都没打。我一点儿也不困。我感觉平衡感不太好——我试着站起来的时候差点儿摔倒，但我还是坚持了下来，收拾了一会儿，把录像带放回盒子里，再放回架子上。我想做点什么活动或许能让我累一些。我吃了一片奥氮平（Zyprexa）和一些阿替凡（Ativan）。我抓了一把褪黑素，像反刍的牛一样嚼着。什么都没用。<br>于是我给特雷弗打了电话。<br>“现在是早上五点，”他说。他的声音听起来很烦躁，头脑也很迷糊，但他接了电话。|我的休息与放松之年|Ottessa Moshfegh|false|en|false
05:00|0500-012|早上五点|西克斯密斯，<br>今天早上五点，我用退伍军人协会的鲁格手枪打穿了自己的上颚。但我看到你了，我亲爱的朋友！你如此关心我，我真是太感动了！昨天日落时分，我们在钟楼的瞭望台上。你没先看到我，纯属侥幸。|云图|David Mitchell|false|en|false
05:00|0500-013|早上五点|我在心里算了算丹妮尔的数学题。“如果我们十点出发，走四个小时，休息一个小时，再走两个小时，总共七个小时。这样到早上五点就到。七个小时后回来，到中午才能回到地面。”|地下墓穴|Jeremy Bates|true|en|false
05:00|0500-014|五点|后门缓缓打开，菲奥娜·阿瑟伊出现在门口，脸上带着歉意的神情。她左臂下夹着一叠传单。“希望我没吵醒你。那我下次再来吧。抱歉。”说完，她转身要走。<br>“不，留下来，”玛尔詹回答道。“我五点就起来了，正在做新一批面包。要不要进来喝杯茶？”|石榴汤|Marsha Mehran|true|en|false
05:00|0500-015|凌晨5点|凌晨5点刚过，他注意到天空边缘开始泛起牡蛎灰。渐渐地，林木葱郁的松树山丘的深色山脊显现出来，在逐渐扩散的光线下，如同锯齿般锯齿状；而山谷中，白色的薄雾仿佛凝固成冰川一般。|慕尼黑|Robert Harris|true|en|false
05:00|0500-016|凌晨5点|1913年2月2日星期日凌晨5点，威尔伯·惠特利出生在邓威治镇一座偏僻的山坡上，那是一座几乎无人居住的大农舍，距离村庄4英里，距离其他任何住所1.5英里。之所以记得这个日期，是因为那天是圣烛节，邓威治的人们以一种奇特的方式庆祝这个节日，只是用了另一个名字。|《邓威治恐怖事件》|H.P. Lovecraft|true|en|false
05:00|0500-017|五点钟|在这个寒冷的九月清晨，刚过五点钟，鱼贩的手推车，载着克尔斯滕和艾米莉亚，以及她们在有限的时间里所能收集到的所有物品，驶出了罗森堡的大门。|音乐与寂静|Rose Tremain|true|en|false
05:00|0500-018|五|公爵冷峻的目光被桌上闪烁的千颗宝石所吸引。钟声响起，他的耳边顿时充满了悦耳的报时声。“一！”哈克说道。“二！”佐纳的佐恩喊道。“三！”公爵的声音几乎是耳语。“四！”萨拉琳达叹了口气。“五！”戈卢克斯高声喊道，并指着桌子。“任务完成了，条件满足了，”他说。|十三座钟|James Thurber|true|en|false
05:00|0500-019|五点钟|白昼缓慢到来，直到五点钟。然后，群山眼前豁然开朗。如同受阻的红宝石，或是光芒。突然一声枪响|白昼缓慢到来，直到五点钟|Emily Dickinson|true|en|false
05:00|0500-020|凌晨5点|在公共场合做出愚蠢的行为比什么都糟糕。这些微小的背叛，无论是已经发生、遭受还是被怀疑的，都比什么都糟糕；这些因为想着它们而彻夜难眠比什么都糟糕。现在是凌晨5点。所有更糟糕的事情都悄悄地来了，冷冷地站在床边，看起来越来越糟糕，越来越糟糕。|事情|Fleur Adcock|true|en|false
05:00|0500-021|凌晨五点|是什么让年轻人“走出家门”，不正是对婚姻的崇高渴望吗？是什么让他们成群结队地涌向酒吧？是什么让他们在整个人生阶段都跳舞到凌晨五点？|《名利场》|William Makepeace Thackeray|true|en|false
05:00|0500-022|凌晨五点|参议员的父亲留下一张字条，上面写着：“现在是凌晨五点。我一整天都没出门。我所知道的关于那位先生的教子——他在这个事件中充当他的助手——的所有消息都……”|人工呼吸|Ricardo Piglia|true|es-AR|false
05:00|0500-023|早上五点|当时是早上五点。他走进火车站，环顾四周，感到困倦，便在候车室的一个角落里找了个地方躲了起来。|《七个疯子》|Roberto Arlt|true|es-AR|false
05:01|0501-000|五点一分|哦，是的。他的钟分别设定在五点一分、五点四分和五点七分。那是保险箱的密码，515457。保险箱藏在一幅蒙娜丽莎复制品的后面。波洛厌恶地继续说道，保险箱里“装着俄罗斯皇室的皇冠珠宝”。|时钟|Agatha Christie|true|en|false
05:01|0501-001|刚过五点|在这个寒冷的九月清晨，刚过五点，鱼贩的手推车，载着克尔斯滕和艾米莉亚，以及她们在有限的时间里所能收集到的所有物品，驶出了罗森堡的大门。|音乐与寂静|Rose Tremain|true|en|false
05:02|0502-000|凌晨5点02分|那是12月14日凌晨5点02分。再过58分钟，他就要启程前往美国了。他不想离开他的新娘；他不想走。|奖赏|Brenda Joyce|true|en|false
05:03|0503-000|凌晨5点03分|现在是凌晨5点03分。时间无所谓了。她睡不着了。她掀开被子，一边咒骂着自己、卡莱布和格里芬先生，一边走进浴室。|《不洁之地》|Heather Graham|true|en|false
05:03|0503-001|5点03分|我低头看着特雷去年圣诞节送我的手表，精致的金链如此真实而坚实，仿佛是别人的记忆被绑在了别人颤抖的手中。现在是5点03分。我离家还有一半的路程。|妈妈，我可以吗？|Joshilyn Jackson|true|en|false
05:04|0504-000|五点四分|哦，对了。他的钟分别设定在五点一分、五点四分和五点七分。那是保险箱的密码，515457。保险箱藏在一幅蒙娜丽莎复制品的后面。波洛厌恶地继续说道，保险箱里“装着俄罗斯皇室的皇冠珠宝”。|时钟|Agatha Christie|true|en|false
05:04|0504-001|凌晨 5:04|凌晨 5:04，在劣质收音机的闹钟上。为什么人们总是说一天从现在开始？实际上，它从午夜过后不到一秒就开始了。|意外|Ali Smith|true|en|false
05:05|0505-000|五点五分|男婴于清晨五点五分出生。|《同名之人》|Jhumpa Lahiri|true|en|false
05:06|0506-000| 凌晨 5:06 | 凌晨 5:06 我醒来时感觉异常精力充沛，肚子咕咕叫。楼上，塞得满满的冰箱里摆满了安慰我的食物。|《这就是我离开你的地方》|Jonathon Tropper|true|en|false
05:07|0507-000|5:07|他眨了眨眼，翻了个身，盯着床头钟上荧光绿的数字：5:07。足够他在起床前在脑海里过一遍开头几句。|《这是一个男人》|Jeffrey Archer|true|en|false
05:07|0507-001|5点07分|“那通电话的时间录音了吗？”鹰问道。<br>“是的，长官。5点07分。我九点刚过就回拨了电话，告诉雷德伍德医生他可以随时去监狱医院探望他的病人，并进行全面检查。他当天上午晚些时候去了。”|下一位|Jeffrey Archer|true|en|false
05:07|0507-002|五点七分|哦，是的。他的钟分别设定在五点一分、五点四分和五点七分。那是保险箱的密码，515457。保险箱藏在一幅蒙娜丽莎复制品的后面。波洛厌恶地继续说道，保险箱里“装着俄罗斯皇室的皇冠珠宝”。|时钟|Agatha Christie|true|en|false
05:08|0508-000|5:08|我和安布罗斯将于本周六（犹太新年）美国东部夏令时5:08在麦克亨利堡举行婚礼！|信件|John Barth|true|en|false
05:09|0509-000|5:09|“几年后你床边就会放一个，到时候你就不用去办公室了，”苏玲说着，看到床头钟显示5:09，便把头靠回枕头上。|财富之子|Jeffrey Archer|true|en|false
05:09|0509-001|5:09|美国人因这次重大胜利而涌起的原始的喜悦，在向车站工作人员询问后才得知最早的两趟火车分别是5:09开往敦刻尔克和5:37开往奥斯坦德，这种喜悦便显得虚假而短暂。|黑包|Louis Joseph Vance|true|en|false
05:10|0510-000|五点十分|哦，我的丈夫，我已经做了件能让你摆脱你憎恨的妻子的事！我服下了毒药——纸包里剩下的所有毒药，那是我找到的第一个。如果这些毒药还不够毒死我，瓶子里还有。五点十分。|法律与淑女|Wilkie Collins|false|en|false
05:10|0510-001|五点十分|我养成了一个固定的作息。早上4:40起床，洗澡，五点十分前坐火车北上。|老板娘|Tina Fey|true|en|false
05:11|0511-000|五点十一分|今天是八月十五日，星期二；太阳今早五点十一分升起，今晚七点差两分落下。|热石|Donald E. Westlake|true|en|false
05:12|0512-000|五点十二分零六秒|1906年4月18日清晨五点十二分零六秒，旧金山半岛开始在地震的肆虐下颤抖。考虑到其最终后果，这场地震是北美大陆有记录以来最具灾难性的地震。|《斯卢默的天堂》|Herbert Asbury|true|en|false
05:13|0513-000|五点十三|吴说：“你今天早上五点十三分关机，重新启动时，用的是辅助电源。”|侏罗纪公园|Michael Crichton|true|en|false
05:13|0513-001|凌晨5:13|我侧身躺在床上，盯着闹钟，直到它变成一块污渍，鲜红的光芒如同欢迎的标志，召唤我坠入地狱深渊的猩红深渊。凌晨5:13。说这个星期一是忧郁的星期一，简直是轻描淡写。|快节奏|Nakia D Johnson|true|en|false
05:14|0514-000|凌晨5点14分|时间是凌晨5点14分，对于警长来说，这确实是一个非常奇怪的时间。他声称自己在清晨巡逻时看到了那样的景象。他先是在空无一人、积雪覆盖的王国城街道上来回巡逻，然后将警戒范围扩大到北部的县道。|进入网络|Thomas H. Cook|true|en|false
05:15|0515-000|早上5点15分|到了五月的第一周，拉尔夫每天早上5点15分都会被鸟鸣声吵醒。他试了几个晚上戴耳塞，尽管他从一开始就怀疑耳塞是否有效。吵醒他的不是新近归来的鸟儿，也不是哈里斯大道上偶尔传来的送货卡车回火声。他一直都是那种即使在铜管乐队进行曲中也能睡着的人，他觉得这一点并没有改变。改变的是他的内心。|失眠|Stephen King|true|en|false
05:15|0515-001|凌晨5点15分|与布朗的奇怪对话，他是一位疲惫而迷茫的老人，凌晨5点15分被人从床上拽了起来。|《恐惧与厌恶：1972年竞选之路》|Hunter S. Thompson|true|en|false
05:16|0516-000|5:16|5:16 — 曼克致电国务卿布朗：“布朗先生，我们对第21选区的局势深感不安。我们在那里一无所获。”|《恐惧与厌恶：1972年竞选之路》|Hunter S. Thompson|true|en|false
05:16|0516-001|凌晨5:16|她本可以继续睡。但讽刺的是，她完全清醒了。外面天色已亮，视野开阔。只是这里什么也看不到；只有树木、田野之类的东西。劣质收音机上的闹钟显示凌晨5:16。她真的醒了。|意外|Ali Smith|true|en|false
05:17|0517-000|凌晨5:17|格兰特勉强睡了大约三个小时后，看了看手机上的时间。凌晨5:17。<br>不太可能再睡了。该晨跑了。|狮心队|Ray Keating|true|en|false
05:18|0518-000|5:18|威廉拿起电话，但没有开灯，床头柜上的电子钟从5:17转到了5:18。他知道电话那头只能是同一个人。|下一位|Jeffrey Archer|true|en|false
05:18|0518-001|凌晨5:18|故事就在那里，配图的监控照片也相当有力。一个小时前，光线不足以看清作案者的脸，但照片底部的时间戳显示为凌晨5:18。太阳还没升起，但已经快了，站在巷子里的那个人的脸清晰得就像你作为检察官所希望的那样。|比利·萨默斯|Stephen King|true|en|false
05:18|0518-002|上午5:18|TPA 545航班上<br>上午5:18<br>艾米丽·詹森松了口气。漫长的飞行即将结束。晨光透过飞机舷窗洒进来。|Airframe|Michael Crichton|true|en|false
05:19|0519-000|5点19分|斯科特悄悄地挪到角落里，再次查看手表上的硫磺点。现在是5点19分。他和汉娜已经在保险库里待了一个小时十七分钟了。|盗亦有道|Jeffrey Archer|true|en|false
05:19|0519-001|上午5:19|上午5:19<br>她放下麦克风，长舒一口气，准备踉跄着下山。她意识到自己打破了无线电静默，违反了规定，但她对迈克尔·万斯的担忧几乎和对设施的担忧一样多。|独眼巨人计划|Thomas Hoover|true|en|false
05:20|0520-000|五点二十|如果她能保持七十英里的速度直到离开市中心的收费公路，并且如果她能避开大部分红绿灯，她估计五点二十分就能到楼下。|《如果它流血》|Stephen King|true|en|false
05:20|0520-001|五点二十|他看到地上的香烟已经烧成了一根细长的烟灰柱：它自己燃尽了。现在是五点二十，黎明在空桶棚后破晓，温度计指向210度。|元素周期表|Primo Levi|true|en|false
05:21|0521-000|凌晨五点二十一分|本月九日清晨，即昨日凌晨五点二十一分，警员惠特斯泰布尔（Whitstable）正在他惯常的巡逻路线上巡逻，当他到达克拉格斯街（Clarges Street）和皮卡迪利大街（Piccadilly Street）的拐角处时，他听到马路对面，也就是格林公园（The Green Park）一条小路出口处，传来一声喊叫。|月光水仙花谋杀案疑案|Garth Nix|true|en|false
05:22|0522-000|05:22|是的，她点点头。“我会在天黑后起飞，日出时分抵达图蒂机场上空。那是 05:22。”|《黑暗中的猎豹》|Wilbur Smith|true|en|false
05:23|0523-000|清晨5点23分|托克骄傲地摇着尾巴，但米洛一句话也没说。直到今天，除了那天清晨5点23分碰巧醒着的少数人之外，没有人知道那段失去的一周。|幻影收费亭|Norton Juster|true|en|false
05:23|0523-001|5:23|如果我能从她电子钟上两分钟橙色的分秒之间，精确地数到六十，从早上5:23开始，到它消失在5:24的那一刻结束，那么当她醒来时，她会爱我，而不会说这是一个可怕的错误。|亚瑟的悲剧|Arthur Phillips|true|en|false
05:24|0524-000|5:24|如果我能从她电子钟上两分钟橙色的分秒之间，从早上5:23开始，精确地数到60，直到它消失在5:24的那一刻，那么当她醒来时，她会爱我，而不会说这是一个可怕的错误。|亚瑟的悲剧|Arthur Phillips|true|en|false
05:25|0525-000|凌晨5点25分|凌晨5点25分，门铃响了，这总是不祥之兆。我踉跄地走到对讲机前，按下了按钮。|时间旅行者的妻子|Audrey Niffenegger|true|en|false
05:25|0525-001|5点25分|乔治从新街火车站回家的火车是5点25分出发。回程的火车上很少有学生。|亚瑟和乔治|Julian Barnes|true|en|false
05:26|0526-000|05:26|我想这应该是第1970次颠簸了。那男孩依然以同样的速度不停地颠簸。他们一声不吭。一声呻吟都没有。可怜的他们。可怜的我。我看了看表。05:26。|101 雷克雅未克|Hallgrímur Helgason|false|en|false
05:27|0527-000|早上5点27分|她看了看表。早上5点27分。高文肯定已经到了吧？既然没有明显的入口，他难道不会在等她吗？|纽约情人节|Carmen Reid|true|en|false
05:28|0528-000|五点二十八|五点二十八分，我把车停进了青山超市的停车场。东边的天空渐渐亮了起来。我拎着包走进了超市。里面几乎没什么人。一个穿着条纹制服的年轻店员坐在那里看杂志；一个年龄不详的女人正在买一大车罐头和速食。我绕过酒水区，径直走向小吃吧。|《世界尽头的硬汉仙境》|Haruki Murakami|true|en|false
05:29|0529-000|五点二十九分|火柴烧得离奥姆的手指很近，他掏出手表。五点二十九分。<br>黑暗再次降临。<br>奥姆摸索着走到门边，拉了拉门把手。门打不开；它密不透风，纹丝不动。|《女孩与账单》|Bannister Merwin|true|en|false
05:29|0529-001|五点半前不久|五点半前不久，马丁神父被一声惊恐的尖叫惊醒。他猛地从床上坐起，像个玩偶一样僵硬地坐着，双眼狂乱地盯着黑暗。|圣职之死|P.D. James|true|en|false
05:30|0530-000|早上五点半| “早上五点半，他们驶出车道时，埃米特心情很好。前一天晚上，他借助比利的地图制定了行程。从莫根到旧金山的路线略超过一千五百英里。” |《林肯公路》|Amor Towles|true|en|false
05:30|0530-001|五点半|他抱起她，把她放在床上，然后躺在她身边。他又吻了她，试探着，恋恋不舍。然后他问几点了。他自己没有手表。莱斯杰告诉他五点半了。他坐了起来。莱斯杰开始觉得自己有点不漂亮。是不是她的牙齿太大了？|《人之前的生活》|Margaret Atwood|false|en|false
05:30|0530-002|五点半|福尔摩斯五点半才回来。他精神抖擞，兴致勃勃，心情极佳，这种好心情在他身上时常与极度沮丧的情绪交替出现。|《四签名》|Sir Arthur Conan Doyle|true|en|false
05:30|0530-003|五点半|如果托马斯·麦奎尔停下来欣赏那绚丽的霞光，他或许会错过他统治这座沉睡海滨小镇走向终结的开端。但像他这种性情的人，托马斯很少有时间做白日梦。这位固执的商人那天早上五点半就从硬邦邦的床上爬起来，一如既往地决心要照料他在主街上日益壮大的产业——三家酒吧、两家酒铺和一家客栈。|石榴汤|Marsha Mehran|true|en|false
05:30|0530-004|早上5:30|布拉克和她弟弟兰迪小时候，为了避开交通高峰，妈妈为了全家自驾出游，会在早上5:30叫醒他们；直到她11岁，家里都装着安全锁；家里没有电视，当然也没有糖果、汽水、酒或烟；她熨床单，给内衣漂白，每天至少打扫两次浴室。|美国中西部厨房|J. Ryan Stradal|false|en|false
05:30|0530-005|五点半|吉迪恩今天很不像他。沃尔特·伊斯特曼自己也心事重重，所以他没有时间，或者更确切地说，没有心思去注意到吉迪恩的反常举动。比如说，现在是夏日清晨五点半。年轻的蔡斯那张狭窄的单身汉床显然有人睡过，因为它凌乱得恰到好处，那种几乎无人打扰的痕迹是无法伪造的。|孤岛般的占有|Timothy Mo|true|en|false
05:30|0530-006|五点半|此时已是五点半，太阳即将升起；但我发现厨房依然黑暗寂静……清晨的静谧笼罩着一切……马车马匹在封闭的马厩里不时跺脚：其他一切都静悄悄的。|简·爱|Charlotte Brontë|true|en|false
05:30|0530-007|五点半|在他们要杀他的那天，圣地亚哥·纳萨尔早上五点半就起床，等着主教乘船过来。|《一桩事先张扬的谋杀案》|Gabriel García Márquez|true|en|false
05:30|0530-008|五点半|“这意味着，”佩里科说，“第二十页上的侏儒，到了第一百页就长到了两米五。我注意到不止一次了。有些场景从下午六点开始，到五点半结束。真恶心。”|跳房子|Julio Cortázar|true|es-AR|false
05:31|0531-000|5:31|5:31 — 曼克打电话给律师：“天哪，我觉得我们得进去把那些选票都弄到手！扣押它们！每一张都得扣押！”|《恐惧与厌恶：1972年竞选之路》|Hunter S. Thompson|false|en|false
05:32|0532-000|5点32分|5点32分，司机从街角小店回来，手里拿着六罐可乐、一瓶杰克丹尼威士忌、几包早餐牛奶、一大堆不新鲜的蛋糕和一盒中奇海香烟。车门砰地一声关上，面包车开走了。|稀土|Paul Mason|true|en|false
05:33|0533-000|五点三十三分|我们出发时是五点三十三分。现在是六点吗？六点半？马克还在笼子里，我不敢开太快……万一我们来不及赶到怎么办？|勇敢者之中|Margaret Peterson Haddix|true|en|false
05:34|0534-000|五点三十四|我问：“日出几点？”<br>布什垂头丧气地沉默了一秒钟，消化着我的责备，然后另一个声音回答：“五点三十四，先生。”|准将|C.S. Forester|true|en|false
05:34|0534-001|四分钟后|五点半。我大约四分钟后到达这里。根据血迹和脸侧开始出现的僵硬程度判断，我估计他已经死了大约五个小时了。|圣职人员之死|P.D. James|false|en|false
05:35|0535-000|5点35分|参议员在5点35分惊醒，一身冷汗——其实他根本没睡超过几分钟。那是一个可怕的夜晚，雷鸣闪电，警笛声此起彼伏。|我们该告诉总统吗？|Jeffrey Archer|true|en|false
05:35|0535-001|5点35分|他惊讶地发现已经是5点35分了。看来他肯定睡了——或者至少打了个盹——超过六个小时。他开始怀疑这场风暴是否真的已经消散了，这时呻吟声再次响起，并逐渐高亢，最终达到嚎叫般的高潮。|圣职之死|P.D. James|true|en|false
05:35|0535-002|5:35|5:35 — 现在所有电话都响个不停，轮班人员已经接通了——其他人也开始醒来了。|《恐惧与厌恶：1972年竞选之路》|Hunter S. Thompson|true|en|false
05:35|0535-003|六点差二十五|我眯着眼看了看钟。“上面写着六点差二十五，”我说着，转身滚开了。|骰子人|Luke Rhinehart|true|en|false
05:35|0535-004|5:35|5:35，他从收音机里得知，《奥罗拉哨兵报》的赫尔蒙特·汉诺威接到明尼苏达州平民旅一位匿名发言人的电话，威胁说如果印第安人捕鱼，将会采取某种形式的报复。|铁湖|William Kent Krueger|true|en|false
05:36|0536-000|5点36分|她喝了一瓶杰克丹尼威士忌。她5点36分醒来时，已经把前一晚的事忘得一干二净。|福勒家族企业|Jonathan Meades|true|en|false
05:37|0537-000|5:37|理查德瞥了一眼微波炉上的时钟——5:37——距离他拨打911已经过去了将近12个小时，将近半天了。|这本书会拯救你的生命|A.M. Homes|true|en|false
05:38|0538-000|早上5点38分|“早上好，约翰尼，”飞船说道。“现在是早上5点38分。”<br>“什么？”约翰尼问道。“今天是星期六。”<br>“我早就说过他不会喜欢的，”索尔说道，大概是对科瓦奇说的。<br>“这跟喜不喜欢无关，”电脑说道。“我有一些我认为非常重要的信息，需要尽快传递——无论何时。”|约翰尼·麦金托什：地球之战|Keith Mansfield|true|en|false
05:39|0539-000|差21分钟6点|乔治从梳妆台上拿起手机。“噩梦比闹钟早来了一个多小时，”他说。“现在是差21分钟6点。”|E乌托邦计划|Kudakwashe Muzira|true|en|false
05:40|0540-000|早上5点40分|早上5点40分，他掀开被子，把腿伸出床外，双脚稳稳地踩在地毯上。|《这是一个男人》|Jeffrey Archer|true|en|false
05:40|0540-001|差20分6点|罗伯特·汤森德在闹钟响起前就醒了，躺在黑暗中侧耳倾听。有什么东西打扰了他的睡眠——外面传来一阵声响。一声遥远但清晰的爆裂声。他瞥了一眼床头柜上的钟。差20分6点。咔嚓。咔嚓。咔嚓。又来了。这到底是什么？|齿轮心|Peter Bunzl|true|en|false
05:40|0540-002|差20分钟6点|差20分钟6点。罗布的手下已经到了站台上，推着小车准备就绪。这附近唯一敢晚点的就是火车了。罗布的手下其实是30岁的比尔·宾，嘴里叼着根伍德拜恩香烟，还有60岁的亚瑟，奄奄一息。|托马斯·彭曼的奇特回忆录|Bruce Robinson|true|en|false
05:41|0541-000|5点41分|直到5点41分，伊尼戈才真正把伯爵逼到角落。在台球室里。“你好，”他正要开口。“我叫伊尼戈·蒙托亚；你杀了我父亲；准备受死吧。”|《公主新娘》|William Goldman|true|en|false
05:42|0542-000|六点差十八分|六点差十八分，他们炸毁了城墙，但即便如此，也几乎太迟了。|绅士游戏|Greg Rucka|true|en|false
05:43|0543-000|五点四十三分|1921年7月16日，达芙妮五点四十三分醒来，感觉筋疲力尽。但到了下午一点四十五分，当她走到朗兹广场的阳光下时，她却精神抖擞，甚至开始期待接下来的事情了。|《直线飞行》|Jeffrey Archer|true|en|false
05:43|0543-001|05:43|05:43 格林威治标准时间<br>威廉被电话铃声吵醒。他抓起电话，心想谁会在凌晨这个时间给他打电话呢？他希望是贝丝打来的。|无所畏惧|Jeffrey Archer|true|en|false
05:43|0543-002|5点43分|现在是5点43分。时间飞逝，飞逝。|《如果它流血》|Stephen King|true|en|false
05:43|0543-003|5.43|5.43 — 曼克打电话给身在华盛顿的“玛丽”：“现在看来，我们显然会领先全州——即使没有拿下第21选区。”|《恐惧与厌恶：1972年竞选之路》|Hunter S. Thompson|true|en|false
05:44|0544-000|05:44|被告究竟是什么时候说的这些话？<br>“那是——你可以在你暂停的那帧录像带上看到时间。05:44。”|侵犯隐私|Perri O’Shaughnessy|true|en|false
05:45|0545-000|差一刻六点|“但该睡觉了：已经差一刻六点了。”<br>的确，天已经开始亮了：年轻人喝光了杯中的酒，然后互相道别。|黑桃皇后|Alexsander S. Pushkin|true|en|false
05:45|0545-001|差一刻六点|“差一刻六点，”助产士回答道。<br>“如果我真的要死了呢？”奥尔加·米哈洛夫娜看着丈夫的头和被雨水敲打的窗玻璃，心想。|党|Anton Pavlovich Chekhov|true|en|false
05:45|0545-002|早上5点45分|第二天早上5点45分，将军身着全套礼服，手提黑色皮质公文包，站在乔治的帐篷外。|《光荣之路》|Jeffrey Archer|true|en|false
05:45|0545-003|5点45分|5点45分，废弃的追踪兄弟卡车仓库旁电线杆上的一个变压器在一道紫光中爆炸，扭曲的金属碎片飞溅到瓦片屋顶上。|它|Stephen King|true|en|false
05:46|0546-000|凌晨5点46分|赫伯特感觉不到任何东西。他写了一句听起来很正式的语句，大意是判决已于凌晨5点46分执行完毕，并补充道，“一切顺利”。埋葬队一边砍伐着粗壮的树根和坚硬的泥土，一边暗暗咒骂着他。|低语的名字|William Brodrick|true|en|false
05:46|0546-001|六点差十四分|这是一个美好的夏日清晨。大厅里的荷兰钟指针指向九点十三分；起居室里的鎏金钟指针指向十点十一分；书架上的马车钟指针指向六点差十四分。换句话说，正好八点；希格内特太太也意识到了这一点，她挪了挪枕头上的头，睁开眼睛，坐了起来。她总是准时八点醒来。|《三个男人和一个女仆》|P.G. Wodehouse|true|en|false
05:47|0547-000|五点四十七分|他睁开眼。床头灯亮着。露伊俯身在他上方，用手指轻弹他的耳垂。搞什么鬼？钟显示五点四十七分。天还没亮。星期天。|圣诞节掩盖|Cassie Miles|false|en|false
05:48|0548-000|六点差十二分|吧台后方悬挂着一面百加得镜子，镜面已起雾，旁边是一个圣保利女孩时钟，时钟指针停在六点差十二分。|西北角|John Burnham Schwartz|true|en|false
05:49|0549-000|凌晨5:49|临近清晨，他睡得更沉了。即便如此，刺耳的电话铃声还是瞬间将他惊醒。他旅行钟的表盘显示着凌晨5:49。|夜莺的裹尸布|P.D. James|true|en|false
05:49|0549-001|差十一分六点|当时是差十一分六点。过了一会儿，他漫不经心地把书桌中间的抽屉拉出来，放在腿上。他愣愣地盯着枪看了一会儿，却认不出来了。然后他惊叫一声，跳了起来。她把枪放回去了！|家的舒适|Flannery O’Connor|true|en|false
05:50|0550-000|5点50分|他踉跄着走出房间时是5点50分，他不知道要去哪里，也不知道要走多久，只希望最近一直指引他的人现在不会抛弃他。|《公主新娘》|William Goldman|true|en|false
05:51|0551-000|差九分钟六点|当时是差九分钟六点，距离黎明还有一小时。该旅今天无需行动，因此，就像往常一样，这四个营与战场上的所有英国军团一样，做好了随时遭到攻击的准备。每个连队列队，然后行进到各自营的警戒哨处集合。|谁的使命是赴死|Adrian Goldsworthy|true|en|false
05:52|0552-000|凌晨5点52分|凌晨5点52分，圣彼得堡消防局和SunStar Medic One救护车服务的医护人员响应了位于圣彼得堡北九街12201号2210公寓的医疗紧急呼叫。|《沉默的证人》|Mark Fuhrman|true|en|false
05:53|0553-000|五点五十三分|之所以选择这一天，是因为气象学家向他们保证，太阳会在五点五十三分升起，而且不会下雨。气象学家关于太阳的预测最终是正确的，但仿佛是为了证明他们的预测也会出错，四点十一分，开始下起了绵绵细雨。|直线飞行|Jeffrey Archer|true|en|false
05:53|0553-001|五点五十三分|五点五十三分，一轮血红的太阳从地平线上升起，一声维瑞手枪响起，查理回头望去，只见身后的天空被照亮了。|《乌鸦飞翔》|Jeffrey Archer|true|en|false
05:53|0553-002|差七分钟到六点|门禁记录显示他那天早上差七分钟到六点签退，比平时略早一些。由于他们是尽职尽责的员工，太空站立即报警并派人前往杰玛·蒂冯处。|堕落之龙|Peter F. Hamilton|true|en|false
05:54|0554-000|差六分钟到六点|今天早上，太阳在差六分钟到六点升起。马杰斯塔大桥上已经堵车了，正是早高峰的高峰期。迈耶开车，卡雷拉坐在副驾驶座上。|纯粹的仇恨|Ed McBain|true|en|false
05:55|0555-000|差五分六点|一、二、三、四、五、六……她依次给每个钟上弦，每个钟上三圈，刚好给发条充够力，让它们在韦斯科特先生检查前走动起来。说到韦斯科特先生……现在是差五分六点。还有五分钟韦斯科特先生就要来检查他的钟表了。海伦娜咽了口唾沫。她能听到楼下房间里隆隆的脚步声，以及斯坦利偶尔的惊呼声。|《百钟之家》|A.M. Howell|true|en|false
05:55|0555-001|五点五十五分|比利没有开车去停车场。停车场已经关闭了。五点五十五分，他把车停在离杰拉德大厦几个街区外的主街上。这个时间路边有很多空位，人行道上也空无一人。|比利·萨默斯|Stephen King|true|en|false
05:55|0555-002|早上5点55分|早上5点55分，雨下得很大，我骑车来到车站前院外的自行车停放处，冲进了车站。我飞奔过书摊，那里《约克郡邮报》（一份晨报）的所有广告牌上都写着“约克恐怖事件”，但也写着“海岸二月狂风肆虐”。|丢失的行李搬运工|Andrew Martin|true|en|false
05:56|0556-000|上午5:56|安娜·佩特雷斯库按下床头钟顶部的按钮。钟上显示着上午5:56。再过四分钟，它就会用早间新闻叫醒她。但今天不会。|虚假印象|Jeffrey Archer|true|en|false
05:56|0556-001|差四分六点|鼻子缺了一块的军官走过去向费罗将军借表。他们低头看了看表。“就是它。你那儿差四分六点。”|六人组|Joseph Conrad|true|en|false
05:57|0557-000|5点57分|她微微一笑，但下一口气却像呻吟般响亮。5点57分，我说：“妈，快六点了。”于是她起身去做晚饭，但她一口也没吃。|房间|Emma Donoghue|true|en|false
05:58|0558-000|早上5点58分|今天早上5点58分，楼下传来巨大的撞击声，不过在此之前她就一直在看表了。|楼下的女人|Elisabeth Carpenter|true|en|false
05:58|0558-001|早上5点58分|安妮卡·詹尼尼猛然惊醒。她发现现在是早上5点58分。|《捅马蜂窝的女孩》|Stieg Larsson|true|en|false
05:58|0558-002|六点前|第二天早上六点前，格兰特走进了他在圣玛丽路德教堂的办公室。他异常早到——甚至错过了例行的晨练——是因为他想拿出几年前写的那篇文章，并按照要求开始更新。|金顶之下|Ray Keating|true|en|false
05:59|0559-000|六点差一分|六点差一分，霍利斯掏出怀表。他叹了口气，把表放回原位，靠在椅背上。他瞥了一眼窗外，只见街上空无一人，只有零星几匹小牛耷拉在拴马桩上，一两辆马车停在商店门前。|法律的到来|Charles Alden Seltzer|true|en|false
05:59|0559-001|时钟敲响六点之前|东南角房间的窗帘最先被拉开。那是老牧师的卧室。时钟敲响六点之前，他正在读圣经。|上帝之锤|Bo Giertz|true|en|false
05:59|0559-002|黎明|唐吉诃德离开客栈时一定是黎明时分，他如此快乐，如此英勇，如此欣喜若狂，因为他被册封为骑士，他的喜悦仿佛要从马肚带里蹦出来。|唐吉诃德|Miguel de Cervantes|true|es-ES|false
06:00|0600-000|六|第二天早上，维罗妮卡修女仍在小教堂里祈祷。六点钟，当其他修女们排队进入教堂守夜时，她也在那里，俯伏在十字架前，双臂伸展，额头贴着冰冷的石板。直到她们俯身轻轻触碰她的手臂时，才发现鲜血已经渗入她的脸颊。她已经去世好几个小时了。|《力量》|Naomi Alderman|true|en|false
06:00|0600-001|六|萨米六点就醒了，兴奋得手舞足蹈，爸爸要来了，怎么哄都哄不好。到了上午晚些时候，他已经坐立不安，我建议我们去散散步，顺便野餐一下。他不想出门，怕爸爸在我们离开的时候回来。<br>“不如我们去山上看看？我们可以从那里放他。就像海盗一样。”<br>这招果然奏效。|《身体的谎言》|Jo Baker|true|en|false
06:00|0600-002|六|星期一早上六点，我醒来时头枕在帕特里克的胸膛上，膝盖搭在他的大腿上。我整夜都没醒，睡得正香。我不知道上次这样睡是什么时候了。<br>他起床去煮咖啡，我们一起在床上喝。|《身体的谎言》|Jo Baker|true|en|false
06:00|0600-003|六|丹一直躺到六点才睡。然后他穿好衣服，再次前往红苹果酒吧。这次他没有犹豫，只是没有像上次那样从冰桶里拿出两瓶“鸟”牌啤酒，而是拿了三瓶。他们以前常说的是什么来着？要么轰轰烈烈，要么回家。|睡梦医生|Stephen King|true|en|false
06:00|0600-004|早上六点|奥尔加出院的第二天就开始做鞋了。每天早上六点，她就坐在工作台前，一天能做出两双鞋。尤金抱怨奥尔加是个累赘，但事实是，奥尔加每天靠这两双鞋养活了尤金和他的妻子。如果奥尔加不工作，家里就没饭吃。所以，大家都想方设法让奥尔加按时睡觉，给她足够的食物让她能坚持下去等等。|北回归线|Henry Miller|true|en|false
06:00|0600-005|六点|乌苏拉邀请我进衣橱。“你一点都没变老，蒂姆博，<em>这</em>条蛇形家伙也一样！”她毛茸茸的小鹿蹭着我那纳尼亚般大小的灯柱和樟脑丸……但随后，像往常一样，我醒了，肿胀的肢体就像肿胀的阑尾一样受欢迎，也一样有用。六点。暖气系统奏响了约翰·凯奇风格的作品。冻疮灼烧着我的脚趾关节。我想起了过去的圣诞节，还有更多已经过去的圣诞节，而未来却遥遥无期。|云图|David Mitchell|false|en|false
06:00|0600-006|六|令人惊讶的是，随着春天渐渐消逝，盛夏来临，日常生活依然如常。霍莉每天早上六点起床，遛狗喂巴斯特，叫醒孩子们，确保最小的孩子穿戴整齐去上学，给他们喂饭，把午餐盒放进他们的书包，在街角等公交车，挥手送他们离开。|谎言背后|Emilya Naymark|true|en|false
06:00|0600-007|清晨六点|她醒来时，清晨六点的阳光透过窗户洒进来，明亮而令人安心。有些事情需要做，有些决定需要做出，但此刻，能活着，躺在自己的床上而不是被塞进涵洞里，就已足够。|《漆黑一片，没有星星》|Stephen King|true|en|false
06:00|0600-008|早上六点|“好了，晚安，小熊维尼，”小猪说，他们已经到了维尼家。“我们明天早上六点在松树旁碰面，看看我们的陷阱里抓到了多少只长鼻怪。”|维尼|A.A. Milne|true|en|false
06:00|0600-009|早上6点|拉尔斯从客厅的窗户望出去，看到一家人——他们一定是早上6点左右从爱荷华州出发，才能这么早就到这里——艰难地跋涉在雪地里，走向他所在大楼的大厅。|美国中西部厨房|J. Ryan Stradal|true|en|false
06:00|0600-010|早上六点|星期天早上六点，他被电话吵醒了。是希思科特少校打来的，他开门见山地说：“你对大教堂里的那群暴徒了解多少？”|婚礼官|Anthony Capella|true|en|false
06:00|0600-011|六点钟|从那以后，疯帽子用哀伤的语气继续说道：“他什么都不肯做！现在永远都是六点钟了。”|《爱丽丝梦游仙境》|Lewis Carroll|true|en|false
06:00|0600-012|六点|几点了？我问，为了让他知道，我告诉他：“我妈妈喜欢周六早上睡懒觉，享受‘宁静’。”<br>“是吗？现在才六点。我睡不着。”他疲惫地说，像是事后才想起来的，好像这是他预料之中的事。“你怎么起得这么早？”<br>“我醒了，想找我的熊猫。我找不到它。”|圣徒乐队|Patsy Hickman|true|en|false
06:00|0600-013|六|但每天早上，即使前一天晚上熬夜，只睡了两个小时，他也会准时六点起床，一边喝着浓咖啡一边读报纸。爸爸每天都这样安排自己的时间。|刺猬的优雅|Muriel Barbery|true|en|false
06:00|0600-014|早上六点|我比她早起半小时，在半轮即将落下的月光下洗了脸，穿好了衣服。月光透过婴儿床旁的小窗户洒进来。那天我要离开盖茨黑德，乘马车，早上六点经过旅馆大门。|简·爱|Charlotte Brontë|true|en|false
06:00|0600-015|六|我躺在阁楼的房间里辗转难眠，听到楼下钟敲了六点。天色还很亮，人们开始在楼上楼下走动。|饥饿|Knut Hamsun|true|en|false
06:00|0600-016|清晨六点|1840年9月15日清晨六点左右，准备启航的蒙特罗城号在圣伯纳德码头冒出滚滚浓烟。|《情感教育》|Gustave Flaubert|true|en|false
06:00|0600-017|六|舞会持续了很久，直到早上六点；所有人都筋疲力尽，恨不得至少在床上躺三个小时；但早退就等于宣布舞会失败，也等于冒犯了费尽心思的主人夫妇，可怜的家伙们。|《豹》|Giuseppe Tomasi di Lampedusa|true|en|false
06:00|0600-018|早上六点|我告诉他，我们还有时间；去布宜诺斯艾利斯的火车早上六点才出发。|人工呼吸|Ricardo Piglia|true|es-AR|false
06:00|0600-019|早上六点|他只说了句“好的，先生”，然后重复说他的班次早上六点结束。我告诉塔德夫斯基，他似乎不太明白。|人工呼吸|Ricardo Piglia|true|es-AR|false
06:00|0600-020|早上六点|早上六点，他们赤身裸体地离开卧室，把游泳池里的水倒空，然后灌满了香槟。|《百年孤独》|Gabriel García Márquez|false|es-CO|false
06:01|0601-000|早上6点01分|照片中，他直视镜头，手里拿着一个一次性杯子。屏幕右下角的时间戳显示，当天早上6点01分，正是他们两人来到修道院的那天早上。|通道|Justin Cronin|true|en|false
06:02|0602-000|6.02|伯明翰新街站 5.25。沃尔索尔 5.55。这趟列车不停靠伯奇尔斯站，原因乔治始终没能弄明白。接下来是布洛克斯维奇 6.02，怀尔利和丘奇布里奇 6.09。6.10 时，他向站长梅里曼先生点头致意。|亚瑟和乔治|Julian Barnes|true|en|false
06:03|0603-000|六点零三分|外面天色还很暗，只有窗框下沿沾着白雪。她听到一阵低沉悠扬的钟声；那不是教区教堂的钟声，而是来自更远的地方。小桌上的怀表显示六点零三分。|《聚会及其他故事》|Anton Pavlovich Chekhov|true|en|false
06:04|0604-000|早上六点零四分|当时是早上六点零四分。她打了个寒战。她等待着。她伸了伸身子，因为在那辆送奶车拐进这条街之前，她已经在自己的车里坐了三个半小时。|Heart of Danger|Gerald Seymour|true|en|false
06:05|0605-000|六点零五分|第二个男人进去后发现商店空无一人，正如他所料，时间是六点零五分。由此推断时间在五点半到六点零五分之间。|《ABC谋杀案》|Agatha Christie|true|en|false
06:06|0606-000|6点06分|6点06分，梅里特街上的所有厕所突然像喷泉一样喷涌出粪便和未经处理的污水，原来是荒地里新建污水处理厂的污水池管道发生了某种难以想象的逆转。|It|Stephen King|false|en|false
06:07|0607-000|六点七分|辛顿六点七分穿过大门。高速公路上肯定堵车了，或者安全简报耽搁了。今天早上他的头发看起来刚剪过，衬得他高高的颧骨和明亮而充满渴望的眼神更加突出。|梦幻酒店|Laila Lalami|true|en|false
06:08|0608-000|早上六点零八分|早上六点零八分，两个穿着破旧风衣的男人走向赌场。其中一个个子较矮的男人突然燃起了火焰。|魔法流血|Ilona Andrews|true|en|false
06:09|0609-000|06:09 CET|06:09 CET<br>“你为什么四点没叫醒我？”蒙蒂质问道。他怒视着威廉，威廉的脸色和湿透的床单一样红，还在不停地出汗。|无所畏惧|Jeffrey Archer|true|en|false
06:09|0609-001|6.09|伯明翰新街站 5.25。沃尔索尔 5.55。这趟列车不停靠伯奇尔斯站，原因乔治始终没能弄明白。接下来是布洛克斯维奇 6.02，怀尔利和丘奇布里奇 6.09。6.10 时，他向站长梅里曼先生点头致意。|亚瑟和乔治|Julian Barnes|true|en|false
06:10|0610-000|6点10分|主席7点20分起床，点燃了第一支烟。他记不清自己具体是什么时候醒的。6点10分他给托尼打了电话，托尼已经起床等着他的电话了。|我们该告诉总统吗？|Jeffrey Archer|true|en|false
06:10|0610-001|六点十分|公共汽车六点十分离开车站——她骄傲地坐在那里，像个老练的旅客，与父亲约翰·亨利和贝雷妮丝分开。但过了一会儿，她心中涌起一股强烈的疑虑，即使是公交车司机的回答也无法完全消除她的疑虑。|婚礼的成员|Carson McCullers|true|en|false
06:11|0611-000|6:11|“拉瓜迪亚机场，”德克斯特说道，然后感谢特工熬了半夜。斯科特看向前排两个座位之间，电子钟从6:11变成了6:12。|盗亦有道|Jeffrey Archer|true|en|false
06:11|0611-001|早上6:11|我看了一眼钟：早上6:11。布列塔尼已经离开五个小时了。时间飞逝。|好邻居|Cathryn Grant|true|en|false
06:12|0612-000|早上6:12|克里森医生？审问显然没有必要。在这间半空、回声阵阵的房子里，除了他，早上6:12还有谁会接电话？他没有回答，声音继续响起。|专家证人之死|P.D. James|true|en|false
06:13|0613-000|06:13|现在是06:13。妈说我应该已经裹上毯子了，老尼克可能要来了。|房间|Emma Donoghue|true|en|false
06:14|0614-000|06:14|虚拟窗帘映照着她的动作，在屏幕上滑动，房间的灯光也随之变暗。红色的数字06:14逐渐消失，但仍然显示在右上角。|月亮母亲|Bob Goddard|true|en|false
06:15|0615-000|六点一刻|父亲希望剃须水在六点一刻准备好。多萝西只晚了七分钟，就拿着水罐上楼敲响了父亲的房门。|牧师的女儿|George Orwell|true|en|false
06:15|0615-001|早上6点15分|当时是早上6点15分，天刚蒙蒙亮。一小群年纪稍大的青少年靠在附近的墙上，看起来像是彻夜未眠。其中两个男生盯着我们，眼神凶狠而充满威胁。|女孩失踪|Sophie McKenzie|true|en|false
06:16|0616-000|6:16|当他们登上6:16开往米特尔施泰因的火车时，埃里卡心想，虽然这段旅程的每一米都让她离母亲更远，但也让她离再次见到马克斯、组建新的小家庭更近一步。|十五个字|Monika Jephcott Thomas|true|en|false
06:17|0617-000|早上6:17|我被雨点敲打窗户的声音吵醒。我听到约瑟芬在洗澡，水管在墙里叮当作响。收音机闹钟显示早上6:17。就在那时，我看到了我们的蕨类植物。它还放在约瑟芬最初放它的地方，但现在——它生机勃勃，生机勃勃。崭新油亮的叶子从花盆里探出头来，尖端伸向电话。|此处长眠|Olivia Claire Friedman|true|en|false
06:17|0617-001|六点一十七|迪兹，来吧。他慢慢转过身，哄着这只动物趴到枕头上。时钟显示六点一十七分。另一只猫迈尔斯在被子上雷斯尼克腿伸出的深V字形空隙里，满足地发出呼噜声。|孤独的心|John Harvey|true|en|false
06:18|0618-000|六点十八分|在前十五分钟，“阿格斯”号占据了有利位置，并在六点十八分近距离扫射了“鹈鹕”号，但并未对敌舰的船体或索具造成重大损伤，最多只造成一人死亡，五人受伤。|《美国史》（第七卷）|Henry Adams|true|en|false
06:19|0619-000|上午6:19|2004年6月8日上午6:19，你瞳孔的光芒镶嵌在你金色的眼眸中。|金星|Carol Ann Duffy|true|en|false
06:20|0620-000|早上6点20分|早上6点20分，我和父母茫然地站在爱荷华州一家霍华德·约翰逊酒店的停车场里，半梦半醒。|我很快就会无敌|Austin Grossman|true|en|false
06:21|0621-000|六点二十一|被鞭打过的骡子拖着马车穿过一条被水淹没的树枝，树枝淹没了三十码长的路，直立在路两旁的灌木和树干周围，没有根系可以扎入水中。我一边怠速运转着发动机，一边观察车轮碾过树枝的深度和位置，同时点燃了古杰牌香烟和我自己抽的烟。现在是六点二十一。|让我们赞美名人|James Agee and Walker Evans|true|en|false
06:22|0622-000|六点二十二分|他向前倒下时，钟表翻倒了。这就能告诉我们案发时间了。六点二十二分。|牧师住宅谋杀案|Agatha Christie|true|en|false
06:23|0623-000|六点二十三分|当时是六点二十三分。他真的想过开车在伊斯灵顿兜圈，开着收音机，对着它大喊大叫。|非你莫属|David Nobbs|true|en|false
06:24|0624-000|06:24|最终我通过顶部的绿灯找到了手机。注意，在我接听之前，时间显示是06:24。是妈妈。|Simply Heaven|Serena Mackesy|true|en|false
06:25|0625-000|早上6点25分|他早上6点25分猛然惊醒，脑海中浮现出一个画面。|小心你的愿望|Jeffrey Archer|true|en|false
06:25|0625-001|6.25|西蒙独自一人时乐意乘坐经济舱，有时甚至会故意选择6.25的车次。但今天6.25的车次延误到了6.44。|死亡|Mark Lawson|true|en|false
06:25|0625-002|六点二十五|然而，这一切都是你的意识创造的。并非人人都能做到。其他人或许会在不知何故充满矛盾和混乱的世界中永远徘徊。你不同。你似乎是那种不朽之人。<br>“什么时候会进入那个世界呢？”胖女孩问道。教授看了看表。我也看了看表。六点二十五。早已过了黎明。早报已送达。|《奇鸟行状录与世界尽头》|Haruki Murakami|true|en|false
06:26|0626-000|06:26|此时主卧室内没有开灯，但据记录，当日的官方日出时间为06:26。受害者明确表示，充足的光线透过落地窗照射进来，视野良好。|轮盘赌|Don and Linda Pendleton|true|en|false
06:26|0626-001|上午6:26|上午6:26<br>“好了，”阿蒙特宣布，“我们在这里插入。”他用手指敲了敲蓝图。“我们用闪光弹和催泪瓦斯攻击发射中心的神经中枢，把它摧毁。如果我们运气好，拉米雷斯还在那里，事情就应该结束了。”|独眼巨人计划|Thomas Hoover|false|en|false
06:27|0627-000|上午6:27|上午6:27<br>最终，马克再也忍受不了了，早上6:30，他起床、洗澡，换上了一件干净的衬衫和一套崭新的西装。|我们该告诉总统吗？|Jeffrey Archer|true|en|false
06:27|0627-001|6点27分|当时是6点27分。弗朗西丝·佩弗雷尔的公寓里电话响了。詹姆斯刚叫出她的名字，她就知道出事了。|原罪|P.D. James|true|en|false
06:27|0627-002|06:27|06:27:52 通过她视神经中的芯片；凯斯已经跟踪她在斯特雷莱特别墅的行踪一个多小时了，让她服用的内啡肽类似物驱散他的宿醉。|神经漫游者|William Gibson|true|en|false
06:27|0627-003|06:27|世纪末的清晨，克里克伍德百老汇。1975 年 1 月 1 日 06:27，阿尔弗雷德·阿奇博尔德·琼斯身着灯芯绒，坐在充满废气的卡瓦利尔·穆斯克蒂尔旅行车里，脸朝下趴在方向盘上，希望审判不会对他太过严厉。|白牙|Zadie Smith|false|en|false
06:28|0628-000|上午6:28|星期四 上午6:28<br>清晨的空气凛冽，她真希望出门前能披上阿德里亚娜的一条黑色针织披肩。她心想，自己能不能扮成那些佝偻着背的希腊农妇？不太可能。她打了个寒颤，裹紧了身上的薄外套。|代达罗斯计划|Thomas Hoover|true|en|false
06:29|0629-000|6点29分|接下来的十五分钟里，他费力地把几箱葡萄酒和啤酒搬上楼，不时停下来看表。6点29分，他打开后门，发现那个德国下士正跳上跳下，拍打着自己的腰腹取暖。|父辈的罪孽|Jeffrey Archer|true|en|false
06:29|0629-001|差一分钟到六点半|我坐了起来。身上盖着一块地毯。我把它掀开，双脚着地。我怒视着时钟。时钟显示差一分钟到六点半。|《长眠不醒》|Raymond Chandler|true|en|false
06:30|0630-000|六点半|两个妓女从波特兰下来，要带我们乘船出海钓鱼！这让我很难熬到六点半宿舍灯亮起才起床。|飞越疯人院|Ken Kesey|false|en|false
06:30|0630-001|六点半|托尼像往常一样六点半起床。韦斯特还在睡，偶尔呻吟几声。他可能在梦里大喊大叫；梦里的声音总是比现实中大。|《强盗新娘》|Margaret Atwood|true|en|false
06:30|0630-002|早上六点半|但是，如果你像她有时让我那样，在早餐<em>前</em>刮胡子——早上六点半，在一个全是白墙白脸盆的房间里，天花板上装着长长的日光灯，确保没有一丝阴影，周围的脸都被困在镜子后面尖叫——那么，你又有什么机会对抗他们的机器呢？|飞越疯人院|Ken Kesey|true|en|false
06:30|0630-003|六点半|每天清晨，一张日期正确的OD卡会被插入钢门上的插槽，墙壁开始嗡嗡作响：宿舍的灯在六点半亮起：黑人男孩们催促着，急忙起床，开始打扫地板、清理烟灰缸，擦掉墙上的划痕——一天前，一个老家伙在那里触电身亡，伴随着可怕的烟雾和烧焦橡胶的气味。|飞越疯人院|Ken Kesey|false|en|false
06:30|0630-004|早上6:30。|“现在进去，”MJ命令道。她把我们三个推进酒店房间，然后关上了门。我瞥了一眼床边的钟。早上6:30。他们为什么这么早就把爸妈吵醒？|失踪女孩|Sophie McKenzie|true|en|false
06:30|0630-005|六点半|丹尼尔和联邦调查局的人听着他母亲叫醒他父亲的声音。丹尼尔仍然握着门把手。他随时准备在被告知的那一刻关上门。<br>“几点了？”他父亲用迷迷糊糊的声音问道。<br>“哦，我的天哪，六点半了，”他母亲说。|《但以理书》|E.L. Doctorow|true|en|false
06:30|0630-006|六点半|当时是六点半。婴儿的啼哭声传来，他们却分辨不出来。萨姆急切地把脸凑到他们耳边，说道：“听，听，那是新生儿。”他高兴得满脸通红。|《爱孩子的男人》|Christina Stead|true|en|false
06:30|0630-007|六点半|坐在卡车里很冷，过了一会儿，他下了车，走了一圈，挥舞着手臂，跺着靴子。然后他又回到卡车里。酒吧的钟显示六点半……到了八点半，他决定如果出租车要到那时才能到，那就开走，于是他发动了引擎。|平原之城|Cormac McCarthy|true|en|false
06:30|0630-008|六点半|她紧张地跳起来侧耳倾听；屋子里依旧静悄悄的；脚步声已经远去。透过敞开的窗户，明亮的晨光洒满房间。她抬头看了看钟；六点半——对于家里任何人来说，这都太早了，不应该有人已经起床。|红花侠|Baroness Orczy|true|en|false
06:30|0630-009|六点半|六点半显然是个荒谬的时间，而这位委托人显然不是认真的。他想的很可能是文明的六点半，也就是中午十二点。如果他想就此事大吵大闹，德克就别无选择，只能拿出一些严肃的统计数据。午饭前没人被谋杀。但确实没人。人们还没到那个地步。你需要一顿丰盛的午餐来提升血糖和嗜血程度。德克有数据可以证明这一点。|《灵魂的漫长黑暗下午茶》|Douglas Adams|true|en|false
06:30|0630-010|早上六点半|有时是带篷的马车，有时只是敞篷马车，用木板当座位，十二个披着斗篷、戴着帽子的女人挤在车上，每边六个，开始了漫长的旅程。直到1914年，我还认识克罗伊登-克洛普顿（距剑桥十二英里）的那个马车夫；他的马车早上六点半出发，晚上十点左右返回。虽然他年纪不大，却不识字；但他沿途接单——给某某太太送一包针，给某某太太送一个新茶壶——并在返回的路上把东西都送了回来。|时代剧|Gwen Raverat|true|en|false
06:31|0631-000|上午6:31|上午6:31<br>“阿尔法队长，这里是海豹突击队一号。我们好像发现了一些敌对目标。”|独眼巨人计划|Thomas Hoover|true|en|false
06:32|0632-000|上午6:32|上午6:32<br>马克醒了，但他并没有真正清醒。他的脑海里一片混乱。脑海中闪过的第一个画面是伊丽莎白；他笑了。|我们该告诉总统吗？|Jeffrey Archer|true|en|false
06:32|0632-001|上午6:32|他已经在那里停了七分钟了；再过几分钟就有人会起疑心了。<br>“快点……快点，”他嘟囔着。“赶紧结束吧。”<br>他看了看表：上午6:32|《野心》|Lee Strobel|true|en|false
06:32|0632-002|上午6:32|伯班克机场<br>上午6:32<br>在清晨微弱的光线下，早高峰的车流缓缓向前移动。凯西转动后视镜，俯身检查了一下妆容。|Airframe|Michael Crichton|true|en|false
06:32|0632-003|差28分钟7点|左手腕上熟悉的镭数字证实了钟楼的时间。差28分钟7点。我似乎穿着一套艳丽的酒红色睡衣，那肯定不是我的。我的对面穿着一件黄色小睡衣。|太像闪电|Dana Chambers|true|en|false
06:33|0633-000|早上6:33|早上6:33醒来。和安德森的最后一次会面。他明确表示他已经看够我了，从现在开始我最好还是一个人待着。8点睡觉？（这些倒计时让我感到恐惧。）他停顿了一下，然后补充道：再见，埃尼威托克。|时间之声|J.G. Ballard|true|en|false
06:34|0634-000|上午6:34|上午6:34<br>海豹突击队队长德文·罗宾斯中尉对着他那细长的麦克风说道：“你能看到他们吗？我们可以用红外瞄准镜。”海豹突击队按照惯例分成了两队，他带领的是第一队。|独眼巨人计划|Thomas Hoover|true|en|false
06:35|0635-000|6:35|马克猛然惊醒，坐起身来，试图看清手表。他只能看到秒针在动：6:35。该死。他猛地从椅子上站起来，僵硬的脖子和背让他疼痛难忍；他仍然穿着衣服。|我们该告诉总统吗？|Jeffrey Archer|false|en|false
06:35|0635-001|差25分钟7点|我的手表放在附近的梳妆台上；瞥了一眼，我发现时间是差25分钟7点。我听说这家人9点吃早餐，所以我还有将近两个半小时的空闲时间。当然，我会出去走走，享受清晨的清新。|雷文斯登苑|J.S. Fletcher|true|en|false
06:36|0636-000|6:36|卡尔德伦像发光的影子一样追着我。他在大门上用粉笔写着“96,688,365,498,702”。应该能把邮递员搞糊涂。9:05醒来。6:36入睡。|时间之声|J.G. Ballard|true|en|false
06:37|0637-000|06:37 GMT|06:37 GMT<br>那天早上杰基不需要叫醒服务。当威廉在M4高速公路上飞驰时，她已经在前往滑铁卢车站的路上了。|《不入虎穴焉得虎子》|Jeffrey Archer|true|en|false
06:37|0637-001|早上6点37分|仪表盘上的时钟显示早上6点37分。汤恩皱了皱眉，看了看手表，手表闪烁了一下，显示下午1点58分。真棒，他想。我要么在那棵树上待了八个小时，要么只待了不到一分钟。|美国众神|Neil Gaiman|true|en|false
06:38|0638-000|早上6点38分|仪表盘上的时钟显示是早上6点38分。他把钥匙留在车里，朝树走去。|美国众神|Neil Gaiman|true|en|false
06:39|0639-000|06:39|他于06:39从500米外发射了另一枚鱼雷。鱼雷再次偏离目标，但在7分钟后爆炸。这些鱼雷只有接触到固体物体才会引爆。|淘金者|Keith Jessop and Neil Hanson|true|en|false
06:39|0639-001|上午6:39|上午6:39<br>“停止射击！该死的，停止射击。”海豹突击队队长德文·罗宾斯中尉紧紧按着耳麦，难以置信地听着。|独眼巨人计划|Thomas Hoover|false|en|false
06:40|0640-000|差二十分钟到七点|11点钟电话响了，那人影依然没有回应，就像早上差二十五分钟到七点和差二十分钟到七点电话响起时一样。|灵魂漫长的黑暗下午茶|Douglas Adams|true|en|false
06:41|0641-000|差十九分七点|一辆车缓缓驶过，司机透过缓慢转动的雨刷好奇地打量着她。她假装在口袋里摸索着什么，努力让自己看起来像个正常人，像往常一样开始新的一天。现在是差十九分七点。|《马舞者》|Jojo Moyes|true|en|false
06:42|0642-000|06:42|当时是06:42，他刚刚结束了独自的晨练：在Hab-Disk训练盘上完成了三组7号环（Hab-Disk训练盘中第二长的环），然后在健身房进行了半小时的阻力训练。|海军陆战队学员|Tim C. Taylor|true|en|false
06:43|0643-000|上午6:43|或许那持续不断的金属声只是他梦境的一部分。他不情愿地翻了个身，眨了眨眼，看着床头钟上那闪烁着磷光的绿色指针：上午6:43|小心你的愿望|Jeffrey Archer|true|en|false
06:43|0643-001|6:43|6:43，司机驶离高速公路，沿着拉瓜迪亚机场的指示牌行驶。直到汽车停在海军陆战队航空站入口对面的路边，车内才有人说话。|盗亦有道|Jeffrey Archer|true|en|false
06:43|0643-002|6:43|他把剃须泡沫抹在脸上后，动作太快，刮掉了下巴上的胡茬。该死，刮破了三处；须后水刺痛难忍：6:43。|我们该告诉总统吗？|Jeffrey Archer|false|en|false
06:43|0643-003|早上6:43|早上6:43开往伦敦。杰西卡度假回来了。情况正在好转，今天下午我们通电话时，她叫我克里斯，而不是部长。|山麓景色|Chris Mullin|true|en|false
06:44|0644-000|6.44|西蒙独自旅行时很乐意乘坐经济舱，有时甚至会故意选择6.25的班次。但今天6.25的班次延误到了6.44。|死亡|Mark Lawson|true|en|false
06:45|0645-000|六点四十五|六点四十五，剃须刀嗡嗡作响，急性病患者们按字母顺序在镜子前排成一排，A、B、C、D……像我这样的慢性病患者在急性病患者剃完后走进来，然后慢性病患者被推进来。|飞越疯人院|Ken Kesey|false|en|false
06:45|0645-001|六点四十五|黑人男孩矮小的脑袋转了过来，用那只手的指关节抵着鼻子。他皱了皱眉，然后迅速查看了另外两个黑人男孩的下落，以防万一，并告诉麦克墨菲，六点四十五分之前他们不能打开橱柜。“这是规定，”他说。|飞越疯人院|Ken Kesey|false|en|false
06:45|0645-002|差一刻七点|时钟指向差一刻七点时，狗醒了过来，抖了抖身子。它徒劳地等着平时会放它出去的男仆，便焦躁地在底楼一扇扇紧闭的门间徘徊；最后，它困惑地回到自己的垫子上，发出了一声悠长而忧郁的嚎叫，呼唤着还在熟睡的一家人。|无名氏|Wilkie Collins|true|en|false
06:45|0645-003|差一刻七点|他还在匆忙地思考着这一切，迟迟无法决定是否起床，这时时钟敲响了差一刻七点。他头边的门上传来一阵轻柔的敲门声。“格里高尔，”有人喊道——是他的母亲——“差一刻七点了。你不想去哪儿吗？”|变形记|Franz Kafka|true|en|false
06:46|0646-000|6:46|他把桌上的文件塞进公文包，然后跑向电梯。幸运的是，电梯在顶楼。楼下：6:46。|我们该告诉总统吗？|Jeffrey Archer|true|en|false
06:46|0646-001|差一刻到七点之后的一分钟|差一刻到七点之后的一分钟，我听到外面罐子碰撞的响声。我打开前门，看到我的那个人，正从他扛着的一堆罐子里挑出我的罐子，一边吹着口哨。|《三十九级台阶》|John Buchan|true|en|false
06:47|0647-000|差十三分钟七点|“早上好，马克。我的天，已经八点了吗？”<br>“不，差十三分钟七点。”|我们该告诉总统吗？|Jeffrey Archer|false|en|false
06:48|0648-000|6:48|车子一次启动。可靠的奔驰。上路时间：6:48。必须保持低于限速。绝不能让联邦调查局难堪。|我们该告诉总统吗？|Jeffrey Archer|true|en|false
06:48|0648-001|早上6:48|大艾尔伸了个懒腰，开始绕着车慢慢走动。他知道他们计划在天亮之前很久就出发，也就是早上6:48。他看了看表：4:17。一架飞机从头顶飞过，那是当天早上第一架降落在希思罗机场的飞机，两人都抬头望去。|《生而囚徒》|Jeffrey Archer|true|en|false
06:48|0648-002|上午6:48|他的喷气式飞机于上午6:48降落在设施跑道上，并立即被拖入机库。坦赞·米诺计划在19小时后“代达罗斯一号”超音速飞行时亲自指挥。|代达罗斯计划|Thomas Hoover|true|en|false
06:49|0649-000|6:49|夜幕降临，6:49。7:30在咖啡馆集合；10:00举行新闻发布会。|《恐惧与厌恶：1972年竞选之路》|Hunter S. Thompson|true|en|false
06:50|0650-000|六点五十分|那天晚上，我躺在萨米床对面那张摇摇晃晃的单人床上，看着他熟睡，然后我盯着天花板发呆。我起身拿了条毯子，去泡了杯茶，然后躺在沙发上，试着读一本皱巴巴的平装书。我眨着眼睛，迷迷糊糊地读完了半章，把它放到一边，闭上了眼睛。我醒来时已经六点五十分了，我畏缩着爬上楼，躺在床上，等着萨米再次醒来。|《身体的谎言》|Jo Baker|true|en|false
06:50|0650-001|六点五十分|我的未婚夫威尔正乘坐六点五十分的火车从波士顿过来——那是一趟黎明列车，也是唯一一趟仍然停靠在我居住的俄亥俄州小城的火车。|漂亮冰|Mary Robison|true|en|false
06:51|0651-000|早上6点51分|穆恩·哈特内尔睁开眼睛，伸手去拿手机。屏幕上显示着2月14日，情人节，早上6点51分。大多数时候，她都会赖在床上，直到闹钟响起。通常闹钟响后她还会赖一会儿——直到妈妈敲门为止。|杀死你的兄弟|Jack Heath|true|en|false
06:52|0652-000|6:52|第二天早上，萨沙和查理搭乘6:52从维多利亚开往梅里菲尔德的火车，并在早上8点前到达了当地工党总部。|正面朝上你赢|Jeffrey Archer|true|en|false
06:52|0652-001|6点52分|我骗了妈妈，意识到我唯一的选择就是搭上6点52分去伦敦的火车，就好像我根本没被解雇过一样。|《基利安·隆的饥饿与嚎叫》|Will Storr|true|en|false
06:53|0653-000|七点差七分|所以，提问的关键在于，在七点差七分前整整等77分钟，我就能得到答案。|上弦月|Stephanie Hudson|true|en|false
06:54|0654-000|早上七点差六分钟|想看看她会不会——或许——会不会回答他，尽管现在已经是早上七点差六分钟了。|她的亿万富翁们|Julia Kent|true|en|false
06:55|0655-000|差五分七点|第二天早上差五分七点。马斯特森警长和格里森警探在夜莺之家厨房里，柯林斯小姐和蒙西先生也在。对马斯特森来说，感觉像是半夜，又黑又冷。|夜莺的裹尸布|P.D. James|true|en|false
06:55|0655-001|早上6:55|早上6:55，丽莎停好车，从结冰的地下停车场乘电梯来到绿橡购物中心1楼。|《失去的一切》|Catherine O’Flynn|true|en|false
06:56|0656-000|差四分七点|“嗯，我只想说，很抱歉惹出这么多麻烦，你知道的——嗯，是的，我想抽根烟，”被判刑的人回答道，并急忙补充道：“不过，我可不想耽误事态发展——但如果时间允许的话……”<br>“现在是差四分七点，”兰纳德少校说道，“政府监狱里不应该有烟草和火柴。”|漂木船首像|Percival Christopher Wren|true|en|false
06:57|0657-000|6:57|下坡，停车，向车库保安出示FBI通行证，跑向电梯：6:57；|我们该告诉总统吗？|Jeffrey Archer|true|en|false
06:57|0657-001|七点差三分|这意味着海伦必须尽快把餐桌摆好，因为距离七点差三分了。|卡特家的神秘邻居|Neil Speed|true|en|false
06:58|0658-000|差两分钟到七点|他们等着。差两分钟到七点整，一辆白色轿车出现在视野中，驶入大楼后面的员工停车场。|小小的牺牲|Ann Rule|true|en|false
06:58|0658-001|上午6:58|上午6:58<br>雨果·沃斯特靠在一块岩石上躺着，肩膀上缠着急救箱里的白色纱布。现在血已经止住了，马塞尔正在给他注射吗啡，以缓解即将到来的疼痛。|独眼巨人计划|Thomas Hoover|false|en|false
06:59|0659-000|6:59|她几乎没抬头；敲了敲主任办公室的门；无人应答；按指示进去。主任不在：6:59；瘫坐在扶手椅上。主任要迟到了；脸上露出满意的笑容。|我们该告诉总统吗？|Jeffrey Archer|true|en|false
06:59|0659-001|差一分钟到七点|差一分钟到七点，罗伯逊中校走上台，房间里的其他人立刻安静下来，立正站好。他走到台中央，挥手示意士兵们下来。|父辈的罪孽|Jeffrey Archer|true|en|false
06:59|0659-002|早上6点59分|圣周四早上6点59分，布隆奎斯特和伯杰走进了“千禧年”出版社的办公室。|玩火的女孩|Stieg Larsson|true|en|false
07:00|0700-000|七|莫伊斯特呻吟了一声。七点整了，他最讨厌一天之内有两个七点钟。|蒸汽升腾|Terry Pratchett|true|en|false
07:00|0700-001|七点|当太阳从罗马东部的山丘后探出头来时，整座城市已是喧闹的交响乐，马车的叮当声、铁锤的敲击声和婴儿的啼哭声交织在一起。一些闲暇之人可以奢侈地睡到七点，但只有那些饮酒过量的人才会起得更晚。|本丢·彼拉多|Paul L. Maier|true|en|false
07:00|0700-002|七点|“我们今晚视频聊天好吗？我是说，明天早上？你那边早上？”查理问道。<br>“嗯，你有没有想好时间，这样我才能确保起床洗完澡。”<br>“你确定不能在洗澡的时候视频聊天吗？”他问道。<br>“不太行。不行。”<br>“那我就七点吧。”|Soldier On|Vanessa Rasanen|false|en|false
07:00|0700-003|七点钟|大约七点钟的时候，周围静得出奇，我感觉即使有人在一英里外说话，我也能回答。|《乡村一月》|J.L. Carr|true|en|false
07:00|0700-004|七|第二天早上七点，电话铃响了。<br>我慢慢地从昏沉的睡梦中醒来。我的镜子里已经贴着杰伊·西的电报，告诉我不用上班，好好休息一天，彻底康复，还为变质的蟹肉表示歉意，所以我实在想不出会是谁打来的电话。|《钟形罩》|Sylvia Plath|true|en|false
07:00|0700-005|七点钟|安妮穿过院子，一只手扶着鲍比的卡车侧面。她走过卡车后，立刻伸手抓住门廊的栏杆。她抬起头，在七点钟倾斜的阳光下，加德纳觉得这个女人既显得苍老，又显得年轻。|《汤米诺克》|Stephen King|true|en|false
07:00|0700-006|早上七点|格兰特立刻明白了其中的优势。现在是早上七点。他们至少还有八英里的路要走。如果他们能乘筏沿河而上，速度会比陆路快得多。|侏罗纪公园|Michael Crichton|true|en|false
07:00|0700-007|早上七点|整个九月，一直到十月，北卡罗来纳州的天空总是晴朗的，空气也温暖宜人，即使是早上七点，当我从二楼公寓的室外楼梯走出去的时候也是如此。如果我出门时穿着一件薄外套，那么在我走完小镇到游乐园之间三英里路程的一半之前，我就已经把它系在腰间了。|欢乐园|Stephen King|true|en|false
07:00|0700-008|早上七点|电话打得很早：早上七点，比公园开门迎接新夏日还有两个小时。我们三人一起沿着海滩散步。汤姆一路都在说话。他总是那么健谈。如果他不是那么风趣幽默、总是那么乐观开朗，那我们真会觉得很烦。|欢乐园|Stephen King|true|en|false
07:00|0700-009|早上七点|我和母亲三十七次在早上七点同时醒来，睡眼惺忪，疲惫不堪，试图起床，却又跌回床上继续睡，而她床头柜上的小电视里正播放着卡通片。|我的休息与放松之年|Ottessa Moshfegh|true|en|false
07:00|0700-010|七点|在“一路顺风”酒店的房间里，鲁弗斯·西克斯密斯博士正在阅读一叠近半个世纪前朋友罗伯特·弗罗比舍写给他的信。西克斯密斯对这些信的内容早已烂熟于心，但纸张的质感、沙沙的声响以及朋友褪色的笔迹却让他感到平静。如果房子着火了，他一定会抢救这些信。七点整，他洗漱完毕，换了件衬衫，把读过的九封信夹在《吉迪恩圣经》里——然后把圣经放回床头柜。西克斯密斯把没读的信塞进外套口袋，准备去餐厅。|《云图》|David Mitchell|true|en|false
07:00|0700-011|清晨七点|今天早上一切都很干净；暴风雨过后，院子里散落着树枝，我一会儿就出去捡起来：海滩上的沙子都被重新铺开，均匀地覆盖着一层新鲜的沙子，上面布满了雨滴留下的痕迹，萱草在清晨七点的白色阳光下摇曳着，闪闪发光。|《时间旅行者的妻子》|Audrey Niffenegger|true|en|false
07:00|0700-012|早上7点|早上7点，马里布海岸线已被火焰吞噬。因为，正如马里布天生易燃一样，纵火后扬长而去的，也是某个人的本性。|马里布崛起|Taylor Jenkins Reid|true|en|false
07:00|0700-013|早上7点|“也就是说我们早上7点左右结束，”她补充道。“还有足够的时间去上班。”<br>我很惊讶。“上班？”<br>“你明天必须上班，对吧？”<br>“我想今天就休息一天。”<br>“那你就不用担心了。”|地下墓穴|Jeremy Bates|true|en|false
07:00|0700-014|七点|七点钟，食堂开门，排队顺序颠倒过来：先是轮椅组，然后是步行组，最后是急性组，他们领取餐盘，玉米片、培根鸡蛋、吐司——今天早上还有一罐桃子放在一片撕碎的绿色生菜上。|飞越疯人院|Ken Kesey|true|en|false
07:00|0700-015|七|“什么？不。我的意思是，是的，我们确实得在那个时间到片场，但之前还有很多事情要做，你知道，服装、化妆等等。我通常七点到。真不敢相信居然没人告诉你这些。”|Reprieve|James Han Mattson|true|en|false
07:00|0700-016|早上七点|在她十一岁生日前一天早上七点，伊娃穿着她最喜欢的弹力蓝色牛仔裤，跪在衣橱里忙碌着。她正在检查水培辣椒苗的干燥程度，这时她妈妈敲了敲门。|美国中西部厨房|J. Ryan Stradal|true|en|false
07:00|0700-017|早上7点|这个女人为什么会在这里？她们会喝一杯酒，然后辛迪会说她早上7点有瑜伽课（这是真的），而且她看起来非常疲惫。|美国中西部厨房|J. Ryan Stradal|true|en|false
07:00|0700-018|七点整|七点整，一个身材矮小的意大利男人走进了詹姆斯的办公室。他穿着一套非常古老的燕尾服，系着一条白色领结，领结的大小和形状几乎和他上唇的胡子一模一样。|婚礼策划师|Anthony Capella|true|en|false
07:00|0700-019|七点|七点钟，已经七点了，时钟再次敲响时，他自言自语道，“七点了，雾还这么大。”|变形记|Franz Kafka|true|en|false
07:00|0700-020|早上七点|早上七点，鲁巴绍夫被军号声唤醒，但他没有起床。不久，他听见走廊里传来声响。他猜想有人将要受刑，害怕听到最初的痛苦惨叫。脚步声来到他所在的牢房区时，他从窥视孔看见看守正在送早餐。鲁巴绍夫没有领到早餐，因为他已经报了病。他开始在牢房里来回踱步，走六步半到窗前，再走六步半回来。|Darkness at Noon|Arthur Koestler|true|en|false
07:00|0700-021|七|我已留下指示，七点钟来找我；因为很明显，我必须先见温米克，才能见其他人，同样很明显的是，这件事只能听取他在沃尔沃斯的意见。离开那间昨晚如此难熬的房间真是如释重负，我根本不需要敲门第二次，就被从不安的床上惊醒了。|远大前程|Charles Dickens|true|en|false
07:00|0700-022|七点钟|她把自己锁在房间里，隔着门对我的问候没有回应；七点钟她就起床了，茶炊从厨房搬进了她的房间。|罪与罚|Fyodor Dostoyevsky|true|en|false
07:00|0700-023|早上七点|早上七点，赫里内尔多·马尔克斯上校带着一群叛军军官去找他时，发现他比以往任何时候都更加沉默寡言，更加沉思，也更加孤独。|百年孤独|Gabriel García Márquez|true|es-CO|false
07:01|0701-000|七点一分|第二天早上七点一分，我在伯德堡的停尸房里，迈出了试探性的第一步，试图弄清真相。|《敌人》|Lee Child|true|en|false
07:02|0702-000|07:02|07:02:18 一个半小时。“凯斯，”她说，“我想帮个忙。”|神经漫游者|William Gibson|true|en|false
07:03|0703-000|上午7:03|上午7:03 又因为体重问题闷闷不乐地回到床上。心情很糟糕。睡不着也起不来。想起丹尼尔。|BJ单身日记|Helen Fielding|true|en|false
07:03|0703-001|七点零三分|铁轨出了问题。没人能说什么时候才能修好。七点零三分到站的火车是最后一班。难道所有旅行之神都在合谋阻挠他吗？|谋杀室|P.D. James|true|en|false
07:03|0703-002|早上7点过3分|此前一直规定，应该有人在早上7点过3分准时开始为我洗漱打扮。|《三尖树时代》|John Wyndham|true|en|false
07:03|0703-003|上午7:03|上午7:03。坦兹将军仿佛被某种精神闹钟吵醒一般醒了过来。|将军之夜|Hans Hellmut Kirst|true|en|false
07:04|0704-000|上午7:04|上午7:04<br>随着引擎的轰鸣声打破了镇静剂带来的恍惚状态，斯通感到自己的意识正在恢复。他在哪里？周围传来阵阵震动，震耳欲聋的轰鸣声正缓慢地螺旋式上升，频率和音量都在增强。|综合症|Thomas Hoover|true|en|false
07:05|0705-000|七点零五分|他实在不敢相信昨晚给他打电话的老太太今天早上会像她说的那样出现。他决定等到七点零五分，然后打电话，请一天假，尽一切努力找到一个可靠的人。|《我打电话的地方》|Raymond Carver|true|en|false
07:05|0705-001|七点五分|窗外天空阴沉灰暗，像下雪了一样，这让我更加烦躁。时钟显示七点五分。我按下遥控器，躺在床上看起了早间新闻。|舞舞舞|Haruki Murakami|true|en|false
07:05|0705-002|早上7:05|瑞恩错过了黎明。他登上了一架环球航空的747客机，飞机于早上7:05准时从杜勒斯机场起飞。天空阴云密布，当飞机冲破云层，沐浴在阳光下时，瑞恩做了一件他从未做过的事。杰克·瑞恩生平第一次在飞机上睡着了。|《猎杀红色十月》|Tom Clancy|true|en|false
07:06|0706-000|七点零六分|珀西信奉那句古老的格言：跌倒了就应该立刻重新骑上马。七点零六分，他推门而入，一身蓝色制服，腰间别着手枪，另一侧腰间挂着那滑稽的特制枪套，里面装着他的山胡桃木棍。|《绿里奇迹》|Stephen King|true|en|false
07:07|0707-000|七点七分|澳航102号航班于七点七分降落在墨尔本机场。查理第一个冲下飞机，拼命奔跑，但胳膊下夹着凯茜的照片让他速度慢了下来，也让其他几位显然和他想法相同的乘客超过了他。|直线距离|Jeffrey Archer|true|en|false
07:07|0707-001|七点零七分|1月1日七点零七分，当朱伯特走进检阅室时，四十名侦探已经坐在政府配发的蓝灰色椅子上，这些椅子呈长方形摆放在四面墙边。|《死前之死》|Deon Meyer|true|en|false
07:08|0708-000|上午7:08|上午7:08<br>“二队呼叫，”对讲机里传来汉斯的声音。他和马塞尔正在指挥部上方的通风管道里，蓝图上对此有非常详细的描述。|独眼巨人计划|Thomas Hoover|true|en|false
07:08|0708-001|七点过八到九分之间|里奇没戴手表，但他估计见到格雷戈里的时候应该是七点过八到九分之间。|《艰难之路》|Lee Child|true|en|false
07:09|0709-000|07:09|我们醒来，空气更冷了。手表显示07:09，他身上有电池，那是他藏在里面的小小能量。|房间|Emma Donoghue|true|en|false
07:09|0709-001|七点零九分|清晨，房子空无一人。时钟滴答作响，在空旷中一遍又一遍地重复着它的声音。七点零九分，早餐时间，七点零九分！|柔雨将至|Ray Bradbury|true|en|false
07:10|0710-000|7:10|“把白宫特勤局局长叫来。”<br>“是，长官。”<br>局长看了看表：7:10。安德鲁斯应该在8:15到。电话响了。|我们该告诉总统吗？|Jeffrey Archer|true|en|false
07:10|0710-001|早上7点10分|他醒来后，立刻跳下床，拉开窗帘，看到第一缕阳光洒在城市上空。他看了看时间，早上7点10分。他感觉自己脏兮兮的，想到可以好好泡个热水澡，不禁笑了。|《最佳秘密》|Jeffrey Archer|true|en|false
07:10|0710-002|7点10分|我在布拉德肖词典上查到，有一列火车7点10分从圣潘克拉斯站出发，下午晚些时候就能到达加洛韦的任何一个车站。|《三十九级台阶》|John Buchan|true|en|false
07:10|0710-003|早上7点10分|还有很多人等着执行同样的操作，所以她必须抓紧时间，挤到前面，争取第一个出来。现在是早上7点10分。行动将于7点12分开始。她忧心忡忡地看着火车站的大钟。|第四位乘客|Mini Nair|true|en|false
07:11|0711-000|七点十一分|总之，每天早上七点十一分，他都会砰地一声关上车门，然后像要参加大奖赛一样猛踩油门，吵得我睡不好觉，尤其是我刚下夜班的时候。|石灰岩牛仔|Stuart Pawson|true|en|false
07:11|0711-001|上午7:11|上午7:11<br>那声音可能只是一次爆炸，尽管它发生在指挥部的两个相对入口处。然后，第一小队和第三小队同时进入了指挥部，就在他们向房间里投掷的闪光弹和CS炸药爆炸声的后面。|独眼巨人计划|Thomas Hoover|true|en|false
07:12|0712-000|七点十二分|七点十二分，在厨房里，金伯利开始焦虑起来。霍兰修女告诉她，格拉德温小姐要求早上七点把她的早茶托盘送上来。|私人病人|P.D. James|true|en|false
07:12|0712-001|7:12|他教导我，如果我必须与人约会，就必须拒绝遵循“愚蠢的人类习惯”，随意地以十五分钟为间隔选择时间。“贾斯珀，永远不要在7:45或6:30与人见面，而是选择7:12和8:03这样的时间！”|整体的一部分|Steve Toltz|true|en|false
07:13|0713-000|七点十三|奥斯特利茨说，稍后，就在火车七点十三分即将出发的时候，我透过车厢走廊的窗户向外望去，突然无比确定地意识到，我以前见过站台上方玻璃和钢结构屋顶的图案，这更让我感到惊讶，甚至有些惊恐。|奥斯特利茨|W. G. Sebald|true|en|false
07:14|0714-000|07:14|07:14 GMT<br>威廉一进航站楼就看到了他。一件深蓝色双排扣西装外套，一件白衬衫，还有一条条纹领带。这位指挥官大概穿着双排扣睡衣睡觉吧。|无所畏惧|Jeffrey Archer|true|en|false
07:14|0714-001|07:14|我跳到Rocker身上去看手表，他说07:14。我可以不用抓着Rocker就能滑滑板，然后我又回到Duvet身上，开始滑雪板运动。|房间|Emma Donoghue|true|en|false
07:14|0714-002|7点14分|7点14分，哈利知道自己还活着。他知道这一点，因为疼痛能传遍他的每一根神经纤维。|救赎者|Jo Nesbø|true|en|false
07:15|0715-000|七点十五分|木筏稳稳地向北漂去。“肯定有水流。”水流正带着他们向北，朝着酒店的方向漂去。他看了看表，惊讶地发现已经是七点十五分了。距离他上次看表才过了十五分钟。感觉好像过了两个小时。|侏罗纪公园|Michael Crichton|true|en|false
07:15|0715-001|上午7:15|1月25日上午7:15，我们乘坐麦克蒂格驾驶的飞机，载着十名男子、七条狗、一辆雪橇、燃料和食物，以及其他物品（包括飞机的无线电设备），开始向西北方向飞行。|疯狂山脉|H.P. Lovecraft|true|en|false
07:15|0715-002|7点15分|高夫再次敲响了肯特夫妇的卧室门。这次门开了——玛丽·肯特已经起床，穿上了睡袍，她刚刚看了看丈夫的手表：7点15分。随后，两人陷入了一阵混乱的对话，似乎都以为萨维尔和对方在一起。|惠彻先生的疑虑|Kate Summerscale|true|en|false
07:15|0715-003|七点一刻|那是1883年4月初的一个清晨，我醒来发现夏洛克·福尔摩斯衣着整齐地站在我的床边。他一向起得晚，壁炉架上的钟显示才七点一刻，我惊讶地眨了眨眼，抬头看着他，或许还有些许不满，因为我自己的作息时间很规律。|《斑点带子案》|Sir Arthur Conan Doyle|true|en|false
07:16|0716-000|07:16|僵尸智能指南为了构建这些虚构的、穿越时空的刷牙场景，比它活着的时候构建普通刷牙场景要费劲得多。它真的整天都在做这件事。最近，它开始频繁地显示从 07:16 到 07:17 的过渡。|种子收集者|Scarlett Thomas|true|en|false
07:17|0717-000|上午7:17|截至1908年6月30日当地时间上午7:17，帕吉特诺夫已在奥赫拉纳担任合同工近一年，每月领取500卢布的薪水，这笔钱在当时的间谍预算中已属巨额。|《反日》|Thomas Pynchon|true|en|false
07:18|0718-000|上午7:18|上午7:18<br>“尤利西斯呼叫塞壬。收到请回答。”<br>当他的无线电发出噼啪声时，阿蒙特正在贝茨汽车旅馆的医疗室里，看着一根血浆输液管被连接到迪米特里的手臂上。他立刻伸手去拿。|独眼巨人计划|Thomas Hoover|true|en|false
07:19|0719-000|早上7点19分|为了提神，我打开天窗，调大了CD播放器的音量。周六早上7点19分，咖啡因的劲儿还在我的脑海里挥之不去，我和杰克逊·布朗一起驶入了莫里。|罗西计划|Graeme Simsion|true|en|false
07:20|0720-000|七点二十分|星期四早上七点二十分，两名警察抵达了莫纳奇酒店。他们疲惫不堪，心怀不满，饥肠辘辘。从午夜开始，他们已经走访了城西的四十三家酒店，但每次都一无所获。|荣誉之战|Jeffrey Archer|true|en|false
07:20|0720-001|7点20分|主席7点20分起床，点燃了第一支烟。他记不清自己具体是什么时候醒的。6点10分他给托尼打了电话，托尼当时已经起床等着他的电话了。|我们该告诉总统吗？|Jeffrey Archer|true|en|false
07:20|0720-002|7点20分|7点20分，门开了，安妮再次出现，执行她当天最重要的任务。“该带你去演播室了，哈利。”|时辰已到|Jeffrey Archer|true|en|false
07:20|0720-003|上午7:20|这是我以前和父亲住在一起时的作息时间表，那时我以为母亲死于心脏病（这是星期一的作息时间表，而且只是个大概时间）。上午7:20 起床|《深夜小狗神秘事件》|Mark Haddon|true|en|false
07:20|0720-004|七点二十|他曾经是个对生活充满轻信的男孩，如今却对每天可能发生或不可能发生的冒险不再那么感兴趣。他逃避现实，直到七点二十的闹钟响起。|巴比特|Sinclair Lewis|true|en|false
07:21|0721-000|上午7:21|除了想在这片混乱中找到自己的位置之外，她不知道为什么知道时间对她来说如此重要。上午7:21，很多人本该在吃早餐，准备上班或过逾越节。|战时小图书馆|Kate Thompson|true|en|false
07:22|0722-000|上午7:22|上午7:22<br>“你知道怎么处理这个吗？”万斯把随身携带的MP5递给了卡利。他带着这把枪上山是为了干掉拉米雷斯，但闪光弹事件失败后，他一枪都没开。|独眼巨人计划|Thomas Hoover|false|en|false
07:23|0723-000|上午7:23|上午7:23<br>发射机似乎工作正常，他把知道的一切都发出去了——米-24雌鹿直升机的位置、伪造的国籍、对护卫舰的袭击。但有人能接收到吗？这台笨重的苏联无线电正在迅速耗尽电池电量，但他觉得现在是最后的机会了。|独眼巨人计划|Thomas Hoover|true|en|false
07:23|0723-001|7:23|为了确保能赶上7:23开往帕丁顿的火车，塞巴斯蒂安不得不借用他妈妈的闹钟。艾玛在大厅里等着他，并提出开车送他去坦普尔米兹。很快，事情就真相大白了。|《保守得最好的秘密》|Jeffrey Archer|true|en|false
07:24|0724-000|早上7点24分|三大早间节目都给了他收视率最高的时段，早上7点24分。六分钟听起来不长，但在电视界，只有前总统和奥斯卡奖得主才能把这当成理所当然。|时辰已到|Jeffrey Archer|true|en|false
07:24|0724-001|上午7:24|一阵短暂的低语声响起；随后，斯蒂芬·考特尼-布里格斯跟着她走进了起居室。达格利什瞥了一眼钟，发现指针指向上午7:24。工作日即将开始。|夜莺的裹尸布|P.D. James|true|en|false
07:25|0725-000|早上7点25分|早餐时接了好几个电话，她还没来得及仔细考虑塞缪尔勋爵求婚的利弊，司机就于早上7点25分把车停在了家门口。|这是一个男人|Jeffrey Archer|true|en|false
07:25|0725-001|七点二十五分|七点二十五分：卡拉杰船长、工程师塞尔科和斯佩德船长向岬角尽头推进，用望远镜扫视西北方向的地平线。|面向旗帜|Jules Verne|true|en|false
07:25|0725-002|7点25分|他在7点25分又试了一次，但情况依旧。磁带不停地循环播放，11次、12次、13次。<br>他把吉他扔进他父亲的车里，然后开车往南朝普雷斯科特方向驶去。Built to Spill的磁带还在录音机里，他就让它继续播放；这磁带简直成了所有事情的背景音乐。|大中西部厨房|J. Ryan Stradal|false|en|false
07:25|0725-003|上午7:25|上午7:25 刷牙洗脸|深夜小狗神秘事件|Mark Haddon|true|en|false
07:26|0726-000|七点二十六分|七点二十六分，查克正在甲板上，这时，戴着头盔、背着背包的海军陆战队员开始蜂拥而下，顺着悬挂在船舷两侧的绳网跳进高舷登陆艇。|《世界之冬》|Ken Follett|true|en|false
07:27|0727-000|7:27|飞行员欢迎他们登机，并提醒他们可能会稍有延误。德克斯特看了看表：7:27。他开始用手指敲打着隔开他和斯科特的扶手。|盗亦有道|Jeffrey Archer|true|en|false
07:27|0727-001|7点27分|他与医生的预约是8点45分。当时是7点27分。|舞蹈大师归来|Henning Mankell|true|en|false
07:28|0728-000|七点二十八|如你所知，我们24小时待命，我七点二十八分到达。我们决定立即展开调查。殡仪人员会在你完成调查后立即前来收尸。|谋杀室|P.D. James|true|en|false
07:29|0729-000|7:29|拉蒙特在11号站台等她，他们登上了7:29开往吉尔福德的二等车厢。抵达后，他们遇到了沃尔警司，他是萨里郡警察局唯一一个完全了解他们当天剩余计划的人。|无所畏惧|Jeffrey Archer|true|en|false
07:29|0729-001|七点半前大约半分钟|每个人都转过身，看着那块黄油顺着墙壁滑落，它先是停顿了一下，然后突然向前滑去，在玻璃上留下一道闪亮的痕迹。没有人说话。他们看着黄油，又看看钟，然后又看向黄油。钟现在开始走动了。<br>黄油在七点半前大约半分钟滑落到地板上，麦克墨菲拿回了他输掉的所有钱。|飞越疯人院|Ken Kesey|true|en|false
07:29|0729-002|清晨7点29分|7月1日清晨7点29分，摄影师发现自己正在拍摄寂静本身。|破晓时分|Elizabeth Speller|true|en|false
07:30|0730-000|七点半|大约七点半我醒了，打开窗户，阳光明媚。时钟敲了八点，我正要出去把狗拴起来，突然听到身后楼梯上传来裙摆窸窣作响的声音。|《月亮宝石》|Wilkie Collins|true|en|false
07:30|0730-001|七点半|七点半，切塔·雷诺兹走进诊室，斯通一家和他们哭闹不停的婴儿女儿就被关在里面。这位据传是总统自由勋章候选人的诗人穿着直筒牛仔裤和一件肘部破了洞的波士顿大学运动衫。|睡梦医生|Stephen King|true|en|false
07:30|0730-002|七点半|第二天早上七点半，在经历了不到三个小时断断续续、噩梦缠身的睡眠后，苔丝打开了办公室的电脑。但她并非为了写作。写作是她最不愿做的事。|《漆黑一片，没有星星》|Stephen King|true|en|false
07:30|0730-003|七点半|七点半回到活动室。大护士透过她那副总是擦得锃亮、几乎看不见的特制玻璃窗向外望去，对着眼前的景象点点头，伸手从日历上撕下一页，离目标又近了一天。|飞越疯人院|Ken Kesey|true|en|false
07:30|0730-004|七点半|第二天早上七点半，他按响了布伦海姆大道21号的门铃。|雨后|William Trevor|true|en|false
07:30|0730-005|七点半|七点半，站长走进了交通办公室。他体重将近16英石，但女人们总是说他跳舞时身轻如燕。|《密切观察的火车》|Bohumil Hrabal|true|en|false
07:31|0731-000|7点31分|我告诉他，他成功说服了我，我们把地图折好，放回防水袋里。当时是7点31分，费里斯起身伸了个懒腰，然后询问飞行指示。|新疆行政官|Adam Hall|true|en|false
07:31|0731-001|上午7:31|上午7:31<br>比尔·贝茨透过西科斯基飞机宽大的挡风玻璃，看到他们正朝他驶来。他立刻意识到，行动的时机已到。机不可失，时不再来。|独眼巨人计划|Thomas Hoover|true|en|false
07:32|0732-000|7点32分|7点32分，他突发中风，不幸去世。|It|Stephen King|true|en|false
07:33|0733-000|七点三十三分|他于本月五日清晨七点三十三分，蒙全能者莫测的旨意，离开了人世，安详地死于一场突如其来的胸部疾病——他晚年患有哮喘，但除此之外身体健康，感谢上帝。|约斯特·阿维林格的罪孽：一个荷兰故事|Maarten Maartens|true|en|false
07:33|0733-001|上午7:33|星期三 上午7:33<br>“你真幸运，我喜欢这个地方，”范斯望着城市说道。“这世上没有任何其他事能让我这么早起床。”|代达罗斯计划|Thomas Hoover|true|en|false
07:34|0734-000|7:34|7:34。星期一早上，布莱克伯格。位于阿维德·莫恩路上的ICA杂货店的防盗警报响了。|《生人勿进》|John Ajvide Lindqvist|true|en|false
07:34|0734-001|7点34分|萨默斯7点34分从大楼出来时，他在日志上又记了一笔，然后打开无线电，朝着当地警局的方向出发。他仔细听了保罗的报告，并说他一回到办公室就处理这件事。|视而不见|Jeffrey Archer|true|en|false
07:35|0735-000|7点35分|弗洛伦蒂娜·凯恩直到7点35分才醒来。她翻了个身，试图回忆刚才做的梦，但什么也想不起来，于是她任由思绪飘散。|我们该告诉总统吗？|Jeffrey Archer|true|en|false
07:35|0735-001|7:35|伊森努力辨别关键事实，突然意识到自己正看着墙上的钟；现在是7:35。<br>“等一下。你是什么时候听说这件事的？”<br>他略微犹豫了一下。“五点前不久，第一个消息传了过来。”|无限之日|Chris Walley|true|en|false
07:35|0735-002|早上7点35分|我告诉他是我，他说：“现在是星期天早上7点35分。你这样太没礼貌了。我知道你迷恋玛丽戈尔德，但你必须克制你的热情。来吃午饭吧。我有东西要给你看。”|艾德里安·莫尔和大规模杀伤性武器|Sue Townsend|true|en|false
07:35|0735-003|早上7:35|早上7:35，石上像往常一样离开了他的公寓。|嫌疑犯X的献身|Keigo Higashino|true|en|false
07:35|0735-004|七点三十五|我看了看表。七点三十五。|《赤裸的骨头》|Kathy Reichs|true|en|false
07:36|0736-000|7:36|7:36，日出。医院的百叶窗比她自己的好得多，更暗。|生人勿进|John Ajvide Lindqvist|true|en|false
07:37|0737-000|八点差二十三分|我刚把一杯咖啡放在早餐桌上，电话就在八点差二十三分响了。|卫星人物|Has Olav Lahlum|true|en|false
07:38|0738-000|上午7:38|上午7:38<br>“收到，”尼科尔斯对着麦克风说。“直升机是什么时候起飞的？”|独眼巨人计划|Thomas Hoover|true|en|false
07:39|0739-000|7:39|7:39，飞机滑行到跑道上准备起飞。飞机停稳后，德克斯特问乘务员是什么原因耽搁了。|盗亦有道|Jeffrey Archer|true|en|false
07:39|0739-001|7点39分|现在，在车站，你还记得和约瑟夫·马丘先生说过话吗？<br>“是的，没错。我当时正站在站台上等我常坐的那趟火车——7点39分的那趟——他就过来搭讪我了。”|亚瑟和乔治|Julian Barnes|true|en|false
07:40|0740-000|上午7:40|上午7:40 吃早餐。|深夜小狗神秘事件|Mark Haddon|true|en|false
07:41|0741-000|差十九分八点|他冲下楼。大厅空无一人；差十九分八点！火车八点开。他有时间给波莱罗备鞍吗？|《黑花》|John Galsworthy|true|en|false
07:42|0742-000|7:42|所以他别无选择，只能偶尔去客厅看看，那里的落地钟指针清晰地显示着时间是7:42。|林肯公路|Amor Towles|true|en|false
07:42|0742-001|七点四十二分|我进入科技忍者袖套才几个小时——根据我左上方视野中的时间显示，是七点四十二分——但没有任何通常的下载副作用。|副本|Richard K. Morgan|true|en|false
07:42|0742-002|七点四十二分|早上七点四十二分，加斯帕里安先生：我诅咒你。我诅咒你的双臂枯萎、死亡，从你的身体上脱落。|魔法流血|Ilona Andrews|false|en|false
07:43|0743-000|差十七分八点|当时是差十七分八点。我觉得时间应该很充裕，但我还没到五分钟就开始担心是不是错过了他。|《以为自己是博加特的窃贼》|Lawrence Block|true|en|false
07:44|0744-000|八点差十六分|“先生，如果您指的是詹宁斯警官，我今天早上八点差十六分到达时，他胡子拉碴，衣着不整，尽管他还在值班。我没有斥责他，但我让他清楚地知道，我对他作为一名警官的态度和仪容非常不满。”|下一位|Jeffrey Archer|true|en|false
07:44|0744-001|七点四十四|她倾诉心声：“这可不是你想要的死法，对吧？你宁愿和孙辈们一起放风筝，或者在盛大的派对上死去，或者其他什么场合。而不是在七点四十四分。”|《一瞬间，一个清晨》|Sarah Rayner|true|en|false
07:45|0745-000|差一刻八点|至于科赫，他在楼下的银匠铺待了半个小时，然后才上去找那位老妇人，并在差一刻八点整离开了。现在想想……|罪与罚|Fyodor Dostoyevsky|true|en|false
07:45|0745-001|七点四十五|今天早上我把小艇开出去试航了大约四十分钟，测试一下发动机。它有点小毛病。测试时间从七点四十五一直持续到八点二十，差不多了。|灯塔|P.D. James|true|en|false
07:45|0745-002|差一刻八点|托尼批改文件直到差一刻八点。阳光洒满房间，被窗外金黄的树叶映衬得金光闪闪；一架喷气式飞机飞过；垃圾车沿着街道驶来，发出像坦克一样的隆隆声。|《强盗新娘》|Margaret Atwood|true|en|false
07:45|0745-003|七点四十五分|七点四十五分，黑人男孩们沿着慢性病患者排成的队伍走去，给那些愿意乖乖站着的人接上导尿管。导尿管是用二手避孕套做的，剪掉两端，用橡皮筋绑在管子上，管子顺着裤腿垂到标有“一次性，不可重复使用”的塑料袋里，我的工作就是每天结束时把这些管子洗干净。|飞越疯人院|Ken Kesey|false|en|false
07:45|0745-004|差十五分八点|皮埃尔一反常态地迟到，那天他不是十点，而是差十五分八点才到伯格家。|《战争与和平》|Leo Tolstoy|true|en|false
07:45|0745-005|七点四十五分|格林先生像往常一样，在七点四十五分出门上班。他提着看起来空空如也、银色搭扣发出清脆声响的人造革公文包，走下家门口的台阶，打开车门，低头钻进驾驶座。|邻里罪案|Suzanne Berne|true|en|false
07:45|0745-006|7:45|他教导我，如果我必须与人约会，就必须拒绝遵循“愚蠢的人类习惯”，随意地以十五分钟为间隔选择时间。“贾斯珀，永远不要在7:45或6:30与人见面，而是选择7:12和8:03这样的时间！”|整体的一部分|Steve Toltz|true|en|false
07:45|0745-007|七点四十五|我正在做运动，心想他到底去了哪里，因为已经七点四十五了，他还没出来。|《荒野侦探》|Roberto Bolaño|true|es-CL|false
07:46|0746-000|早上7点46分|他猛然惊醒。床头柜上的钟显示早上7点46分。他咒骂了一声，跳下床穿好衣服。他把牙刷和牙膏塞进外套口袋，在早上8点前把车停在车站外。在接待处，艾芭向他招手。|里加的狗|Henning Mankell|true|en|false
07:47|0747-000|7.47|他看向儿子。“你都按我教你的方法登记那些名字了吗？”<br>“当然，爸爸。帕内尔先生，7.47；帕克先生，8.09；图多尔-琼斯先生，8.11；亚历山大先生，8.23。”|《草总是更绿》|Jeffrey Archer|true|en|false
07:47|0747-001|上午7:47|上午7:47<br>范斯这辈子从未如此恐惧过。这让他觉得在暴风雨中掌舵一天就像是悠闲的周日散步。下沉气流正猛烈地旋转着他，让他明白绳降绝非胆小者所能承受。|独眼巨人计划|Thomas Hoover|true|en|false
07:48|0748-000|上午7:48|上午7:48<br>范斯凝视着山顶，一脸困惑。寂静让他百思不得其解，随后他明白了原因。他没有听到变压器平常发出的高压嗡嗡声；一切都停止了运转。他们切断了电源。|独眼巨人计划|Thomas Hoover|true|en|false
07:49|0749-000|差十一分八点|差十一分八点。<br>“你总是对的；你脑子里肯定有个钟。”|《终结的开始》|Ray Bradbury|true|en|false
07:49|0749-001|差十一分八点|“你下次见到韦尔斯利医生是什么时候？”<br>“正好差十一分八点。”<br>“在哪儿？”<br>“在诊室。”<br>“他又回到那里了？”<br>“是的。”<br>“你怎么能确定是那个精确的时间——差十一分八点？”<br>“因为他约好八点差十点在梅多盖特看一位病人。他进来的时候我瞥了一眼钟，看了看时间，就提醒他还有预约。”|市长会客厅|J.S. Fletcher|true|en|false
07:50|0750-000|差十分钟到八点|霍根警探在差十分钟到八点按响了前门门铃。几分钟后，门开了，来人刮了胡子，衣着整洁，显然在等他。|下一位|Jeffrey Archer|true|en|false
07:50|0750-001|差十分钟八点|她和达克斯在工作时没说任何有趣的话，他们同时离开图书馆，一起去吃早餐。当时大约是差十分钟八点。|夜莺的裹尸布|P.D. James|true|en|false
07:50|0750-002|差十分钟到八点|大约差十分钟到八点，吉姆已经完成了他正在做的那部分工作——窗户——所以他决定早餐后再开始做门和踢脚线。|《衣衫褴褛的慈善家》|Robert Tressell|true|en|false
07:51|0751-000|7:51|飞机于7:51转向起飞跑道，喷气发动机轰鸣，随后缓慢向前滑行，然后加速。7:53，飞机离地。|盗亦有道|Jeffrey Archer|true|en|false
07:51|0751-001|差九分八点|维姆斯正从地上捞出醋栗，一颗火红的卷心菜在他身后砰的一声砸在路上。“早上好！”他兴高采烈地对一脸惊讶的小鬼说道。“请问现在几点了？”<br>“呃……差九分八点，[此处插入姓名]，”小鬼说道。|砰！|Terry Pratchett|true|en|false
07:52|0752-000|差八分钟到八点|凶杀案侦探大卫·奈瑟于差八分钟到八点抵达双峰路的那栋房子。刑事副局长乔·多恩奇已经在那里了。|夜深人静|Ann Rule|true|en|false
07:53|0753-000|7:53|飞机于7:51转向滑行至起飞跑道，喷气发动机轰鸣，随后飞机缓缓向前移动，然后加速。7:53，飞机离地。|盗亦有道|Jeffrey Archer|true|en|false
07:53|0753-001|差七分钟到八点|现在几点了？<br>“差七分钟到八点。很快就到了。”|永不回头|Robert Goddard|true|en|false
07:54|0754-000|早上7点54分|今天早上7点54分，我醒来时，其他人也到了。从我起床到现在还不到两个小时，时间恢复了正常。但那段时间里发生的事情，却永远无法压缩到两个小时内。|时间的六根手指|R.A. Lafferty|true|en|false
07:55|0755-000|八点差五分钟|德累斯顿先生，也许现在不是您见她的最佳时机。<br>我抬头看了一眼墙上的钟。八点差五分钟。“她想让我早点见她。”我侧身绕过他。|满月|Jim Butcher|true|en|false
07:55|0755-001|7:55|早餐时，他们除了工作什么都聊，这是条黄金法则，之后一起去参加指挥官的晨会。7:55，他们都围坐在老板的桌子旁，等待“鹰”开始会议。|视而不见|Jeffrey Archer|true|en|false
07:55|0755-002|差五分钟到八点|差五分钟到八点，首相从威尔逊的办公室出来，随后是哈利法克斯和卡多根。威尔逊最后出现，看起来很恼火。莱加特猜测他一定是又和卡多根争论了一番。|慕尼黑|Robert Harris|true|en|false
07:55|0755-003|早上7点55分|今天早上7点55分，马戏团跑来和我在一起。|《走钢丝》，选自《1967-1987年诗选》|Roger McGough|true|en|false
07:56|0756-000|7:56|塞巴斯蒂安正穿上外套走向门口，这时电话第三次响了。他看了看表，7:56，想着要不要挂断，但还是转过身，拿起电话说：“我没时间了，妈妈。”|《比剑更强大》|Jeffrey Archer|true|en|false
07:56|0756-001|7点56分|7点56分，安娜合上温特沃斯档案，弯腰打开办公桌最下面的抽屉。她脱下运动鞋，换上一双高跟鞋。她从椅子上站起来，拿起文件，瞥了一眼镜子——一丝不苟。|虚假印象|Jeffrey Archer|true|en|false
07:56|0756-002|上午8点前|上午8点前不久，埃里克·斯诺不请自来地闯了进来，把《考官报》啪地一声拍在了他副牧师的桌子上。阿特没理会报纸，而是和老板对视了一眼，露出了一个明显不真诚的笑容。|《野心》|Lee Strobel|true|en|false
07:56|0756-003|七点五十六|我坐在窗边，嘎吱嘎吱地嚼着吐司，啜饮着咖啡，悠闲地翻阅着报纸。最后，狼吞虎咽地吃完三片吐司，喝完两杯咖啡，翻完了周六的所有版面后，我打了个大大的哈欠，伸了个懒腰，瞥了一眼钟。我简直不敢相信。才七点五十六分。|《不羁女神》|Sophie Kinsella|true|en|false
07:56|0756-004|差四分八点|城堡大门——只有城堡大门——当时是差四分八点。|布登勃洛克一家|Thomas Mann|true|en|false
07:57|0757-000|7:57|艾玛在伦敦的旅途中仔细阅读了两位总统提交的详细材料，但当她的车驶入哈利街时，她仍然没有倾向于任何一方。她把文件放回红色盒子里，看了看表：7:57。|《这是一个男人》|Jeffrey Archer|true|en|false
07:57|0757-001|上午7:57|上午7:57<br>当艾莉克莎走出大厅时，清晨阳光灿烂，万里无云。街对面的圣路加教堂花园里，梨花和樱花竞相绽放，春天已经到来，但在这里，河边，清晨的空气依然清爽，让她感到一丝刺痛。|综合症|Thomas Hoover|true|en|false
07:58|0758-000|7:58|他必须活捉那些阴谋者，让他们指证那位参议员。局长看了看手表，发现华盛顿外勤办事处上方老邮局塔楼上的钟表显示时间是7:58。|我们该告诉总统吗？|Jeffrey Archer|true|en|false
07:58|0758-001|上午7:58|麦克纳尼看了看视频屏幕角落里的时钟。显示上午7:58。又敲了几下键盘，佩奇·考德威尔的声音从耳机里传了出来。|杀手行列|Ray Keating|true|en|false
07:59|0759-000|差一分钟到八点|差一分钟到八点，他迈着轻快的步伐沿着小路出发，这条小路将带他们前往山脚。|荣耀之路|Jeffrey Archer|true|en|false
07:59|0759-001|八点，也许提前一分钟|正好八点，也许提前一分钟。我走进演示室，看看我的抛光剂罐子是不是落在那儿了。推车上放着一瓶牛奶，我就喝了一点。就喝了一点点。|夜莺的裹尸布|P.D. James|true|en|false
07:59|0759-002|早上7点59分|1958年我过了52天，但现在是早上7点59分。|1963年11月22日|Stephen King|true|en|false
07:59|0759-003|还没到八点|一天早上，我刚到家，还没到八点，就发现奥克塔维奥先生已经起来了，在厨房等我。|《野侦探》|Roberto Bolaño|true|es-CL|false
08:00|0800-000|八点|菲利普·隆巴德习惯在黎明时分醒来。这天早上他也照常醒来。他用手肘撑起身子，侧耳倾听。风势稍稍减弱，但仍在吹。他听不到雨声……<br>八点钟的时候，风势更大了，但隆巴德却听不见。他又睡着了。|《无人生还》|Agatha Christie|true|en|false
08:00|0800-001|8点|然而，当他冷冷地告诉男孩们，他们今天下午要上课一整天，而不是通常的8点到11点半时，男孩们的欢笑变成了呻吟。|爱的明谷|Edna Hong|true|en|false
08:00|0800-002|八点|学校八点钟开始上课，冈瑟迟到了。昆泽老师简单地跟他打了个招呼：“啊哈，新来的！”然后示意他把椅子推到离他最近的窗户边。|爱的明亮山谷|Edna Hong|true|en|false
08:00|0800-003|八点|房东太太的厨娘总是八点钟给他送早餐，但这次却没来。这以前从未发生过。|审判|Franz Kafka|true|en|false
08:00|0800-004|早上8点|汤姆·图尼狼吞虎咽地吃着他的奶油宽面，餐巾塞进衬衫领子里，他吃得津津有味，发出吸溜声，然后又吃了一份什锦坚果意式奶冻。霍莉点了一份开胃菜，拒绝了甜点，只喝了一杯无咖啡因咖啡（她早上8点以后就不喝咖啡因饮料了）。|如果它流血|Stephen King|true|en|false
08:00|0800-005|早上八点|伊丽莎白不抱任何期待，只是带着强烈的好奇心，打开了信。令她越来越惊讶的是，信封里装着两张信纸，字迹工整地写满了字。信封本身也装得满满的。她沿着小路走去，然后开始阅读。信上写着日期是早上八点，寄自罗辛斯庄园，内容如下：|傲慢与偏见|Jane Austen|true|en|false
08:00|0800-006|八点|丛林中的河流渐渐变窄。两岸树木枝繁叶茂，遮天蔽日。蒂姆听到鸟鸣，看到小恐龙在树枝间跳跃，发出啁啾的叫声。但大部分时间都很寂静，树冠下的空气闷热而静止。<br>格兰特看了看表。八点了。|侏罗纪公园|Michael Crichton|true|en|false
08:00|0800-007|早上8点|他坐在控制台前，又灌了一杯咖啡。控制室里到处散落着纸盘和吃了一半的三明治。阿诺德筋疲力尽。现在是星期六早上8点。|侏罗纪公园|Michael Crichton|true|en|false
08:00|0800-008|八点|“我的小提琴该换新弦了，”他说道。“把你的手枪放进口袋。那家伙来了，就用平常的语气跟他说话。剩下的交给我。别盯着他看，吓着他。”<br>“现在是八点了，”我看了看表说道。|血字的研究|Sir Arthur Conan Doyle|true|en|false
08:00|0800-009|八点|母亲点了点头，似乎说不出话来。女儿突然哭了起来。我比以往任何时候都更加确信，这些人知道些什么。<br>“德雷伯先生几点离开你家去赶火车？”我问。<br>“八点，”她说着，咽了口唾沫，努力压抑住激动的情绪。|血字的研究|Sir Arthur Conan Doyle|true|en|false
08:00|0800-010|八点|八点钟，主人的餐点准备好后，她把客房服务车推进电梯，乘电梯上了六楼。这是他常点的餐：半瓶红酒，软木塞松了，一壶保温咖啡，一份鸡肉主菜配蒸蔬菜、面包卷和黄油。烤鸡的浓郁香味很快弥漫了狭小的电梯，与雨后的气息混杂在一起。|盲柳，睡女|Haruki Murakami|true|en|false
08:00|0800-011|早上八点|沿着女士街走，我碰到了佩科弗，另一个在报社工作的穷光蛋。他抱怨说自己每晚只能睡三四个小时——早上八点就得起床去牙医诊所上班。他解释说，他不是为了钱才去的——而是为了给自己买一副假牙。|北回归线|Henry Miller|true|en|false
08:00|0800-012|早上八点|我感觉头昏沉沉的。哈里森·福特是我的梦中情人。我的心跳慢了下来，但我仍然睡不着。我喝了一口杜松子酒。这似乎让我的胃舒服了一些。<br>早上八点，我又给特雷弗打了个电话。这次他没接。<br>“只是问候一下，”我在留言里说。“好久不见了。很好奇你最近过得怎么样，在忙些什么。我们找个时间聊聊。”|我的休息与放松之年|Ottessa Moshfegh|true|en|false
08:00|0800-013|八点|那怪物把战利品塞进一个小偷的包里。“没有其他值钱的东西需要处理了吗？”<br>“把那些东西放回去！现在！不然我就让你丢了工作，我发誓！”<br>“我就当你没同意了。早餐八点<em>整</em>。今天是水煮蛋配烤面包条。迟到者没有。”|云图|David Mitchell|true|en|false
08:00|0800-014|早上八点|昨晚我把一封信塞到经理办公室的门缝里——他明天早上八点就能看到——信里告知他我的人生状态发生了变化，希望这样能避免一位无辜的女佣遭受不愉快的意外。瞧，我的确会想到小人物。|《云图》|David Mitchell|true|en|false
08:00|0800-015|八点|今天早上我完全不记得了。他们给我塞了太多那种叫药丸的东西，所以我什么都不知道，直到我听到病房门打开。病房门打开意味着至少已经八点了，意味着我在那间隔离室里昏睡了一个半小时，期间技术人员可以进来给我安装任何护士长吩咐的东西，而我却一无所知。|飞越疯人院|Ken Kesey|true|en|false
08:00|0800-016|八|“啊……”我嘶哑地喘息着，翻身仰躺。透过厚重的窗帘，我看不清是夜色未褪还是白昼已至。我眯起眼睛看向钟面：发光的数字显示着八点。|《守夜人：第一卷》|Sergei Lukyanenko|true|en|false
08:00|0800-017|八点钟|八点钟，墙壁嗡嗡作响，运转起来。天花板上的扬声器用大护士的声音说：“药物。”|飞越疯人院|Ken Kesey|true|en|false
08:00|0800-018|八|“当然可以送你！”莎拉说着，拍了拍肯德拉的肩膀。“真的没问题。”<br>肯德拉捂着被拍的地方。“我们八点出发吗？”她揉着肩膀说。|缓刑|James Han Mattson|true|en|false
08:00|0800-019|早上八点|才早上八点，对于市政委员会那些懒汉来说，来干市政工作还太早了。不过，这凌晨也没能阻止托马斯怒气冲冲地踹开市政厅的蓝色大门，然后回到他的路虎车里，等着帕德里克·凯里议员的到来。|石榴汤|Marsha Mehran|true|en|false
08:00|0800-020|八点|一个从早上八点就一直走动的人，现在可能已经停了下来；一个曾经滔滔不绝的人，现在可能已经沉默不语；一个曾经身处不止一群人之中的人，现在可能已经独自一人！|爱玛|Jane Austen|true|en|false
08:00|0800-021|八|她们本应在十点钟去陶里达花园的娜塔莎家接她，但现在已经差五分钟到十点了，女孩们还没穿好衣服。<br>娜塔莎要去参加她的第一次盛大舞会。那天早上八点她就起床了，一整天都兴奋不已，忙碌不停。|战争与和平|Leo Tolstoy|true|en|false
08:00|0800-022|八点钟|八点钟的时候，风刮得更猛了，但伦巴德没有听到。他又睡着了。|《无人生还》|Agatha Christie|true|en|false
08:00|0800-023|早上8点|“我没哭，”卡特早上8点从沙漠打来电话时，玛丽亚说，“我很好。”<br>“你听起来可不像很好。”|随心所欲|Joan Didion|true|en|false
08:00|0800-024|上午8:00|上午8:00 穿上校服|深夜小狗神秘事件|Mark Haddon|true|en|false
08:00|0800-025|8点|星期四早上8点，亚瑟感觉不太舒服。|《银河系漫游指南》|Douglas Adams|true|en|false
08:00|0800-026|八点钟|八点钟，一道日光洒下，唤醒了我们。岩壁上千道熔岩棱面捕捉着它，如同火花四溅般散开。|地心游记|Jules Verne|true|en|false
08:00|0800-027|八点|但现在还是八点，当我沿着大道漫步在湛蓝的天空下，我的朋友们，我很快乐，快乐得就像任何一个曾经活过的人一样。|布鲁克林闹剧|Paul Auster|true|en|false
08:00|0800-028|八点|到了八点，斯蒂尔曼就会出来，总是穿着他那件长长的棕色大衣，提着一个老式的大地毯包。两周以来，这都是同样的场景。这位老人会在街区里漫步，缓慢地向前走，有时甚至只迈出一小步，停下来，再走，再停下来，仿佛每一步都必须经过称重和衡量，才能最终融入到他所有的步伐之中。|玻璃之城|Paul Auster|true|en|false
08:00|0800-029|八点|他穿着毛衣、防风外套和保暖内衣，躺在床上，床的三面被粗大的木梁围着。他吃光了迷你吧里所有的咸味零食，然后又吃光了所有的甜食。第二天早上八点，前台叫醒他，告诉他楼下所有人都在等他，这时他手里还攥着一块火星巧克力棒的包装纸。|太阳|Ian McEwan|true|en|false
08:00|0800-030|八点钟|我听到病房门口有动静，沿着走廊，消失在我的视线之外。那扇病房门从八点钟开始打开，一天要开上千次，咔哒咔哒。|飞越疯人院|Ken Kesey|true|en|false
08:00|0800-031|八点钟|我和庞布尔丘克先生八点钟在店后面的客厅里吃早餐，而店主则在前面的店面里，拿着他的茶杯和一小块涂了黄油的面包，放在一袋豌豆上。|远大前程|Charles Dickens|true|en|false
08:00|0800-032|八点| 罗切斯特太太！她并不存在：她要到明天，也就是早上八点以后才会出生；我得等到确定她已经活着来到这个世界，才会把所有财产都给她。|《简·爱》|Charlotte Brontë|true|en|false
08:00|0800-033|八|所以我将在此守夜，等待<br>晨曦初露，<br>当他听到八点钟的敲响<br>而不是九点钟的敲响；|什罗普郡少年|A.E. Housman|true|en|false
08:00|0800-034|八点|一定有人在散布关于约瑟夫·K的谣言，因为他明明什么都没做错，却在一个晴朗的早晨被捕了。他的房东的厨娘，一向在八点钟给他送早餐，但这次却没来。|审判|Franz Kafka|true|en|false
08:00|0800-035|八点整|第二天早上我八点整醒了，我的兄弟们，我仍然感觉筋疲力尽、精疲力竭、狼狈不堪，而且我的眼睛被睡眠的黏胶糊得严严实实，简直惨不忍睹，所以我决定不去上学了。|《发条橙》|Anthony Burgess|true|en|false
08:00|0800-036|八点|争吵三天后，斯捷潘·阿尔卡季耶维奇·奥布隆斯基王子——在时尚界被称为斯蒂瓦——像往常一样，也就是早上八点醒来，但他不是在妻子的卧室里，而是在书房里那张皮沙发上。|安娜·卡列尼娜|Leo Tolstoy|true|en|false
08:00|0800-037|正好八点|这是一个美好的夏日清晨。大厅里的荷兰钟指针指向九点十三分；起居室里的鎏金钟指针指向十点十一分；书架上的马车钟指针指向六点四十四分。换句话说，正好八点；希格内特太太也意识到了这一点，她挪了挪枕头上的头，睁开眼睛，坐了起来。她总是准时八点醒来。|《三个男人和一个女仆》|P.G. Wodehouse|true|en|false
08:00|0800-038|八|早上他打开窗户，天空依旧阴沉，但空气似乎清新了许多，他不禁后悔起来。难道递交辞呈不是一时冲动、一时糊涂，仅仅是因为一个无关紧要的小病小痛吗？如果他能再等等，如果他没有那么快灰心丧气，如果他试着适应一下这空气，或者等天气好转，他现在就能摆脱压力和焦虑，像昨天一样期待着在海滩上度过一个美好的早晨。太迟了。他只能继续渴望昨天渴望的东西。八点钟，他穿好衣服，骑马下楼吃早餐。|威尼斯之死|Thomas Mann|true|en|false
08:01|0801-000|八点零一分|八点零一分，滴答滴答，八点零一分，上学，上班，跑，跑，八点零一分！|柔雨将至|Ray Bradbury|true|en|false
08:01|0801-001|上午8:01|上午8:01<br>多尔·佩雷茨的胸口仍然像着了火一样，灼烧感似乎蔓延到他整个躯干的前部；事实上，他感觉糟透了。|独眼巨人计划|Thomas Hoover|false|en|false
08:02|0802-000|八点零二分|早上八点零二分，下士利特尔博顿博顿之死……早上八点零三分……德特里图斯中士之死……早上八点零三、三、三分又七秒、秒……维斯蒂夫警员之死……早上八点零三分又九、九、九秒……之死之死之死……|金戈|Terry Pratchett|true|en|false
08:03|0803-000|八点零三分|斯科特吃完最后一口后看了看表：八点零三分——刚好够喝杯咖啡，然后打车去机场。|盗亦有道|Jeffrey Archer|true|en|false
08:03|0803-001|八点零三分|是的，好吧。很明显她死了，而且是最近发生的。如果你非要我说的话，就是最近两个小时内。但你们肯定自己也得出了这个结论，否则你们不会把她砍倒。你们说什么时候发现她的？八点零三分。|专家证人之死|P.D. James|true|en|false
08:03|0803-002|上午8:03|上午8:03<br>埃文斯顿的人行动真是慢得要死。人行道上结冰或积雪的时候还情有可原。但现在是六月，布拉克的表妹伊娃生日的第二天，以前这意味着一场盛大的家庭聚会，标志着夏天的开始——至少在她父亲离开、她哥哥兰迪去戒毒所之前是这样。|大中西部厨房|J. Ryan Stradal|false|en|false
08:03|0803-003|八点零三分|早上八点零二分，下士利特尔博顿博顿之死……早上八点零三分……德特里图斯中士之死……早上八点零三、三、三分又七秒、秒……维斯蒂夫警员之死……早上八点零三分又九、九、九秒……之死之死之死……|金戈|Terry Pratchett|true|en|false
08:03|0803-004|8:03|他教导我，如果我必须与人约会，就必须拒绝遵循“愚蠢的人类习惯”，随意地以十五分钟为间隔选择时间。“贾斯珀，永远不要在7:45或6:30与人见面，而是选择7:12和8:03这样的时间！”|整体的一部分|Steve Toltz|true|en|false
08:03|0803-005|八点零三分|我可能会跟家庭医生谈谈，看看能不能开点安眠药。我注意到我的手表停在了八点零三分，我不知道那是不是我们宝宝去世的确切时间。|石头剪刀布|Alice Feeny|true|en|false
08:04|0804-000|上午 8:04| 上午 8:04<br>电话铃声响个不停，但马克还在熟睡。铃声持续响着。|我们该告诉总统吗？|Jeffrey Archer|true|en|false
08:04|0804-001|8:04|每个职员都有自己固定的工作时间表，这与从市区开来的两条电车线路的运行时间一致：A 必须在 8 点上班，B 必须在 8:04 上班，C 必须在 8:08 下班，以此类推，下班时间也一样，这样一来，两个同事就永远不会有机会乘坐同一节电车。|元素周期表|Primo Levi|true|en|false
08:05|0805-000|上午8:05|上午8:05 收拾书包|深夜小狗神秘事件|Mark Haddon|true|en|false
08:05|0805-001|八点过五分|“好了，现在是八点过五分了，”我对德雷克说。“你最好马上去组织一场闪光派对。今晚海上出击的希望渺茫，但我们最好还是谨慎一些。”|《距英格兰八小时》|Anthony Quayle|true|en|false
08:06|0806-000|八点零六分|我昨晚有点发烧，睡不安稳，出发晚了一点。我到达灯塔时已经是八点零六分了。但我进不去。门锁着。|灯塔|P.D. James|true|en|false
08:07|0807-000|八点零七分|八点零七分，劳拉看到贝蒂·杰弗里斯带着孩子们匆匆走向学校。|《红日下的梦》|Elizabeth Haran|true|en|false
08:08|0808-000|8:08|每个职员都有自己固定的工作时间表，这与从市区开来的两条电车线路的运行时间一致：A 必须在 8 点上班，B 必须在 8:04 上班，C 必须在 8:08 下班，以此类推，下班时间也一样，这样一来，两个同事就永远不会有机会乘坐同一节电车。|元素周期表|Primo Levi|true|en|false
08:09|0809-000|8:09|他看向儿子。“你都按我教你的方法登记那些名字了吗？”<br>“当然，爸爸。帕内尔先生，7:47；帕克先生，8:09；图多尔-琼斯先生，8:11；亚历山大先生，8:23。”|《草总是更绿》|Jeffrey Archer|true|en|false
08:09|0809-001|8:09|他循着尖叫声走进走廊。墙上的钟显示达拉斯时间8:09-10:09。|美国小报|James Ellroy|true|en|false
08:10|0810-000|8:10|她说：“嘿，懒虫，该起床了。一个海豹突击队员做了早餐，我觉得你不应该迟到。”<br>“是是。现在几点了？”<br>她瞥了一眼床头柜上的电子钟。“8:10。”|狮心|Ray Keating|true|en|false
08:10|0810-001|8点10分|斯隆肩膀被刺穿，躺在另一张躺椅上。他神志不清，不停地喊着什么关于8点10分化学课的事。|人间天堂|F. Scott Fitzgerald|true|en|false
08:10|0810-002|上午8:10|上午8:10 阅读书籍或观看视频|《深夜小狗神秘事件》|Mark Haddon|true|en|false
08:10|0810-003|8:10|细胞数量降至40万。8:10醒来。7:15入睡。（似乎不小心把手表弄丢了，只好开车进城去买一块。）|时间之声|J.G. Ballard|true|en|false
08:11|0811-000|8:11|他看向儿子。“你都按我教你的方法登记那些名字了吗？”<br>“当然，爸爸。帕内尔先生，7:47；帕克先生，8:09；图多尔-琼斯先生，8:11；亚历山大先生，8:23。”|《草总是更绿》|Jeffrey Archer|true|en|false
08:11|0811-001|八点十一分|“想不想试试引擎？”他朝那两个女仆喊道，指了指脚踏板。她们笑了，但还是决定不开，而是带着浴缸爬进了其中一辆老式蒸汽机车里。她们俩都戴着非常漂亮的帽子，每顶帽子上都别着一朵花，但她们漂亮的脸蛋让人觉得不止一朵。不知为何，她们的裙子上都别着白色的玫瑰花结。我又看了一眼钟：八点十一分。|布莱克浦高飞号|Andrew Martin|true|en|false
08:12|0812-000|上午 8:12| 上午 8:12，就在“噗”的一声响起之前，地下室里的所有事情都在进行——垃圾从小桶转移到大桶；早早醒来的老奶奶们，尽管失眠难耐，还是把洗好的衣服倒进大桶里；穿着泳裤的男孩们推着婴儿车，来到凉爽的清晨。|《时光让我们都变成了猴子》|Grace Paley|true|en|false
08:13|0813-000|上午8:13|上午8:13，实验室里的闹钟响了。埃迪按下一个普通玻璃咖啡壶底座上的按钮，壶嘴伸出两根管子通向墙壁。|《时光让我们都变成了猴子》|Grace Paley|true|en|false
08:14|0814-000|八点十四分|八点十四分，一个穿着羊皮大衣的男人走了进来。他嘴里叼着一支手卷烟。男人兴高采烈地伸出手说：“你就是月亮先生。”|《峡谷之王》|Neil Gaiman|true|en|false
08:14|0814-001|上午8:14|上午8:14<br>“发生了什么事？”拉米雷斯问道。海林用对讲机通知了他，并把他叫到大厅。德国人正返回，海内斯·索默浑身是血，被鲁道夫·辛德勒和彼得·迈尔抬着。|独眼巨人计划|Thomas Hoover|false|en|false
08:15|0815-000|8:15|“把白宫特勤局局长叫来。”<br>“是，长官。”<br>局长看了看表：7:10。安德鲁斯应该在8:15到。电话响了。|我们该告诉总统吗？|Jeffrey Archer|true|en|false
08:15|0815-001|早上8:15|柜台没有人要求路易斯出示身份证件或付款。一位老妇人领他到一间小巧但一尘不染的房间，然后一言不发地离开了。从布拉格直飞维也纳的最早航班是早上8:15起飞，莫斯特认为路易斯不应该在机场候机室里浪费这几个小时。|无名氏|John Connolly|true|en|false
08:15|0815-002|八点一刻|那天早上八点一刻，凯西·金斯利到达办公室时，看到新员工坐在外面，他并不感到意外。看到托伦斯手里拿着一瓶酒，先是拧开瓶盖，然后又拧回去，再拧紧，他也并不感到意外——从一开始，托伦斯就摆出一副那种眼神，一副卡皮折扣酒铺里才会出现的茫然神情。|睡梦医生|Stephen King|true|en|false
08:15|0815-003|八点一刻|这件事发生在冬天，临近一年中最短的一天，而且还持续了一周的雾，所以乔治早上醒来时天还很黑，但这并不能让他判断时间。他伸手摸下怀表。八点一刻。|《三个男人一艘船》|Jerome K. Jerome|true|en|false
08:15|0815-004|八点十五分|你仔细看了看手腕：“八点十五分。（时间在这里分叉了。）我开机。”空白的屏幕逐渐变得模糊，音乐也随之响起。|微暗的火|Vladimir Nabokov|true|en|false
08:16|0816-000|八点十六分|我穿过果树，走向一大片方形的棕色土地，上面长着一排排的植物。这些一定是蔬菜。我小心翼翼地用脚戳了戳其中一株。可能是卷心菜，也可能是生菜。或者，也许是某种地下植物的叶子。说实话，也可能是外星生物。我一无所知。我坐在长满青苔的木凳上，看着附近一丛开满白花的灌木。嗯，真漂亮。现在呢？人们在花园里都做些什么？我觉得我应该找本书读读。或者打个电话。我的手指痒痒的，想动一动。我看了看表。才八点十六分。天哪。|《不羁的女神》|Sophie Kinsella|true|en|false
08:17|0817-000|8点17分|“那就走吧，”T·汉密尔顿·麦肯齐说道。他看了看表，8点17分。运气好的话，他或许还能准时赶上会议。|盗亦有道|Jeffrey Archer|true|en|false
08:17|0817-001|8:17|他搭上了8:17的火车，这趟火车深受每天从牛津通勤到伦敦的人们的喜爱。早餐时，所有人似乎都彼此认识，斯蒂芬感觉自己像个不速之客，被邀请参加别人的聚会。|一分钱也不多，一分钱也不少|Jeffrey Archer|true|en|false
08:17|0817-002|早上8:17|莉尔：早上好，宝贝。去看看邮箱。<br>我：现在才早上8:17。<br>莉尔：我知道现在还早。我出去散步的时候给你留了东西。我建议你现在就去拿。|眨眼之间|Ginny Kochis|true|en|false
08:17|0817-003|上午8:17|早餐过后，叔叔从口袋里掏出一个小笔记本，那是用来记录科学观测数据的。他查看了仪器，并记录道：<br>“7月1日，星期一。<br>计时器，上午8:17；气压计，297英寸；温度计，6°（43°F）。方向，东南偏东。”<br>最后这条观测数据是在黑暗的走廊里测得的，由罗盘指示。|地心游记|Jules Verne|true|en|false
08:17|0817-004|八点十七|加油，我不能放弃。我就在这儿坐一会儿，享受一下宁静。我向后靠去，看着一只小斑点鸟在附近的地上啄食了一会儿。然后我又看了看表：八点十七。我做不到。|《不羁的女神》|Sophie Kinsella|true|en|false
08:18|0818-000|八点十七分或十八分|假设他们是在八点十七分或十八分离开的。那样的话，他们一定是跟着乔安妮·加兰，而且很可能开得比她快。|吻炮手的女儿|Ruth Rendell|true|en|false
08:19|0819-000|8点19分|8点19分，她接到第二个电话，得知飞机已载着“货物”从安曼起飞。|盗亦有道|Jeffrey Archer|true|en|false
08:19|0819-001|8:19|我约好10:30与职业健康官员见面。我8:19从沃特福德枢纽站乘火车，8:49晚了7分钟到达伦敦尤斯顿站。|麦克斯韦·西姆的可怕隐私|Jonathan Coe|true|en|false
08:20|0820-000|八点二十分|他观察着清晨通勤者涌入每一列火车。亚当判断，八点二十分正是高峰期。他确认图标已就位，然后离开藏身之处，加入上班的人群。|荣誉之战|Jeffrey Archer|true|en|false
08:20|0820-001|八点二十分|今天早上我把小艇开出去试航了大约四十分钟，测试一下发动机。它有点小毛病。测试时间从七点四十五分一直到八点二十分，差不多了。|灯塔|P.D. James|true|en|false
08:20|0820-002|8:20|前院两端，两团巨大的光球由青铜海豚托举，在波光粼粼的水面上投下闪亮的光晕。曼迪注视着，水面如同黑色缎子披风般闪烁，被一只无形的手轻轻摇曳、抚平、飘动。曼迪瞥了一眼手表：8:20。|原罪|P.D. James|true|en|false
08:20|0820-003|八点二十分|八点二十分，纸牌和谜题都送出去了。|飞越疯人院|Ken Kesey|true|en|false
08:20|0820-004|8:20|当打字机恰巧停顿下来（8:20 以及其他虚构的时刻），天空中没有美国轰炸机的飞行，牛津街上的车流也不太拥挤时，你就能听到冬鸟在外面叽叽喳喳地叫着，它们正忙着在女孩们架起的喂食器旁觅食。|《万有引力之虹》|Thomas Pynchon|true|en|false
08:21|0821-000|早上8点21分|午夜的狗从后花园里吠叫，然后有人用力敲我的前门。我看了看手机上的时间，早上8点21分。对我来说，这已经迟到了，但对不请自来的人来说，这总是太早了。|迷失的明天|Matt Coyle|true|en|false
08:22|0822-000|八点二十二分|黛西·弗洛里在八点二十二分拨打了999报警电话，就在他们离开后几分钟内。|《吻炮手的女儿》|Ruth Rendell|true|en|false
08:23|0823-000|8:23|他看向儿子。“你都按我教你的方法登记那些名字了吗？”<br>“当然，爸爸。帕内尔先生，7:47；帕克先生，8:09；图多尔-琼斯先生，8:11；亚历山大先生，8:23。”|《草总是更绿》|Jeffrey Archer|true|en|false
08:23|0823-001|八点二十三分|韦德伯恩看了看表。“八点二十三分。我打算坐十二点四十五分的火车上去，时间很充裕。我想我会穿上我的羊驼毛外套——它很暖和——还有我的灰色毡帽和棕色皮鞋。”|《奇异兰花的盛开》|H.G. Wells|true|en|false
08:23|0823-002|八点二十三分|从早上八点——菲利亚斯·福格起床的确切时间——到十一点半他出门去改革俱乐部，仆人需要做的一切，包括所有服务细节：八点二十三分提供茶和烤面包，九点三十七分提供剃须水，十点差二十分准备盥洗用品。|《环游世界八十天》|Jules Verne|true|en|false
08:23|0823-003|8:23|8:23时，弗洛林和吉尔德之间似乎很有可能建立持久的联盟。8:24时，两国却濒临战争边缘。|公主新娘|William Goldman|true|en|false
08:24|0824-000|8:24|8:23时，弗洛林和吉尔德之间似乎很有可能建立持久的联盟。8:24时，两国却濒临战争边缘。|公主新娘|William Goldman|true|en|false
08:24|0824-001|八点二十四分|八点二十四分，高级合伙人走了进来。<br>“我必须为让你们无法继续工作而道歉，”他开口说道，“但我认为这件事不能用内部备忘录来处理，也不能偷偷塞进我的月度报告里。”|财富之子|Jeffrey Archer|true|en|false
08:24|0824-002|上午 8:24| 服务员端着他的餐点回来时，亚历克斯看了看表：上午 8:24。他计划 8:55 第一次进入大楼。他环顾四周，心想其他顾客中有多少人是银行员工，并且知道他们的新任董事长正坐在某个卡座里。|正面赢|Jeffrey Archer|true|en|false
08:25|0825-000|8:25|下周他要做的事情可真不少。他瞥了一眼手表：8:25。今天早上没吃麦片。|我们该告诉总统吗？|Jeffrey Archer|false|en|false
08:25|0825-001|八点二十五分|从八点到八点二十五分的二十五分钟是所有女嫌疑人唯一一次聚在一起的时间，她们在柯林斯小姐的注视下吃饭，彼此目光交汇。|夜莺的裹尸布|P.D. James|true|en|false
08:25|0825-002|八点二十五|八点二十五，有人提到他以前经常偷看他妹妹洗澡；和他同桌的三个人争先恐后地想把这件事写进日志里。|飞越疯人院|Ken Kesey|false|en|false
08:25|0825-003|八点二十五分|第二天，杰伊准时八点坐在办公桌前。八点二十五分，艾琳走了过来。“该去开会了。”<br>杰伊站了起来。“谁来接电话？”|《蛛网之门》|Joan Marie Verba|true|en|false
08:26|0826-000|八点二十六分|他转过身问年轻人：“几点了？”年轻人得意地看着他的新战利品，一刻也没离开过它。<br>“八点二十六分。”|盗亦有道|Jeffrey Archer|true|en|false
08:26|0826-001|八点二十六分|爆炸发生的时间比预期晚得多，可能足足晚了十二个小时，于周一早上八点二十六分爆炸。几块已损坏的手表，属于遇难者，证实了这一时间。与过去几个月发生的类似事件一样，这次爆炸没有任何预警。|小鼓手|John le Carré|true|en|false
08:27|0827-000|8:27|到达塞文欧克斯车站一号站台后，他会在登上8:27开往坎农街的列车前买一份《每日快报》。|打破常规|Jeffrey Archer|true|en|false
08:27|0827-001|八点二十七分|即使只是和妈妈磨蹭着吃早餐，也浪费了一个小时。虽然我原本计划九点才到玛吉家，但我八点二十七分就敲响了她的房门。|致命的霜冻|Jessica Beck|true|en|false
08:27|0827-002|快八点半了|讲座明天举行，现在快八点半了。|《傻瓜联盟》|John Kennedy Toole|true|en|false
08:28|0828-000|早上8点28分|第二天早上8点28分，我上唇一阵异样的寒意袭来，却又精力充沛、神采奕奕，坐在开往德国的三等车厢里，打扮成一个年轻水手的模样：呢子大衣、鸭舌帽、盖着羽绒被。|《沙滩之谜》|Erskine Childers|true|en|false
08:29|0829-000|8:29|“年轻人，如果你能撑过十一点，我想你很有可能长寿健康，但我们仍然不知道是德克斯特还是哈里森。你知道，我认为是德克斯特。” 主任又看了看表：8:29——还剩97分钟。|我们该告诉总统吗？|Jeffrey Archer|true|en|false
08:29|0829-001|8点29分|特伦特先生本人作息规律。每天早上7点起床，7点半吃早餐，8点10分出门上班，8点29分到达。|《火车大劫案》|Michael Crichton|true|en|false
08:29|0829-002|8点29分|8点29分，我按响了埃尔金新月街的门铃。开门的是一位身穿白色围裙的娇小东方女子。她领我走进一间宽敞空旷的客厅，里面有壁炉和几幅巨大的油画。|恩格尔比|Sebastian Faulks|true|en|false
08:30|0830-000|早上八点半|加德弯着腰站在地上的切口旁，用强光手电筒照着漆黑的深处，站了好一会儿。现在才早上八点半，他就已经想喝点东西了。|《汤米诺克》|Stephen King|true|en|false
08:30|0830-001|八点半|八点半，米莉森·哈米特不敲门就闯了进来，说了声再见。|黑塔|P.D. James|true|en|false
08:30|0830-002|八点半|约翰爵士通常每天早上八点半被一个管家叫醒，这个管家给他送早餐；另一个管家给他送衣服；第三个管家负责在必要时喂饱阿道夫和斯大林；第四个管家基本上是个备用管家。|《约翰尼和炸弹》|Terry Pratchett|true|en|false
08:30|0830-003|八点半|外面，风越刮越大。不时地，屋檐下传来一阵令人毛骨悚然的呼啸，让他不得不从书中抬起头来。大约八点半，开始下雪了。雪又大又湿，很快就覆盖了他的窗户，挡住了他眺望群山的视线。某种程度上，这更糟糕。瞭望酒店的窗户也被雪堵住了。|睡梦医生|Stephen King|true|en|false
08:30|0830-004|八点半|我们前一天午餐时就安排好了，周二早上八点半，我把旧车开进那栋绿色维多利亚式大房子的车道时，安妮和迈克已经准备好了。米洛也一样。|欢乐园|Stephen King|true|en|false
08:30|0830-005|八点半|八点半的时候，我打电话来说：“我一直在想，要不要去做个隆胸手术，干脆把它们都卸掉。你觉得怎么样？我能驾驭平胸的样子吗？”|我的休息与放松之年|Ottessa Moshfegh|false|en|false
08:30|0830-006|八点半|八点半，病房的门开了，两个技术人员小跑进来，身上散发着葡萄酒的香气；技术人员总是快步走或小跑，因为他们总是身体前倾，必须走得快才能站稳。|飞越疯人院|Ken Kesey|true|en|false
08:30|0830-007|早上8:30|早上8:30，菲洛米娜走进酒馆，她脸色苍白，圆滚滚的，娇小的身躯上多了146磅的赘肉，让她喘不过气来。|石榴汤|Marsha Mehran|true|en|false
08:30|0830-008|八点半|“胡说！”弗龙斯基心想，瞥了一眼手表。<br>已经八点半了。|安娜·卡列尼娜|Leo Tolstoy|true|en|false
08:30|0830-009|八点半|八点半的时候，德思礼先生拿起公文包，亲了亲德思礼太太的脸颊，想吻别达力，却没吻到，因为达力正在大发脾气，把麦片扔到墙上。|《哈利·波特与魔法石》|J.K. Rowling|true|en|false
08:30|0830-010|8点30分|大约是8点30分。阳光透过右侧的窗户照射进来。窗帘拉开，一家人刚刚吃完早餐。|长夜漫漫路迢迢|Eugene O’Neill|true|en|false
08:30|0830-011|上午8:30|7月25日上午8:30，母狗诺瓦娅产仔时死去。10点钟，她被放入冰冷的坟墓中。当天晚上7:30，我们看到了第一批浮冰，向它们打招呼，希望它们是最后一批。|冰与黑暗的恐怖|Christoph Ransmayr|false|en|false
08:30|0830-012|八点半|讲座明天举行，现在快八点半了。|《傻瓜联盟》|John Kennedy Toole|true|en|false
08:30|0830-013|八点半|他八点半醒来时，独自一人在卧室里。他穿上睡袍，戴上助听器，然后去了客厅。|聋哑句子|David Lodge|true|en|false
08:30|0830-014|八点半|我不用把手从摩托车的左侧把手上移开，就能从手表上看到现在是早上八点半。|《禅与摩托车维修艺术》|Robert M. Pirsig|true|en|false
08:31|0831-000|上午 8:31| 美国山区时间上午 8:31，环球航空 196 号航班上的一名女子突然哭了起来，并开始大声宣告她的想法，而其他一些乘客（甚至机组人员）可能也持有同样的看法：飞机即将坠毁。|《闪灵》|Stephen King|true|en|false
08:32|0832-000|八点三十二分|《巴塞特最后的编年史》精装本重重地摔在地上，他猛然惊醒。摸索着找到手表，他沮丧地发现已经八点三十二分了，今天起得太晚了。|灯塔|P.D. James|true|en|false
08:32|0832-001|上午8:32|现在是12月24日上午8:32，我和亨利正前往云雀庄园过圣诞节。今天是个晴朗的好天气，芝加哥这里没有雪，但南黑文的地面上积雪有六英寸厚。|《时间旅行者的妻子》|Audrey Niffenegger|true|en|false
08:32|0832-002|08:32|唐，我想知道的是，有没有人知道更精确的时间，因为戴不知道。<br>盖特利查看他那廉价的电子表，头还搭在沙发扶手上。“我查到的是08:32:14、15、16，兰迪。”<br>“多谢了，D.G.老兄。”|无尽的玩笑|David Foster Wallace|true|en|false
08:32|0832-003|上午8:32|上午8:32 乘公交车去学校|深夜小狗神秘事件|Mark Haddon|true|en|false
08:33|0833-000|8:33|他于8:33开始下降，几个月来第一次准时到达登机口。当他关闭引擎后，三名男子立即堵住了舷梯，并一直待在那里，直到副主任及其一行人完全进入航站楼。|盗亦有道|Jeffrey Archer|true|en|false
08:33|0833-001|08:33|因为蛋糕的关系，看电视已经太晚了，手表显示现在是08:33。妈妈拽我的黄色连帽衫时，差点把我的头扯下来。|房间|Emma Donoghue|true|en|false
08:34|0834-000|8 点 34 分整|8 点 34 分整，康拉德·派恩将军的黑色公务用罗孚 800 停在了唐宁街入口处那丑陋的锻铁栅栏外。|末日最后通牒|James Follett|true|en|false
08:35|0835-000|上午8:35|信件由快递员送达，办公室的邮戳显示时间是上午8:35。我打开信封，取出里面那张闪亮的4¼英寸乘3¼英寸的照片，里面只有这张照片。|《长眠不醒》|Raymond Chandler|true|en|false
08:35|0835-001|八点三十五分|马蒂厄穿过院子，走向他作为首席设计师的办公室，当时中央大楼的大钟显示时间是八点三十五分。他在这家工厂工作了八年，经过一段出色而特殊的学习，他十九岁时就从助理绘图员做起，当时的月薪是一百法郎。|丰硕成果|Emile Zola|true|en|false
08:35|0835-002|早上8:35|老奶奶：（将匕首刺向斯蒂芬的手）把他带走，acushla。早上8:35你就会上天堂，爱尔兰也会自由。（她祈祷）哦，我的上帝，带走他吧！|尤利西斯|James Joyce|true|en|false
08:36|0836-000|08:36|第一枚救生炮于08:36发射，第二枚在几分钟后发射。皮特气喘吁吁地赶到时，救生炮升起的绿色烟雾仍然在空中徘徊。|救生艇！|Margaret Dickinson|true|en|false
08:37|0837-000|8点37分|皮尔斯站起身，从马甲里掏出怀表，那是一块与周围环境格格不入的干净金表，挂在一条漆黑的表链上。他啪地一声打开表盘：8点37分。|《火车大劫案》|Michael Crichton|true|en|false
08:37|0837-001|上午8:37|星期五 上午8:37<br>当范斯走下电动车时，他周围的机库被白色雾气笼罩。地面上旋转的云雾、灯光诡异的明暗对比、放大的倒计时声音——这一切都增添了场景的超凡脱俗之感。|代达罗斯计划|Thomas Hoover|true|en|false
08:37|0837-002|八点三十七分|上午八点三十七分，帕特里斯巷，生化危机：狗很干净。好心人是个口音有点重的女人。你为什么不给我打电话？|魔法流血|Ilona Andrews|true|en|false
08:38|0838-000|08:38|瓦斯奎兹的车停在卡弗雷米尔——他指出，时间是 08:38。<br>“是——然后——？”<br>“往北走，伙计！”他厉声说道。|《异类》|Stephen Coill|true|en|false
08:39|0839-000|上午 8:39|上午 8:39 <br>“五分钟后开始，”卡罗琳·谢弗用耳语般的声音宣布道，同时俯身在他身后。这位来自俄亥俄州的金发名媛是新闻秘书——这份工作是她努力争取并深爱的——她以纳粹教官般冷酷无情的效率安排着总统的媒体露面。|独眼巨人计划|Thomas Hoover|true|en|false
08:39|0839-001|上午8:39|这是因为当第一声枪响在上午8:39响起时，我正和女友卡门睡在一起，波旁威士忌浸透了我们的肝脏，可卡因的余味还留在我们的喉咙里，而她的避孕措施则让我们免于在这样一个几乎不记得的夜晚怀孕的风险。这是一个极其禁忌的夜晚；我真应该改名叫帕特里克，然后开个无神论者的博客。|开罗圈子|Doma Mahmoud|false|en|false
08:39|0839-002|早上 8:39|道格·麦奎尔注意到墙上唯一一个显示东海岸夏令时的钟，时间是早上 8:39。|终极妥协|Winn Schwartau|true|en|false
08:40|0840-000|8点40分|他刚过8点40分就离开了雪莉-尼瑟兰号，等他到达列克星敦时，他几乎已经做好了面对校长怒火的准备。|时辰已到|Jeffrey Archer|true|en|false
08:40|0840-001|上午 8:40|上午 8:40，她被用担架抬出，送往梅奥综合医院，身上满是水泡和烧伤，显然是日光浴床变成了酷刑室。|石榴汤|Marsha Mehran|false|en|false
08:40|0840-002|8点40分|此时时钟显示8点40分。“还有五分钟，”安德鲁·斯图尔特说。五个朋友互相看了一眼。人们或许会推测他们的心跳略微加快，因为即使对于胆大的赌徒来说，赌注也相当大。|环游世界八十天|Jules Verne|true|en|false
08:40|0840-003|差二十分九点|我站在她面前，避开她的目光，仔细观察周围的一切，发现她的手表停在了差二十分九点，房间里的钟也停在了差二十分九点。|《远大前程》|Charles Dickens|true|en|false
08:41|0841-000|08:41|现在是08:41，我在床上练习。妈妈用很烫的热水装满了一个塑料袋，扎紧袋口，防止热水洒出来，然后她把这个袋子放进另一个袋子里，也把那个袋子扎紧了。|房间|Emma Donoghue|true|en|false
08:41|0841-001|八点四十一分|八点四十一分，我们距离水边还有五百码，在我们所在的道路和山脚之间，我们看到了堆积起来的残垣断壁，那是一座废弃塔楼的遗迹。|1850年和1851年环游死海和圣经之地的游记|Félicien de Saulcy|true|en|false
08:42|0842-000|八点四十二分|“是啊，我刚才在想……”<br>珊偷偷瞥了一眼墙上的钟摆。八点四十二分。还有十八分钟他就要被护送回去了。“我担心我忘了关滴水管。如果罗伊护林员早到了，告诉他我一会儿就回来。”|迷失边缘|Kristina McMorris|true|en|false
08:42|0842-001|九点差十八分|当布莱克本人终于在九点差十八分出现时，她完全沉浸在周三的监视细节中。事实上，她如此专注，以至于直到他开口说话，她才注意到他站在她房间门口。|他的热门号码|Shannon Hollis|true|en|false
08:43|0843-000|8:43|“无论如何，都不能让他回到白宫。”电话挂断了。卡瓦利知道他父亲说的两点都对。卡瓦利又看了看表：8:43。|盗亦有道|Jeffrey Archer|true|en|false
08:43|0843-001|八点四十三分|你明白这录音机开着吗？<br>“嗯哼”<br>“现在是5月15日星期三早上八点四十三分。”<br>“如果你这么说的话”|《杀戮时刻》|John Grisham|true|en|false
08:43|0843-002|上午8:43|上午8:43 经过热带鱼店|深夜小狗神秘事件|Mark Haddon|true|en|false
08:44|0844-000|八点四十四|几个士兵——有的制服扣子都敞开了——正在查看一辆摩托车，争论不休。中士看了看表，八点四十四分。他们得等到九点。赫拉迪克觉得自己与其说是不幸，不如说是微不足道，便坐在一堆柴火上。|《秘密的奇迹》|Jorge Luis Borges|true|en|false
08:45|0845-000|8:45|周一早上9点，大卫到达办公室，发现前门锁着。他百思不得其解。秘书们应该在8:45就到岗了。|一分钱也不多，一分钱也不少|Jeffrey Archer|true|en|false
08:45|0845-001|八点四十五分|尸体于9月18日星期三上午八点四十五分被发现。发现尸体的是65岁的艾米莉·沃顿小姐，她是伦敦帕丁顿圣马太教区的未婚女子；以及10岁的达伦·威尔克斯，据他所知，他并不属于任何特定的教区，也毫不在意。|嗜死之味|P.D. James|true|en|false
08:45|0845-002|差一刻九点|加德纳醒来时，明亮的阳光透过西窗照进他的脸。他的背痛得厉害，站起来时，脖子发出令人作呕的关节炎嘎吱声，疼得他直皱眉。现在是差一刻九点。|《汤米诺克》|Stephen King|false|en|false
08:45|0845-003|差一刻九点|到了差一刻九点，还是没人来，加德纳开始怀疑他们是不是要放弃了。他坐在门廊上博比的摇椅上，一边琢磨着这个想法，一边用手指抚摸着脸上博兹曼打在他脸上的那块又大又肿的淤青。|《汤米克诺克人》|Stephen King|true|en|false
08:45|0845-004|八点四十五分|八点四十五分，我打电话来说：“我需要一些理财建议。说真的，我是认真的。我遇到麻烦了。”|我的安息之年|Ottessa Moshfegh|true|en|false
08:45|0845-005|8点45分|他付了钱，离开了咖啡馆。当时是8点45分。太阳透过一层薄薄的云层洒下来。他一边沿着皇后大道匆匆走着，一边解开外套的扣子。他的思绪如脱缰的野马般奔腾而去。|离开的梦|Rupert Thomson|true|en|false
08:46|0846-000|08:46|彼得罗夫无疑拿着遥控器，所以毫无疑问，这个混蛋已经把时间从08:46重置到了……现在。|光辉天使|Nelson DeMille|false|en|false
08:47|0847-000|上午 8:47| 上午 8:47。刚抽了根烟。不过，不吸烟日要等穿好衣服才算正式开始。|BJ单身日记|Helen Fielding|true|en|false
08:47|0847-001|8点47分|我正要去小屋。现在是……8点47分。路上有点雾。|德克·简特利的整体侦探事务所|Douglas Adams|true|en|false
08:48|0848-000|九点差十二分|她要是沿着斯旺街走到利兹路，肯定能走进那扇旧门，走上旧台阶，滑进她那把旧椅子，拿上她以前囤的纸张、香水和口香糖，然后继续她之前的工作吧？可是现在已经是九点差十二分了。|勇气|Malachi Whitaker|true|en|false
08:49|0849-000|8点49分|8点49分，有人用力敲门，哈米什爵士低声咒骂了几句，大卫·希思去开门。他发现他的联络人站在那里。|原则问题|Jeffrey Archer|true|en|false
08:49|0849-001|8:49|我约好10:30与职业健康官员见面。我8:19从沃特福德枢纽站乘火车，8:49晚了7分钟到达伦敦尤斯顿站。|麦克斯韦·西姆的可怕隐私|Jonathan Coe|true|en|false
08:50|0850-000|九点差十分|九点差十分，邮车停在切维沙姆郊外的斯普罗格小屋外，送来一封信。|《专家证人之死》|P.D. James|true|en|false
08:50|0850-001|早上8点50分|他知道这对教皇的访问至关重要。周二早上8点50分，当文件送达时，卡罗兰的秘书把它递给了他。主教让她离开办公室时关上门。|武士僧侣|Ray Keating|true|en|false
08:50|0850-002|差十分钟九点|他匆匆给仆人打了个电话，匆匆穿好衣服，走到台阶上，完全忘记了梦境，只担心会迟到。当他开车来到卡列宁家门口时，看了看表，发现差十分钟九点。|安娜·卡列尼娜|Leo Tolstoy|true|en|false
08:50|0850-003|差十分钟到九点|差十分钟到九点，职员们开始陆续到达。他们挂好外套和帽子后，就来到壁炉旁，站在那里取暖。即使没有火，他们也照样站在那里。|栗树|V.S. Pritchett|true|en|false
08:50|0850-004|早上8点50分|当时是早上8点50分，伯尼和我独自在阿斯托里亚的一条小街上，离一家三明治店不远；那家店卖一种叫“搭桥手术”的意大利腊肠三明治。我以前每周都吃这种三明治，配着浓缩咖啡汽水，再抽根烟，出去慢跑。如今，我自己离这个笑话太近，已经没法再点这种三明治，而我儿子的幼儿园正陷入教义分裂的阵痛之中。|The Ask|Sam Lipsyte|true|en|false
08:50|0850-005|九点差十分|早上弥撒结束后一刻钟，男孩准时穿着周日礼服站在父亲的门外，时间是九点差十分。|拉德茨基进行曲|Joseph Roth|true|en|false
08:51|0851-000|上午 8:51| 上午 8:51<br>布拉克以前从未在这个时间去过全食超市。这里比午餐时间人少多了。不得不放弃力量训练真是糟透了，但呕吐之后，她需要两根香蕉、反渗透水和一杯蛋白奶昔来补充能量，还得额外给帕特里夏一杯蛋白奶昔作为补偿。|大中西部厨房|J. Ryan Stradal|false|en|false
08:51|0851-001|上午8:51|上午8:51到达学校|深夜小狗神秘事件|Mark Haddon|true|en|false
08:52|0852-000|上午8:52|第一条消息。星期二，上午8:52。有人在吗？喂？|特别响，非常近|Jonathan Safran Foer|true|en|false
08:53|0853-000|上午 8:53| 罗斯向窗外望去，看到迭戈·马丁内斯正沿着铁轨全速向车站跑去。他看了看表：上午 8:53 | 小心你的愿望 |Jeffrey Archer|true|en|false
08:53|0853-001|上午8:53|星期五上午8:53<br>万斯盯着面前这支小部队，其中包括坦赞·米诺和他的两名飞行员。这绝对不是演习。事情出了大问题。是不是有些苏联地勤人员胆怯泄露了秘密？不管发生了什么，事情都偏离了轨道。|代达罗斯计划|Thomas Hoover|true|en|false
08:54|0854-000|上午8:54|他不得不花将近一英镑打车，以确保自己能在上午8:54准时到达警察局。一位年轻的警员直接带他去了沃里克警探的办公室，而不是审讯室。|正面你赢|Jeffrey Archer|true|en|false
08:54|0854-001|08:54|您是否知晓，昨天卡塞迪亚标准时间08:54，货船“Axious”号的船长J.L. Gafeska报告称，包租船KS55NZ/4号上的乘客被发现死于船上？|神秘博士：戴立克世代|Nicholas Briggs|true|en|false
08:55|0855-000|8点55分|但直到8点55分，电话铃声才响起，他听到了期待已久的声音。卡罗琳的声音听起来十分平静，只是那些话语显得急切。<br>“我必须见你。现在。你能抽出时间吗？”|《诡计与欲望》|P.D. James|true|en|false
08:55|0855-001|九点差五分|她九点差五分到达，浑身湿透地站在他姑妈家的大厅里，像个管状的浅蓝色塑料包裹，除了脸以外什么也看不见。她手里拿着一个湿漉漉的纸袋，大嘴巴咧开，露出一个不确定的笑容。一夜之间，她似乎失去了一些自信。|《鹧鸪节》|Flannery O’Connor|true|en|false
08:55|0855-002|差五分钟到九点|梅拉尔·达瓦诺斯坐在疾病隔离病房那间一尘不染、四壁洁白的病床上，抬头看了看墙上的钟。差五分钟到九点。晨光透过树梢洒了进来。他唯一能听到的声音是阳台上麻雀的争吵声。|黑暗的根基|Chris Walley|true|en|false
08:55|0855-003|差五分九点|莱纳斯开始沿着走廊缓缓走去。雨水猛烈地拍打着他左侧的窗户。右侧壁灯里的灯光微微闪烁。他的便鞋在地板上发出吱吱的响声。他扯了扯领带。当他走到走廊的另一端时，已经过去了四分钟。根据他的手表显示，现在是差五分九点。|蔚蓝之海中的房子|TJ Klune|true|en|false
08:55|0855-004|差五分钟到九点|差五分钟到九点，诊室的门开了，斯通家的儿科医生走了进来。约翰·道尔顿医生是丹·托兰斯认识的一位医生，虽然他不知道丹的姓氏。对丹来说，他只是约翰医生，就是那个在北康威周四晚上的“大书”读书会上负责煮咖啡的医生。|《睡梦医生》|Stephen King|true|en|false
08:55|0855-005|差五分钟到九点|差五分钟到九点，雅克身着灰色管家服，走下楼梯，说道：“少爷，您的爸爸来了。”|拉德茨基进行曲|Joseph Roth|true|en|false
08:55|0855-006|差五分钟九点|乔治掏出手表看了一眼：差五分钟九点！|《三个男人一艘船》|Jerome K. Jerome|true|en|false
08:56|0856-000|九点差四分|我把周末发生的事情告诉了她，当我说起枪击事件时，她脸色苍白。“感谢上帝你没受伤。”<br>我们又讨论了几分钟，然后我注意到时间。九点差四分。|禁止猫入内|Miranda James|true|en|false
08:56|0856-001|快九点了|快九点了，太阳每分钟都更加炙热。|缅甸岁月|George Orwell|true|en|false
08:56|0856-002|快九点了|第二天早上是波佩茨太太把我叫醒的。<br>她说：<br>“先生，您知道快九点了吗？”<br>“九点什么？”我惊叫着，猛地坐了起来。<br>“九点，”她透过钥匙孔回答道。“我还以为你们睡过头了呢。”|三个男人一艘船|Jerome K. Jerome|true|en|false
08:57|0857-000|九点差三分|查尔斯·阿普尔盖特在九点差三分按响了我们的门铃，这并不令人意外。他在电话里听起来非常可靠。|艺术收藏家之死|Robert Goldsborough|true|en|false
08:57|0857-001|08:57|她指着手表，上面显示08:57，离九点差三分钟。于是我跑进衣柜，躺在枕头上，裹上那条灰色绒毛毯，毯子边缘是红色的。|房间|Emma Donoghue|true|en|false
08:57|0857-002|九点前三分钟|你得抓紧时间。很久很久以前，在遥远的过去，一位名叫马丁的威彻斯特的贤良市民，曾给大教堂的院长和教士会留下一笔钱，条件是只要大教堂还在，他们就必须在每天早上九点前三分钟，全年无休地从较小的钟楼敲响钟声。|天堂之谜|J.S. Fletcher|true|en|false
08:58|0858-000|差两分钟到九点|现在是差两分钟到九点——距离炸弹爆炸还有两分钟——三四个人聚集在银行门前，等着银行开门。|亡命天涯|Jim Thompson|true|en|false
08:59|0859-000|差一分钟九点|差一分钟九点。他坐在桌子的主位上，说道：“先生们，早上好。我将请公司秘书宣读上次会议的会议记录。”|《这是一个人》|Jeffrey Archer|true|en|false
08:59|0859-001|差一分钟九点|宾厄姆笑了。“那我周一（八月十七日）差一分钟九点就守在电话旁了，”他看了看日记，“就是八月十七日。”|小心你的愿望|Jeffrey Archer|true|en|false
08:59|0859-002|九点差一分|“好意商店九点开门，”迪米特里说。“我们必须在九点差一分在外面等着。”|正面赢|Jeffrey Archer|true|en|false
08:59|0859-003|8点59分|他会在8点20分准时从卡多根花园的家中乘坐出租马车，8点59分准时到达外交部，并在6点整返回家中。|中国雕像|Jeffrey Archer|true|en|false
08:59|0859-004|8:59|她躺在床上读着苏菲和阿尔贝托关于马克思的对话，不知不觉睡着了。床边的阅读灯整夜都亮着。桌上闹钟上绿色的数字显示着8:59。|苏菲的世界|Jostein Gaarder|true|en|false
09:00|0900-000|九|那天晚上，无论白天还是晚上，都没有找到英格的踪迹。有些人甚至彻夜搜寻。第二天早上九点左右，锡安教堂钟楼里的钟声突然狂乱地响起。|爱的明亮山谷|Edna Hong|true|en|false
09:00|0900-001|九点钟|九点钟，牧师的马车载着他们沿着公路向南驶往拉韦伦达。弗里德费尔特觉得教堂村庄以北的地方更自在。那里的复兴运动更为明显。在韦内贝加，复兴运动只剩下最后的据点之一。韦内贝加以北是索尔比格登，那里的灵性生活截然不同。在那里，人们既可以抽烟，也可以承认救世主；那里宣扬全然罪恶堕落的教义，据说觉醒者中也能找到威士忌。|上帝之锤|Bo Giertz|true|en|false
09:00|0900-002|早上九点整|第二天早上九点整，那个绿胡子士兵准时来到他们面前，四分钟后，他们都进入了奥兹大巫师的王座厅。|绿野仙踪|L. Frank Baum|true|en|false
09:00|0900-003|九点钟|她觉得彼得有些不一样，但却说不清到底是什么。第二天早上安德森醒来时（时间是正常的九点钟），她几乎立刻就明白了。|《汤米诺克》|Stephen King|true|en|false
09:00|0900-004|九点钟|暴风雨一直拖到九点钟才来，那时安德森已经相当肯定他们要迎来一场大雨——哈维尼特人称之为“真正的暴风雨”。|《汤米诺克人》|Stephen King|true|en|false
09:00|0900-005|早上九点|第二天早上九点，我准时打开学校的门；平静、安定，准备好迎接一天繁忙的工作。|简·爱|Charlotte Brontë|true|en|false
09:00|0900-006|九点钟|九点钟的时候，他的秘书过来给他念了当天的日程安排。<br>不过，今天早上他这样做的时候，却发现他仍然盯着自己的盘子，表情很奇怪。|约翰尼和炸弹|Terry Pratchett|true|en|false
09:00|0900-007|早上九点|我下了火车，焦急地想着该去哪儿。夜总会是买可卡因的好地方，但早上九点开门的却寥寥无几。|瑞秋的假期|Marian Keyes|false|en|false
09:00|0900-008|九|他九点醒来，在房间里工作了一会儿，然后说他觉得困了。他去了厨房，煮了杯咖啡，喝了下去。但咖啡并没有让他清醒。<br>“我想我该睡一会儿了，”他说。“我感觉后脑勺嗡嗡作响。”这是他最后的遗言。他蜷缩在床上，睡着了，再也没有醒来。|盲柳，睡女|Haruki Murakami|true|en|false
09:00|0900-009|九|从卢浮宫到星形广场，就像一首钢琴曲。五天来，我既没碰过打字机，也没看过一本书；脑子里除了去美国运通银行之外，什么也没想过。今天早上九点，我到了那里，正好赶上银行开门，一点钟我又去了一次。|北回归线|Henry Miller|true|en|false
09:00|0900-010|九点|他一直笑着，笑得像只吃饱喝足的粉红小臭虫。“我打电话给你的时候是九点，”他又说了一遍，“对吧？”我疲惫地点点头。是的，是九点。他现在肯定是九点，因为他记得自己掏出了手表。|北回归线|Henry Miller|true|en|false
09:00|0900-011|九点钟|九点钟的时候，我又打了个电话。他接了。<br>“你想干什么？”他问。<br>“我希望听到你说你想我。”<br>“我想你，”他说。“就这些吗？”<br>我挂断了电话。|我的安息之年|Ottessa Moshfegh|true|en|false
09:00|0900-012|九点|一套工作流程正在形成。每天早上九点，只要艾尔斯身体不适，我和他都会准时出现在音乐室。我坐在钢琴前，艾尔斯则躺在沙发上，抽着他那难闻的土耳其香烟，我们开始采用三种工作方式中的一种。“复习”——他让我把前一天早上的工作过一遍。我哼唱、歌唱或演奏，取决于乐器，艾尔斯则根据乐谱进行修改。|云图|David Mitchell|true|en|false
09:00|0900-013|九点钟|正如福尔摩斯预言的那样，没有下雨，清晨阳光明媚，万里无云。九点钟，雷斯垂德驾着马车来接我们，我们出发前往哈瑟利农场和博斯科姆池塘。|《福尔摩斯探案集》|Sir Arthur Conan Doyle|true|en|false
09:00|0900-014|九|“别再想了，老兄。”这熟悉的表情，就像那只轻轻拂过我肩膀的手一样，毫无熟悉感。“还有，别忘了我们明天早上九点坐水上飞机上去。”|《了不起的盖茨比》|F. Scott Fitzgerald|true|en|false
09:00|0900-015|九点钟|我们吃完早餐走到门廊时，已经是九点钟了。一夜之间，天气骤然变化，空气中弥漫着秋天的气息。|《了不起的盖茨比》|F. Scott Fitzgerald|true|en|false
09:00|0900-016|上午9:00|地球是在公元前4004年10月21日星期日上午9:00整创造的，因为上帝喜欢在清晨精神饱满的时候完成工作。|好兆头|Terry Pratchett and Neil Gaiman|true|en|false
09:00|0900-017|早上九点|才早上九点，厨房就已经塞得满满当当，每个角落和台面都被玛尔詹的美食作品占据了。腌制蔬菜（芒果、茄子和常见的<em>七香腌菜</em>）装在五加仑的透明罐子里，咸香四溢，摆放在厨房岛台上。大大的蓝色碗里盛满了沙拉（当归扁豆、番茄、黄瓜和薄荷沙拉，以及波斯炸鸡沙拉）、<em>葡萄叶包饭</em>和各种蘸酱（奶酪核桃酱、酸奶黄瓜酱、茄泥和辣味鹰嘴豆泥），这些都和菲达奶酪、斯蒂尔顿奶酪和切达奶酪一起，盖好盖子，堆放在巨大的玻璃门冰箱里。|石榴汤|Marsha Mehran|true|en|false
09:00|0900-018|九点|等他穿戴整齐时，已经九点了。距离希特勒的最后通牒到期还有六个小时。<br>他去找早餐吃。|慕尼黑|Robert Harris|true|en|false
09:00|0900-019|九点钟|然而，九点钟的时候，王子穿着天鹅绒外套，配着貂皮领子和帽子，像往常一样出去散步了。|战争与和平|Leo Tolstoy|true|en|false
09:00|0900-020|九点|早上九点。雾气像海洋一样笼罩着大地，一丝不苟。但在地势更高的施拉帕尼茨村，拿破仑和他的元帅们站在那里，天色却很亮。他头顶是湛蓝的天空，太阳巨大的圆盘像一个巨大的空心深红色浮标，漂浮在那乳白色的雾海之上。|战争与和平|Leo Tolstoy|true|en|false
09:00|0900-021|九点钟|九点钟早餐的钟声响起时，每个人都起床等待着召唤。|《无人生还》|Agatha Christie|true|en|false
09:00|0900-022|九点钟|我永远不可能在九点钟之前到达那里。|《傻瓜联盟》|John Kennedy Toole|true|en|false
09:00|0900-023|九点钟|听着，伊格内修斯，我累坏了。我从昨天早上九点钟就开始上路了。|《傻瓜联盟》|John Kennedy Toole|true|en|false
09:00|0900-024|九|他们抵达后的第三天早晨，城里所有的钟都敲响了九点，大约一起敲了九百九十九下，萨姆正在乔治院子里呼吸新鲜空气，这时一辆奇特的、刚刷过油漆的汽车驶了过来，一个身手敏捷的人从车里跳出来，把缰绳扔给了坐在他旁边的一个壮汉，一个古怪的绅士，他似乎天生就适合这辆车，而这辆车也似乎天生就适合他。|《匹克威克外传》|Charles Dickens|true|en|false
09:00|0900-025|上午9:00|上午9:00 学校集会|深夜小狗神秘事件|Mark Haddon|true|en|false
09:00|0900-026|九|一只苍蝇嗡嗡作响，墙上的钟开始敲响。九声金色的钟声消散后，区长开口问道：“马雷克上校先生怎么样了？”<br>“谢谢您，爸爸，他很好。”<br>“几何还是不好吗？”<br>“谢谢您，爸爸，好多了。”<br>“读过什么书吗？”<br>“读过，爸爸。”|拉德茨基进行曲|Joseph Roth|true|en|false
09:00|0900-027|九点钟|九点钟还没到，这荒谬的延误让我难以接受，我有点生气地去找老板，说我觉得他应该再雇个厨师，称一下桅杆，然后就开工。|一颗鹅卵石|John Hershey|true|en|false
09:00|0900-028|九点钟|七月下旬的一个清晨九点钟，盖茨比那辆华丽的汽车沿着崎岖的车道缓缓驶到我家门口，三音喇叭发出了一阵悠扬的旋律。|了不起的盖茨比|F. Scott Fitzgerald|true|en|false
09:00|0900-029|九|他九点钟吃早餐，第二十次查阅他的“布拉德肖时间指南”，看看格兰特利医生最早几点能从巴切斯特赶到。|典狱长|Anthony Trollope|true|en|false
09:00|0900-030|早上九点|他可受不了被敲打。现在，只要你和他保持良好关系，他几乎会按照你的意愿摆布时钟。例如，假设现在是早上九点，正好是上课时间：你只需要对时间轻声说一声，时钟就会眨眼间转个不停！一点半，该吃晚饭了！|爱丽丝梦游仙境|Lewis Carroll|true|en|false
09:00|0900-031|九点钟|大约九点钟，我越过边界进入康沃尔郡。这至少比下雨早了三个小时，云朵依然洁白无瑕。事实上，今天早上映入眼帘的许多景色都是我迄今为止见过的最迷人的。可惜的是，大部分时间我都没能好好欣赏它们；因为可以说，我当时满脑子想的都是——除非发生什么意想不到的变故——在今天结束之前，我还能再次见到肯顿小姐。|长日将尽|Kazuo Ishiguro|true|en|false
09:00|0900-032|九点|阿申巴赫打开窗户，似乎闻到了泻湖的恶臭。一股突如其来的沮丧感涌上心头。他想就此离开。几年前，在经历了数周美好的春天之后，他也曾遭遇过类似的天气，严重影响了他的健康，不得不逃离。难道这次不是又开始发烧了吗？太阳穴发胀，眼皮沉重？再次换酒店很麻烦，但如果风向不变，他根本无法继续待在这里。为了保险起见，他没有把所有行李都拿出来。九点，他去大堂和餐厅之间专门的自助餐厅吃早餐。|威尼斯之死|Thomas Mann|true|en|false
09:00|0900-033|早上9点|有时候我多么希望我们能再次在早上9点坐在酒吧里，彼此说谎，远离上帝。|耶稣之子|Denis Johnson|true|en|false
09:00|0900-034|九|我派奶妈去的时候，钟敲了九点；她答应半小时后回来。|罗密欧与朱丽叶|William Shakespeare|true|en|false
09:00|0900-035|九|圣玛丽·伍尔诺斯守时的地方<br>九点钟的最后一拍，寂静无声。|荒原|T.S. Eliot|true|en|false
09:00|0900-036|九点钟|九点钟，几个穿着皮质护肘的年轻住院医生和急诊病人聊了五十分钟他们小时候的趣事。大护士对这些住院医生的寸头造型感到疑惑，他们在病房里的这五十分钟对她来说很煎熬。|飞越疯人院|Ken Kesey|true|en|false
09:00|0900-037|早上九点|直到那个不愉快的星期四，那天，给他预约了神经科早上九点的门诊，而他之前看过的医生中，最不起眼的那位也给他安排了门诊。|十二个朝圣者的故事|Gabriel García Márquez|true|es-CO|false
09:00|0900-038|早上九点|“你很容易感到无聊吗？”<br>“还好。我的生活安排得像个实业家。我每天午夜入睡，早上九点起床。”|《七个疯子》|Roberto Arlt|true|es-AR|false
09:01|0901-000|九点一分|“好。我可能早上九点一分给你打电话，这样我或许就能报答你之前帮我的几个忙了。”|小心你的愿望|Jeffrey Archer|true|en|false
09:01|0901-001|9:01|当德克斯特走过电子钟时，红色的数字咔哒一声指向了9:01。车门滑开，他大步走到人行道上。三辆黑色豪华轿车排成一列等候着，司机站在车门旁。|盗亦有道|Jeffrey Archer|true|en|false
09:01|0901-002|九点零一分|他在房间里踱来踱去，利用这段时间练习他的问题，这些问题不能听起来像是事先准备好的。九点零一分，他从口袋里掏出那张纸，拨通了号码。|《生而囚徒》|Jeffrey Archer|true|en|false
09:01|0901-003| 上午 9:01 | 上午 9:01 躺在床上，盯着天花板。|整体的一部分|Steve Toltz|true|en|false
09:02|0902-000|九点零两分|九点零两分。汉利向首席住房官员点点头。“继续，”他说。市政官员走到房子门口，用力敲了敲门。|无回头路|Frederick Forsyth|true|en|false
09:02|0902-001|九点刚过几分钟|我们正沿着高速公路行驶，不知身在何处，但雨水遮蔽了天际线，让我无法辨认方向。仪表盘上闪烁的数字显示，现在才九点刚过几分钟。|满月|Jim Butcher|true|en|false
09:02|0902-002| 9:02 | 上午 9:02 躺在床上，盯着天花板。|整体的一部分|Steve Toltz|true|en|false
09:03|0903-000| 9:03 am | 9:03 am 躺在床上，盯着天花板。|整体的一部分|Steve Toltz|true|en|false
09:03|0903-001|九点零三分|塞巴斯蒂安仍然坐在那里，盯着电话，盼着它响起来。九点零三分，有人听从了他的命令。|小心你的愿望|Jeffrey Archer|true|en|false
09:03|0903-002|九点零三分|菜贩骑着自行车在九点零三分到达，他摸了摸紧身牛仔夹克的口袋，打开了门。但他背对着街道，斯凯斯根本看不到钥匙。|无辜之血|P.D. James|true|en|false
09:03|0903-003|九点零三分|新学年开学真不是个好兆头。我盯着她。她在说什么？她为什么看表？我没迟到。好吧，我穿过操场的时候上课铃响了，但你总有五分钟时间到教室。<br>“九点零三分，”贝克沃斯小姐宣布。“你迟到了。”|洛蒂计划|Jacqueline Wilson|true|en|false
09:04|0904-000| 上午 9:04 | 上午 9:04 躺在床上，盯着天花板。|整体的一部分|Steve Toltz|true|en|false
09:04|0904-001|9点04分|在一盏窄光束灯笼的照耀下，皮尔斯看了看表。9点04分。这意味着在巴洛制造混乱掩护他们逃跑之前，他们还有一个小时的时间找到钥匙。|《火车大劫案》|Michael Crichton|true|en|false
09:05|0905-000|九点过五分|普雷斯特恩神父不是说过邮件会在九点或之后不久到达吗？“之后不久”可能意味着任何事情。他们可能已经等了半个小时。九点过五分。九点过七分。然后它来了。|《正义的审判》|P.D. James|true|en|false
09:05|0905-001| 9:05 am | 9:05 am 躺在床上，盯着天花板。|整体的一部分|Steve Toltz|true|en|false
09:05|0905-002|9:05|卡尔德伦像发光的影子一样追着我。他在大门上用粉笔写着“96,688,365,498,702”。应该能把邮递员搞糊涂。9:05醒来。6:36入睡。|时间之声|J.G. Ballard|true|en|false
09:05|0905-003|9:05| 办公室参观没花多少时间。事实上，我们 9:05 就基本结束了。埃德把所有东西都看了两遍，说一切都很好，然后给了我一份可能有帮助的联系人名单，之后就得回自己的办公室了。|二十多岁的女孩|Sophie Kinsella|true|en|false
09:06|0906-000|九点零六分|必须这么做，玛德琳；我必须在明天早上十点之前和他谈谈，因为我的新娘要来了。<br>“巴黎姑娘？她要来这里！”<br>“是的，和她父亲一起，明天九点零六分到的火车。”|《墨迹》|René Bazin|true|en|false
09:06|0906-001|九点零六分|其实，现在才九点零六分。我把我的大钟（特大号的，这样不戴隐形眼镜也能看清）调快了九分钟，希望这样能让我准时到。|送牛奶|Sarah Miynowski|true|en|false
09:06|0906-002|上午9:06|上午9:06躺在床上，盯着天花板。|整体的一部分|Steve Toltz|true|en|false
09:07|0907-000|9:07|在旅途中，塞普蒂默斯会读报纸，抽两支烟，于9:07到达坎农街。|打破常规|Jeffrey Archer|true|en|false
09:07|0907-001|过了七分钟|普雷斯特恩神父不是说过邮件会在九点或之后不久到达吗？“之后不久”可能意味着任何事情。他们可能已经等了半个小时。九点过五分。过了七分钟。然后它来了。|正义的审判|P.D. James|true|en|false
09:07|0907-002|9点07分|第七天早上，楼下窗户的百叶窗没有拉上。卢克看到9点07分有一盏灯亮了又灭，那时距离斯波茨一家离开已经整整两个小时了。|《隐秘之中》|Margaret Peterson Haddix|true|en|false
09:07|0907-003|上午9:07|上午9:07躺在床上，盯着天花板。|整体的一部分|Steve Toltz|true|en|false
09:07|0907-004|9点07分|那是一个阳光灿烂的早晨，9点07分，弗莱特太太登上廷德尔车站的帝国特快列车。她确信自己的人生已经毁了，但凭借着坚强的意志，她还是设法保持着挺拔的姿态，装出一副专注而又充满活力的样子。|《石头日记》|Carol Shields|true|en|false
09:08|0908-000|九点到十点之间|“几点了？”埃德蒙问。<br>“九点到十点之间，”特朗普金说。<br>“我们刚到火车站的时候！”孩子们异口同声地说，彼此对视，眼睛闪闪发光。|凯斯宾王子|C.S. Lewis|true|en|false
09:08|0908-001|九点到十点之间|他停下脚步，擦了擦额头的汗，花了一分钟寻找阳光。天空完全阴沉，没有一丝阴凉。当时应该是九点到十点之间。前方枪声依旧无情地响起。他继续向前走去。|唯有信仰：万物之心|Bo Giertz|true|en|false
09:08|0908-002|上午9:08|上午9:08翻车，侧翻在左侧。|整体的一部分|Steve Toltz|true|en|false
09:09|0909-000| 9:09 am | 9:09 am 躺在床上，盯着墙壁。|整体的一部分|Steve Toltz|true|en|false
09:09|0909-001|早上九点零九分|“或许我应该把这件遗留问题处理好，以防手术出现意外。这只需要几分钟，而且我确信手术前还有足够的时间，因为根据我的脉冲星显示，现在才早上九点零九分。哈！”|幸存者类型|Stephen King|true|en|false
09:10|0910-000| 9:10 am | 9:10 am 躺在床上，盯着墙壁。|整体的一部分|Steve Toltz|true|en|false
09:10|0910-001|上午 9:10| 上午 9:10。突然发现头发干了之后形状很奇怪。寻找发梳。在手提包里找到了。|BJ单身日记|Helen Fielding|true|en|false
09:11|0911-000|9点11分|这些新锁很容易就被阿加尔打开了。9点11分，他们猛地推开铁栅门，进入了真正的酒窖。他们立即开始寻找钥匙。|火车大劫案|Michael Crichton|true|en|false
09:11|0911-001|9点11分|“我能坐哪趟火车？”<br>“如果你真的必须去，9点11分左右有一趟。”|人间天堂|F. Scott Fitzgerald|true|en|false
09:11|0911-002|上午9:11|上午9:11躺在床上，盯着墙壁。|整体的一部分|Steve Toltz|true|en|false
09:12|0912-000|9点12分|当杰斐逊纪念堂出现在眼前时，德克斯特又看了看表。9点12分。“时间绰绰有余，”他说道。不到一分钟后，他们就被堵在了路上。|盗亦有道|Jeffrey Archer|true|en|false
09:12|0912-001|九点十二分|于是，在一个星期三的早晨，美国东部时间九点十二分，昴星团高悬于太阳系企业有限公司总部上空。|银河系主星|E.E. Smith|true|en|false
09:12|0912-002|九点十二分|直到九点十二分，那扇巨大的铁门才缓缓打开。哈利猛地跳了起来，一名狱警侧身让开，一位身材高挑、气质优雅、银发飘逸的男子走了进来。|父辈的罪孽|Jeffrey Archer|true|en|false
09:12|0912-003|上午9:12|上午9:12躺在床上，盯着墙壁。|整体的一部分|Steve Toltz|true|en|false
09:13|0913-000| 上午 9:13 | 上午 9:13 躺在床上，盯着墙壁。|整体的一部分|Steve Toltz|true|en|false
09:13|0913-001|上午9点13分|她把电话夹在颈窝里，用拇指匆忙翻着那些粉红色的留言条。普罗韦托医生，上午9点13分。|Mistaken Identity|Lisa Scottoline|true|en|false
09:14|0914-000|上午 9:14| 第二天早上，弗吉尼亚醒来时，发现门垫上放着一个大信封。她不想知道是谁送来的，也不想知道是什么时候送来的。她看了看表，上午 9:14 | 这是一个人 |Jeffrey Archer|true|en|false
09:14|0914-001|上午9:14|上午9:14躺在床上，盯着墙壁。|整体的一部分|Steve Toltz|true|en|false
09:15|0915-000|早上9点15分|虽然才早上9点15分，但晨雾已经散去，天空几乎万里无云，逐渐变得明亮，呈现出朦胧的白色，间或透出几缕柔和的湛蓝。|原罪|P.D. James|true|en|false
09:15|0915-001|九点一刻|太阳黑子餐厅的早餐人群正在散去。很快，那位不再睡眼惺忪的女老板就会收起早餐特价牌，换上午餐特价牌。<br>九点一刻，法院上空的烟雾似乎渐渐散去。比利开始怀疑是不是出了什么故障。|比利·萨默斯|Stephen King|true|en|false
09:15|0915-002|九点一刻|九点一刻，我从家出发，穿过公园，沿着牛津街走到贝克街。|《福尔摩斯探案集》|Sir Arthur Conan Doyle|true|en|false
09:15|0915-003|9点15分|“太棒了！”琼斯评论道。“我以前从未见过这种情况。没关系，好的。”琼斯从后口袋里掏出一把铅笔。“现在，我大约在9点15分左右先与目标取得联系，方位角大约是269度。”|《猎杀红色十月》|Tom Clancy|true|en|false
09:15|0915-004|上午9:15|上午9:15，我蜷缩在枕头上，坐起来看向窗外。|整体的一部分|Steve Toltz|true|en|false
09:15|0915-005|上午9:15|上午9:15 第一堂课|深夜小狗神秘事件|Mark Haddon|true|en|false
09:15|0915-006|九点一刻|佩蒂格鲁小姐推开职业介绍所的门走了进去，此时时钟敲响了九点一刻。|佩蒂格鲁小姐的一天|Winifred Watson|true|en|false
09:16|0916-000|上午9:16|星期四 上午9:16<br>尤里·安德罗夫站在灯光璀璨的机库尽头，仰望着“代达罗斯一号”的底部，陷入沉思。今天早上在离心机中的启动试验进行得很顺利。他终于确信，超音速飞行不存在任何生理障碍，至少没有他无法克服的障碍。|代达罗斯计划|Thomas Hoover|true|en|false
09:16|0916-001|上午9:16|上午9:16坐在床上，凝视着窗外。|整体的一部分|Steve Toltz|true|en|false
09:17|0917-000|09:17|这项任务分配给了海军拖船。她不仅比驱逐舰更适合在近岸礁石区作业，而且碰巧离得更近。她于 09:17 从洛赫马迪起航。|大西洋之怒号|Hammond Innes|true|en|false
09:17|0917-001|上午9:17|上午9:17坐在床上，凝视着窗外。|整体的一部分|Steve Toltz|true|en|false
09:18|0918-000|九点十八分|我断断续续在这个“洞”里钓鱼大概有四十年了，我发现这些太阳鱼会在九点十八分准时吃早餐。|奎尔之窗|George Barr McCutcheon|true|en|false
09:18|0918-001|上午9:18|上午9:18坐在床上，凝视着窗外。|整体的一部分|Steve Toltz|true|en|false
09:19|0919-000|上午九点十九分|据此推算，在满月和新月时，上午九点十九分达到高潮：我观察到涨潮的潮流来自南方，不过在复兴岛时，我以为潮流来自北方。|《邦蒂号叛变》|Captain William Bligh|true|en|false
09:19|0919-001| 上午 9:19 | 上午 9:19 坐在床上，凝视着窗外。|整体的一部分|Steve Toltz|true|en|false
09:20|0920-000|九点二十|我们在小屋里一起吃了早餐——葡萄柚、吐司和咖啡——然后我来到诊所等奥利弗。他九点要来献血。九点二十他还没到，我就开始四处打电话，想弄清楚他为什么迟到。|灯塔|P.D. James|true|en|false
09:20|0920-001|九点二十|沃顿小姐像往常一样，每周三和周五都会来这里，她会把圣母像前花瓶里的枯萎花朵拔掉，刮掉黄铜烛台上的蜡头和蜡烛头，擦拭圣母小堂里两排椅子上的灰尘——这两排椅子足够容纳当天早晨弥撒预计到场的少量信众——并做好一切准备，迎接巴恩斯神父九点二十分的到来。|《嗜死》|P.D. James|true|en|false
09:20|0920-002|九点二十分|九点二十分，邓斯特布尔公爵还在房间里，等着他的咖啡和利口酒。他之前在房间里用托盘吃了晚餐。|《春天里的弗雷德叔叔》|P.G. Wodehouse|true|en|false
09:20|0920-003|九点二十|格兰特知道动物经常会进行这种交配仪式，而且会持续好几个小时。它们不吃东西，什么都不管……他瞥了一眼手表。九点二十。|侏罗纪公园|Michael Crichton|true|en|false
09:20|0920-004|九点二十|我妥协一下，说我八点出门，花了一个小时赶到九点的约会地点。二十分钟后就是九点二十了。|《女孩，中断》|Susanna Kaysen|true|en|false
09:20|0920-005|早上9点20分|第二天早上9点20分，克里比奇先生整理了一下他那油腻的旧领带，梳理了一下他的希特勒式小胡子，然后把稀疏的头发拢到秃顶上。|红狗|Louis de Bernieres|true|en|false
09:21|0921-000|九点二十一分|当时是九点二十一分。还有一分钟，赫伯特的母亲仍然杳无音讯。|这就是人生|Dan Rhodes|true|en|false
09:22|0922-000|九点二十二|别再朝他扔石头了，一周后我再见。她看了看表。“下周三九点二十二分。”|这就是人生|Dan Rhodes|true|en|false
09:22|0922-001|9:22|两天后，即2月2日耶路撒冷时间9:22，统治者联盟对班纳米尔和地球之间的22个世界发动了同步大规模攻击。|无限之日|Chris Walley|true|en|false
09:23|0923-000|9.23|9.23。我当时是怎么想的，才会买这把梳子？|尤利西斯|James Joyce|true|en|false
09:23|0923-001|早上9点23分|第二天早上9点23分，雨果驾驶着他的布加迪跑车，两年多来第一次驶入巴林顿造船厂的大门。他把车停在董事长的停车位上，然后前往他父亲以前的办公室。|父辈的罪孽|Jeffrey Archer|true|en|false
09:24|0924-000|9.24|9.24。吃了那颗卷心菜后，我感觉肚子胀胀的。她靴子漆皮上的一粒灰尘。|尤利西斯|James Joyce|true|en|false
09:25|0925-000|早上9点25分|考虑到这一点，艾玛那天早上9点25分离开了庄园，并在9点52分整乘车驶入了巴灵顿造船厂的大门。|父辈的罪孽|Jeffrey Archer|true|en|false
09:25|0925-001|9点25分|从利物浦街开出的9点25分的火车几乎空无一人。对菲利帕来说，时间还早，她可以逆着通勤人流出行。|《无辜之血》|P.D. James|true|en|false
09:25|0925-002|九点二十五|他桌上的电话响了，吓了他一跳。是九点二十五。他这才意识到自己刚才一直像着了魔一样坐着。|灯塔|P.D. James|true|en|false
09:25|0925-003|九点二十五|九点钟的时候，我会绕道走避开一个男人——到了九点二十五分，我却想和他做爱，直到他哭泣。我的双腿因此颤抖。当我张口说话时，我的声音飘了出来。会议室的玻璃墙巨大无比，突然间变得太透明了。|被遗忘的华尔兹|Anne Enright|false|en|false
09:26|0926-000|09:26|这是一周内的第六次设备故障，也是努拉去世后的第十一次。这意义重大。她点点头，掩饰自己的情绪。<br>“还有一份来自测试现场的报告，夫人。”<br>“请继续。”<br>“测试飞行于 09:26 时在地图点 45、14 扇区终止。”|新神秘博士冒险：赞珀|Gareth Roberts|true|en|false
09:27|0927-000|9点27分|“你一定很久没去巴黎购物了吧，”她告诉他。“这点钱差不多够买条牛仔裤和几件T恤了。”克拉茨不情愿地又给了她五千法郎。<br>9点27分，电话响了。|盗亦有道|Jeffrey Archer|true|en|false
09:27|0927-001|上午9:27|上午9:27<br>范斯靠在矮柏树上，聆听着微风吹过花岗岩露头的呼啸声。他栖身于一处崎岖的悬崖之上，几乎可以俯瞰地面上发生的一切。在他周围，蚂蚁爬行，全然不顾烈日炙烤，阳光灼烧着四面八方骨色的岩石，而下方，慵懒的海浪在召唤着他。|独眼巨人计划|Thomas Hoover|true|en|false
09:27|0927-002|九点二十七分|从九点二十分到九点二十七分，从十一点二十五分到十一点二十八分，从三点差十分到三点差两分，学校的英雄们齐聚一堂，其奥林匹亚般的笑声令不安地掠过的胆怯小男孩感到敬畏，也让鲁莽地停下来查看告示、声称自己拥有不应得的权利的懒散高年级学生感到不寒而栗。|险恶街|Compton Mackenzie|true|en|false
09:28|0928-000|9点28分|电话是在9点28分拨出的。这是又一条重要的证据。它证实了他们从一开始就怀疑的事情：凶手就在圣安瑟伦教堂。|圣职人员之死|P.D. James|true|en|false
09:28|0928-001|九点二十八分|“这钟走得准吗？”他在大厅里问管家。<br>“是的，先生。”钟显示九点二十八分。“这里的钟必须准，先生，”管家在楼梯上带着自豪和恭敬的幽默补充道。|雷恩戈勋爵|Arnold Bennett|true|en|false
09:29|0929-000|9点29分|当时是9点29分，拉斐尔最后一个走进圣器室，只见塞巴斯蒂安神父正在脱下斗篷，准备穿上圣袍去参加礼拜。|圣职殉道|P.D. James|true|en|false
09:29|0929-001|快九点半了|快九点半了。十点钟教堂的晨祷就要开始了。他该走了。|上帝之锤|Bo Giertz|true|en|false
09:30|0930-000|九点半|然后他颤抖着撕开通知的封条，开始阅读；他读了很久才明白。这是一份来自区警察局的普通传票，要求他当天九点半到区长办公室报到。|《罪与罚》|Fyodor Dostoyevsky|true|en|false
09:30|0930-001|九点半|我们有三年的过去要讨论。就先讨论到九点半吧，之后我们再开始讲述空屋奇遇记。|空屋|Sir Arthur Conan Doyle|true|en|false
09:30|0930-002|九点半|格兰特睁开了眼睛。一道耀眼的蓝光透过大门的栅栏照进大楼。石英灯：电力恢复了！他迷迷糊糊地看了看手表。才九点半。他只睡了几分钟。|侏罗纪公园|Michael Crichton|true|en|false
09:30|0930-003|早上九点半|“严格来说——等等——严格来说，我最后一次呕吐是在7月14日早上九点半，当时我把吐出来的吐司、番茄沙拉和牛奶都吐了出来。”|《盲柳，睡女》|Haruki Murakami|false|en|false
09:30|0930-004|九点半| 清晨九点半，阳光在水面上洒下金色的光点。风平浪静时，湖面宛如一面深蓝色的镜子，笔直地穿过群山。她觉得，只要小心点，就可以走到湖面上而不会弄湿衣服。| 缓刑 |James Han Mattson|true|en|false
09:30|0930-005|上午9:30|站台上空无一人。他看了看表。这是一块好表，劳力士，是他母亲在他21岁生日时送给他的。他们准时在上午9:30到达，效率极高。他想知道英国代表团是否已经起飞了。|慕尼黑|Robert Harris|true|en|false
09:30|0930-006|九点半|九点半的时候，他坐在床边看着手表。他把手表贴到耳边，然后嘴角露出一丝他特有的、古怪的、狼一般的微笑。他轻声说道：<br>“我想是时候采取行动了。”|《无人生还》|Agatha Christie|true|en|false
09:30|0930-007|九点半|他看了看表，九点半了|《死者守望者》|Ambrose Bierce|true|en|false
09:30|0930-008|九点半|九点半了。再过十分钟她就要关掉暖气了；然后水还需要一段时间才能凉下来。这段时间她只能等待。“艾普丽尔，你想清楚了吗？” 做任何事之前都不要贸然行动——但她不需要更多的建议，也不需要更多的指导。她现在平静而安详，因为她明白了她一直都知道的道理，这个道理她的父母、克莱尔阿姨、弗兰克，以及其他任何人都从未教过她：如果你想做一件绝对诚实、绝对真实的事情，最终总是要独自完成的。|革命之路|Richard Yates|true|en|false
09:30|0930-009|九点半|尸体今天早上九点半送来。霍尔丁的一名手下去了那户人家，把尸体收走了。死因并无特别之处。死者生前害怕医院，在家中去世，他忠诚的妻子对他照顾得无微不至。|小号|Jackie Kay|true|en|false
09:30|0930-010|9点30分|我们并肩攀登着清晨温暖的山坡，最终目的地是名人堂。现在是9点30分，时间确实在流逝。|独立日|Richard Ford|true|en|false
09:31|0931-000|9点31分|他的手机在9点31分响了。帕特接起电话，听到电话那头是莱维先生的声音，松了一口气。|你永远不会后悔|Jeffrey Archer|true|en|false
09:31|0931-001|上午9:31|星期二上午9:31<br>当迈克尔·万斯走进野上健二的威斯敏斯特联合银行三楼的交易室时，银行刚刚开始早间交易。电脑屏幕上滚动着绿色的数字；穿着衬衫的交易员们正在拨打他们第一个打往巴黎和苏黎世的电话；英镑、美元、德国马克和日元开始流动。|代达罗斯计划|Thomas Hoover|true|en|false
09:32|0932-000|9.32|他说他当然不能肯定，但他觉得应该是。总之，如果他不是开往金斯顿的11.5班，他说他很有把握是开往弗吉尼亚沃特的9.32班，或是开往怀特岛的10点特快，或者往那个方向的某个地方，我们到了之后应该就知道了。|《三个男人一条船》|Jerome K. Jerome|true|en|false
09:32|0932-001|九点三十二分|桑迪勉强赶在九点三十二分之前到达，并在禁烟区找到一个座位。她一直很期待这次与莉丝贝丝的会面。她们已经几个月没见面了，自从一月份桑迪从牙买加回来之后就没见过面。而那天，桑迪的下唇上长了个很严重的疱疹。|妻子|Judy Blume|true|en|false
09:33|0933-000|上午 9:33| 上午 9:33，哈利发现自己站在大使馆外。|《保守得最好的秘密》|Jeffrey Archer|true|en|false
09:33|0933-001|九点33分|接下来，他想起圣诞节的第二天是农历二十七日，因此，涨潮时间为三点二十一分，退潮时间为七点一刻，退潮时间为九点33分，涨潮时间为十二点三十九分。|《海上的劳动者》|Victor Hugo|true|en|false
09:34|0934-000|上午九点三十四分|从另一个意义上说，恰恰相反，在这个纬度，我们的火车每小时比太阳快900多公里，与地球竞速：例如，中午从利物浦出发的旅客将在上午九点三十四分到达我们现在所在的车站——也就是说，比他出发的时间还要早！|未来特快|Jules Verne|true|en|false
09:35|0935-000|上午 9:35| 他打开第一份文件，开始仔细阅读昨晚工整地写下的七个问题。他抬头看了看墙上的钟，是上午 9:35。|《生而囚徒》|Jeffrey Archer|true|en|false
09:35|0935-001|上午9:35|他接着给罗恩和扎克都发了一封邮件。然后他终于看了看笔记本电脑右上角的时钟。显示时间是上午9:35。|金顶之下|Ray Keating|true|en|false
09:35|0935-002|差二十五分钟到十点|苔丝看了看表，惊讶地发现才差二十五分钟到十点。她感觉自己好像四年前，给弗里茨喂了双倍的口粮就离开了家。也许是五年前吧。她好像听到了引擎声，但随即又否定了这个想法。|《漆黑一片，没有星星》|Stephen King|true|en|false
09:35|0935-003|九点三十五|九点三十五。他真的走了。那只鸟不再觅食，而是栖息在一卷铁丝网的顶端。|爱的回忆|Aminatta Forna|true|en|false
09:35|0935-004|十点差25分|十点差25分，他敲了敲布洛尔房间紧闭的房门。<br>布洛尔小心翼翼地打开了门。他的头发凌乱，眼睛还带着睡意。|《无人生还》|Agatha Christie|true|en|false
09:36|0936-000|9点36分|当时是9点36分，交通已经顺畅了。他走到负责协调市电影电视办公室拍摄工作的警官身边。|盗亦有道|Jeffrey Archer|true|en|false
09:36|0936-001|上午9:36|丹尼看了看尼克的手表：上午9:36。他快步下楼，走向接待处，在那里他尝试了另一种计谋。|《生而囚徒》|Jeffrey Archer|true|en|false
09:36|0936-002|9:36|我拿起电话旁的笔和便笺簿，开始匆匆写下今天的待办事项。我脑海中浮现出自己轻盈地穿梭于各项任务之间，一手拿着刷子，一手拿着掸子，把一切都安排得井井有条。就像玛丽·波平斯一样。<br>9:30-9:36 为盖格斯铺床|《不羁女神》|Sophie Kinsella|true|en|false
09:36|0936-003| 上午 9:36 | 上午 9:36 天哪，天哪。也许他在纽约坠入爱河，然后留在了那里。|BJ单身日记|Helen Fielding|true|en|false
09:37|0937-000|9点37分|领头的车在两道警戒线之间拐弯，于9点37分驶入宪法大道。当德克斯特看到花车排队准备游行时，他下令关闭警笛。|盗亦有道|Jeffrey Archer|true|en|false
09:37|0937-001|九点三十七分|从早上八点，也就是菲利亚·福格起床的确切时间，到十一点半他出门去改革俱乐部，仆人需要做的一切，包括所有服务细节：八点二十三分提供茶和烤面包，九点三十七分提供剃须水，十点差二十分准备盥洗用品。|《环游世界八十天》|Jules Verne|true|en|false
09:38|0938-000|还有二十二分钟[到十点]|还有二十二分钟[到十点]。他正拐进猪圈后面的小路。到教堂需要十分钟。他只有不到十五分钟的时间准备。|上帝之锤|Bo Giertz|true|en|false
09:39|0939-000|上午9:39|就在显示屏跳到上午9:39的那一刻，远处传来一阵敲门声。我讨厌爱炫耀的人。|命中注定|Benedict Jacka|true|en|false
09:39|0939-001|上午 9:39| 上午 9:39<br>布拉克当时在查平楼一楼的女厕所里，裤子褪到了膝盖，但她的一天还没彻底完蛋。没错，这确实是绕了一大圈，但她还有一个小时的时间赶到期末考试前的最后一次微型经济学1讨论小组。|大中西部厨房|J. Ryan Stradal|false|en|false
09:40|0940-000|9:40|主席断开电路，又点燃了一支烟：9:40。|我们该告诉总统吗？|Jeffrey Archer|true|en|false
09:40|0940-001|早上9点40分|早餐后，她挑选了一套孕妇装，稍加修饰，看起来就像怀孕七个月了。她早上9点40分离开酒店，乘出租车前往拉斐特街，走进一座玻璃和钢铁构成的宏伟建筑，查看了墙上的指示牌后，乘电梯来到21楼。|时辰已到|Jeffrey Archer|true|en|false
09:40|0940-002|九点四十分|他的生意伙伴大约在九点四十分打电话到办公室，说他从昨天早上就联系不上罗宾了，很担心。弗伦沙姆太太先过来查看，发现厨房桌子上剩下了饭菜，他的车停在车道上，床显然没人睡过。|私人病人|P.D. James|true|en|false
09:40|0940-003|差二十分钟十点|哈特曼关上宴会厅的门，停下来系好手表。差二十分钟十点。走廊尽头的办公室传来轻微的打字声；电话铃响了。|慕尼黑|Robert Harris|true|en|false
09:40|0940-004|十点差二十分|从早上八点（菲利亚·福格起床的确切时间）到十一点半他出门去改革俱乐部，仆人需要做的一切，包括所有服务细节：八点二十三分提供茶和烤面包，九点三十七分提供剃须水，十点差二十分准备盥洗用品。|《环游世界八十天》|Jules Verne|true|en|false
09:40|0940-005|9:40|必须把电话挂断。有个承包商一直打电话来催我付50袋水泥的钱，他说我十天前就收走了。他还说他亲自帮我把水泥装到卡车上。我的确开着惠特比的皮卡进城了，但只是去取铅筛。他以为我会拿那么多水泥干什么？真是件让人恼火的事，你肯定没想到它会在你离开的时候出现。（教训：别太努力地想忘记埃尼威托克。）9:40 起床。4:15 入睡。|时间之声|J.G. Ballard|true|en|false
09:41|0941-000|9:41|玛丽亚看了看屏幕右下角的时间显示；9:41，距离她进入制造厂正好11分钟|石狗|S.M. Stirling|true|en|false
09:42|0942-000|9:42|9:36<br>操。我铺不好这张床。为什么床单就是铺不平？<br>9:42<br>还有，为什么床垫都这么重？|《不羁女神》|Sophie Kinsella|false|en|false
09:42|0942-001|差十八分钟到十点|当时间接近差十八分钟到十点又过了四秒时，它的速度骤然减慢，然后完全停止了。|太空机器|Christopher Priest|true|en|false
09:43|0943-000|9点43分|上午9点33分，哈里发现自己站在大使馆外。绕着街区走了一圈：9点43分。再走一圈，速度更慢了：9点56分。最后，他穿过大门，走过铺着鹅卵石的庭院，拾级而上，一扇厚重的双开门被一名卫兵打开，卫兵的勋章表明他们曾在同一战区服役。|最佳秘密|Jeffrey Archer|true|en|false
09:43|0943-001|上午 9:43| 星期一 上午 9:43<br>“迈克尔，老兄，能接到你的电话我真是太高兴了。我们今天一定要一起吃午饭。”电话那头传来的声音带着伦敦金融城（City）特有的清晰口音，尽管说话的人出生在地球的另一端。|代达罗斯计划|Thomas Hoover|true|en|false
09:44|0944-000|上午9:44|星期五上午9:44<br>“看来我们最好认真地开始玩捉迷藏了，”万斯说道。<br>“隐形，我的美国朋友，”安德罗夫回答道。“这架飞机的敌方雷达信号几乎为零。”|代达罗斯计划|Thomas Hoover|true|en|false
09:45|0945-000|差一刻十点|8月15日上午差一刻十点，利安德罗进入了特洛伊镇。他既兴奋又紧张——说实话，伙计们——还有一丝恐惧。他感觉皮肤冰凉。|《汤米诺克》|Stephen King|true|en|false
09:45|0945-001|差一刻十点|她看了看床头柜上的钟，发现差一刻十点。她又睡了两个小时。她顿时感到一阵恐慌；也许她真的脑震荡或骨折了。|《漆黑一片，没有星星》|Stephen King|true|en|false
09:45|0945-002|9.45|9.15, 9.30, 9.45, 10! 邦德感到兴奋像猫毛一样在他体内翻腾。|女王密使|Ian Fleming|true|en|false
09:46|0946-000|上午 9:46| 确切地说，上午 9:46，正如处理这类事情时应该做的那样，我已经在已知鱼巢上方抛了三次竿。然后我又抛了第四次，与其说是希望，不如说是出于习惯；一场搏斗开始了。|玛·佩滕吉尔|Harry Leon Wilson|true|en|false
09:47|0947-000|早上 9:47|他早上 9:47 以他惯常的轻快步伐离开了酒店。“行动地点。”<br>斯蒂芬和罗宾从白日梦中回过神来。|一分钱也不多，一分钱也不少|Jeffrey Archer|true|en|false
09:47|0947-001|9点47分|“她死了，”他确认道。“一定是突然发生的，而且几乎没有痛苦。”他看了看表，时间是9点47分。他用毯子盖住病人，然后叫了救护车。|旧爱|Jeffrey Archer|true|en|false
09:47|0947-002|上午 9:47| 大法官进出威斯敏斯特宫北塔的时机，连军团军士长都会印象深刻。上午 9:47，有人敲门，他的秘书大卫·巴塞洛缪走了进来。| 保守得最好的秘密 |Jeffrey Archer|true|en|false
09:47|0947-003|九点四十七分|没错……九点四十七分和九点四十八分。他们同时死去。<br>“那不是同一时间，哈利。”<br>我不耐烦地挥了挥手。|血祭仪式|Jim Butcher|true|en|false
09:47|0947-004|09:47|当我再次感到饥饿时，我查看手表，但它只显示09:47。动画片结束了，所以我看了足球和人们赢奖品的星球。|房间|Emma Donoghue|true|en|false
09:47|0947-005|9点47分|终于在9点47分，电话来了。伊莱恩接起电话，听了一会儿，然后默默地把听筒递给我。“我想让你做我的国务卿。”|国务卿女士|Madeleine Albright|true|en|false
09:47|0947-006|上午 9:47| 上午 9:47。或者去了拉斯维加斯结婚。|BJ单身日记|Helen Fielding|true|en|false
09:47|0947-007|早上9点47分|通常我早上9点47分会在学校，但我约了耳鼻喉科专家，他要告诉我为什么我总是得鼻窦炎。|当你属于我|Michael Robotham|true|en|false
09:47|0947-008|上午9:47|上午9:47（被困35分钟）<br>1个打火机，3瓶伏特加，1把剪刀，没有计划。|我曾是的女孩们|Tess Sharpe|true|en|false
09:47|0947-009|早上9点47分|第二天早上9点47分，塔玛拉克县警长办公室接到报警电话。科克和麦克杜格尔最先到达现场。|犯罪现场|William Kent Krueger|true|en|false
09:47|0947-010|差十三分十点|对于受过精确计时训练的亨特来说，最后的紧急情况始于差十三分十点。|革命者的挽歌|C.J. Driver|true|en|false
09:48|0948-000|九点四十八分|没错……九点四十七分和九点四十八分。他们同时死去。<br>“那不是同一时间，哈利。”<br>我不耐烦地挥了挥手。|血祭仪式|Jim Butcher|true|en|false
09:48|0948-001|九点四十八分|这是我在10月15日星期五早上九点四十八分在瓦平区无辜步道无辜之家第一次看到的尸体。|原罪|P.D. James|true|en|false
09:49|0949-000|09:49 时|24 小时后，数字电台收到一条新消息。波特听了两遍才解码。消息内容很简单：消息已收到。资产正在运送途中。将于明日 09:49 时抵达。英国政府通信总部正在监听。|死亡名单|Chris Ryan|true|en|false
09:50|0950-000|上午九点五十分|上校和他的两位同事于上午九点五十分进入了半满的房间，并按照指示，排成一列，坐在对手身后的座位上。|直线距离|Jeffrey Archer|true|en|false
09:50|0950-001|差十分钟到十点|拉蒙特在差十分钟到十点离开他在哈默史密斯的公寓，但他没有像过去八年每个工作日的早晨那样右转前往最近的地铁站，而是左转了。|视而不见|Jeffrey Archer|true|en|false
09:50|0950-002|9点50分|“我早该想到的，”玛蒂说。“教堂9点50分几乎空无一人，9点59分就座无虚席，这很正常。”|血染教堂|Gayl Siegel|true|en|false
09:50|0950-003|差十分钟到十点|她难得早到一次，在差十分钟到十点时到了“光辉”，用钥匙开门进去，穿上莎妮塔为她们设计的淡紫色和水蓝色工作罩衫，让顾客知道她们自己并不是顾客。|《强盗新娘》|Margaret Atwood|true|en|false
09:50|0950-004|差十分钟|菲利普·隆巴德说：<br>“现在几点了？”<br>“差十分钟，先生。”<br>隆巴德扬了扬眉毛，缓缓地点了点头。|无人生还|Agatha Christie|true|en|false
09:50|0950-005|上午9:50|上午9:50 嗯。我想我会去检查一下妆容，以防他进来。|BJ单身日记|Helen Fielding|true|en|false
09:50|0950-006|差十分钟十点。|差十分钟十点。“你进我房间的时候，我刚好来得及把瓶子藏起来（护士离开后）。”|《法律与淑女》|Wilkie Collins|true|en|false
09:51|0951-000|9点51分|他们停在为安放《独立宣言》而建造的巨大混凝土块前，就像牧师在祭坛前一样。斯科特看了看表，9点51分。|盗亦有道|Jeffrey Archer|true|en|false
09:51|0951-001|上午9:51|上午9:51<br>J.J.厌恶地摇了摇头，环顾着那片狼藉的龙门架。安德罗斯博士刚刚从指挥部打来电话，让他对设施的状况进行初步评估，大致估算一下损坏程度。这项任务已经让他感到沮丧了。|独眼巨人计划|Thomas Hoover|true|en|false
09:51|0951-002|上午 9:51|她计划提前几分钟到达，出租车在上午 9:51 将她送到大楼外。她递给司机 25 美分硬币时，如释重负，因为她的纽约之行终于要结束了；这次旅行比她预想的要贵得多。|父辈的罪孽|Jeffrey Archer|true|en|false
09:52|0952-000|9:52|她搭上了9:52开往维多利亚的火车。我在火车上一直和她保持距离，等她穿过闸机后才把她接上车。|《死者的呼唤》|John le Carré|true|en|false
09:52|0952-001|差八分钟到十点|考虑到这一点，艾玛那天早上9点25分离开了庄园，并在差八分钟到十点整乘车驶入了巴灵顿造船厂的大门。|父辈的罪孽|Jeffrey Archer|true|en|false
09:53|0953-000|差七分十点|人们不会那样跟她说话。她父亲是律师。当时是差七分十点。|《魔女嘉莉》|Stephen King|true|en|false
09:53|0953-001|差七分钟到十点|佩蒂格鲁小姐去公交车站等车。她付不起车费，但她更不能承受因迟到而错失良机的后果。公交车把她送到离昂斯洛大厦步行大约五分钟的地方，差七分钟到十点整，她到达了目的地。|佩蒂格鲁小姐的一天|Winifred Watson|true|en|false
09:54|0954-000|9:54|丹尼快步走回酒店，每到一个路口都仔细查看，直到最后看到一块石板上用大字刻着“阿盖尔街”的字样。他拐进街道时看了看表：9:54。|《生而囚徒》|Jeffrey Archer|true|en|false
09:54|0954-001|9:54|9:54 这简直是酷刑。我这辈子都没这么疼过胳膊。毯子重得像一吨，床单总是铺不直，而且我根本不知道怎么把那该死的边角弄好。女佣们是怎么做到的？|《不称职的女神》|Sophie Kinsella|true|en|false
09:54|0954-002|差六分十点|汽车在差六分十点停在巴灵顿大厦外。当她走出五楼的电梯，沿着走廊走到主席办公室时，已经差两分十点了。|父辈的罪孽|Jeffrey Archer|true|en|false
09:55|0955-000|差五分钟到十点|差五分钟到十点离开房间，到大厅加入乐团，然后前往前门，你会看到他们的大客车停在那里。|荣誉之战|Jeffrey Archer|true|en|false
09:55|0955-001|差五分钟到十点|尽管他们都知道奥克肖特博士一分钟也不会早到或晚到，但到了差五分钟到十点，大多数人的目光都集中在校园广场上，等待着校长办公室的大门打开。|时间会证明一切|Jeffrey Archer|true|en|false
09:55|0955-002|差五分十点整|10月17日星期二，差五分十点整，马丁神父从他位于房子南侧的小塔楼房间出发，沿着蜿蜒的楼梯和走廊来到塞巴斯蒂安神父的书房。|圣职殉道|P.D. James|true|en|false
09:55|0955-003|差五分钟到十点|她们本应在十点钟去陶里达花园的娜塔莎家接她，但现在已经差五分钟到十点了，女孩们还没穿好衣服。<br>娜塔莎要去参加她的第一次盛大舞会。那天早上八点她就起床了，一整天都兴奋不已，忙碌不停。|《战争与和平》|Leo Tolstoy|true|en|false
09:55|0955-004|差五分钟到十点|差五分钟到十点，我已经在走廊里准备好了。纳撒尼尔母亲的房子就在附近，但似乎不太好找，所以计划是在这里碰面，然后他带我过去。我对着走廊的镜子看了看自己，不禁皱起了眉头。头发里那道漂白的痕迹依然那么显眼。我真的要这样出门吗？|《不羁女神》|Sophie Kinsella|true|en|false
09:55|0955-005|差五分十点|“早上好，吕西安，早上好，”阿尔伯特说，“你的守时真是让我震惊。我该怎么说呢？守时！我以为你是最后一个到的，结果你差五分十点才到，而约定的时间是十点半！难道部长辞职了吗？”|《基督山伯爵》|Alexandre Dumas|true|en|false
09:56|0956-000|9点56分|上午9点33分，哈里发现自己站在大使馆外。绕着街区走了一圈：9点43分。再走一圈，速度更慢了些：9点56分。最后，他穿过大门，走过铺着鹅卵石的庭院，拾级而上，一扇厚重的双开门被一名卫兵打开，卫兵的勋章表明他们曾在同一战区服役。|最佳秘密|Jeffrey Archer|true|en|false
09:56|0956-001|上午9:56|上午9:56<br>艾莉拿着那本厚重的皮面文件夹下了出租车，把卡片上的号码和门上方铜牌上的号码核对了一下。温斯顿·巴特利特过着十九世纪强盗大亨般的生活。|综合症|Thomas Hoover|true|en|false
09:57|0957-000|差三分钟十点|那个星期四上午，董事会成员在差三分钟十点就座。会议在平静的气氛中开始，首先是为缺席者致歉，随后通过了上次会议的纪要。|直线距离|Jeffrey Archer|true|en|false
09:57|0957-001|上午9:57|星期五 上午9:57<br>“我们收到爆炸信号，”阿尔卡季上校对着头盔麦克风报告道。他的双引擎猎狐犬战斗机已经以50度的陡坡倾斜飞行。<br>“收到，”索科洛夫将军回答。“你能确认击落目标吗？”|代达罗斯计划|Thomas Hoover|true|en|false
09:58|0958-000|差两分十点|汽车在十点差六分停在巴灵顿大厦外。当她走出五楼的电梯，沿着走廊走到主席办公室时，已经差两分十点了。|父辈的罪孽|Jeffrey Archer|true|en|false
09:58|0958-001|差两分钟到十点|差两分钟到十点，两人来到唐宁街10号，随即被引见给首相。|多伦多的约翰·迪恩|Herbert George Jenkins|true|en|false
09:58|0958-002|大概才十点钟|我没睡太久，因为我醒来的时候大概才十点钟。抽了根烟之后我就觉得很饿。我上次吃东西还是和布罗萨德还有阿克利一起去阿格斯敦看电影的时候吃的那两个汉堡。那已经是很久以前的事了。感觉好像是五十年前的事了。|《麦田里的守望者》|J.D. Salinger|true|en|false
09:59|0959-000|差一分十点|斯科特-霍普金斯上校在差一分十点敲响了伊顿广场44号的门。片刻之后，一个身材魁梧的男人打开了前门，他比这位SAS指挥官还要高大。|小心你的愿望|Jeffrey Archer|true|en|false
09:59|0959-001|差一分十点|亚历克斯很想对他说，哪怕只有一次，“抱歉，老兄，去不了了。我那时有个更重要的约会。”但他知道，第二天早上差一分十点，他肯定会站在伊顿广场44号门外。|小心你的愿望|Jeffrey Archer|true|en|false
09:59|0959-002|9点59分|亚历克斯在9点59分站在校长办公室外，他早上四点就去了市场，在伯尼八点接手摊位之前，他已经在摊位上工作了一个小时。|正面赢|Jeffrey Archer|true|en|false
09:59|0959-003|差一分钟到十点|弗莱彻环顾四周，只见警察局长唐·卡尔弗和侦探彼得罗夫斯基在州检察官席正后方的前排就座。差一分钟到十点时，只剩下十三个空位。|财富之子|Jeffrey Archer|true|en|false
09:59|0959-004|十点钟敲响前一刻|哈利在前排的桌子旁坐下，就在十点钟敲响前一刻，几位身穿黑色长袍、头戴方帽的老师走了进来，把试卷放在每位考生面前的桌子上。|唯有时间才能证明|Jeffrey Archer|true|en|false
09:59|0959-005|差一分钟到十点|前门铃在差一分钟到十点时响起，卡尔去开了门。|《保守得最好的秘密》|Jeffrey Archer|true|en|false
09:59|0959-006|9点59分|“我早该知道的，”玛蒂说。“教堂9点50分几乎空无一人，9点59分就座无虚席，这很正常。”|血染教堂|Gayl Siegel|true|en|false
09:59|0959-007|差一分钟到十点|差一分钟到十点。伯特心情沉重地看着时钟。他的腿仍然疼痛难忍。他看不见时钟的指针在动，但它们仍在缓慢地流逝。|《衣衫褴褛的慈善家》|Robert Tressell|true|en|false
10:00|1000-000|十点钟|大约十点钟的时候，第一片细小的雪花飘落下来，落在吉尔的手臂上。十分钟后，雪花开始密集地飘落。二十分钟后，地面明显变白了。|《银椅》|C.S. Lewis|true|en|false
10:00|1000-001|十点|上海的钟表调快了一个小时，以便“节省日光”，但白家却说：“我们按老钟来。”对他们来说的十点，对其他人来说就是十一点。他们的歌声总是跟不上节奏，跟不上胡琴那凄凉凄凉的琴声。|《倾城之恋》|Eileen Chang|true|en|false
10:00|1000-002|十点钟|今天十点钟，第一台时间机器开始了它的征程。我最后敲了敲它，又试了一遍所有的螺丝，在石英棒上又滴了一滴油，然后坐了上去。我想，一个拿枪指着自己脑袋的自杀者，对未来会发生什么，和我当时的感觉差不多。|时间机器|H.G. Wells|false|en|false
10:00|1000-003|十点|他想，如果他跳下去，就会坠落，缓慢地掠过空旷的空间，死状极其可怕。他短暂地感觉到撞击的热度，头骨破碎时那种湿漉漉的、如鬼魅般的感觉。失重的错觉消失了。电梯砰的一声关上了。<br>现在是星期六上午十点刚过。|真实生活|Brandon Taylor|false|en|false
10:00|1000-004|十点钟|十点钟的早餐客人开始出现了：一些神经质的小个子男人，愁眉苦脸，心事重重，用面包皮擦着盘子；一些粗鲁臃肿的女人，像从泥土里挖出来的原始偶像，岁月在她们身上留下了腐烂的痕迹；还有一些打扮华丽、面容丑陋的纨绔子弟，让他不自在地想起医学论著里的插图。|疯狂的厨师|Henry Miller|true|en|false
10:00|1000-005|十|独居也有一些好处。房间很凉爽，凉爽的空气能让皮肤容光焕发。她工作的一个好处是十点才开始，这让她拥有一个漫长的上午，可以慢慢地进入一天的状态。|《强盗新娘》|Margaret Atwood|true|en|false
10:00|1000-006|十点钟|十点钟的时候，他去了新宿，用信用卡买了一台富士通文字处理器。这是最新款，比之前的版本轻便得多。|1Q84，第一卷|Haruki Murakami|true|en|false
10:00|1000-007|十点钟|当时是十点钟。现在他死了，警察要来了，我肯定会被怀疑与此事有关。哦，是的，我肯定会。|《四签名》|Sir Arthur Conan Doyle|true|en|false
10:00|1000-008|十点|第二天一大早，比利就准备出发了，但巴基让他等到十点，因为他有事要办。趁巴基办事的空档，比利最后一次去了避暑小屋。他从墙上取下那张树篱动物的照片，走到小路的尽头。他眺望峡谷，望着对面那座据说闹鬼的酒店旧址，足足看了一两分钟。|比利·萨默斯|Stephen King|true|en|false
10:00|1000-009|10点|第一天简直乱成一团。我和莱恩一起跑卡罗莱纳旋转跑道，直到10点，然后接下来的90分钟我一个人跑，因为他忙着在公园里到处救火，救火工作。|欢乐园|Stephen King|true|en|false
10:00|1000-010|每天早上十点左右|每天早上十点左右，我和妻子会提着一个冷藏箱下到海滩。我们涂满防晒霜，然后在沙滩上的垫子上舒展身体。我用随身听听滚石乐队或马文·盖伊，而妻子埋头读一本平装的《飘》。她说她从那本书里学到了许多人生道理。我从没读过，所以不知道她是什么意思。|Blind Willow, Sleeping Woman|Haruki Murakami|true|en|false
10:00|1000-011|十点|“我婆婆不是坏人。我对她没有任何负面情绪。只是她比较神经质，总是太依赖别人。你明白我的意思吗？”<br>“我想我明白，”我说。<br>她翘起二郎腿，等着我在笔记本上写点什么。但我什么也没写。<br>“她在一个星期天的早上十点给我们打了电话。两周前的星期天——十天前。”<br>十点钟，我关掉电视，回到房间睡觉。|盲柳，睡女|Haruki Murakami|true|en|false
10:00|1000-012|十点|那天晚上她在纯平的房间里过夜。他们喝了酒——餐厅送的——做了爱，然后睡着了。第二天早上十点纯平醒来时，她已经走了，只在他旁边的枕头上留下一个凹痕，像是缺失的记忆，还有一张纸条：“我得去上班了。如果你愿意，可以联系我。”她留下了自己的手机号码。|盲柳，睡女|Haruki Murakami|false|en|false
10:00|1000-013|十点钟|在博尔盖塞别墅，我的新生活正在展开。才十点钟，我们已经吃过早餐，还出去散步了。|北回归线|Henry Miller|true|en|false
10:00|1000-014|十点钟|总之，当他再次看表时，已经十点了。十点钟的时候，她正躺在沙发上，双手捧着自己的乳房。他就是这样一点一点地给我的。|北回归线|Henry Miller|false|en|false
10:00|1000-015|十点钟|清晨时分，酷热便已开始，并迅速升温。大约十点钟时分，酷热彻底爆发，此时绿线两侧的土耳其人和希腊人刚刚喝完早咖啡。|《缺失树木之岛》|Elif Shafak|true|en|false
10:00|1000-016|十点钟|十点钟的时候，她饿得前胸贴后背。她给自己做了一顿丰盛的早午餐，把每一口都吃光了。然后她把电影带回百视达，问他们有没有<em>《死亡之吻》</em>。他们没有，但她浏览了十分钟后，决定找一部替代电影，叫做<em>《左边最后那栋房子》</em>。|《漆黑一片，没有星星》|Stephen King|true|en|false
10:00|1000-017|十点钟|十点钟邮件来了。有时候你会收到撕破的信封。|飞越疯人院|Ken Kesey|true|en|false
10:00|1000-018|上午十点|弗罗多醒来，发现自己躺在床上。<br>“这是哪里？现在几点？”他对着天花板自言自语道。<br>“在埃尔隆德的宫殿里，现在是上午十点，”甘道夫说。“如果你想知道的话，今天是十月二十四日的早晨。”|《指环王：护戒使者》|J.R.R. Tolkien|true|en|false
10:00|1000-019|早上十点|他们大约早上十点把他送回病房——“伙计们，真是气得不行；他们检查了我的火花塞，清理了我的触点，我的车像T型车的点火线圈一样闪闪发光。万圣节前后用过那种线圈吗？<em>Zam</em>！真是干净利落的乐趣。”|《飞越疯人院》|Ken Kesey|false|en|false
10:00|1000-020|十点钟|她坐了几个小时，观察了几个小时，结果却只得到一个罪恶的本尼·科克伦和一群肮脏的修补匠，供巴利纳克罗格教区那些饥肠辘辘的十点钟教区居民们汇报。这根本不配作为一周的工作成果。|石榴汤|Marsha Mehran|false|en|false
10:00|1000-021|早上十点|当时是早上十点，拉尔斯正准备开车去那家老肉铺，购买惊喜所需的关键食材，这时艾米·乔和沃伊泰克·德拉盖尔斯基的马自达626驶进了外面一个访客停车位。|Kitchens of the Great Midwest|J. Ryan Stradal|true|en|false
10:00|1000-022|十点钟|她们本应在十点钟去陶里达花园的娜塔莎家接她，但现在已经差五分钟到十点了，女孩们还没穿好衣服。<br>娜塔莎要去参加她的第一次盛大舞会。那天早上八点她就起床了，一整天都兴奋不已，忙碌不停。|战争与和平|Leo Tolstoy|true|en|false
10:00|1000-023|十点|与此同时，城中圣徒的鲜血呈现出一系列科学前所未知的特性。一位女士的鲜血每周二的十点准时液化，而圣乔瓦尼的鲜血则在听到圣经经文时便会欣然沸腾。|婚礼官|Anthony Capella|true|en|false
10:00|1000-024|十点钟|托比叔叔试穿他的军服和马甲时，发现假发也出了问题，于是也摘掉了；就这样，一件接一件，就像一个人匆忙之中总是会发生的那样，直到十点钟，比平时晚了半个小时，托比叔叔才出门。|《项狄传》|Laurence Sterne|true|en|false
10:00|1000-025|距离九点才过去一个小时|距离九点才过去一个小时，再过一个小时就十一点了。|《皆大欢喜》|William Shakespeare|true|en|false
10:00|1000-026|十|灯光亮起，越来越亮，她看得越来越清楚，时钟滴答声也越来越响，直到一声巨响在她耳边响起。奥兰多猛地跳了起来，仿佛头部遭到重击。她被击中了十次。事实上，当时是上午十点。那是10月11日。那是1928年。就是现在。|奥兰多|Virginia Woolf|true|en|false
10:00|1000-027|上午10点|审判已无可挽回地结束；所有能说的都已说完，但他从未怀疑过自己会输。书面判决于周五上午10点宣读，剩下的只有等候在地区法院外走廊的记者们的总结报道。|《龙纹身的女孩》|Stieg Larsson|true|en|false
10:00|1000-028|上午10点|根据军方记录，当时（1944年11月7日上午10点左右）没有美国轰炸机或其他任何类型的飞机飞越该地区。|海边的卡夫卡|Haruki Murakami|true|en|false
10:00|1000-029|十点钟|大约上午十点钟，阳光透过一扇侧窗，投射出一道明亮的、沾满尘土的光柱，苍蝇像疾驰的星辰般在光束中穿梭。|《人鼠之间》|John Steinbeck|true|en|false
10:00|1000-030|早上十点|我上床睡觉，醒来时已经快到早上十点了。电话铃响了，铃响了。|美杜莎频率|Russell Hoban|true|en|false
10:00|1000-031|十点钟|但愿星期三真的到来！它真的来了，而且恰好在人们期待的时间。它来了——天气很好——凯瑟琳感觉飘飘然。十点钟，四轮马车把她们俩从修道院接了出来；经过近二十英里的愉快旅程，她们进入了伍德斯顿，这是一个人口众多的大村庄，位置也相当不错。|诺桑觉寺|Jane Austen|true|en|false
10:00|1000-032|十|理查国王：嗯，但是几点了？<br>白金汉：十点整。|理查三世|William Shakespeare|true|en|false
10:00|1000-033|10点|1668年3月30日星期一 早早起床，然后去办公室，在那里处理公务直到大约10点钟|塞缪尔·佩皮斯日记|Samuel Pepys|true|en|false
10:00|1000-034|10点|7月25日上午8点30分，母狗诺瓦娅产仔时死去。10点钟，她被放入冰冷的坟墓中。当天晚上7点30分，我们看到了第一批浮冰，向它们打招呼，希望它们是最后一批。|冰与黑暗的恐怖|Christoph Ransmayr|false|en|false
10:00|1000-035|十|那位专家叹了口气。“只有像我这样的傻瓜才会把门敞开着，随时可能发生骚乱；也只有像我这样的傻瓜才会答应你，”他说。“几点？”<br>他只露出半开的门外一个脑袋。我想，给冰淇淋厂祈福赚的钱肯定让他对工作失去了兴趣。<br>“十点。”<br>“十点半。”他一句话也没说，就把门关上了。|一位顺从的父亲|Akhil Sharma|true|en|false
10:00|1000-036|十点|考试前那个星期六对肯尼迪来说非常忙碌。十点钟，他走进威利的房间；威利事先给了他一把钥匙，并把房间空着——事实上，他带着奥利维亚又去看房子了。|希腊人对此有个说法|Barry Unsworth|true|en|false
10:00|1000-037|十点|暑假临近，我下定决心至少有一天要逃离学校生活的疲惫。我和利奥·狄龙以及一个名叫马奥尼的男孩计划逃学一天。我们每人攒了六便士。我们约好上午十点在运河桥见面。|都柏林人|James Joyce|true|en|false
10:00|1000-038|上午十点|我将于27日上午十点抵达康科迪亚；我乘火车前往。我有电话号码、地址等等，但我认为我用不上它们。|人工呼吸|Ricardo Piglia|true|es-AR|false
10:00|1000-039|早上十点|这是一家24小时营业的电影院：当时是早上十点，我进去想暂时忘却寒冷。|人工呼吸|Ricardo Piglia|true|es-AR|false
10:00|1000-040|早上十点|有人看到他早上十点从首都来的火车上下来。他在车站台阶上停了下来，有点迷茫，问河往哪个方向走。|人工呼吸|Ricardo Piglia|true|es-AR|false
10:01|1001-000|10:01|“好的，开始吧，”局长干脆利落地说道。“他们准备好了就立刻向我汇报，但最后的简报要尽可能推迟到最后一刻。还有，马特，10:01之前不要直升机。我不想有任何泄密的可能；这是我们抓住刺客的唯一希望。”|我们该告诉总统吗？|Jeffrey Archer|true|en|false
10:01|1001-001|十点一分|他于十点一分进入律师的玻璃空间，在委托人对面坐下，微笑着将他的格莱斯顿手提包放在椅子旁的地板上。|下一位|Jeffrey Archer|true|en|false
10:01|1001-002|上午10:01|上午10:01<br>简直是灾难性的破坏。|美国中西部厨房|J. Ryan Stradal|false|en|false
10:01|1001-003|上午 10:01| 上午 10:01<br>巴基斯坦伊斯兰共和国驻美国大使阿卜杜勒·基尔瓦尼博士笔直地坐在椭圆形办公室的小桌子前。前一天晚上，约翰·汉森的幕僚长打来电话要求会面，他匆忙向伊斯兰堡发送了一份安全电传，询问是否需要任何最新情况。<br>他确实需要。结果却是一场灾难。|独眼巨人计划|Thomas Hoover|true|en|false
10:01|1001-004|上午十点钟左右|上午十点钟左右，阳光透过一扇侧窗，投射出一道明亮的、沾满灰尘的光柱，苍蝇像疾驰的星辰般在光束中穿梭。|《人鼠之间》|John Steinbeck|true|en|false
10:02|1002-000|10:02|10:02，她的目光在每个进来的人身上停留了一瞬间。|父辈的罪孽|Jeffrey Archer|true|en|false
10:02|1002-001|十点过两分|十点过两分了；她对自己的衣服、脸和公寓都不满意。她又把咖啡热了一下，然后坐在窗边的椅子上。她想，现在什么也做不了了，最后一刻再想改进也没用。|恶魔情人|Shirley Jackson|true|en|false
10:03|1003-000|十点过三分|她十点过三分经过联邦调查局大楼，十点过五分经过国会大厦西北角的和平纪念碑。|我们该告诉总统吗？|Jeffrey Archer|true|en|false
10:03|1003-001|10点03分|他的手表显示现在是10点03分，他正穿过苏格兰高地前往因弗内斯，疲惫不堪，又略带焦虑，生怕自己会在火车到达车站前睡着，错过告诉爱丽丝、德鲁和阿莉莎“好了，这里是因弗内斯，我们走吧”的时机。|Vanilla-Bright like Eminem|Michel Faber|true|en|false
10:03|1003-002|10.03|那天是5月14日，他桌上的钟显示时间是10点23分，于是他输入了10.23。至少，他是这么打算的。实际上，他输入的是10.03。|Ctrl-Z|Andrew Norriss|true|en|false
10:04|1004-000|10:04|1955年11月12日，星期六，希尔谷法院的钟楼被闪电击中，1.21吉瓦的能量注入了这座建筑。从那天起，钟面上的时间就停留在了10:04。|回到未来：穿越时空|Marc Sumerak|true|en|false
10:05|1005-000|十点五分|她于十点三分经过联邦调查局大楼，于十点五分经过国会大厦西北角的和平纪念碑。|我们该告诉总统吗？|Jeffrey Archer|true|en|false
10:05|1005-001|10:05|盖伊敲了敲乔治的门，但没人应答。他看了看表：10:05。乔治不可能在餐厅吃早餐，因为周日餐厅9点就停止供应早餐了，而且他肯定不会在没有他的情况下去新生集市。|荣耀之路|Jeffrey Archer|true|en|false
10:05|1005-002|十点五分|我们俩看着一对天鹅优雅地从小桥下游过。然后我瞥了一眼手表。已经十点五分了。“我们该走了，”我突然说道，“你妈妈还在等着呢。”<br>“别着急，”我加快脚步走到桥的另一边时，纳撒尼尔喊道，“我们有的是时间。”他大步走下桥。“没关系，你可以慢点走。”我试着跟上他轻松的步伐。但我并不习惯这种悠闲的节奏。我习惯了在拥挤的人行道上大步走，艰难地挤来挤去，推搡着，用胳膊肘顶着。|《不羁的女神》|Sophie Kinsella|true|en|false
10:06|1006-000|10:06|“好吧，马特，假设风险最大的点是国会大厦本身，时间是10:06，就在台阶上——那该怎么办？”|我们该告诉总统吗？|Jeffrey Archer|true|en|false
10:06|1006-001|十点过六分|她于十点过六分在国会大厦东侧下车。|我们该告诉总统吗？|Jeffrey Archer|true|en|false
10:06|1006-002|上午 10:06| 他说：“你还有十五分钟。” 然后通话中断了。星期三，上午 10:06 | 已删除 |Lisa Gardner|true|en|false
10:07|1007-000|10:07|“跟着绕行标志走，”他头也不抬地说。<br>她瞥了一眼仪表盘上的钟。是10:07。|盗亦有道|Jeffrey Archer|true|en|false
10:07|1007-001|十点七分|“大概是十点七分吧。我记得很清楚，因为那辆马车离开的时候我看了看表。”<br>“马车？”罗曼诺夫说。<br>“是的，就是那辆装满乐器的马车。它大概……离开了。”|荣誉之战|Jeffrey Archer|true|en|false
10:07|1007-002|10:07 GMT|10:07 GMT<br>三名警官在沃尔警长的办公室安顿下来后，仔细核查了“蓝色时期行动”的每一个细节。|不冒险|Jeffrey Archer|true|en|false
10:07|1007-003|上午 10:07|上午 10:07。仅提供访问信函，内容是关于未支付最低还款额。努力回忆一下我在找什么。重新开始寻找手提包。|BJ单身日记|Helen Fielding|true|en|false
10:07|1007-004|上午10:07|上午10:07：在和罗德、莫莫和盖伊开会。我们正在第三次排练决赛，罗德和盖伊扮演客户，这时罗德的秘书洛林突然闯了进来。|我不知道她是怎么做到的|Allison Pearson|true|en|false
10:08|1008-000|十点零八分|总警司亚当·达格利什停止检查死者的衣服，他六英尺二英寸的身高尴尬地夹在床尾和衣柜门之间。他看了看表。十点零八分。|夜莺的裹尸布|P.D. James|true|en|false
10:08|1008-001|十点八分|“我的表总是快一点，”我说。“你现在算几点？”<br>“十点八分。”<br>“我的表是十点十八分。你看。”|《安静的美国人》|Graham Greene|true|en|false
10:09|1009-000|10:09|他循着尖叫声来到走廊。墙上的钟显示达拉斯时间8:09-10:09。|美国小报|James Ellroy|true|en|false
10:10|1010-000|十点十分|第二天早上十点十分，威廉又接到了他那焦躁不安的经纪人的电话。又有价值一百万美元的州际股票在开盘时上市了。|凯恩与阿贝尔|Jeffrey Archer|true|en|false
10:10|1010-001|10:10|10:10，两名身穿白大褂的护工推着一位身材高大魁梧的男子，用轮椅从双向弹簧门里出来。他们看到车停在院长的专用车位，便引导他过去。司机跳下车，迅速打开后车门。可怜的人，他心想，那人的头上缠满了绷带，只留下嘴唇和鼻孔的小缝隙。他怀疑那是不是烧伤了。|盗亦有道|Jeffrey Archer|true|en|false
10:10|1010-002|上午10:10|上午10:10<br>对布拉克来说，人文学院的宿舍就像是通往荣耀洞的冰柱。她把它列为五个志愿中的第五个。直到到了学校她才知道，任何把它列为<em>任意</em>志愿的人都会被困在那里。|大中西部厨房|J. Ryan Stradal|false|en|false
10:10|1010-003|10:10|10:10 开枪了。|《透明人》|John Dickson Carr|true|en|false
10:10|1010-004|10点10分|星期六早上阳光明媚，10点10分，唐纳德抵达查令十字地铁站堤岸入口，提着一个小行李箱，里面装满了适合户外运动和休闲活动的衣服。|《英格兰，他们的英格兰》|A.G. Macdonell|true|en|false
10:10|1010-005|十分钟后|大约十点钟，第一片细小的雪花飘落下来，落在吉尔的手臂上。十分钟后，雪花开始密集飘落。二十分钟后，地面明显变白了。|银椅|C.S. Lewis|true|en|false
10:11|1011-000|10点11分|“很好，”弗洛伦蒂娜·凯恩说着，看了看手表。现在是10点11分。数字变了——取而代之的是她的心跳——72；正常，她想。|我们该告诉总统吗？|Jeffrey Archer|true|en|false
10:11|1011-001|10:11|10:11，他是否识破了她的虚张声势？|父之罪孽|Jeffrey Archer|true|en|false
10:11|1011-002|十点十一分|这是一个美好的夏日早晨。大厅里的荷兰钟指针指向九点十三分；起居室里的鎏金钟指针指向十点十一分；书架上的马车钟指针指向六点四十四分。|《三个男人和一个女仆》|P.G. Wodehouse|true|en|false
10:12|1012-000|10:12|这消失了，手表显示10:12。总统最后一次排练了演讲的开场白。那天早上她和爱德华一起看过最终稿，她很满意。|我们该告诉总统吗？|Jeffrey Archer|true|en|false
10:12|1012-001|10:12|乔治看了看表：10:12。虽然他们的行进速度比他预想的要慢，但他仍然相信，如果他们能在中午前到达山顶，就有足够的时间在日落前返回北坳。|荣耀之路|Jeffrey Archer|true|en|false
10:12|1012-002|十点十二分|“我去把咖啡托盘拿出来，”我谦逊地提议道。拿起托盘时，我又看了一眼手表。十点十二分。不知道他们是不是已经开始开会了。|《不羁的女神》|Sophie Kinsella|true|en|false
10:12|1012-003|上午10:12|他清晨起身一次，锁上办公室的门，然后读到最后一页，正好是上午10:12，洒在办公室窗户上的阳光与他以往熟悉的阳光截然不同。|自由|Jonathan Franzen|true|en|false
10:13|1013-000|十点十三分|“顺便说一句，”第一个人说道，“今天早上十点十七分，我成功地把命令原话电报给了我的表弟。”<br>“十点十三分，我又把它发给了《每日电讯报》。”<br>“好样的，布朗特先生！”<br>“很好，若利维先生。”|米歇尔·斯特罗戈夫|Jules Verne|true|en|false
10:13|1013-001|十点十三分|“十点十三分了，”克兰西宣布道。“再过两分钟——”<br>“起跑时间到了，”我说。|《圣歌短跑运动员》|Ray Bradbury|true|en|false
10:14|1014-000|10:14|10:14，她的下一个预约一定是和布雷特·埃尔德斯先生吗？|父辈的罪孽|Jeffrey Archer|true|en|false
10:14|1014-001|十点十四分|好的。十点十四分：纳拉达太太报告说她的猫被一只大狗袭击了。我派所有男孩出去寻找，但直到十一点他们才找到任何东西。然后其中一个男孩打电话来说，一只大狗刚刚咬破了他高尔夫球车的轮胎，然后跑掉了。|郊狼蓝|Christopher Moore|true|en|false
10:15|1015-000|十点一刻|多米诺骨牌二号让我站在米克先生的房间里，透过门缝监视着。由于他身体虚弱，我们忠诚的锅炉房吉祥物没能参与这场大逃亡，但他的房间就在我的对面，而且他听得懂“嘘！”十点一刻，厄尼去接待处向诺克斯护士宣布了我的死讯。|云图|David Mitchell|true|en|false
10:15|1015-001|十点一刻|当她终于挣扎着醒来时——头痛欲裂，痛苦不堪，宿醉未醒——床的另一半空着。鲍勃把钟转了回去，她看到已经十点一刻了。这是她多年来睡得最晚的一次，但她当然是天一亮才睡着的，而且她那点儿睡眠里充满了恐怖的梦境。|《漆黑一片，没有星星》|Stephen King|true|en|false
10:15|1015-002|10点15分|10点15分，阿莱娜离开了她的约会地点。一两分钟后，帕特里克·雷德芬走了下来，脸上露出惊讶、恼怒等表情。克里斯汀的任务很简单。她藏好自己的手表，在11点25分问琳达几点了。琳达看了看手表，回答说差一刻十二点。|《阳光下的罪恶》|Agatha Christie|true|en|false
10:16|1016-000|10:16|10:16 终于。辛苦了四十分钟，我才铺好一张床。我落后太多了。不过没关系。继续前进。接下来洗衣服。|《不称职的女神》|Sophie Kinsella|true|en|false
10:17|1017-000|十点十七分|佩西哼着歌，缓缓走向阿贝尔的办公室，准备参加他们每天十点的例会。现在是十点十七分。|凯恩与阿贝尔|Jeffrey Archer|true|en|false
10:17|1017-001|上午10点17分|她看了看屏幕的一角。才上午10点17分。她已经在办公桌前待了整整47分钟了。|纽约情人节|Carmen Reid|true|en|false
10:17|1017-002|十点十七分|“顺便说一句，”第一个人说道，“今天早上十点十七分，我成功地把命令原话电报给了我的表弟。”<br>“十点十三分，我又把它发给了《每日电讯报》。”<br>“好样的，布朗特先生！”<br>“很好，若利维先生。”|米歇尔·斯特罗戈夫|Jules Verne|true|en|false
10:18|1018-000|上午 10:18| 星期三 上午 10:18<br>野上健二笔直地坐在宽大的橡木办公桌前，等待电话铃声响起。迈克尔会怎么做？诚然，把一切都保密是明智之举，但即便如此，他还是觉得，如果小迈克尔·万斯能对他多一些信任，他会感觉好得多。|代达罗斯计划|Thomas Hoover|true|en|false
10:18|1018-001|10:18|我知道我到家时是10:18，因为我经常看表。|特别响，非常近|Jonathan Safran Foer|true|en|false
10:19|1019-000|上午10:19|星期五 上午10:19<br>“高度73000英尺。空速9000节。”<br>“佩特拉，抬起头盔。”随着过载开始消退，他的视力也慢慢恢复了。驾驶舱就像一个烤箱，环境控制设备不堪重负，这清楚地表明机身温度已经超过了设计值。|代达罗斯计划|Thomas Hoover|true|en|false
10:20|1020-000|十点二十分|他们十点二十分到达了孟买新娘婚纱店门口。塞布这次约会绝不会迟到。塞布让维杰把车停在视线之外时，维杰没有说什么，但他对塞布接下来的指示感到惊讶。|时辰已到|Jeffrey Archer|true|en|false
10:20|1020-001|10:20|10:20，门上传来轻轻的敲门声，哈里森先生像仙女教母一样再次出现。<br>“希望你们昨晚睡得好，”他试探性地问道。<br>“睡得再好不过了，”威廉喝完咖啡后说道。<br>“嫁给一个穴居人，想睡个好觉都难，”贝丝很想告诉他，但最终还是把这些话藏在了心里。|隐藏在众目睽睽之下|Jeffrey Archer|true|en|false
10:20|1020-002|十点二十|五月的风，像一颗果实般膨胀起来，外皮粗糙，果肉黏滑，里面藏着几十颗种子。果肉在半空中裂开，种子像轻柔的霰弹般射入我裸露的手臂，留下淡淡的疼痛。<br>“几点了？”我的表弟问我。他比我矮了大约八英寸，所以说话时不得不仰着头。<br>我看了看手表。“十点二十。”|盲柳，睡女|Haruki Murakami|true|en|false
10:20|1020-003|二十分钟后|大约十点钟，第一片细小的雪花飘落下来，落在吉尔的手臂上。十分钟后，雪花开始密集飘落。二十分钟后，地面明显变白了。|银椅|C.S. Lewis|true|en|false
10:20|1020-004|上午十点二十分|一个星期一，上午十点二十分，阿玛兰塔正在给奥雷里亚诺·何塞穿衣服，这时她听到远处传来人群的喧闹声和号角声。|百年孤独|Gabriel García Márquez|true|es-CO|false
10:21|1021-000|10:21|10:21，她身后传来一个声音：“早上好，巴林顿小姐。”|父之罪|Jeffrey Archer|true|en|false
10:21|1021-001|10:21|莉兹·海德兰凝视着镜子，仿佛着了魔。她看不到自己，也看不到梳妆台上的物品。时钟突然指向10:21。|光辉之路|Margaret Drabble|true|en|false
10:22|1022-000|10:22|塞布抬头看着时钟上巨大的黑色分针，它每六十秒跳动一下：10:22。塞德里克付出的所有努力难道都要白费了吗？|小心你的愿望|Jeffrey Archer|true|en|false
10:22|1022-001|10:22|我听着，又听着，还没来得及想清楚该怎么办，甚至该想些什么、感受些什么，电话就响了。时间是10:22:27。我看了看来电显示，发现是他。|特别响，非常近|Jonathan Safran Foer|true|en|false
10:23|1023-000|十点二十三分|那天是5月14日，他桌上的钟显示时间是十点二十三分，于是他输入了10.23。至少，他是这么打算的。实际上，他输入的是10.03。|Ctrl-Z|Andrew Norriss|true|en|false
10:24|1024-000|10点24分|卡瓦利看了看表，10点24分，他们已经进楼十七分钟了。虽然豪华轿车已经在等了，但他别无选择，只能让保管员按自己的节奏继续进行。|盗亦有道|Jeffrey Archer|true|en|false
10:24|1024-001|上午 10:24|阿内特于上午 10:24 进入皮博迪野生动物管理区，翻过一道山脊，注意到路边附近有新鲜的刹车痕迹，一直延伸到深色的、像水洼一样的污渍。|迷宫|Mark T. Sullivan|true|en|false
10:25|1025-000|10点25分|达格利什心想，埃蒂安恐怕想不出比这更有效的威慑访客的办法了，他一时犹豫要不要走那半英里路，也不愿冒着被停学的风险。他瞥了一眼手表，发现是10点25分。他正好能准时到达。|原罪|P.D. James|true|en|false
10:25|1025-001|上午 10:25|上午 10:25，四支全副武装的联邦调查局小组包围了仓库，唯一失踪的人是内德·詹宁斯。|宗教自由的降临|Ray Keating|true|en|false
10:25|1025-002|10:25|10:25：吕丁打来电话，情绪非常激动，催促我立刻回去联系阿洛伊斯，阿洛伊斯也同样激动。|卡塔琳娜·布鲁姆的失落荣誉|Heinrich Böll|true|en|false
10:25|1025-003|10:25|现在一顿饭就够了，再打一针葡萄糖。睡眠依然“漆黑一片”，完全没有恢复元气的作用。昨晚我用16毫米胶片拍下了前三个小时的影像，今天早上在实验室放映了。第一部真正的恐怖片。我看起来像个半死不活的尸体。10:25醒来。凌晨3:45入睡。|时间之声|J.G. Ballard|true|en|false
10:26|1026-000|10:26|10:26 不，求求你，不要。我简直不敢看。简直是一场灾难。洗衣机里所有的东西都变成粉红色了。每件都一样。到底发生了什么？我颤抖着手指，挑出一件湿漉漉的羊绒开衫。放进去的时候还是米色的。现在却变成了病态的棉花糖色。|《不羁女神》|Sophie Kinsella|true|en|false
10:26|1026-001|十点二十六|我的视野正中央是闹钟，指针指向十点二十六。这是我收到的结婚纪念品。|《奇鸟行状录》|Haruki Murakami|true|en|false
10:27|1027-000|10点27分|哈考特先生在10点27分神秘地突然醒来，巧合的是，就在这时，管家带着两个侍从走了进来，他们端着托盘，上面摆满了威士忌、白兰地、虹吸瓶、酒杯和饼干。|《英格兰，他们的英格兰》|A.G. Macdonell|true|en|false
10:27|1027-001|上午10:27|她在诺福克度假。劣质的收音机闹钟显示上午10:27。噪音是清洁工卡特里娜用吸尘器敲打踢脚板和卧室门的声音。她的手麻了，还挂在相机的腕带上。她解开腕带，甩了甩手，让血液重新流回指尖。她把脚放在运动鞋上，在劣质地毯上滑动。地毯上留下了不知多少死人或老人的赤裸的脚印。|意外|Ali Smith|true|en|false
10:29|1029-000|十点二十九|即使我想说些什么，却总是说不出合适的话。每次我犹豫，每次我把想说的话咽回去，我的表弟都会带着一丝疑惑的表情看着我。他的左耳微微向我倾斜。<br>“现在几点了？”他问我。<br>“十点二十九，”我回答。|盲柳，睡女|Haruki Murakami|true|en|false
10:30|1030-000|十点半|十点半，公关人员带着一群女士走了进来。他在活动室门口拍了拍他那双肥手。<br>“哦，嗨，伙计们；别紧张，别紧张……姑娘们，看看周围；这里是不是很干净，很明亮？这位是拉契特小姐。我选择这个病房是因为这是<em>她的</em>病房。姑娘们，她就像一位母亲。我指的不是年龄，而是你们姑娘们明白的……”|飞越疯人院|Ken Kesey|true|en|false
10:30|1030-001|十点半|他查看了安德森的情况，发现她仍然睡得像块石头一样。加德纳决定，如果鲍比十点半还没自己醒，就叫醒她。|《汤米诺克》|Stephen King|true|en|false
10:30|1030-002|正好十点半|“那就这样吧，”伯爵答道；他伸手去拿挂在壁炉附近的日历，说道：“今天是二月二十一日，”又掏出怀表，补充道：“现在正好十点半。记住，五月二十一日上午十点半见。”|基督山伯爵|Alexandre Dumas|true|en|false
10:30|1030-003|十点半|十点半，肯德拉发现自己又坐在沙发上，这次是和克里斯蒂一起。她觉得坐在克里斯蒂旁边很不自在，尤其是在同事们对这位金发女郎恶语相向之后，但克里斯蒂此刻却显得格外平易近人，笑容满面，举止轻松自如。|Reprieve|James Han Mattson|true|en|false
10:30|1030-004|上午10:30|上午10:30休息|深夜小狗神秘事件|Mark Haddon|true|en|false
10:30|1030-005|十点半|墙上的钟显示，现在才刚过十点半。|《时时刻刻》|Michael Cunningham|true|en|false
10:30|1030-006|十点半|十点半的时候，我已经洗漱完毕，刮了胡子，穿上了我最好的复活节盛装——一套我从大学时代就有的棕榈滩泡泡纱两件套。|体育记者|Richard Ford|true|en|false
10:31|1031-000|上午 10:31|桑德森警探告诉我们，他于上午 10:31 检查了保险箱，并在底部发现了两滴相当大的血迹。|红色拇指印记|R. Austin Freeman|true|en|false
10:32|1032-000|上午10:32|日期：2009年5月16日，星期六，上午10:32<br>主题：回复：陨石<br>亲爱的Alex<br>我很好（谢谢你的关心），很高兴听到你感觉好多了。关于你的陨石，这是一个非常慷慨的提议（我非常欢迎！），但我需要确定这确实是你想要的。|宇宙对抗Alex Woods|Gavin Extence|true|en|false
10:32|1032-001|十点三十二分|十点三十二分，公交车终于出现在视野中。<br>来的公交车是新型的，和我以前上高中坐的那辆不一样。|盲柳，睡女|Haruki Murakami|true|en|false
10:33|1033-000|上午10:33|时间核对无误。12月12日上午10:33。詹姆斯说来电者伪装了声音。我们在她家卧室里找到了一台商用变声器。|大律政|Chuck Logan|true|en|false
10:34|1034-000|上午 10:34| 198.088 兆赫的上午 10:34，拉布拉多停电了，备用发电机启动了，但拉布拉多的阳光仍然没有出现。|奥罗拉|Kim Stanley Robinson|true|en|false
10:35|1035-000|10点35分|当时是10点35分，布伦达·普里德莫尔站在霍加特实验室主厅后方的接待台前，睁大眼睛看着布莱克洛克警探把第一个贴着标签的、装有垃圾坑谋杀案物证的袋子拉到自己面前。|专家证人之死|P.D. James|true|en|false
10:36|1036-000|十点三十六分|“斯特兰德邮戳，十点三十六分寄出，”福尔摩斯一遍又一遍地读着。“奥弗顿先生寄出时显然非常激动，因此语无伦次。”|《失踪的四分之三》|Sir Arthur Conan Doyle|true|en|false
10:37|1037-000|上午 10:37| “我完全同意你的看法，”默布尔斯先生说。“这真是个尴尬的局面。多默夫人于 11 月 11 日上午 10:37 整去世。” |《贝洛纳俱乐部的不愉快事件》|Dorothy L. Sayers|true|en|false
10:38|1038-000|上午10:38|上午10:38<br>温斯顿·巴特利特对事情的进展并不完全满意。他打量着她，心中思绪万千。这个女人和他拥有相同的罕见血型，可能是他最后的希望。|综合症|Thomas Hoover|true|en|false
10:38|1038-001|10:38|一定有办法，一定有。我疯狂地扫视着货架上堆放的各种产品罐头。去渍剂。消失剂。一定有办法……我得想想……10:38 好了，我想到答案了。也许不能完全奏效——但这已经是我的极限了。|《不羁女神》|Sophie Kinsella|true|en|false
10:38|1038-002|11点前22分|“什么时候能做好？”科德林先生虚弱地问道。<br>“马上就好，”店主抬头看了看钟——那钟的白色大表盘上竟然泛着色彩，看起来像是给快乐的沙童们看的钟——“11点前22分马上就好。”|老古玩店|Charles Dickens|true|en|false
10:39|1039-000|上午 10:39| 但是，我不能让你支付我的旅费，因为我们素不相识，而且这次见面可能不会有什么结果。我的航班上午 10:39 到达。|邓肯的新娘|Linda Howard|true|en|false
10:40|1040-000|早上十点四十分|早上十点四十分可不是开始喝酒的好时机，所以我建议你带走它。我想你不会待太久。|私人病人|P.D. James|true|en|false
10:40|1040-001|10:40|届时，10:40，等离子引擎将全速点火，开始直线加速，使其达到每小时一万公里的速度，从而沿着连接各个传送门的正常空间隧道快速滑行。|暗影与黑夜|Chris Walley|true|en|false
10:40|1040-002|差20分11点|十五分钟过去了，那辆冒牌的公共工程部卡车还没回来，比利心想，他们要么是去了城里的其他地方，也许是去查看常青街的那栋房子，要么是回了那栋豪宅，等着尼克的进一步指示。他拉上窗帘，挡住外面的景色，看了看表。差20分11点。他心想，快乐的时光总是过得飞快。|比利·萨默斯|Stephen King|true|en|false
10:40|1040-003|10:40|10:40：卡塔琳娜打电话来问我是否真的说过新闻里报道的那些话。|卡塔琳娜·布鲁姆的失落荣誉|Heinrich Böll|true|en|false
10:41|1041-000|10:41|爆炸发生时，一位住在面向大海的公寓六楼的老人正从窗户向外望去，他准确地确定了爆炸时间是美国东部夏令时10:41。|肉桂色|John D. MacDonald|true|en|false
10:41|1041-001|10:41|他爬进前座，发动了汽车。车子发出欢快而强劲的嗡嗡声，准备出发。“看，这帮混蛋，”朱利安说着，用瓶底砸碎了钟，好让他们知道大概时间。现在是10:41。|萨马拉之约|John O’Hara|false|en|false
10:42|1042-000|10:42|埃利斯扫视着墙上跨越四个时区的时钟。当地时间显示10:42。他的失言是否已经传到了特林布尔那里？|周一售出|Kristina McMorris|true|en|false
10:43|1043-000|上午10:43|1月24日上午10:43：一个月零两天后，我开始担心我亲爱的男朋友送我的生日礼物可能会让我瞬间丧命……|愿望清单|Jane Costello|true|en|false
10:44|1044-000|十点四十四分|当听到“揭开惠斯尔顿夫人真面目者可获一千英镑”这句话时，时钟显示十点四十四分。|《与布里奇顿先生的浪漫邂逅》|Julia Quinn|true|en|false
10:45|1045-000|差一刻十一点|拉莫娜·诺维尔原来是一位六十岁左右、肩宽胸阔、笑容可掬的女士，她面色红润，留着海军陆战队员式的短发，握手有力。她正等着苔丝，就坐在图书馆外，也就是“今日名家”专属停车位的中间。她没有像往常那样向苔丝道早安（当时已经差一刻十一点了），也没有称赞她的耳环（钻石耳坠，这种奢华的耳环她只在少数几次外出就餐或像这样的场合才会佩戴），而是问了一个男人才会问的问题：苔丝来过84路了吗？|《漆黑一片，星光黯淡》|Stephen King|true|en|false
10:45|1045-001|差一刻十一点|如果真是这样，我们现在必须确定，假设巴克和道格拉斯太太不是真正的凶手，那么从差一刻十一点，也就是枪声将他们惊醒之前，直到十一点一刻他们按铃叫仆人之前，他们会在做什么？|《恐怖谷》|Sir Arthur Conan Doyle|true|en|false
10:45|1045-002|差一刻十一点|他们于差一刻十一点到达国王十字车站。韦斯莱先生冲过马路去取行李车，然后他们都匆匆走进车站。|哈利·波特与密室|J.K. Rowling|true|en|false
10:46|1046-000|上午10:46|他胡乱地摸出手机，打开屏幕。上午10:46。糟了。上班已经迟到了……然后，他想起来了。|维默拉|Mark Brandi|false|en|false
10:46|1046-001|差十四分钟到十一点|奥利弗：[在凯瑟琳身边——看着表座上的手表] 差十四分钟到十一点。<br>凯瑟琳：奥利弗，奥利弗！<br>奥利弗：我只是想看看时间。|暴民|John Galsworthy|true|en|false
10:47|1047-000|上午 10:47|上午 10:47 我只想给他发个简短友好的信息，不带任何调情意味，只是为了修复一下关系。|BJ单身日记|Helen Fielding|true|en|false
10:47|1047-001|10点47分|他在淋浴时吹口哨。现在是10点47分，他准备出发了。|小号|Jackie Kay|true|en|false
10:47|1047-002|上午10:47|我拿起手机拨通了山姆的电话。他的号码仍然停机。我重新插上U盘，再次尝试查看他的文件。盯着屏幕，咖啡渐渐凉了，背也开始疼。结果一无所获。我瞥了一眼时间。上午10:47|前夫|Karen Hamilton|true|en|false
10:48|1048-000|10点48分|亚历克斯……好吧，亚历克斯可能快疯了。现在是10点48分。他来回踱步。他一回到房间就把外套和领带扔到椅背上，衬衫的前两颗扣子也解开了。他的双手紧紧地抓着头发。这样挺好。这样挺好。这绝对是个糟糕的主意。但这样挺好。|红、白、皇室蓝|Casey McQuinston|true|en|false
10:48|1048-001|上午10:48|上午10:48，我合上了文件夹，但懒得把它放回包里，所以你知道我正要去附近的委员会或会议室。起身之前，我把餐巾纸叠好，连同勺子一起放进咖啡杯里，你觉得我真是个爱干净的人。|苹果园|Louise Doughty|true|en|false
10:49|1049-000|上午 10:49| 上午 10:49<br>当艾莉看着温斯顿·巴特利特扫出房间时，她仍在试图打量这个男人。令她困惑的是，格兰特和巴特利特为什么都如此急切地想把她和她母亲送到诊所。|综合症|Thomas Hoover|true|en|false
10:49|1049-001|十点四十九分|十点四十九分，我们再次来到一段古道上，现代道路也沿着这条古道蜿蜒而下，沿着陡峭的悬崖边开凿出的蜿蜒小路，到达瓦德哈乌德河的起点。|1850年和1851年环游死海和圣经之地的游记|Félicien de Saulcy|true|en|false
10:50|1050-000|10:50|尊敬的布里斯托尔码头区巴林顿勋爵将于1992年4月10日上午10:50抵达圣保罗大教堂。|《这是一个人》|Jeffrey Archer|true|en|false
10:50|1050-001|上午10:50|上午10:50 彼得斯太太的美术课|深夜小狗神秘事件|Mark Haddon|true|en|false
10:50|1050-002|差十分钟到十一点|当他走回飞行办公室时，空军士兵们正在排队等待NAAFI的货车送来早茶和蛋糕。兰伯特看了看表，差十分钟到十一点。|轰炸机|Len Deighton|true|en|false
10:51|1051-000|10:51|... 但他仍然坚信他们能够登顶，当他们在10:51到达27,550英尺的高度时，他听到了一声像受伤动物的叫声。他知道那不是芬奇。|荣耀之路|Jeffrey Archer|true|en|false
10:51|1051-001|10点51分|“还有什么事吗？”他问道，又偷瞄了一眼钟：10点51分。还有时间可以消磨。<br>“我星期一和我的假释官谈过了，”福克纳说，“他没提提前释放的事。”|下一位|Jeffrey Archer|true|en|false
10:51|1051-002|差九分钟到十一点|星期一，差九分钟到十一点，一位留着寸头的金发年轻女子从苏珊的办公室出来，从衣架上取下她的黄色雨衣，头也不回地走出了候诊室。|《绯红的喜悦》|Robert B. Parker|true|en|false
10:52|1052-000|差八分钟到十一点|现在是差八分钟到十一点，他开始感到有些恼火和不耐烦。在他被领进来的这间又大又丑又气派的房间里，什么事也做不了。|选自《深海奇航》|Marie Belloc Lowndes|true|en|false
10:53|1053-000|10:53|10:53，他将在西北门受到驻堂牧师埃里克·埃文斯的迎接。|这是一个人|Jeffrey Archer|true|en|false
10:53|1053-001|10:53|乔治想拒绝，但他知道自己不能。他看了看表——10:53——然后点了点头。“祝你好运，”他说，“但你最迟必须在中午之前返回。”|光荣之路|Jeffrey Archer|true|en|false
10:53|1053-002|10:53|他开始记录我们的观察结果。“10:53，”他写道，我们蹲在楼梯顶端，听着他母亲在楼下走廊里说话。|间谍|Michael Frayn|true|en|false
10:53|1053-003|10:53|“我凝视着那张脸，一遍又一遍，它对我来说既陌生又熟悉，”奥斯特利茨说道，“我反复回放录像带，看着屏幕左上角的时间指示器，那里覆盖着她部分额头的数字显示着分钟和秒，从10:53到10:57，百分之一秒飞逝而过，快得让人无法看清和捕捉。”|奥斯特利茨|W. G. Sebald|true|en|false
10:54|1054-000|差六分钟到十一点|紧张的窃窃私语在差六分钟到十一点戛然而止，一位身着晨礼服、身材高挑、举止优雅的男士走进房间，在台阶下停下，转身面向聚集的众人。|这是一个男人|Jeffrey Archer|true|en|false
10:54|1054-001|10:54 GMT|10:54 GMT<br>“霍克斯比指挥官办公室。”<br>“我是布鲁斯·拉蒙特，安吉拉。你能帮我接通老板吗？”<br>“他还在意大利，布鲁斯。我预计他要到周一才能回来。”|无所畏惧|Jeffrey Archer|true|en|false
10:54|1054-002|上午10:54|当时是上午10:54。她的电话马上就要来了。每天早上电话来的时间都不一样，她有一张塑封的图表，上面记录着每天预计接到电话的时间。|最后一通电话|Warren Murphy and Richard Sapir|true|en|false
10:54|1054-003|上午 10:54| “我告诉你，你今天上午 10:54 在商业街的本宁顿银行存了 6495 英镑，”弗罗斯特坚持道。<br>“但我告诉你，我没有！”那人怒道。|哈德·弗罗斯特|R.D. Wingfield|true|en|false
10:55|1055-000|10:55|10:55，教士将陪同大法官进入大教堂，然后他们将前往中殿前方，大法官将于10:57抵达——这是教士的说法。|这是一个人|Jeffrey Archer|true|en|false
10:55|1055-001|十点五十五分|十点五十五分整，下士特朗珀颤抖地站在上校的帐篷外，他几乎和害怕冲锋陷阵一样害怕他的指挥官。几分钟后，连队军士长从帐篷里走出来接他。|直线距离|Jeffrey Archer|true|en|false
10:55|1055-002|十点五十五分|十点五十五分，他正在挑选有机蔬菜时，他的专用手机响了，是凯特的声音。“我们接到一个案子。多塞特郡斯托克切弗雷尔一家私人诊所里，一名病人疑似被谋杀。诊所位于一座庄园里。”|《私人病人》|P.D. James|true|en|false
10:55|1055-003|十点五十五分|但这次会议，于10月23日星期六上午十点五十五分在新苏格兰场七楼哈克尼斯助理警务处长办公室召开，从他踏进房间的那一刻起，就预示着一场谋杀的发生。|灯塔|P.D. James|true|en|false
10:55|1055-004|10:55|10:55，他们将进入法尔霍姆之门，仅仅十分半钟后便会从班纳米尔之门出现。四十光年之外。|《暗影与黑夜》|Chris Walley|true|en|false
10:55|1055-005|十点五十五分|“她面对着空桌子坐下，对着桌子露出一个她希望能够展现出能力和智慧的微笑，然后叹了口气，颓然地靠回椅背，看了看手表。面试时间是十一点。现在是十点五十五分。”|《语法学家：一部小说》|Cathleen Schine|true|en|false
10:55|1055-006|差五分钟十一点|半小时后，小熊维尼和小猪出发时，时钟仍然显示差五分钟十一点。|《小熊维尼的家》|A.A. Milne|true|en|false
10:55|1055-007|差五分钟到十一点|沃格雷夫法官说：<br>“现在是差五分钟到十一点。我认为我们应该传唤布伦特小姐参加我们的秘密会议。”|《无人生还》|Agatha Christie|true|en|false
10:56|1056-000|10:56|秒针不停地走着——不停地朝着10:56前进。他忙着吃早餐和读晨报。《华盛顿邮报》告诉他，在华盛顿历史上最严重的暴风雨之一中，许多建筑物在夜间起火，弗吉尼亚州的卢伯河河水暴涨，造成了严重的财产损失。|我们该告诉总统吗？|Jeffrey Archer|true|en|false
10:56|1056-001|差四分钟十一点|“凯蒂，这是你的钟，”他说。“我已经修好了，现在它敲钟很准。只是你启动钟摆的时候要小心，别碰到敲击棒。”<br>“真的吗？”凯蒂说。“多莉，你真是个天才！我太感激你了。”<br>“现在是差四分钟十一点，”多莉继续说道。|凯蒂做了什么|Susan Coolidge|true|en|false
10:56|1056-002|10点56分|布斯·沃森知道，如果他想成功，时机把握至关重要。他必须时刻留意时间，确保是10点56分才能出手。|下一个|Jeffrey Archer|true|en|false
10:57|1057-000|10:57|10:55，教士将陪同大法官进入大教堂，然后他们将前往中殿前方，大法官将于10:57抵达那里——这是教士的说法。|这是一个人|Jeffrey Archer|true|en|false
10:57|1057-001|10:57|我反复倒放录像带，看着屏幕左上角的时间指示器，她额头上覆盖的数字显示着分钟和秒，从10:53到10:57。|奥斯特利茨|W. G. Sebald|true|en|false
10:58|1058-000|10点58分|有一天，乔坐在办公室里等着他11点钟的预约，10点58分，一个黑人女孩走了进来。|避雷针|Helen DeWitt|true|en|false
10:59|1059-000|10:59|10:59，管家打开了前门，人群开始欢呼。<br>总统和她的丈夫向着人群的笑脸挥了挥手，凭借经验和职业直觉，他们感觉到五十个人并没有看向他们。|我们该告诉总统吗？|Jeffrey Archer|true|en|false
10:59|1059-001|离十一点还有一分钟|她刚结束当天唯一需要购物的事情回来，当时离十一点还有一分钟。|《可怕的力量》|C.S. Lewis|true|en|false
11:00|1100-000|十一点|人口警察要求您于上午十一点到镇广场参加会议。您将获得一张新的身份证。卢克匆匆说道，这些身份证发放后，其他任何证件都将失效。|自由之境|Margaret Peterson Haddix|true|en|false
11:00|1100-001|十一|上海的钟表调快了一个小时，以便“节省日光”，但白家却说：“我们按老钟来。”对他们来说的十点，对其他人来说就是十一点。他们的歌声总是跟不上节奏，跟不上胡琴那凄凉凄凉的琴声。|《倾城之恋》|Eileen Chang|true|en|false
11:00|1100-002|11点|一辆猩红色的蒸汽机车停在挤满人的站台旁。头顶的指示牌上写着：霍格沃茨特快，11点。|哈利·波特与魔法石|J.K. Rowling|true|en|false
11:00|1100-003|十一|她十一点就辞职了。去他妈的。她绕到房子后面的棚子里，拿了铁锹和铁锹，停顿了一下，又拿了一根撬棍。她走出棚子，又折返回去，从工具箱里拿出一把螺丝刀和一把活动扳手。|《汤米诺克》|Stephen King|false|en|false
11:00|1100-004|上午11点|巴巴·迪奥普在弗勒里-梅罗吉度过了他生命的最后36个小时。第二天上午11点，他在被押往监狱长办公室的途中，被一把削尖的梳子刺穿了喉咙。|无名氏|John Connolly|false|en|false
11:00|1100-005|上午十一点|故事到此结束。1991年11月11日上午十一点，十一月十一日的十一点。星期一。|《强盗新娘》|Margaret Atwood|true|en|false
11:00|1100-006|十一点|她面对着空桌子坐下，对着桌子露出一个她希望能够展现出能力和智慧的微笑，然后叹了口气，颓然地靠回椅背，看了看手表。面试时间是十一点。现在是十点五十五分。|《语法学家：一部小说》|Cathleen Schine|true|en|false
11:00|1100-007|上午11点|十月中旬，大约上午11点，阳光黯淡，山麓的晴朗中透着一丝湿漉漉的雨意。我穿着浅蓝色西装，搭配深蓝色衬衫、领带和手帕，脚蹬黑色布洛克鞋，黑色羊毛袜上绣着深蓝色的钟形图案。我衣着整洁，干净利落，刮了胡子，神情清醒，毫不在意别人怎么看。我就是那种衣着考究的私家侦探该有的样子。我此行的目的是调查一起价值四百万美元的案件。|《夜长梦多》|Raymond Chandler|true|en|false
11:00|1100-008|十一点|一天早上，她（还在酒店里）在床上吃早餐，找到了合适的仆人，并给了女仆放假，条件是女仆“要去给克拉克小姐取东西，好好享受一下”。十一点钟，我发现她穿着睡袍，平静地扇着扇子。|《月亮宝石》|Wilkie Collins|true|en|false
11:00|1100-009|11:00|苏只有一张驾驶许可证，但她从冰箱旁的钉板上取下母亲的车钥匙，跑向车库。厨房的钟显示时间正好是11:00。|《魔女嘉莉》|Stephen King|true|en|false
11:00|1100-010|十一点|德拉库尔一家第二天早上十一点到了。哈利、罗恩、赫敏和金妮这时对芙蓉一家颇有怨言，罗恩很不情愿地跺着脚上楼去穿袜子，哈利则试图把头发捋平。|《哈利·波特与死亡圣器》|J.K. Rowling|true|en|false
11:00|1100-011|十一点|那是我第二周的星期三早上，当时我在图书馆为罗兰博士复印一些文件，之后我就要上十一点的课了。|《秘史》|Donna Tartt|true|en|false
11:00|1100-012|十一点|你所说的那个鬼魂名叫琳达·格雷，她来自佛罗伦萨。那是在南卡罗来纳州那边。她和她的男朋友——如果他真是男朋友的话；警察没有找到他的任何踪迹——在她人世间的最后一晚住在月神旅馆，就在这附近海滩南边半英里处。第二天大约十一点，他们进入了欢乐园。|欢乐园|Stephen King|true|en|false
11:00|1100-013|上午11点|“你能帮我铺一下床吗？”那位因心脏病去世的朋友曾这样问他的妻子。他是一位家具设计师。当时是上午11点。|盲柳，睡女|Haruki Murakami|true|en|false
11:00|1100-014|十一点钟|十一点钟的时候，一切都定好了；他们要私奔，去婆罗洲。去他妈的丈夫！反正她从来没爱过他。如果丈夫不是又老又没激情，她根本不会写第一封信。|北回归线|Henry Miller|false|en|false
11:00|1100-015|十一点钟|大约十一点钟的时候，门没锁。我准备好拒绝道歉，直击要害。一位曾经仪态万方的女士走了进来。七十岁，八十岁，八十五岁，谁知道她到底多大了？一只穿着西装外套的摇摇晃晃的灰狗跟在它的女主人身后。|云图|David Mitchell|true|en|false
11:00|1100-016|十一点钟|大约十一点钟，雪人退回森林，完全远离大海，因为邪恶的射线会从水面反射，即使他躲在树荫下，也照不到他，然后他就会变得又红又肿。|《羚羊与秧鸡》|Margaret Atwood|true|en|false
11:00|1100-017|十一点|你知道，我们是在圣克莱门特教堂结婚的，因为威克姆的住处就在那个教区。我们约定好所有人十一点之前到那里。我和叔叔婶婶一起去；其他人则在教堂和我们会合。|傲慢与偏见|Jane Austen|true|en|false
11:00|1100-018|十一|我右边传来一阵动静和一声惊呼，透过昏暗的光线，我看到惠特尼脸色苍白，面容憔悴，蓬头垢面地盯着我。<br>“我的天哪！是华生！”他说。他惊恐万分，浑身神经紧绷。“华生，现在几点了？”<br>“快十一点了。”|《福尔摩斯探案集》|Sir Arthur Conan Doyle|true|en|false
11:00|1100-019|十一点|约定的那天下着瓢泼大雨。十一点钟，一个穿着雨衣、拖着割草机的男人敲响了我的前门，说盖茨比先生派他来帮我割草。|《了不起的盖茨比》|F. Scott Fitzgerald|true|en|false
11:00|1100-020|上午11点|小熊维尼总是喜欢在上午11点吃点东西，他很高兴看到兔子拿出盘子和杯子；当兔子问：“面包要蜂蜜还是炼乳？”时，他兴奋地说：“都要！”然后，为了不显得贪婪，他又补充道：“不过面包就不用了，谢谢。”|维尼|A.A. Milne|true|en|false
11:00|1100-021|十一|大约十一点，她和斯坦又吃了一个甜甜圈。然后他们满怀希望地走到一家汤店后面的垃圾箱旁，但运气不好，里面的东西已经被翻了个底朝天。|《心之所系》|Margaret Atwood|true|en|false
11:00|1100-022|十一点钟|十一点钟的时候，医生来到日间活动室门口，叫住麦克墨菲，说他想请他到办公室来面谈。“我会在第二天面谈所有新入院的病人。”|《飞越疯人院》|Ken Kesey|true|en|false
11:00|1100-023|十一点|“十一点钟，我乘出租车去了奥赛码头，进去和大约十几位记者坐在一起，外交部发言人，一位戴着玳瑁框眼镜的年轻《新法兰西评论》外交官，滔滔不绝地讲了半个小时，回答了我们的问题。”|《太阳照常升起》|Ernest Hemingway|true|en|false
11:00|1100-024|十一点|“我十一点钟从九又四分之三站台乘火车，”他读道。|哈利·波特与魔法石|J.K. Rowling|true|en|false
11:00|1100-025|上午11点|“阿姆斯特朗肯定是在10号到11号夜间某个时候落水的——我会解释原因。我们找到了尸体被冲上岸的地方——它被卡在两块岩石之间，上面有碎布、头发等等。它肯定是在11号涨潮时被冲到那里的——也就是大约上午11点左右。之后，风暴平息了，随后的涨潮水位明显下降。”|《无人生还》|Agatha Christie|true|en|false
11:00|1100-026|十一点钟|“谁能——什么能——”达洛维太太问道（她觉得在自己举办派对的当天上午十一点钟被人打断简直太荒唐了），这时她听到楼梯上传来脚步声。|达洛维太太|Virginia Woolf|true|en|false
11:00|1100-027|11点|11点钟的时候，我已经读完了《Y先生》的第一章。冬日的阳光透过薄薄的窗帘温柔地洒进来，我决定起床。|《Y先生》结尾|Scarlett Thomas|true|en|false
11:00|1100-028|十一点|他走了很久，我开始感到闷闷不乐，仿佛被厚重的布料和寂静压得喘不过气来。我想：他再也不会回来了；而当他真的回来时，他的身影仿佛从遥远的地方向我走来，梦幻般地、渐渐地，沿着一条隧道缓缓走来。我敢说，那感觉就像是早上十一点喝了一杯香槟。|街头的天气|Rosamond Lehmann|true|en|false
11:00|1100-029|十一|当他们注视着时，整个世界变得一片寂静，一群海鸥掠过天空，一只领头，接着是另一只，在这非凡的寂静与安宁中，在这苍白的、纯净的环境中，钟声敲响了十一下，声音渐渐消逝在海鸥的鸣叫声中。|《达洛维夫人》|Virginia Woolf|true|en|false
11:00|1100-030|十一点|上午十一点，大片雪花从苍白的天空中飘落，如同外太空的舰队般侵袭了罗默里克的田野、花园和草坪。|雪人|Jo Nesbø|true|en|false
11:00|1100-031|十一点|十一点钟，电话响了，那人影依然没有回应，就像七点四十五分电话响起时一样，也像从七点五十五分开始连续响了十分钟一样。|《灵魂漫长的黑暗下午茶》|Douglas Adams|true|en|false
11:00|1100-032|十一点钟|当她走到街上时，大本钟正敲响。当时是十一点钟，这未使用的时间清新无比，仿佛是赐予海滩上孩童的礼物。|《达洛维夫人》|Virginia Woolf|true|en|false
11:00|1100-033|十一点|十月中旬，大约上午十一点，阳光黯淡，山麓的晴朗中透着一丝湿漉漉的雨意。我穿着浅蓝色西装，搭配深蓝色衬衫、领带和手帕，脚蹬黑色布洛克鞋，黑色羊毛袜上绣着深蓝色的钟形图案。我衣着整洁，干净利落，刮了胡子，神情清醒，毫不在意别人怎么看。我就是那种衣着考究的私家侦探该有的样子。我此行的目的是调查一起涉及四百万美元的案件。|《夜长梦多》|Raymond Chandler|true|en|false
11:00|1100-034|十一|我妹妹害怕我会写信把家里的秘密都说出来。为什么我觉得自己像个叛逆者，像个离经叛道的人？我只是想上个写作课而已，这有什么错？我一直告诉自己，一旦上了车就没事了，我可以听BBC第四广播电台的“女性时间”节目，这样就能熬到十一点上课了。|圣徒乐队|Patsy Hickman|true|en|false
11:00|1100-035|十一点|在刚才叙述的事件发生后的第二天早晨，阿灵顿夫人坐在多佛街皮卡迪利大街上沃灵顿伯爵为她购置并布置的那座华丽宅邸里一间温馨的小客厅里享用早餐。大约是十一点钟；这位迷人的女士穿着一套精致的睡衣。她把小脚放在挡板旁的矮凳上，优美的身姿斜倚在一张豪华的大扶手椅里，一边吃着巧克力，一边翻阅着《晨报》的专栏。|伦敦之谜|G.W.M. Reynolds|true|en|false
11:00|1100-036|十一点|我平时很安静，但除了星期天，每天早上十一点我都会变成一个狂躁的疯子——一个危险的疯子，气喘吁吁，疯狂地想要作恶，不仅对自己，也对别人，与其说是被幻觉控制，不如说是被狂犬病控制。|《昼夜不停》|George Augustus Sala|true|en|false
11:00|1100-037|十一|或许——但此时钟摆嗡嗡作响，然后急促地敲响了十一点，重锤猛地向下坠落，能量骤然耗尽。她不得不坐了一会儿，等回声消失后，才能重新集中注意力。|陌生人的孩子|Alan Hollinghurst|true|en|false
11:00|1100-038|十一|我们十一点到了滑铁卢，问十一点五的火车从哪里出发。当然没人知道；滑铁卢的人从来都不知道火车从哪里出发，也不知道火车出发后开往哪里，或者任何关于火车的事情。|《三个男人一艘船》|Jerome K. Jerome|true|en|false
11:00|1100-039|十一点|我们度过了几个悲伤的小时，直到十一点，审判即将开始。我的父亲和其余的家人被迫作为证人出庭，我陪同他们去了法庭。在这场可悲的司法闹剧中，我遭受了活生生的折磨。|弗兰肯斯坦|Mary Shelley|true|en|false
11:01|1101-000|十一点零一分|时钟的指针继续前进。十一点差一分时，一切都平静有序。十一点，老师们像往常一样短暂地离开了。十一点零一分，一切都乱成了一锅粥！|《两面派：校园战争的故事》|Florence Coombe|true|en|false
11:01|1101-001|刚过十一点|奥尼尔起身端起托盘。他已经喝完了茶，但松饼还放在一个用蓝色餐巾盖着的柳条篮子里。炉子上的钟显示刚过十一点，客人应该快到了。|玛丽和奥尼尔|Justin Cronin|true|en|false
11:01|1101-002|刚过十一点|才刚过十一点。大房间里一片寂静，只有楼下飘来的歌声打破了这份宁静，她不禁打了个哈欠。墙上的青铜雕塑、相册和画作，描绘着海上的船只、草地上的牛群和莱茵河的景色，都显得如此陈旧乏味，以至于她的目光只是漫不经心地掠过，根本没有仔细观察。|《聚会及其他故事》|Anton Pavlovich Chekhov|true|en|false
11:02|1102-000|上午11点02分|三天后的8月9日上午11点02分，另一架B-29轰炸机向长崎市工业区投下了第二颗原子弹，彻底摧毁了该市1.5平方英里的区域，造成39,000人死亡，25,000人受伤。|广岛和长崎原子弹爆炸|The Manhattan Engineer District|true|en|false
11:02|1102-001|11:02|“是的。”佩雷纳语气坚定，不容置疑。“爆炸发生在11:07。你是在11:02进入的，所以那时你应该正好在两扇门的中间位置。”|《暗影与黑夜》|Chris Walley|true|en|false
11:03|1103-000|十一点零三分|你为什么觉得这是真的？<br>“只是直觉而已。他听起来很真诚。有时候你就是能感觉到一个人，”他笑了笑，“即使你是个无趣的老白人新教徒。”<br>“我觉得这是个圈套。”<br>“为什么？”<br>“我就是这么觉得。政府的人为什么要帮你？”<br>“问得好。看来我得弄清楚了。”<br>她回到厨房。“你几点跟他见面？”她喊道。<br>“十一点零三分，”他说。“这让我觉得他是真的。军方和情报部门的人都会设定精确的预约时间，以避免混淆和歧义。十一点零三分一点歧义都没有。”|小绿人|Christopher Buckley|true|en|false
11:03|1103-001|上午11点03分|4日上午11点03分，《意第绪语报》的编辑给他打了个电话；亚尔莫林斯基医生没有接。人们在他的房间里发现了他，脸色已经有些黝黑，几乎赤身裸体，披着一件不合时宜的大斗篷。|死亡与罗盘|Jorge Luis Borges|false|en|false
11:04|1104-000|11:04|哈里森参议员在到达医院前就去世了，马克让一位家庭医生包扎了他的伤口。马克看了看表，笑了。11:04——他活下来了。|我们该告诉总统吗？|Jeffrey Archer|true|en|false
11:04|1104-001|11:04|因此，我们很高兴地宣布，既然所有借口都已用尽，11:04飞往悉尼的DeepDrop航班已准备好在6号登机口登机。|沉浸在好书中|Jasper Fforde|true|en|false
11:04|1104-002|过了11点|正如她丈夫告诉他的那样，虽然已经过了11点，她仍然躺在床上。她平时神采奕奕的脸被泥土包裹着，僵硬而可怕，如同阿兹特克面具。|独家新闻|Evelyn Waugh|true|en|false
11:05|1105-000|十一点零五分|十一点零五分；距离紫水晶成功或失败不到一刻钟|无限之日|Chris Walley|true|en|false
11:05|1105-001|11:05|7月3日：5小时45分钟。今天几乎没做什么。越来越疲惫，拖着疲惫的身体走到实验室，差点两次冲出马路。勉强集中精力喂了动物园的动物，并更新了日志。最后一次阅读了惠特比留下的操作手册，决定将辐射剂量率设为每分钟40伦琴，目标距离设为530厘米。一切准备就绪。11:05起床。3:15入睡。|时间之声|J.G. Ballard|true|en|false
11:05|1105-002|十一点零五分|桑索姆十一点零五分乘坐一辆豪华轿车抵达。车牌是本地的，这意味着他大部分路程都是坐火车来的。对他来说不太方便，但比全程开车或坐飞机碳排放量更小。竞选中，每个细节都至关重要。|《明日不再》|Lee Child|true|en|false
11:06|1106-000|11:06|11:06 还有……哦。熨衣服。我该怎么办？|《不羁女神》|Sophie Kinsella|true|en|false
11:06|1106-001|上午11:06|尽管书世界已经重建，但有些书仍然遥不可及，令人垂涎欲滴。[…] 他们完全有可能根本不知道书世界的存在，却仍然认为它们是真实存在的。这听起来很奇妙，但想想看，直到1948年4月12日上午11:06，其他人也都这么认为。|我们的一个星期四消失了|Jasper Fforde|true|en|false
11:07|1107-000|11:07|“是的。”佩雷纳语气坚定，不容置疑。“爆炸发生在11:07。你是在11:02进入的，所以那时你应该正好在两扇门的中间位置。”|《暗影与黑夜》|Chris Walley|true|en|false
11:07|1107-001|十一点七分|船上的钟显示十一点七分整，“冒险家号”发出了一声悠长的鸣叫，解开缆绳，缓缓驶出港湾，将船头探入海湾的欢笑声中，终于踏上了一段注定要完全配得上她新名字的航程。|海上冒险俱乐部|Ralph Henry Barbour|true|en|false
11:08|1108-000|11:08|埃利斯大步走回办公桌前，努力压抑着涌上心头的恐慌。一排挂钟的秒针飞快地跳着，仿佛在赛跑。当地时间是11:08。<br>他的午餐计划泡汤了。|周一售出|Kristina McMorris|true|en|false
11:08|1108-001|11:08|他抬头瞥了一眼头盔上沿的数据条，看到了时间：11:08:23。十分钟。他们步履蹒跚地继续前行。|无限之日|Chris Walley|true|en|false
11:08|1108-002|11:08|“这是我的第一次飞行，”威尔逊说。“从东向西，时间是11:08。我们现在是从左翼摄像头拍摄的，帧率是每秒96帧。正如你所看到的，我的高度正在迅速下降。正前方是目标的主要街道。”|《仙女座病毒》|Michael Crichton|true|en|false
11:08|1108-003|十一点零八分|财务主管站在大厅里，双臂抱胸。当他看到那个胖乎乎的年轻人时，他意味深长地看了一眼钟。十一点零八分。|斯蒂芬·希罗|James Joyce|true|en|false
11:09|1109-000|上午11:09|最后一次是10月12日上午11:09。<br>“他花了整整五个星期，”我说。“但是……”话到嘴边又说不出来。事实上，我害怕如果我张开嘴就会吐出来。|纽约重案组3|James Patterson|true|en|false
11:10|1110-000|十一点十分|她倒车驶出车道，查看交通情况，然后转向高速公路。十一点十分。时间很充裕。<br>当时她是这么想的。|如果它流血|Stephen King|true|en|false
11:10|1110-001|十一点十分|十一点十分，在罗伯特·马修斯六十年代高耸入云的塔楼——女王塔（尽管不太可能有女王住在那里）——扩建部分三楼阿奇·麦克休的房间里。|情感怪异|Kate Atkinson|true|en|false
11:11|1111-000|11:11|他超级G数字运动计时器的液晶显示屏闪烁着11:11，忽明忽暗，忽明忽暗。十一点十一分。十一点十一分。十一点十一分。|冷漠联盟|Richard Scarsbrook|true|en|false
11:12|1112-000|11:12|“11:12，行动开始，行动开始。”<br>詹姆斯迅速溜进了拉曼斯画廊，让-皮埃尔再次从橱窗里取下了萨瑟兰的水彩画《泰晤士河与摆渡人》，换上了一幅梵高的油画，这幅油画堪称伦敦画廊所见过的最精美的梵高作品之一。|一分钱也不多，一分钱也不少|Jeffrey Archer|true|en|false
11:12|1112-001|11:12|11:12 我有个办法，通过当地报纸。村里有个姑娘会来取，连夜熨好，每件衬衫3英镑，然后帮埃迪缝上纽扣。|《不羁女神》|Sophie Kinsella|true|en|false
11:12|1112-002|11:12|我眯着眼看向街对面的银行钟：11:12，87华氏度。<br>“只有一街半的路，而且也没那么热，爸爸。走走对你有好处。” 这番对话让我喘不过气来，仿佛我穿着紧身胸衣。|《一千英亩》|Jane Smiley|true|en|false
11:13|1113-000|十一点十三分|他自己的处境更加绝望，需要一个非常规的办法——不买票就登上十一点十三分的火车。他一路前行，直到到达酿酒区的边缘，然后走进一家小烟草店，买了些烟斗烟丝，并询问了一些问题。|《金枝》|George Gibbs|true|en|false
11:13|1113-001|大约十一点，十一点十五分|我第一次见到他们是在一个星期六的上午，大约十一点，十一点十五分。当时我大概走了三分之二的路程，拐进了他们那条街，注意到一辆1956年的福特轿车停在了院子里，后面跟着一辆敞开的U-Haul大货车。|《我打电话的地方》|Raymond Carver|true|en|false
11:14|1114-000|上午11:14|该报告日期为1966年9月25日星期日上午11:14。内容简短。来电者为Hrk Vanger，称其兄弟的女儿（？）Harriett Ulrika Vanger，生于1960年6月15日，自星期六下午起在赫德利岛的家中失踪。|《龙纹身的女孩》|Stieg Larsson|true|en|false
11:14|1114-001|十一点十四分|他们吃完汉堡后，梅丽莎瞥了一眼手表，那是一块硕大的塑料电子表，看起来像是小孩子的玩意儿。<br>“十一点十四分，”梅丽莎说。“世界末日到来之前，我们还有四十四分钟可以消磨。”|玻璃酒店|Emily St. John Mandel|true|en|false
11:15|1115-000|十一点一刻|杰拉德大厦前的一段路缘石上用喷漆喷涂着“仅限授权停车”。十一点一刻，一辆侧面画着大墨西哥帽的卡车停了下来。墨西哥帽下面写着“何塞美食”。再下面写着“人人都能吃！”人们开始走出大楼，像蚂蚁被糖吸引一样，缓缓走向卡车。|比利·萨默斯|Stephen King|true|en|false
11:15|1115-001|十一点一刻|小木屋孤零零地矗立在一条死寂山谷的尽头。再往上走，只有水库，水库后面是险峻的冰川。十一点一刻，她断定尼克不可能在这种天气里到处乱逛。|回声|Thomas Olde Heuvelt|true|en|false
11:15|1115-002|11:15|您有几天空闲时间吗？我刚接到英格兰西部的电报，是关于博斯科姆谷惨案的。如果您能和我一起去，我将不胜感激。空气和风景都非常棒。11:15之前从帕丁顿出发。|《福尔摩斯探案集》|Sir Arthur Conan Doyle|true|en|false
11:16|1116-000|11点16分|最终，在11点16分，他出现了，并在百家乐赌桌旁坐下。斯蒂芬停止啜饮番茄汁，让-皮埃尔走过去，耐心地在桌边等待坐在哈维左边或右边的人离开。|一分钱也不多，一分钱也不少|Jeffrey Archer|true|en|false
11:17|1117-000|11点17分|当马修爵士走到委托人身后时，他看了看表。11点17分。他知道时间必须精准，因为他不安地意识到，他面对的不仅是一位聪明的女人，更是一位极其狡猾的女人。|以眼还眼|Jeffrey Archer|true|en|false
11:17|1117-001|上午11点17分|第二天上午11点17分，泰德出现在10号门前。副书记员陪他沿着长长的走廊来到一楼，请他在与内阁会议室相邻的小等候区坐下。|擦鞋童|Jeffrey Archer|true|en|false
11:17|1117-002|十一点十七分|穆尼太太从沉思中回过神来，意识到圣乔治教堂的钟声已经停止，便本能地瞥了一眼壁炉架上的小镀金钟。现在是十一点十七分：她有足够的时间和多兰先生把事情说清楚，然后赶上马尔伯勒街的十二点短途列车。她确信自己会赢。|都柏林人|James Joyce|true|en|false
11:18|1118-000|11点18分|现在是11点18分。一排平房呈圆形排列，中间有一丛落叶松。|小号|Jackie Kay|true|en|false
11:19|1119-000|11:19|一声尖锐的汽笛声打断了他的话语。彼得跪下来向窗外望去，富勒小姐怒视着他。波莉低头看了看手表：11:19。火车。但站长说过火车总是晚点。|停顿|Connie Willis|true|en|false
11:20|1120-000|十一点二十分|到了十一点二十分，亚当意识到他不能再冒险在路上被人看到了。他凝视着峡谷下方，意识到现在除了步行别无选择。|荣誉之战|Jeffrey Archer|true|en|false
11:20|1120-001|上午11点20分|9月17日星期五上午11点20分，我的人生彻底改变了。当时我正站在莫斯曼一栋房子的主卧里，盯着那张双人床，琢磨着是用中性色装饰它，还是铺上一条缀满银珠的华丽床罩。这时，我的手机响了，吓了我一跳。|南方红宝石|Belinda Alexandra|true|en|false
11:20|1120-002|11:20|警员记录：11:20接到来自Stones台球厅（场所编号33CBD-Long181）的扰乱治安警报。警员和Aito/379出警。到达现场后发现嫌疑人大声叫喊威胁并有攻击性行为。扫描嫌疑人的SIM卡ID登记信息显示，该嫌疑人近期有犯罪前科，包括之前的公共扰乱治安记录和未成年人犯罪记录。|Moxyland|Lauren Beukes|true|en|false
11:20|1120-003|11点20分|斯威尼指着吧台上方的钟，钟被一只巨大的、冷漠的鳄鱼头标本夹在嘴里。时间是11点20分。|美国众神|Neil Gaiman|true|en|false
11:21|1121-000|十一点二十一分|她又看了看表：十一点二十一分。她第一次感到有些不安。突然，她看到他大步穿过站台朝她走来，身后跟着一个拖着两个箱子的男人，还有一个推着更多行李的搬运工。|直线距离|Jeffrey Archer|true|en|false
11:21|1121-001|十一点二十一分|电梯门上方时钟显示十一点二十一分，乔尔·开罗从街上走了进来。他的额头缠着绷带。他的衣服因为连续穿着太久而显得松垮邋遢。|《马耳他之鹰》|Dashiell Hammett|true|en|false
11:22|1122-000|11:22|菲利克斯·波尔克，16号公路，乡村投递箱12号，昨天上午大约11:22出现在这里，想知道是否有人捡到过他的拇指末端，因为他（引用他的话）“想把它找回来，做成一个钥匙链”。|废品场之犬|Craig Johnson|false|en|false
11:23|1123-000|上午 11:23| 音乐几乎震耳欲聋。她关掉了音乐。她静静地躺着，等待着睡意袭来。现在是上午 11:23。|《黑色走廊》|Michael Moorcock|true|en|false
11:24|1124-000|11:24|11:24，我们感谢了海伦·吉拉德，并请她代我们感谢医生，然后离开房子，走了六十码到沃尔夫家，发现门锁着，就按了门铃，弗里茨接待了我们。|最终推断|Rex Stout|true|en|false
11:25|1125-000|11:25|当天上午11:25，BEA Viscount号客机降落在日内瓦机场，比预定时间晚了几分钟。乘务员建议乘客将手表调快一小时，以适应中欧时间。|荣誉之战|Jeffrey Archer|true|en|false
11:25|1125-001|十一点二十五分|十点十五分，阿莱娜离开了她的约会地点，一两分钟后，帕特里克·雷德芬走了下来，表现出惊讶、恼怒等等。克里斯汀的任务很简单。她藏好自己的手表，在十一点二十五分问琳达几点了。琳达看了看手表，回答说差一刻十二点。|《阳光下的罪恶》|Agatha Christie|true|en|false
11:25|1125-002|上午 11:25|大约上午 11:25，卡塔琳娜·布鲁姆终于被从公寓带走接受讯问，但当局决定不给她戴手铐。|卡塔琳娜·布鲁姆的失落荣誉|Heinrich Böll|true|en|false
11:26|1126-000|上午11:26|一双棕色鞋子出现在他的尿袋下面。“我数了11声铃响。”<br>“现在时间是上午11:26。”<br>“星期几？”<br>“你的伤是昨天发生的。”|风结|John Galligan|true|en|false
11:26|1126-001|上午 11:26|上午 11:26，0xAA289 在其运行的某个节点上遭遇了与连接无关的硬件故障。|图灵异常|William Hertling|true|en|false
11:27|1127-000|11点27分|11点27分，汤姆拐进了萨沃伊广场，看到一排豪华轿车停在酒店外，乘客们正纷纷下车。|小心你的愿望|Jeffrey Archer|true|en|false
11:27|1127-001|上午11:27|这是树扫描的较新的板块之一：1175年4月4日上午11:27|第二家网吧，第二部分：瀑布毁灭者|Chris James|true|en|false
11:28|1128-000|十一点二十八分|从九点二十分到九点二十七分，从十一点二十五分到十一点二十八分，从三点差十分到三点差两分，学校的英雄们齐聚一堂，其奥林匹亚般的笑声令不安地掠过的胆怯小男孩感到敬畏，也让鲁莽地停下来查看告示、声称自己拥有不应得的权利的佝偻高年级学生感到不寒而栗。|险恶街|Compton Mackenzie|true|en|false
11:29|1129-000|11:29|他抬头看了看大厅的钟：11:29。他快步走向电梯，对着镜子检查了一下领带，深吸了一口气。钟敲了两下，电梯门开了，森田先生和他的两位同事走了出来。|小心你的愿望|Jeffrey Archer|true|en|false
11:29|1129-001|上午11点29分|你慢了4分钟。没关系；指出错误就足够了。从现在开始，即10月2日星期三上午11点29分，你为我效力。|环游世界八十天|Jules Verne|true|en|false
11:29|1129-002|距离11:30还有一分钟|距离11:30还有一分钟。他会抽出时间去参观布拉德韦尔圣乔治教堂的纪念碑，但短暂参观之后，他就没有任何理由不开车回伦敦，在新苏格兰场吃午饭了。|原罪|P.D. James|true|en|false
11:30|1130-000|11点半|然而，当他冷冷地告诉男孩们，他们今天下午要上课一整天，而不是通常的8点到11点半时，男孩们的欢笑变成了呻吟。|爱的明谷|Edna Hong|true|en|false
11:30|1130-001|上午 11:30|上午 11:30，查理冲出学校前门，纵身一跃，跃过了全部六级水泥台阶。他飞快地沿着人行道跑去，他的红球喷气机一路拍打着人行道，直到街道。|蓝泉|Peter Rennebohm|true|en|false
11:30|1130-002|上午11:30|那天是星期二——我上半天班——上午11:30接到一个电话。一头母牛子宫外翻。这是乡村诊所里最棘手的活儿，我感到一阵寒意袭来。|《万物生灵》|James Herriot|true|en|false
11:30|1130-003|十一点半|五分钟后，另一辆卡车停在第一辆后面。这辆卡车侧面画着一个咧嘴笑着的卡通男孩，正在狼吞虎咽地吃着双层芝士汉堡。十一点半，当人们排队购买汉堡、薯条、墨西哥卷饼和辣酱玉米饼卷时，一辆热狗车出现了。|比利·萨默斯|Stephen King|true|en|false
11:30|1130-004|11:30|我惊醒过来，没有尖叫，只是喉咙深处发出一声呻吟。我刚才在窗边那张硬塑料椅子上睡着了。门上的钟显示11:30，重症监护室一片寂静。肾上腺素还没完全消退，我踉跄着站了起来。|回声|Thomas Olde Heuvelt|true|en|false
11:30|1130-005|十一点半|就这样，大约十一点半的时候，我发现自己正坐着第五大道公交车前往格林威治村，口袋里装着霍巴特街和布莱克威尔街的地址，那是巴伯太太放在电话旁的一本印有她名字缩写的记事本上的一页纸。|《金翅雀》|Donna Tartt|true|en|false
11:30|1130-006|十一点半|“奇怪的是，”他在十一点半告诉莉维娅，“你似乎是唯一的申请人。或者至少，是唯一到场的人。”|婚礼策划师|Anthony Capella|true|en|false
11:30|1130-007|11点30分|现在是11点30分。这间房间的门已关闭，除紧急情况外，将一直关闭到12点。我奉命通知各位，我们现在已接到战斗命令。|奇点天空|Charles Stross|true|en|false
11:30|1130-008|十一点半|哦，弗兰克——我搞错了！——我以为那座有尖顶的教堂是诸圣堂，正如你所说，我十一点半到门口的时候确实在那里。|远离尘嚣|Thomas Hardy|true|en|false
11:30|1130-009|十一点半|“谢谢，”C.B. 轻声说道；但挂断电话时，他的脸色十分凝重。几分钟后，他不得不告诉约翰，尽管他们在昨晚早些时候冒着如此可怕的危险，但最终还是没能救下克里斯蒂娜。贝多斯在十一点半刚过就弃绝了撒旦。大约十八分钟后，教士又抢先一步做了这件事。|献给魔鬼的女儿|Dennis Wheatley|true|en|false
11:30|1130-010|11:30|这次是久美子。墙上的钟显示11:30。|发条鸟年代记|Haruki Murakami|true|en|false
11:30|1130-011|11:30|今天上午大约11:30，我问她感恩节要不要准备点什么，她看着我，好像根本不知道我在说什么。|邓弗瑞太太，你敢读这个吗？|Margaret Peterson Haddix|true|en|false
11:31|1131-000|11:31|信天翁8号于当地时间11:31飞越帕姆利科湾。其机载程序旨在追踪整个可见地平线上的热接收器，探测视野内的一切目标，并锁定任何符合其捕获参数的信号。|猎杀红色十月|Tom Clancy|true|en|false
11:32|1132-000|十一点三十二分|之后，别忘了，还有弗拉芒无敌舰队，全军覆没，全部官方宣布沉没，就在那美好的清晨，在世界大洪水之后，大约十一点三十二分？在康明霍姆海岸附近。|芬尼根守灵夜|James Joyce|true|en|false
11:33|1133-000|11:33|11:33，一辆线条流畅的奶油色阿斯顿·马丁轿车在门口缓缓停下，莫里斯·肯普-洛尔走了出来。他伸了个懒腰，开车让他有些僵硬，然后瞥了一眼小屋的前面。|神经|Dick Francis|true|en|false
11:34|1134-000|上午 11:34|私家侦探在上午 11:34 与他会合，当时帕丁顿特快列车刚刚驶入坦普尔米兹车站几分钟。米切尔悄悄地在他唯一的客户对面的椅子上坐下，尽管他已经好几个月没收到任何报酬了。|父辈的罪孽|Jeffrey Archer|true|en|false
11:34|1134-001|上午11:34|1995年平安夜，上午11:34。阿尔玛萨第一次轻声细语地问道：“你在跟我说话吗？”仿佛真的在寻求答案。她凝视着火车厕所里那面又小又脏的镜子。|如何平安喜乐，保持公平|Adnan Mahmutovic|true|en|false
11:35|1135-000|十一点三十五分|这正是我梦寐以求的案子。不过，我还是装模作样地查看了一下日程安排，假装在调整一些事情。如果你立刻答应接案，委托人可能会怀疑你另有所图。<br>“幸运的是，我今天下午晚些时候才有空，”我一边说着，一边瞥了一眼手表。现在是十一点三十五分。“如果你不介意的话，现在能带我去你住的那栋楼吗？我想看看你最后一次见到你丈夫的地方。”|盲柳，睡女|Haruki Murakami|true|en|false
11:35|1135-001|上午 11:35|首相的专机于上午 11:35 降落在奥伯魏森费尔德机场。引擎发出呜呜声后熄火。在机舱内，经过三个小时的飞行，寂静本身就是一种噪音。|慕尼黑|Robert Harris|true|en|false
11:35|1135-002|11点35分|11点35分，上校出来了；他面色红润，怒气冲冲地走向电梯。沃莫尔德心想，一个绞刑架上的法官要走了。|《我们在哈瓦那的人》|Graham Greene|true|en|false
11:36|1136-000|11:30到公寓，结果迟到了六分钟|卡林夫人的文学经纪人维尔玛·皮特-考利答应11:30到公寓，结果迟到了六分钟。她刚进门，就明显看出她心情很不好。|原罪|P.D. James|true|en|false
11:36|1136-001|十一点三十六分|我跑上楼，逃离酷热、喧嚣、混乱和嘈杂。我看到床边的收音机闹钟。十一点三十六分。|失去你|Nicci French|true|en|false
11:37|1137-000|十一点三十七分|十一点三十七分，我将全部最终结算款项交给了福瑟吉尔先生，以换取切尔西露台1号的永久产权。|直线距离|Jeffrey Archer|true|en|false
11:37|1137-001|上午 11:37|上午 11:37 接到一个自称是 Jean Garfield 的女士的电话，她是达拉斯 Pan-Con 认证考官 Jim Long 的秘书。她询问如何就 Rayford Steele 在今天上午 Long 的重新认证过程中对其施加的压力，提出宗教骚扰投诉。|苦难之力|Tim LaHaye and Jerry B. Jenkins|true|en|false
11:38|1138-000|11:38|他瞥了一眼手表：11:38。他放下酒杯，跑出了公寓。|时辰已到|Jeffrey Archer|true|en|false
11:38|1138-001|11:38|11:38，她离开办公桌，走向礼堂的侧门，比中午12点早了10分钟到达。|《圆圈》|Dave Eggers|true|en|false
11:39|1139-000|十一点三十九分|“几点了？”雷斯问道。<br>“十一点三十九分，大人。”保镖报告道。<br>“啊，很好。时间还来得及。”他走到房间角落里的一堆枕头旁，我这才意识到，这些枕头散落在一个略微抬高的石台上。|血祭仪式|Jim Butcher|true|en|false
11:39|1139-001|11:39|经过售票处反复询问和查阅时刻表，我终于像任何游客所能期望的那样确信，11:39开往巴黎东站的列车可以免费携带自行车。|法国大革命|Tim Moore|true|en|false
11:40|1140-000|11:40|大约有二十个人在等11:40的火车，凶手和她的女儿沿着站台往前走了大约五十码，独自站在那里，一言不发。|无辜之血|P.D. James|true|en|false
11:40|1140-001|上午11:40|但门锁着，窗户也用铁条重重地封了起来。他又坐了下来，从口袋里掏出日记本。在写着“12月21日，星期六，利物浦”的那一行，他又加上了“第80天，上午11:40”，然后继续等待。|环游世界八十天|Jules Verne|true|en|false
11:40|1140-002|中午前二十分钟|在伊藤的训练期间，他会在玩耍的早晨阅读《妙法莲华经》，而现在他似乎正通过静默冥想来调整自己。突然，船上传来一阵石块敲击声。当时是中午前二十分钟。|围棋大师|Yasunari Kawabata|true|en|false
11:41|1141-000|11:41|吉尔斯转过身，看到院长站在他身边。他鞠了一躬。一定是11:41了。|这是一个人|Jeffrey Archer|true|en|false
11:41|1141-001|11:41|他重新坐回驾驶座后，看了看表：11:41。他觉得几个小时后应该就能到希灵福德了，虽然他知道父亲肯定会在那之前就在车道上来回踱步。|最佳秘密|Jeffrey Archer|true|en|false
11:41|1141-002|十一点四十一分|斯帕尼奥拉深吸一口气，又开始记录。“十一点四十一分：一条大狗在亚马塔医生的阿斯顿·马丁里拉屎。十二点零三分：一条狗吃了两只，没错，是两只，惠廷厄姆太太的暹罗猫。她上周刚失去了丈夫；这件事让她彻底崩溃了。我们不得不把正在打高尔夫的亚马塔医生叫过来，给她注射镇静剂。”|郊狼蓝|Christopher Moore|false|en|false
11:42|1142-000|11.42|前门开了。她的心怦怦直跳。她看了看屏幕右下角的时间。11.42。|楼下的女人|Elisabeth Carpenter|true|en|false
11:42|1142-001|11:42|11:42 我很好。我做得很好。我打开了吸尘器，一切顺利——那是什么？刚才有什么东西进了吸尘器？它为什么发出那种刺耳的摩擦声？我把它弄坏了吗？|《不羁女神》|Sophie Kinsella|true|en|false
11:43|1143-000|十一点四十三分|十一点四十三分。大约四分钟后，艾玛就会死去。|血祭仪式|Jim Butcher|true|en|false
11:43|1143-001|11:43|如果不是因为云层遮挡，一架低空飞行的飞机上的观察员或许能够同时看到这三辆车——斯巴鲁和两辆悍马。时间是美国东部时间11:43，当时总统结束了他的演讲，说道：“上帝保佑你们，我的美国同胞们，上帝保佑美国。”|捕梦网|Stephen King|true|en|false
11:44|1144-000|差十六分十二点|魏斯的手表显示差十六分十二点，而引爆时间设定在正午十二点，这是由一组电子钟和三根独立的控制电缆设定的。但当巨龙拥抱炸弹并收紧爪子时，一切就都结束了。|守住桥梁|Garth Nix|true|en|false
11:45|1145-000|十一点四十五分|已经十一点四十五分了，但我的表妹还没回来。快到午饭时间了，食堂里开始变得拥挤起来。各种各样的声音混杂在一起，像烟雾一样笼罩着整个房间。我又一次陷入了回忆。还有她胸前口袋里的那支小小的金笔。|盲柳，睡女|Haruki Murakami|true|en|false
11:45|1145-001|上午11:45|上午11:45 - 06/05/2014<br>关于周三清晨发生在瓦尔德格拉斯的凶杀案的调查有了更多细节浮出水面。|地下墓穴|Jeremy Bates|true|en|false
11:45|1145-002|差一刻十二点|我等到差一刻十二点，才发现自己身处万灵教堂。但我并不太害怕，因为我想明天也可能如此。|远离尘嚣|Thomas Hardy|true|en|false
11:45|1145-003|差一刻十二点|“我来告诉你时间，”塞普蒂默斯说着，语气缓慢而昏昏欲睡，神秘地笑着。他微笑着看着那个穿着灰色西装的死者，这时，一刻钟敲响了，差一刻十二点。|《达洛维夫人》|Virginia Woolf|true|en|false
11:45|1145-004|上午11:45|我于8月14日星期二从尼斯抵达圣加蒂安。8月16日星期四上午11:45，我被一名便衣警察和一名便衣督察逮捕，并被带到警察局。|间谍墓志铭|Eric Ambler|true|en|false
11:45|1145-005|差一刻十二点|他母亲把横放在壁炉架中央的破旧闹钟扶正，直到表盘显示差一刻十二点，然后又把它放回原处。|青年艺术家画像|James Joyce|true|en|false
11:46|1146-000|十一点四十六分|最先到达现场的是厄斯特马尔姆警局的无线电巡逻车，根据提交的报告，它于十一点四十六分到达并非因为巡逻指挥官有预知能力；他记时间时手表慢了两分钟，考虑到后来发生的事情，这只是一个小错误。|另一个时间，另一种人生|Leif GW Persson|true|en|false
11:47|1147-000|十一点四十七分|因为降临在芝加哥的两起诅咒都是在早上十一点四十七分发生的，昨晚也差不多是这个时间。考虑到时区差异，加州的死亡时间要加上两个小时。诅咒是同时发出的，也就是中午或午夜前十三分钟。|血祭|Jim Butcher|false|en|false
11:47|1147-001|中午差十三分钟|这是一片广袤的平原，空无一人，既无生者，也无亡者；我在一片黯淡无光的天空下走了很久，以至于我无法判断时间（我的手表，像所有军用手表一样设定为柏林时间，经不起游泳的折腾，指针永远指向中午差十三分钟）。|仁慈的女神|Jonathan Littell|true|en|false
11:48|1148-000|十一点四十八分|好吧，你最好跟我回去。他们会非常高兴见到你的。<br>“如果我们快点，就能赶在十一点四十八分到，”他说。“我得改几件事。”|错位的双胞胎|Harry Leon Wilson|true|en|false
11:49|1149-000|上午11:49|里奇在上午11:49之后没有拨打过任何电话。然而，那天下午却有很多来电，但他再也没有回复过。|这么多年过去了|Susan Isaacs|true|en|false
11:50|1150-000|距离中午12点还有十分钟|11:38，她离开办公桌，走向礼堂的侧门，到达时距离中午12点还有十分钟。|《圆圈》|Dave Eggers|true|en|false
11:50|1150-001|十二点差十分|给他东西的那个人递给他一张十先令的钞票，并承诺如果他能在十二点差十分准时送达，就再给他一张。|《约翰尼·韦弗利历险记：赫尔克里·波洛探案集》|Agatha Christie|true|en|false
11:51|1151-000|十二点差九分|第二天，中午十二点差九分，最后一口钟走光停了。随后，它被作为收藏品或博物馆藏品，按照适当的仪式、致辞等，被安置在镇博物馆中。|灯笼与长矛|James Thurber|true|en|false
11:52|1152-000|差八分十二点|他于差八分十二点走回德莱尼街，假装在书店里闲逛。十二点整，蒙蒂叫了邻居一声，一两秒钟后，他穿着牛仔夹克从店后走出来，去了盲乞丐酒吧。|无辜的血|P.D. James|true|en|false
11:52|1152-001|上午11:52|每天，帕蒂·戈斯-辛普森都会带四根鱼条和她的泰坦冷冻午餐盒去学校。每天上午11:52，因为食堂正在装修，帕蒂会把她那难吃的鱼条放进贝茨先生房间后面那台难吃的微波炉里，然后按下那些发出难听哔哔声的按钮。西摩闻到的那股味道，就像脸朝下被按进沼泽里一样。|《云中奇缘》|Anthony Doerr|true|en|false
11:52|1152-002|差八分钟十二点|总之，我们和许多其他人一起飞驰进站，这时大钟指向了差八分钟十二点。“感谢上帝！我们赶上了，”年轻人说，“也谢谢你，我的朋友，还有你的好马。”|黑骏马|Anna Sewell|true|en|false
11:53|1153-000|差七分钟十二点|后来，有观察力的市民回忆说，就在中午前——实际上是差七分钟十二点——一小片云，比那只手还小，匆匆掠过太阳，仿佛害怕停留。|安德森·克劳的女儿|George Barr McCutcheon|true|en|false
11:54|1154-000|差六分钟十二点|他咕咚咕咚喝光了剩下的啤酒，看了看表。差六分钟十二点。|宿醉广场|Patrick Hamilton|true|en|false
11:54|1154-001|距离中午12点还有6分钟|“‘汉会放下那个护盾的，’”艾奇引用道。“‘我们得给他更多时间！’”<br>我笑了，然后用机器人的右手轻敲它左手腕的背面，示意时间。“艾奇说得对。现在距离中午12点还有6分钟。”|头号玩家|Ernest Cline|true|en|false
11:55|1155-000|差五分钟十二点|囚犯们将被允许离开牢房观看英格兰对阵阿根廷的世界杯比赛。差五分钟十二点，牢房门被打开，囚犯们涌出牢房，朝着同一个方向奔去。|《生而囚徒》|Jeffrey Archer|true|en|false
11:55|1155-001|差五分钟十二点|他骑着自行车飞驰而去，大约在差五分钟十二点的时候，看看能不能抓到有人提前去吃晚饭。|《衣衫褴褛的慈善家》|Robert Tressell|true|en|false
11:55|1155-002|上午11:55|那是4月30日上午11:55。|总统班底|Bernstein & Woodward|true|en|false
11:55|1155-003|11:55|你几点到达的？<br>“是11:55。我记得很清楚，因为我们到的时候我碰巧瞥了一眼手表。我们骑自行车到山脚下，尽可能地骑，然后步行爬完了剩下的路程。”|海边的卡夫卡|Haruki Murakami|true|en|false
11:56|1156-000|差四分钟十二点|亚伦边跑边看了看表：差四分钟十二点。他祈祷哈里会迟到。哈里从来不会迟到。|时辰已到|Jeffrey Archer|true|en|false
11:56|1156-001|上午11:56|1985年12月16日上午11:56<br>[金斯米尔斯4B单元。（妈妈让我坐在办公室里，因为她不放心我一个人在家。）]<br>“医生，医生，大家都觉得我是个骗子。”<br>“我很难相信。”|《谎言之书》|Mary Horlock|true|en|false
11:57|1157-000|十二点差三分|“十二点差三分，我将正式欢迎我们的贵宾。我的致辞将持续三分钟，在十二点的第一声钟响时，女王陛下将按照传统，在船体上敲响一瓶香槟，为‘白金汉号’命名。”|小心你的愿望|Jeffrey Archer|true|en|false
11:57|1157-001|离中午只剩三分钟|当离中午只剩三分钟的时候，人们发现那个滑稽的身影原来是一个身材矮小、长相古怪的外国青年。他飞快地从山上下来，很快每个人都看清了他的模样。|《钟楼里的魔鬼》|Edgar Allan Poe|true|en|false
11:57|1157-002|中午前后|中午前后几分钟的日光足以让你发现错误并重新校准时钟——前提是你愿意上去观察。|《宫女：巴洛克组曲》第三部|Neal Stephenson|true|en|false
11:57|1157-003|应该快到十二点了|“现在几点了？”后者停顿了一下后说道。<br>“我也不太清楚，”伊斯顿回答说，“但应该快到十二点了。”|《衣衫褴褛的慈善家》|Robert Tressell|true|en|false
11:58|1158-000|差两分钟十二点|丹尼一边等待无辜的霍尔先生出现，一边翻开《泰晤士报》的商业版查看他的投资情况。差两分钟十二点，马里奥站在他身边。“尼古拉斯先生，您的客人到了。”|《生而囚徒》|Jeffrey Archer|true|en|false
11:58|1158-001|上午11:58|阮耸了耸肩。他指了指仪表盘上的时钟，上面显示着上午11:58。“也许他们正要去吃午饭。”他笑了笑，然后把注意力重新集中到道路和前面的车辆上。<br>诺克嘟囔道：“要是真这样就好了。”|狮心|Ray Keating|true|en|false
11:58|1158-002|上午11点58分|当你走下台阶，时间永远是1958年9月9日上午11点58分。|1963年11月22日|Stephen King|true|en|false
11:58|1158-003|正午钟声敲响前两分钟|正午钟声敲响前两分钟，残暴的男爵站在台上，检阅着中午那场可怕仪式的准备工作。断头台已经摆好——那位可怕的复仇执行者蒙着面，身穿黑衣，手持闪着光芒的长刀，已经准备就绪。男爵用手指试了试刀刃，问那可怕的剑客他的手是否稳固？嗜血之人点了点头。|滑稽剧|William Makepeace Thackeray|true|en|false
11:58|1158-004|快到中午了|他们把我们放上船的时候应该快到中午了，给了我们两桶水和一些船用饼干。|堂吉诃德|Miguel de Cervantes|true|es-ES|false
11:59|1159-000|差一分钟十二点|特里焦急地看着老人。“兰利先生，您还没签任何文件吧？”她看了看表。“现在差一分钟十二点。我还有时间考虑。这是您的支票！”|冒险岛|Bess Moyer|true|en|false
11:59|1159-001|接近十二点|那里有一座很大的落地钟，当指针接近十二点时，我不介意承认我紧张得像只猫。|《约翰尼·韦弗利历险记：赫尔克里·波洛探案集》|Agatha Christie|true|en|false
11:59|1159-002|大约中午|第二天，大约中午时分，一位百夫长率领十名骑兵从南面——也就是耶路撒冷方向——接近拿撒勒。当时的拿撒勒只是一个依山而建的零散村庄，微不足道，唯一的街道不过是一条被牛羊来来往往踩踏得十分明显的路径。|宾虚|Lew Wallace|true|en|false
12:00|1200-000|中午|临近中午，他起身开始给她写信；但他找不到合适的词语，多次放下画笔后，最终决定改为寄一些漂亮的画作给她。|源氏物语|Murasaki Shikibu|true|en|false
12:00|1200-001|正午|就在那里，几乎就在它脚下，如此之近，以至于正午的阳光下，宫殿塔楼的阴影都落在它上面，就是他自己的房子，夹在两堵墙之间，带着一个小院子、两扇低矮的门和一个小水池。|《亲眼所见》|Bo Giertz|true|en|false
12:00|1200-002|中午|那天中午，战船正掠过帕埃斯图姆附近的海面。西风依旧吹拂，船帆鼓胀，令船长十分满意。值班人员已经到位。前甲板上已经摆好了祭坛，撒上了盐和大麦。祭坛前，执事向朱庇特、尼普顿以及所有海洋女神庄严祈祷，并许下誓言，斟满美酒，焚香焚烧。|宾虚|Lew Wallace|true|en|false
12:00|1200-003|正午|一个小时过去了，彼拉多不予理睬，拉比和人群依然聚集。正午时分，西边下起了阵雨，但情况并无变化，只是人群更加拥挤喧闹，愤怒的情绪也更加明显。|宾虚|Lew Wallace|true|en|false
12:00|1200-004|正午|正午时分，单峰骆驼自行停了下来，发出一种格外凄惨的叫声或呻吟，这种叫声是它们抗议负重过重、有时渴望得到关注和休息时发出的。主人随即起身，仿佛从睡梦中醒来。|宾虚|Lew Wallace|true|en|false
12:00|1200-005|中午|今天中午左右，吉姆·皮特打电话到办公室。<br>“听着，皮特，”他开口说道，“你又在搞什么鬼？”<br>我忍不住轻笑出声，面无表情地看着他。<br>“你什么意思，小子？”我对着电话问道。“鬼？什么鬼？你在说什么？”<br>“一枚硬币。一枚硬币。”他有些不耐烦。“你记得你给我寄过一枚硬币吗？”|星光灿烂|Mark Clifton|true|en|false
12:00|1200-006|午餐时间|“猜猜看！”克劳斯一边说着，一边用勺子把扁豆汤喂进冈瑟的嘴里，这是在加沙的午餐时间。“我有幸成为加沙第一个见到法医的人。下午一点整，在希伯伦。”|《爱的光明谷》|Edna Hong|true|en|false
12:00|1200-007|中午|当安娜修女中午把冈瑟带回帕特莫斯岛时，冈瑟对着所有能听到的人大喊：“我会读书了！我会读书了！”|《爱的明亮山谷》|Edna Hong|true|en|false
12:00|1200-008|正午|弗里茨牧师轻声说道：“威利，我的朋友，你正午时分坐在午夜的黑暗中，耶稣基督是你救赎的角，是你黑暗中的光吗？”|爱之明谷|Edna Hong|true|en|false
12:00|1200-009|正午|他们正返回那座沐浴在正午阳光下的城市。阳光浓烈地洒在平原上，斯蒂尔诺山附近的群山隐没在一片蓝灰色的薄雾中。|唯有信仰：万物之心|Bo Giertz|true|en|false
12:00|1200-010|午饭|细小的灰尘钻进我的嘴巴和鼻子，透过我的棉质头巾漏进来。沙砾钻进我的眼角、耳朵，甚至我的头发里。当我们停下来吃午饭时，我感觉自己的血肉之躯仿佛都要变回覆盖着我的灰尘。|一颗坏苹果|Rachel Kovaciny|true|en|false
12:00|1200-011|中午|朱比利问道：“克里斯托弗，你愿意和我们一起吃午饭吗？”<br>“我很想去，但我恐怕中午要在监狱站岗。我最好还是走了。”|隐匿|Rachel Kovaciny|true|en|false
12:00|1200-012|正午|正午时分，阳光透过唱诗班的窗户倾泻而下，教堂正面的窗户也洒下更多阳光，形成一道道白色的光瀑，如同神秘的神圣之流，在教堂各处交汇，最终笼罩了整个祭坛。|玫瑰之名|Umberto Eco|true|en|false
12:00|1200-013|十二点|十二点钟，公共汽车来了，托尔维克站在邮局门口等车。本特松牧师下了车。他身材矮壮，目光炯炯，嘴唇厚实，颇具乡村气息。|上帝之锤|Bo Giertz|true|en|false
12:00|1200-014|十二点|十二点钟的时候，公交车就要开走，送早班邮件了。这是今天寄信的最后机会。他真的不该再拖延申请了。但是，在他确信上帝的旨意之前，他真的敢迈出这一步吗？他再次祈祷。|上帝之锤|Bo Giertz|true|en|false
12:00|1200-015|中午|霍莉努力不去理会母亲的电话——尤其是这通电话——几乎总是带来的头痛。她向母亲保证，是的，她星期天会去帮忙，而且中午之前肯定会到，这样她们一家人就能再吃一顿饭了。|如果它流血|Stephen King|true|en|false
12:00|1200-016|十二点|然后我的医生把我送到这家大医院的精神科医生那里。我预约了十二点，当时我的状态糟透了。|《钟形罩》|Sylvia Plath|true|en|false
12:00|1200-017|中午|她醒来时已是中午，有人在敲门。可能是韦斯特，他回来是因为他忘了东西。（他的内裤从抽屉里不见了，他整齐摆放的袜子，托尼洗过并仔细地叠成对。他带走了一个手提箱。）|《强盗新娘》|Margaret Atwood|true|en|false
12:00|1200-018|十二点|有人搬来一桶水来融雪做砂浆。他们听到有人说已经十二点了。<br>“肯定是十二点了，”舒霍夫宣布道，“太阳都升到头顶了。”<br>“如果真是这样，”上尉反驳道，“那现在才一点，不是十二点。”<br>“你怎么知道的？”舒霍夫惊讶地问道。“老人们都说太阳在午饭时间最高。”<br>“也许他们那个年代是这样！”上尉厉声说道，“但从那以后，就规定太阳一点钟最高了。”<br>“谁规定的？”<br>“苏联政府。”|伊万·杰诺索维奇的一天|Aleksandr Solzhenitsyn|true|en|false
12:00|1200-019|中午|“你把拉小提琴也算作争吵吗？”他焦急地问。<br>“这要看演奏者，”我回答说，“拉得好的小提琴是上天的恩赐——拉得不好的——”<br>“哦，没关系，”他笑着说。“我想我们可以把这件事定下来了——前提是房间你满意。”<br>“我们什么时候去看？”<br>“明天中午叫我，我们一起去把一切都安排好，”他回答说。<br>“好的——正好中午，”我握着他的手说。|血字的研究|Sir Arthur Conan Doyle|true|en|false
12:00|1200-020|正午|漫无目的地闲逛。美好的一天——至少目前为止是这样。布西街热闹非凡，熙熙攘攘。酒吧大开门，路边停满了自行车。所有的肉类和蔬菜市场都生意兴隆。人们抱着用报纸包裹的卡车。至少在上午，这是一个美好的天主教星期天。<br>正午时分，我却空着肚子站在这些蜿蜒小巷的交汇处，空气中弥漫着食物的香气。|北回归线|Henry Miller|true|en|false
12:00|1200-021|中午|“几点了？”他对着钟问。钟低下头，又弹了起来。<br>“中午了。中午了，中午了，中午了……”<br>“闭嘴，”吉米说。钟顿时安静下来。它被设定为对刺耳的声音做出反应。|《羚羊与秧鸡》|Margaret Atwood|true|en|false
12:00|1200-022|十二点|“太好了。华生，你不介意这次出行吗？”<br>“当然不介意。”<br>“那我们俩都去。你自己打算做什么呢？”<br>“既然到了城里，我还有一两件事想做。但我会搭乘十二点的火车回去，这样就能赶上你们了。”|《福尔摩斯探案集》|Sir Arthur Conan Doyle|true|en|false
12:00|1200-023|中午|我中午写下这些。本在楼下看书。他以为我在休息，但即使我很累，我也没有。我没时间了。我必须在忘记之前把它写下来。我必须写日记。|睡前|S.J. Watson|true|en|false
12:00|1200-024|中午|我在心里算了算丹妮尔的数学题。“如果我们十点出发，走四个小时，休息一个小时，再走两个小时，总共七个小时。这样到早上五点就到家了。七个小时后回来，到我们重新回到地面的时候就到中午了。”|地下墓穴|Jeremy Bates|true|en|false
12:00|1200-025|正午|墨丘西奥：“我告诉你，这可一点也不逊色，因为钟面上的指针现在已经指向正午了。”|罗密欧与朱丽叶|William Shakespeare|false|en|false
12:00|1200-026|中午|中午之前，斯坦带她去一家购物中心里的自助洗衣店——他们以前用过这家，两台机器还能用——她洗完衣服后，他看着车，然后用手机付了钱。|《心之所向》|Margaret Atwood|true|en|false
12:00|1200-027|中午|每天中午，从神父唐·贝尔纳多到村里的妓女寡妇埃斯梅拉达，每个人都会停下手中的工作，漫步到佩尔蒂尼家绿树成荫的露台上，在那里，他们像皇室成员一样享用两个小时的美食，品尝用头顶上成熟的葡萄酿造的葡萄酒。|婚礼官|Anthony Capella|true|en|false
12:00|1200-028|十二|这里没人！我坚持道。“是你，林顿太太：你早就知道了。”<br>“是我自己！”她喘着气说，“而且钟已经敲十二下啦！”|呼啸山庄|Emily Brontë|true|en|false
12:00|1200-029|十二|墙上一个廉价的小钟匆匆敲响了十二点，谈话由此开始。|卡拉马佐夫兄弟|Fyodor Dostoyevsky|true|en|false
12:00|1200-030|正午|他拯救了共和国，而它如今就在当下，鲜活地存在于当下的每一个角落。那些在他周围徘徊的面孔变得明亮而模糊，化作清晨运河的潺潺水声，正午阳光下屋顶的轮廓，以及某种傍晚花朵的芬芳。他终于回家了。身后是群山和天空中的睡美人，眼前，如同夕阳下缭绕的烟雾，是整座美丽而挚爱的城市。|《有两个肚脐的女人》|Nick Joaquin|true|en|false
12:00|1200-031|十二点|正好是十二点；大本钟报时十二点；它的钟声飘过伦敦北部；与其他钟声交织在一起，与云雾缭绕的薄雾融为一体，最终消逝在海鸥的鸣叫声中。|《达洛维夫人》|Virginia Woolf|true|en|false
12:00|1200-032|中午|中午时分，家人在厨房准备午餐，他独自一人待了一会儿。天花板上的裂缝越来越大，变成了缝隙。他床的轮子卡住了，陷进了地毯下橡木地板上新出现的裂缝里。地板随时都可能塌陷。|修补匠|Paul Harding|true|en|false
12:00|1200-033|中午|1714年7月20日，星期五中午，秘鲁最精美的桥梁断裂，五名旅行者坠入下方的海湾。|圣路易斯雷桥|Thornton Wilder|true|en|false
12:00|1200-034|正午|正午烈日当空。在四十二街一间通风良好的地下室里，我与盖茨比共进午餐。|《了不起的盖茨比》|F. Scott Fitzgerald|true|en|false
12:00|1200-035|正午|鸟儿四点钟开始鸣叫<br>它们的黎明期<br>如太空般浩瀚的音乐<br>但邻近正午|鸟儿四点钟开始鸣叫|Emily Dickinson|true|en|false
12:00|1200-036|十二|圣诞前夜，正值十二点整。<br>“现在它们都跪下了，”<br>一位长者说道，我们三五成群地坐在炉火旁，<br>在余烬边，惬意无比。<br>我们想象着那些温顺的生灵，<br>它们住在稻草棚里，<br>我们当中没有人想到，<br>它们那时是否真的跪着。<br>如此美好的幻想，<br>在如今的岁月里，很少有人会编织！然而，我感觉，<br>如果有人在圣诞前夜说，<br>“来吧，看看牛跪着的样子，<br>在山谷旁那座孤寂的牛棚里，<br>我们童年时就熟悉那里，”<br>我会和他一起在昏暗中前往，<br>希望它真的是这样。|牛|Thomas Hardy|true|en|false
12:00|1200-037|正午|正午的钟声敲响，所有这些上班族和专业人士像被踩扁的蚁穴一样四散奔逃，涌向各个街道和方向。白色的桥上挤满了轻盈的小点。当你想到每个小点都有一张嘴，正准备享用午餐时，你一定会忍不住大笑起来。|制革匠|Robert Walser|true|en|false
12:00|1200-038|中午|一天，大约中午时分，在我第一次实验一周多之后，我把二十粒大麻揉成药丸吞了下去，一边吞一边说：“这是为了科学的最终测试。”|《大麻食客》|Fitz Hugh Ludlow|false|en|false
12:00|1200-039|正午|“你说什么？城外？”他回答道。“你是不是后脑勺长了眼睛？难道你看不见这些朝我们走来的女士们，她们就像正午的太阳一样耀眼夺目吗？”|堂吉诃德|Miguel de Cervantes|true|es-ES|false
12:00|1200-040|正午|下马，运用你的步法、你的圆圈、你的角度和你的技巧；因为我打算用我现代而粗犷的技艺，让你在正午时分看到星星。|堂吉诃德|Miguel de Cervantes|true|es-ES|false
12:00|1200-041|正午|他告诉我，或许在正午时分，当他走过城里的一条街道时，一位非常美丽的女士从窗户里向他喊话。|堂吉诃德|Miguel de Cervantes|true|es-ES|false
12:01|1201-000|中午12点01分|“总统女士……”弗洛伦蒂娜必须迅速思考，以免被人注意到她对这句话的本能反应。“现在是中午12点01分。”|我们该告诉总统吗？|Jeffrey Archer|true|en|false
12:01|1201-001|十二点零一分|十二点零一分，珀西立正，缓缓升起英国国旗，并宣读了1762年《领土定居法案》规定的原话：“我以女王伊丽莎白二世陛下的名义宣布这片主权领土归女王所有，并向女王陛下宣誓效忠。”|《不外交的外交官》|Jeffrey Archer|true|en|false
12:01|1201-002|12:01|那天是十二月十二日，十二个月。A十二岁。他床头柜上的电子钟/收音机显示12:01。|男孩A|Jonathan Trigell|true|en|false
12:02|1202-000|十二点零两分|十二点零两分，门开了，两个男人走进大厅。一个身材高大，黑色头发梳成五十年代流行的蓬巴杜发型。另一个身材矮小，戴着眼镜。两人都穿着西装。|比利·萨默斯|Stephen King|true|en|false
12:02|1202-001|十二点两分|时间已到十二点两分十五秒。男爵的侍从匆忙抓起一个大酒杯，倒满滚烫的香料酒时，不禁倒吸一口凉气。<br>“过了点，过了点，”他痛苦地呻吟道，“我肯定要拿到男爵答应过我好几次的烧红的铁棍了，哦！唉！要是我之前就把男爵的午饭准备好就好了！”|克伦德尔城堡|Lewis Carroll|true|en|false
12:03|1203-000|中午过后三分钟|现在是中午过后三分钟。百叶窗之前已经拉了下来，似乎切断了时间，也挡住了上午晚些时候阴沉的昏暗光线。|谋杀室|P.D. James|true|en|false
12:03|1203-001|12点03分|12点03分，太阳已经落山。它缓缓西沉，将广场上的鹅卵石和灰泥染成小提琴般绚丽的光晕，如此动人，令人不禁心生怜悯。|意第绪语警察联盟|Michael Chabon|true|en|false
12:04|1204-000|12:04|到了12:04，就可以吃午饭了，所以我小心翼翼地打开一罐烤豆。我在想，如果我割破了手，大喊救命，妈妈会不会醒？|房间|Emma Donoghue|true|en|false
12:04|1204-001|下午12:04|第二天早上我惊醒，一阵恐慌袭来。我猛地从床上跳起来，跌跌撞撞地冲进厨房，看了看微波炉上的时钟：下午12:04|《干涸：回忆录》|Augusten Boroughs|true|en|false
12:04|1204-002|十二点零四分|十二点零四分，弗兰克·麦金托什和保利·洛根身着西装走进大厅。大家纷纷握手。弗兰克的蓬巴杜发型看起来像是刚换过机油。|比利·萨默斯|Stephen King|true|en|false
12:04|1204-003|下午12:04|虽然那时蒂娜的办公桌时钟显示已经是下午12:04了，但我总是很感动，因为秘书们在经历了一上午的重复之后，仍然会在下午的一个小时左右继续说着“早上好”，就像人们常常在二月份还把日期和去年的日期联系在一起一样；有时她们意识到自己犯了错，于是开始用“今天不是我该工作的日子”或“我脑子里在想什么？”之类的借口来逃避；但从某种意义上说，她们是对的，因为办公室里真正的下午氛围要到快两点才会到来。|夹层|Nicholson Baker|true|en|false
12:05|1205-000|十二点零五分|我不可能犯下这桩罪行。宝琳·斯泰西是在十二点零五分从这层楼摔到地上的。一百个人会出庭作证，说我从正午将至一刻钟——我通常公开祈祷的时间——一直站在楼上自己房间的阳台上。|《阿波罗之眼》|G.K. Chesterton|true|en|false
12:06|1206-000|中午前后|中午前后几分钟的日光足以让你发现错误并重新校准时钟——前提是你愿意上去观察。|《宫女：巴洛克组曲》第三部|Neal Stephenson|true|en|false
12:06|1206-001|下午12:06|但我可以告诉你：昨天下午12:06在罗特菲尔德购物中心确认发现僵尸。地点：In-Between Burger。对象：青少年男性，浅棕色头发，蓝色眼睛。|僵尸运动会|Nadia Higgins|true|en|false
12:07|1207-000|12点过七分|星期一，西蒙·赫希会在中午12点过七分摔断腿，撒旦前一天刚告诉我们这件事，塞皮就跑来跟我打赌说这事不会发生，很快他们也兴奋起来，跑来跟我打赌了。|《少年撒旦编年史》|Mark Twain|true|en|false
12:08|1208-000|12:08|当华盛顿特区的时钟敲响正午时分，费城时间是12:08，纽约时间是12:12，波士顿时间是12:24。|《八十天》|Matthew Goodman|true|en|false
12:09|1209-000|12.09|2069年6月6日 GMT 12.09 信息序列 2.<br>星际滑翔者致地球：你推断参与宗教活动的三个五级文明都实行双亲繁殖，并且幼崽在生命的大部分时间里都生活在家庭群体中，这是正确的。你是如何得出这个结论的？|天堂之泉|Arthur C. Clarke|true|en|false
12:10|1210-000|十二点十分|一个孩子说现在是十二点十分，贡达已经迟到了。另一个孩子说，也许是下雨耽误了他。还有一个孩子说，不，不是下雨，他的导演要从好莱坞坐飞机过来。|《以诺与大猩猩》|Flannery O’Connor|true|en|false
12:10|1210-001|中午12点10分|我把装满脏抹布和龟牌车蜡的篮子藏在游戏厅出口附近。当时是中午12点10分，但我此刻并不想吃东西。我沿着轨道慢慢地走进了恐怖屋。|欢乐园|Stephen King|true|en|false
12:10|1210-002|中午到达，十分钟后|杜马斯夫人中午到达，十分钟后，特劳斯把他的ATM卡递给她，并指示她去谢里丹广场附近的街角花旗银行，把他的储蓄账户里的四万美元转到他的支票账户。|神谕之夜|Paul Auster|true|en|false
12:10|1210-003|十二点十分|他们只付了一间房的钱，还让爱因斯坦和他们住在一起，因为他们不需要隐私来做爱。筋疲力尽的特拉维斯勉强吻了诺拉一下就沉沉睡去。他梦见了一些长着黄色眼睛、畸形脑袋和满是鲨鱼牙齿的鳄鱼嘴的东西。五个小时后，星期四下午十二点十分，他醒了过来。|守望者|Dean Koontz|true|en|false
12:11|1211-000|12:11|她必须尽快离开接待处，回房间换衣服。12:11时会再次停电，届时她要走外面的楼梯到一楼，在出口处等候布罗德莫尔医院的餐饮车。|飞地|Karen Hancock|true|en|false
12:11|1211-001|12:11|12:11，有人敲门。A 听出来是 Terry。他认识 Terry 的时间不长，但 Terry 的敲门声与其他员工不同，显得更加平静、更有耐心。他敲门是出于真诚的礼貌，而非形式主义。<br>“进来吧，”A 说，尽管门锁在另一边。Terry 走了进来。<br>“是你妈妈，”他说。“这件事很难启齿。”尽管他刚才已经用了最简单的方式，因为 A 现在明白了后面的意思。A 的表情僵住了，他努力理解，努力消化这个消息。然后他的表情崩溃了，当他思考这突如其来的打击时，眼泪夺眶而出。|男孩 A|Jonathan Trigell|true|en|false
12:12|1212-000|12点12分|大约在12点12分，当卡丽埃塔·怀特从卡林街的第一公理会教堂出来时，你是否在卡林街？|凯莉|Stephen King|true|en|false
12:12|1212-001|12:12|那天是十二月十二日，十二个月。A十二岁。他床头柜上的电子钟/收音机显示12:01。A正等着它显示12:12，他希望那一刻能带来某种宇宙般的正确感。|男孩A|Jonathan Trigell|true|en|false
12:13|1213-000|12:13|现在是12:13，可以吃午饭了。我最喜欢祷告词里关于每日所需食物的部分。我管玩耍，但妈妈管吃饭，比如她不让我们早午晚都吃麦片，怕我们生病，而且那样麦片也消耗得太快了。|房间|Emma Donoghue|true|en|false
12:14|1214-000|十二点十四分|她于十二点十四分从伦敦帕丁顿车站出发，两点五十分到达布里斯托尔（她需要在那里换乘）。|《普利茅斯快车》|Agatha Christie|true|en|false
12:15|1215-000|十二点一刻|我不可能犯下这桩罪行。宝琳·斯泰西是在十二点零五分从这层楼摔到地上的。一百个人会出庭作证，说我从正午敲响之前一直到十二点一刻——我通常公开祈祷的时间——一直站在楼上自己房间的阳台上。|《阿波罗之眼》|G.K. Chesterton|true|en|false
12:15|1215-001|十二点一刻|“很好，亲爱的，”她说。“我搭了10点20分的火车去伊斯特诺，如果你想去那里，这趟火车还不错。我十二点一刻到的，直接去了房子——你当然没见过那房子吧？它非常迷人——告诉管家我想见福特先生，有事要办。我事先打听过他不在那里。他在德罗伊特维奇。”|《小金块》|P.G. Wodehouse|true|en|false
12:15|1215-002|12点15分|我该想些什么才能感到轻松愉悦呢？晚上打开窗户看看星星的时候，我就有这种感觉了。可惜现在是12点15分，阴沉沉的，飞机还在起降。|作家日记：弗吉尼亚·伍尔夫日记摘录|Virginia Woolf|true|en|false
12:16|1216-000|12:16|12:16，格洛丽小姐端出了食物。我花了一周时间才弄明白沙拉盘、面包盘和甜点盘的区别。|《我知道笼中鸟为何歌唱》|Maya Angelou|true|en|false
12:17|1217-000|十二点十七分|卡瓦为自己和爱人点了两杯咖啡和一些蛋糕。当两人离开时，正好是十二点十七分，俱乐部里顿时热闹起来。|范维尔德·卡瓦|Isaac Bashevis Singer|true|en|false
12:17|1217-001|下午12:17|下午12:17，一辆S线公交车，长10米，宽3米，高6米，距离起点3公里600米，车上载有48人，时间为下午12:17。一名27岁3个月零8天的男性，身高1米72，体重65公斤，戴着一顶高35厘米的帽子，帽顶系着一条60厘米长的丝带。|风格练习|Raymon Queneau|true|en|false
12:18|1218-000|下午12:18|4月6日，星期一<br>下午12:18<br>“嘿，怎么样？”艾莉一进门，詹妮弗就问道。<br>她自己也不确定答案。这份工作一开始看起来很有趣，但现在她觉得，在巴特利特家工作的人际关系，甚至在她开始工作之前就已经是个问题了。|综合症|Thomas Hoover|true|en|false
12:19|1219-000|下午12:19|据信她昨晚没有在床上睡觉。由于桥梁被封锁，她无法离开岛屿。所有家庭成员都不知道HV的下落。下午12:19：G.M.接到电话，了解了情况。|《龙纹身的女孩》|Stieg Larsson|true|en|false
12:20|1220-000|下午12:20|已经是下午12:20了，尽管他已经明确指示费舍尔会议结束后立即打电话，但他仍然没有收到费舍尔的任何消息。|小心你的愿望|Jeffrey Archer|true|en|false
12:20|1220-001|下午12:20|他慢慢啜饮着，点燃了一支罗密欧与朱丽叶丘吉尔香烟，这是意大利移民每月一次从古巴偷运给他的，每次两百五十支。他靠在椅背上，准备小酌庆祝。在马萨诸塞州波士顿，现在是下午12:20——快到午饭时间了。|一分不多，一分不少|Jeffrey Archer|true|en|false
12:20|1220-002|十二点二十分|十二点二十分，他起身，果断地封好那个棕色大信封，穿上雨衣，走向村子。他双手插进口袋，迈着大步。|上帝之锤|Bo Giertz|true|en|false
12:20|1220-003|十二点二十|“但是等他爬到山顶的时候，那女人的尸体基本上已经被苍蝇吃光了，对吧？”我的朋友说。<br>“某种意义上来说是这样，”他的女朋友回答。<br>“某种意义上来说，被苍蝇吃光，这的确是个悲伤的故事，不是吗？”我的朋友说。<br>“嗯，我想是的，”她想了想后说。“你怎么看？”她问我。<br>“听起来像个悲伤的故事，”我回答。<br>我表弟十二点二十分回来了。|盲柳，睡女|Haruki Murakami|false|en|false
12:20|1220-004|十二点二十分|下午十二点二十分，文斯坐在那家餐厅靠窗的一张藤椅上，椅子上铺着舒适的黄绿色坐垫。他一进门就看到了海恩斯。医生坐在另一张靠窗的桌子旁，离文斯有三个座位，被一盆棕榈树遮挡了一半。海恩斯正和一个金发碧眼的美女吃虾、喝玛格丽塔。她穿着白色长裤和一件色彩鲜艳的条纹露脐上衣，餐厅里一半的男人都在盯着她看。|观察者|Dean Koontz|true|en|false
12:20|1220-005|12:20|现在是纽约时间12:20，星期五，巴士底日三天后，没错，那是1959年。我去擦鞋，因为我将在7:15从伊斯特汉普顿的4:19火车下车，然后直接去吃晚饭，但我不知道谁会招待我。|《女士去世的那一天》|Frank O’Hara|true|en|false
12:21|1221-000|12:21 GMT|12:21 GMT<br>“还有什么问题吗？”杰基结束简报后问道。<br>一只手举了起来。“两支队伍中哪一支更有可能被需要？”|无所畏惧|Jeffrey Archer|true|en|false
12:21|1221-001|十二点二十一分|杰克，想想办法。求你了！十二点二十一分。|1963年11月22日|Stephen King|true|en|false
12:22|1222-000|十二点二十二分|十二点二十二分，我们离开了这片令人愉悦的地方，离我们的心愿还太早。朝圣者们习惯于在约旦河沐浴。|1850年和1851年环游死海和圣经之地的游记|Félicien de Saulcy|true|en|false
12:23|1223-000|12:23|她意识到，和一个两年没见的男人睡在同一张床上，感觉实在太奇怪了。<br>她看了看电子闹钟上的时间。12:23。|午夜图书馆|Matt Haig|true|en|false
12:23|1223-001|下午12:23|那天下午12:23开往尚佩雷门方向的S线巴士几点到达？<br>“下午12:38。”<br>“上述S线巴士上人多吗？”<br>“人山人海。”<br>“你有没有特别注意到其中的某个人？”<br>“一个脖子很长，帽子上扎着辫子的人。”|风格练习|Raymon Queneau|true|en|false
12:24|1224-000|12:24|12:24 我的腿疼得厉害。我跪在硬瓷砖上清洁浴缸，感觉已经好几个小时了。瓷砖硌得我膝盖生疼，汗流浃背，清洁剂的味道呛得我直咳嗽。我只想休息一下。但我一刻也不能停。我落后太多了。|《不羁女神》|Sophie Kinsella|true|en|false
12:25|1225-000|12:25|过了一会儿，现实重新袭来，她意识到自己并非产生了幻觉，而是在做梦。桌上的钟显示12:55。他们的十分钟疗程是从12:25开始的，所以显然她还有二十分钟需要解释。|飞地|Karen Hancock|true|en|false
12:25|1225-001|十二点二十五分|约瑟芬·法伦的律师是厄克特、温布什和波特韦律师事务所的亨利·厄克特先生。达格利什与他约好下午十二点二十五分见面，他觉得这个时间安排很不合时宜，暗示律师的每一分钟都很宝贵，而且他只愿意在午饭前抽出半个小时来应付警察。|夜莺的裹尸布|P.D. James|true|en|false
12:25|1225-002|12点25分|孩子们，现在就做。上帝的时间是12点25分。|尤利西斯|James Joyce|true|en|false
12:25|1225-003|下午12:25|下午12:25。26. 27. 比利每次扑救成功，看起来都心碎不已。|《恶棍的红隼》|Barry Hines|true|en|false
12:26|1226-000|下午12:26|下午12:26<br>“我，弗洛伦蒂娜·凯恩，郑重宣誓……”<br>“我，弗洛伦蒂娜·凯恩，郑重宣誓……”|我们该告诉总统吗？|Jeffrey Archer|true|en|false
12:26|1226-001|26|下午12:25。26. 27. 比利每次扑救成功，看起来都心碎不已。|《恶棍的红隼》|Barry Hines|true|en|false
12:27|1227-000|27|下午12:25。26. 27. 比利每次扑救成功，看起来都心碎不已。|《恶棍的红隼》|Barry Hines|true|en|false
12:27|1227-001|十二点二十七分|三十年来，时间仿佛凝固在了十二点二十七分。据说，指针停在了科克伦·奥康纳父亲去世的那一刻。这或许是真的。|边界水域|William Kent Krueger|true|en|false
12:28|1228-000|12.28|“喝杯提神咖啡”挂钟显示12.28。|1963年11月22日|Stephen King|true|en|false
12:29|1229-000|十二点二十九分|“几点了？”小不点问道。<br>车站工作人员掏出他那块硕大的银色怀表，仔细看了看，然后宣布：“十二点二十九分。”<br>“十二点过！”小不点重复道，“不可能吧。”|《刀印》|Clayton H. Ernst|true|en|false
12:30|1230-000|十二点半|十二点半到了；火鸡开始脸涨得通红，掀翻了墨水瓶，变得吵闹不休；尼珀斯安静下来，彬彬有礼；姜饼人津津有味地吃着他的午苹果；巴特比仍然站在窗前，陷入了他最深刻的沉思之一。|抄写员巴特比|Herman Melville|true|en|false
12:30|1230-001|十二点半|你肯定不信，（在西班牙）每顿饭都迟到两个小时——两个小时，芬妮——（我们今天十二点半吃午饭可以吗？）|寒冷气候下的爱情|Nancy Mitford|true|en|false
12:30|1230-002|下午12:30|下午12:30 午餐|深夜小狗神秘事件|Mark Haddon|true|en|false
12:30|1230-003|十二点半|十二点半，凯瑟琳对天气的焦急关注终于结束，她也不再指望天气好转了，这时天空开始自发地放晴。一缕阳光让她惊喜不已；她环顾四周，云层正在散开，她立刻回到窗边，守候着这美好的景象，并期待着它继续下去。又过了十分钟，可以确定下午会是个晴朗的好天气，这也印证了艾伦太太的看法，她“一直觉得天气会放晴”。|诺桑觉寺|Jane Austen|true|en|false
12:30|1230-004|下午12:30|星期二，下午12:30……加州贝克……现在喝着巴兰坦啤酒，像个行尸走肉般醉醺醺的，又紧张又焦虑。这种感觉我太熟悉了：连续三四天喝酒、嗑药、晒太阳、不睡觉，肾上腺素也消耗殆尽——一种头晕目眩、颤抖的兴奋感，预示着崩溃即将到来。但什么时候？还要多久？|《拉斯维加斯的恐惧与厌恶》|Hunter S. Thompson|false|en|false
12:31|1231-000|下午12:31|欢迎来到德克萨斯州。室外温度91华氏度，无风。时间是下午12:31。希望您旅途愉快，感谢您选择美国航空公司。|黑暗迷恋|William B. Lyons|true|en|false
12:32|1232-000|12:32|他仔细地记下了壁炉上方挂钟的时间，并记录在笔记本上。“12:32 Courtney-Brigs 先生报告温彻斯特路小路上有一棵倒下的树。”|夜莺的裹尸布|P.D. James|true|en|false
12:32|1232-001|12:32|12:30 这瓶漂白剂怎么了？喷嘴到底朝哪个方向？我困惑地转动着它，盯着塑料上的箭头……为什么什么都挤不出来？好吧，我要用力挤压——差点戳到我的眼睛。12:32 操！我的头发怎么了？|《不羁女神》|Sophie Kinsella|false|en|false
12:32|1232-002|十二点三十二分|一位名叫博伊德-博伊德、爱嚼酸辣酱的准将，在十二点三十二分与霍恩伯勒车站的奥克斯特德通了电话。他要去送货。|精彩短篇小说集|Stacy Aumonier|true|en|false
12:33|1233-000|十二点三十三分|斯蒂芬·马克斯直视着他的眼睛，几乎漫不经心地说：“我的手表显示是十二点三十三分。”|遮住她的脸|P.D. James|true|en|false
12:33|1233-001|12点33分|现在是12点33分，我可以做到，车站就在那条岔路尽头。|五条红鲱鱼|Dorothy L. Sayers|true|en|false
12:34|1234-000|下午12:34|下午12:34<br>“W.B.，我们遇到麻烦了，”卡尔·范德弗利特对着麦克风说道。他当时正在自己的私人办公室里，用加密的视频电话通话。“克里斯汀的母亲在中午前带着一把手枪出现，质问她女儿在哪里。”|综合症|Thomas Hoover|false|en|false
12:35|1235-000|十二点三十五分|“很遗憾，您错过了清晨飞往罗马的航班。不过，我们已经帮您预订了十二点三十五分的航班，而且航空公司已经为您升舱到商务舱。会有一辆豪华轿车在外面等候，送您回机场。”<br>“当然会，”贝丝说。<br>“请问，夫人？”|隐藏在众目睽睽之下|Jeffrey Archer|true|en|false
12:35|1235-001|十二点三十五分|正如阿普索普注定要提前晋升一样，特里默注定要蒙羞。那天早上，他准时出现在命令规定的时间。其他人都等了五分钟，就在特里默出现的时候，科克军士长喊出了点名。所以，解散的时间是十二点三十五分。|《卫兵》|Evelyn Waugh|true|en|false
12:36|1236-000|12:36 CET|12:36 CET<br>船靠岸后，威廉和蒙蒂倚在栏杆上，看着格兰特拖着棺材走下舷梯。他紧紧抱着棺材，爬进一辆等候的汽车后座。|无所畏惧|Jeffrey Archer|true|en|false
12:36|1236-001|12点36分|她要镇定自若地走上这段令人惊叹的楼梯，走进这栋大楼。她要在那里找到泰勒，因为现在已经是12点36分30秒了，他在短信里告诉她要准时。|纽约情人节|Carmen Reid|true|en|false
12:37|1237-000|12点37分|杰森穿着蓝色牛仔裤、棒球帽和一件深色破旧的V领毛衣，在12点37分到达了旧工厂的大门。他掏出一包高卢香烟，靠在墙上，用火柴点燃了一根，故意让火焰停留了一会儿才吹灭。|谍影重重3|Robert Ludlum|true|en|false
12:38|1238-000|下午12:38|那天下午12:23开往尚佩雷门方向的S线巴士几点到达？<br>“下午12:38。”<br>“上述S线巴士上人多吗？”<br>“人山人海。”<br>“你有没有特别注意到其中的某个人？”<br>“一个脖子很长，帽子上扎着辫子的人。”|风格练习|Raymon Queneau|true|en|false
12:39|1239-000|十二点三十九分|接下来，他想起圣诞节的第二天是农历二十七日，因此，涨潮时间为三点二十一分，退潮时间为七点一刻，退潮时间为九点三十三分，涨潮时间为十二点三十九分。|《海上的劳动者》|Victor Hugo|true|en|false
12:40|1240-000|下午12:40|安妮上班总是准时，下午12:40，她从皮卡迪利大街那头出现。|一分钱也不多，一分钱也不少|Jeffrey Archer|true|en|false
12:40|1240-001|12:40|“我已从技工妇女机构收到您的姓名和推荐信。据我了解，他们认识您本人。我将乐意支付您要求的薪水，并希望您于8月8日到岗。火车是12:40从帕丁顿出发，您将在奥克布里奇车站与人接应。随信附上五英镑的钞票，供您报销。”|《无人生还》|Agatha Christie|true|en|false
12:40|1240-002|还有二十分钟就到一点|外走廊里一个小小的鎏金钟显示还有二十分钟就到一点。车子一点十五分到。三十五分钟：哦，多么希望能够逃离这短暂的时光！|精彩短篇小说集|Stacy Aumonier|true|en|false
12:41|1241-000|12:41|12:41，当选总统塔克夫妇终于登上了他们的豪华轿车。他指示我与费利合作，准备一份解释延误原因的演讲稿插页。|白宫乱局|Christopher Buckley|true|en|false
12:42|1242-000|差18分钟|烟头在她指间渐渐发热；现在，灼热的烟头刺痛着她的皮肤。她掐灭香烟，站起身，拂去黑色裙子上的烟灰。差18分钟1点。她走到家里的电话旁，拨通了他房间的电话。电话响了又响，但无人接听。|玛乔丽·莫宁斯塔|Herman Wouk|true|en|false
12:43|1243-000|十二点四十三分|“你说你五分钟前死了？”他问。他的目光落在手腕上的手表上。“十二点四十三分，”他在吸墨纸上写道。|《黑麦口袋》|Agatha Christie|true|en|false
12:44|1244-000|还有十六分钟就到一点|几分钟后，他们正穿过亚利桑那运河上的桥。马特掏出他那块旧银表。<br>“还有十六分钟就到一点，”他兴奋地宣布，“我们已经走了十五英里了。”|《摩托马特的百英里之旅》|Stanley R. Matthews|true|en|false
12:45|1245-000|下午12:45|星期五下午12:45，大卫抵达雅典娜神庙，这是一座位于帕尔马尔街拐角处的巨大白色建筑，约克公爵的雕像矗立其上。|一分钱也不多，一分钱也不少|Jeffrey Archer|true|en|false
12:45|1245-001|差一刻一点|那个星期天是缅因州如画般的夏日：晴朗、明媚、温暖。差一刻一点，露丝·麦考斯兰穿着一件漂亮的蓝色夏日连衣裙，最后一次离开了家。|《汤米诺克》|Stephen King|true|en|false
12:45|1245-002|12:45|男孩递交了一份文件。教授再次关上门，看了看方向后，又打开门大声读道：“留意D。他刚刚，12:45，从卡法克斯匆匆赶来，然后迅速向南行进。他似乎正在四处走动，可能想见你：米娜。”|德古拉|Bram Stoker|true|en|false
12:45|1245-003|差一刻一点|因为下着雨，因为她心情低落，又因为罗比到差一刻一点还没来，伊丽莎白在餐厅里等罗比的时候，给自己点了一杯马提尼。她不舒服地坐在餐厅里一张窄椅子上，看着其他一些毫不起眼的人进进出出。|《抽奖，或詹姆斯·哈里斯的冒险》|Shirley Jackson|true|en|false
12:46|1246-000|下午12:46|于是，1955年1月9日下午12:46，一个奄奄一息的世界从它的外星刺客手中夺走了第一滴血。|别慌！|Geoff St. Reynard|false|en|false
12:46|1246-001|十二点四十六分|“星期一。他获准缩短上午的工作时间。我猜他会在十二点四十六分上班。”<br>“那太晚了，”哈尔愤愤不平地说。“天哪，真糟糕！我不明白他为什么不提前通知大家他要去上班。”|《赢得比赛的戏剧》|Ralph Henry Barbour|true|en|false
12:46|1246-002|大约差一刻一点|现在大约差一刻一点。阳光无法透过右侧的窗户照进房间。外面天气晴朗，但越来越闷热，空气中弥漫着淡淡的薄雾，柔化了刺眼的阳光。|长夜漫漫路迢迢|Eugene O’Neill|true|en|false
12:47|1247-000|十二点四十七分|十二点四十七分，他们到达了浮标，浮标完好无损，而且肯定没有移动太多。|《绕月而行》|Jules Verne|true|en|false
12:48|1248-000|12点48分|我们刚离开高尔夫球场，他就开口说道——在此之前，我们俩都一句话也没说——“如果你要坐12点48分的火车，我会送你。”|《同一面旗帜下》|Richard Marsh|true|en|false
12:49|1249-000|12:49|克雷费尔德空袭的第一位遇难者于英国夏令时 12:49 在 B 飞行队阵亡，但这并非由于疏忽大意。|轰炸机|Len Deighton|true|en|false
12:50|1250-000|12:50|他看了看表：12:50。他们还有足够的时间到达山顶，并在最后一缕阳光消失之前回到他们的小帐篷里。|《光荣之路》|Jeffrey Archer|true|en|false
12:50|1250-001|12:50|“今天从孟买起飞有两班航班，都是印度航空的。”她低头看了看记事本。“一班是40分钟后，也就是12:50，所以你肯定来不及赶到机场，还有一班——”|时辰已到|Jeffrey Archer|true|en|false
12:50|1250-002|差十分钟一点|差十分钟一点，雾气完全消散，黑人男孩们告诉Acutes公司清空场地，准备开会。所有的桌子都被从活动室搬到走廊对面的浴室——麦克墨菲说，腾出场地，好像我们本来打算跳个舞似的。|飞越疯人院|Ken Kesey|false|en|false
12:50|1250-003|差十分钟一点|于是伯特被派到屋顶去看从那里可以看到的教堂钟，他下来后报告说差十分钟一点。|《衣衫褴褛的慈善家》|Robert Tressell|true|en|false
12:51|1251-000|12:51|12:51，詹姆斯·伯迪克再次出现在广播中。交换物资很快就会到达，我们需要您允许飞机降落。扎德同意了。|眼镜蛇宣言|Adam Hall|true|en|false
12:52|1252-000|12点52分|康苏埃拉站在人行道上看了看表。现在是12点52分，她不得不接受这个毫无收获的上午。|半价优惠|Jeffrey Archer|true|en|false
12:52|1252-001|12点52分|夜总会矗立在路口，华丽而静谧。时间是12点52分。|离开的梦想|Rupert Thomson|true|en|false
12:53|1253-000|12:53|大约十二英里。我们应该在平莫尔超过她。她应该在12:53到达那里。|五条红鲱鱼|Dorothy L. Sayers|true|en|false
12:54|1254-000|下午12:54|我倾听着不同船只的汽笛声，希望能分辨出是什么类型的船，以及这信号的含义：这艘船是要离开港口还是进入港口？是渡轮、观鲸船还是渔船？下午5:33，传来两声深沉而悠扬的汽笛声，相隔一个大三度。另一天，下午12:54也传来同样的汽笛声。还有一天，正好是早上8:00。|各种干扰|Lydia Davis|true|en|false
12:55|1255-000|差五分钟一点|家里，厨房的钟滴答作响。她打开雪球，看了看时间。没有本尼，房子显得格外安静空荡。钟显示差五分钟一点。技术人员还有一个小时才到。她把雪球拿到客厅。她要把它放在电脑旁边，当作护身符，让自己保持冷静和专注。|《形与空之书》|Ruth Ozeki|true|en|false
12:55|1255-001|差五分钟到一点|差五分钟到一点，节目主持人从温暖的帐篷里走了出来，观众们报以热烈的掌声。她身穿一件紫红色外套，内搭黑色高领毛衣，下身是及膝裙、黑色紧身裤和过膝长靴。|来自天堂的第一通电话|Mitch Albom|true|en|false
12:55|1255-002|差五分钟到一点|督察瞥了一眼钟。差五分钟到一点。忙碌的早晨。|一具尸体|Ngaio Marsh|true|en|false
12:55|1255-003|差五分钟到一点|但当库里在差五分钟到一点时起身介绍第三项议题时，大家的兴趣突然重新燃起。这项议题名为“纠正初级研究员津贴的异常情况”。|那可怕的力量|C.S. Lewis|true|en|false
12:56|1256-000|差四分钟一点|他暗暗发誓，如果到一点钟之前没人理他，他就走。他看着那根精致的分针从五分钟跳到差四分钟一点。|夏普的复仇|Bernard Cornwell|true|en|false
12:57|1257-000|下午12:57|4月6日，星期一<br>下午12:57<br>斯通·艾姆斯正穿梭于网络空间，游走于美国国立卫生研究院庞大的数据页面之间。由于杰雷克斯公司对其临床试验结果严加保密，他试图绕过这一限制。|综合症|Thomas Hoover|true|en|false
12:58|1258-000|差两分一点|差两分一点，查理·邓肯穿着敞领衬衫，叼着烟走进棕榈庭院餐厅——活脱脱就是H·M·贝特曼的漫画人物。|《出生囚徒》|Jeffrey Archer|true|en|false
12:58|1258-001|下午12:58|我手腕上的手表显示下午12:58。我还有时间去太平间。|魔法小食|Ilona Andrews|true|en|false
12:59|1259-000|下午12:59|我们需要圣灵。将临期将至。我们翘首以盼。请帮助我们。阿门。<br>斯蒂芬看了看时间。是下午12:59。|宗教自由的将临期|Ray Keating|true|en|false
12:59|1259-001|下午12:59|下午12:59<br>布拉克错过了晨练和第一顿午餐，感觉血糖像断崖式下跌，即使离“灰泥宫”餐厅只有半个街区，她都能闻到烤火鸡的香味。|大中西部厨房|J. Ryan Stradal|false|en|false
12:59|1259-002|下午12:59|自从火车下午12:59启动以来，我就一直在看表。|深夜小狗神秘事件|Mark Haddon|true|en|false
13:00|1300-000|一点钟|“来吧，”魔法师说。“对阿斯兰来说，所有时间都很快，但在我的家里，所有饥饿的时间都是一点钟。”|《黎明踏浪号》|C.S. Lewis|true|en|false
13:00|1300-001|一点整|“猜猜看！”克劳斯一边说着，一边在加沙的午餐时间用勺子把扁豆汤喂进冈瑟的嘴里。“我有幸成为加沙第一个见到法医的人。一点整，在希伯伦。”|爱的明谷|Edna Hong|true|en|false
13:00|1300-002|一点钟|明天一点钟安德斯会带着雪橇来，然后你们两个要按照名单挨家挨户送礼物，并在每个地方留下一个篮子。|上帝之锤|Bo Giertz|true|en|false
13:00|1300-003|一点钟|他一点钟就停笔了。他写了两页，但那种感觉越来越强烈，他觉得自己又变回了三年前那个差点烧毁自己房子的神经质男人。|《如果它流血》|Stephen King|true|en|false
13:00|1300-004|一点钟|有人搬来一桶雪来融化做砂浆。他们听到有人说已经十二点了。<br>“肯定是十二点了，”舒霍夫宣布道。“太阳都升到头顶了。”<br>“如果真是这样，”上尉反驳道，“那现在才一点钟，不是十二点。”<br>“你怎么知道的？”舒霍夫惊讶地问道。“老人们都说太阳在晚饭时间最高。”<br>“也许他们那个年代是这样！”上尉厉声说道。“但从那以后，就规定太阳在一点钟最高了。”<br>“谁规定的？”<br>“苏联政府。”|伊万·杰诺索维奇的一天|Aleksandr Solzhenitsyn|true|en|false
13:00|1300-005|一点钟|我们离开劳里斯顿花园3号时是一点钟。夏洛克·福尔摩斯带我去了最近的电报局，在那里他发出了一份长长的电报。然后他拦了一辆出租车，吩咐司机把我们送到雷斯垂德给我们的地址。|血字的研究|Sir Arthur Conan Doyle|true|en|false
13:00|1300-006|一点钟|他用现金给他们买了日票。他们玩了一些游乐设施，然后在音乐厅附近的海鲜餐厅 Rock Lobster 吃了顿迟来的午餐。那时刚过一点钟。至于死亡时间，你可能知道他们是如何确定的……胃内容物等等。|欢乐园|Stephen King|true|en|false
13:00|1300-007|一点钟|今天又很美，黄昏时分的香榭丽舍大街宛如一座露天后宫，挤满了黑眼睛的仙女。树木枝繁叶茂，翠绿纯净，仿佛还沾着露珠，闪闪发光。从卢浮宫到星形广场，宛如一首钢琴曲。五天来，我既没碰过打字机，也没看过书；脑子里除了去美国运通银行之外，什么也没想。今天早上九点，我到了那里，正好赶上银行开门，一点钟我又去了一次。|北回归线|Henry Miller|true|en|false
13:00|1300-008|下午一点|朱迪思·雷位于尤因斯维尔的家中，一座银色马车钟在下午一点钟时分叮当作响。比尔·斯莫克正被一位金融家的妻子和他交谈。“这房子总能激起我贪婪的欲望，”这位五十多岁、浑身珠光宝气的女士低声说道，“它是弗兰克·劳埃德·赖特的仿制品，原作应该在塞勒姆郊外。”|云图|David Mitchell|true|en|false
13:00|1300-009|一点钟|“哦，我的确是个爱思考的人，”麦克墨菲说道，然后他们一起沿着走廊走开了。过了仿佛几天之后，他们回来了，两人都咧嘴笑着，聊着天，似乎有什么事让他们高兴。医生擦了擦眼镜上的泪水，看起来他好像真的笑过，而麦克墨菲又回来了，一如既往地嗓门大、趾高气扬、趾高气扬。他整个午餐时间都是这样，一点钟的时候，他是第一个坐在会议座位上的人，坐在角落里，他那双蓝眼睛显得有些桀骜不驯。|飞越疯人院|Ken Kesey|true|en|false
13:00|1300-010|一点钟|他接到一个来自波特兰的长途电话，正和一个黑人男孩在电话大厅里等着对方再次来电。一点钟到了，我们开始搬东西，准备活动室，其中一个肤色最浅的黑人男孩问她是否需要他下去叫麦克墨菲和华盛顿来开会，但她说不用了，没关系，让他留下来——再说，这里有些人或许想趁着兰德尔·帕特里克·麦克墨菲先生不在，好好讨论一下他。|飞越疯人院|Ken Kesey|false|en|false
13:00|1300-011|一点钟|“不行，芬德尔；我已经和别人在一起了！明天一点钟左右给我打电话！”|人间天堂|F. Scott Fitzgerald|true|en|false
13:00|1300-012|一|他越想越困惑。他搞不懂这把左轮手枪是怎么回事。屋里有人拿到了那把左轮手枪。楼下，钟敲了一下。|无人生还|Agatha Christie|true|en|false
13:00|1300-013|一点钟|“我想，”他得意地笑着说，“我可以肯定地在餐厅里找到我要找的人，美丽的女士。”<br>“可能不止一个。”<br>“无论谁在一点钟时在那里，都会有我的手下跟踪；这些人中，明天会有一个，或许两个，甚至三个前往法国。其中一个就是‘红花侠’。”|红花侠|Baroness Orczy|true|en|false
13:00|1300-014|一点钟|一点钟尿尿！你好，[插入姓名]！|Jingo|Terry Pratchett|true|en|false
13:00|1300-015|一点钟|据记载，沙皇凯瑟琳今天一点钟进入了加拉茨。|德古拉|Bram Stoker|true|en|false
13:00|1300-016|下午1:00|下午1:00 第一节课|深夜小狗神秘事件|Mark Haddon|true|en|false
13:00|1300-017|1点钟|每次1点钟检查完之后，格雷塔总是出去抽根烟。|《女孩，打断了》|Susanna Kaysen|true|en|false
13:00|1300-018|下午1点|戈特弗里德·雷姆克准时于下午1点到达。他走进餐厅，把外套递给服务员的那一刻，大家就知道是他。他结实敦实的身材，油亮的头皮，开朗的表情，有力的握手：他的一切都散发着轻松和热情。|平台|Michel Houellebecq|true|en|false
13:00|1300-019|一点钟|我早早地到了施密特餐厅，感觉紧张得要命。一点钟整，托尼来了。她正看着她熟悉的菜单——烤肉？炸肉排？——这时他高高地俯视着她。我看到他进来了。她抬起头，透过他，看着我。“叛徒。”杰米在她身边徘徊，显得格外高大，叫出了她的昵称，一个她自己选的德语昵称。|拼图|Sybille Bedford|true|en|false
13:00|1300-020|十三|四月里一个晴朗寒冷的日子，时钟敲响了十三下。|1984|George Orwell|true|en|false
13:00|1300-021|一点钟|当时是一点钟。我买了些苹果和一个小猪肉馅饼，开车穿过桥，到了河对岸，朝奥福德内斯方向驶去。|游泳者|Roma Tearne|true|en|false
13:00|1300-022|一点钟|许多月亮过去了。狒狒飞过吗？他到达过太阳吗？我今天刚听说，他正在路上！他一点钟会经过阿克顿。|傻老狒狒|Spike Milligan|true|en|false
13:00|1300-023|一点钟|那天，直到一点钟，约翰和罗杰才划船过河，去迪克森的农场取牛奶、鸡蛋和黄油。|燕子号与亚马逊号|Arthur Ransome|true|en|false
13:00|1300-024|一点钟|日间休息室的桌子被清空，一点钟时分，医生从走廊尽头的办公室出来，经过他正透过窗户观察的护士时，朝她点了点头，然后坐在门左侧的椅子上。|飞越疯人院|Ken Kesey|true|en|false
13:01|1301-000|一点零一分|他听到远处传来一阵混乱的喊叫声。是哈斯和警察吗？但这都不重要了。唯一重要的是在一点零一分到达枢纽点。|生存工具包|Frederik Pohl|true|en|false
13:01|1301-001|大约一|“外面有五英寻深，”他说。“大约一点钟涨潮的时候，它会被冲到那边去。今天是第九天。”|《尤利西斯》|James Joyce|true|en|false
13:01|1301-002|大约一点钟|大约一点钟的时候，监工来了，告诉他们没有工作给他们了。|牧师的女儿|George Orwell|true|en|false
13:01|1301-003|刚过一点|我到的时候刚过一点，到了午饭时间，就吃了。饭菜糟透了。不过这笔费用可以记入报销账目，吃完后我拿出笔记本记了下来。午餐1.5美元。出租车1美元。|大钟|Kenneth Fearing|true|en|false
13:02|1302-000|13:02|13:02.51，植入物增强的感官发出红色警报，特里斯坦身体僵硬，手指伸向植入物，咔哒一声将其插入。随着他的直接指令在空间站网络中发出，他甚至在空间站微弱的震动证实电子神经信号之前，就能感觉到护盾正在落下。|超信仰之战|L.E. Modesitt Jr.|true|en|false
13:03|1303-000|下午1:03|星期一 下午1:03<br>“迈克尔，你能来真是太好了。”野上健二微笑着拿起他那杯琥珀色的淡啤酒。他的服装是萨维尔街和邦德街的混搭，口音带着剑桥腔，背景也隐藏得很好。在这个外表至关重要的行业里，他处处都体现着真本事，将真正的高手与冒牌货区分开来——在俱乐部每天锻炼后，脸颊显得光滑；眼神锐利，时刻保持警觉；鬓角处已泛白。|代达罗斯计划|Thomas Hoover|true|en|false
13:04|1304-000|一点零四分|“耶稣基督！”他喘着气说。“一点零四分了！”林登慌忙抓住一对台阶，开始在房间里四处走动。|《衣衫褴褛的慈善家》|Robert Tressell|false|en|false
13:05|1305-000|一点五分|“萨曼莎？”我听到特里什走过来。<br>“嗯……等等！”我赶紧走到门口，试图挡住她的视线。<br>“已经一点五分了，”我听到她语气有些生硬地说。“而且我明明已经说得很清楚了……”她走到厨房门口时，声音渐渐消失，脸上满是惊讶。我转过身，顺着她的目光看去，只见她正打量着一盘盘数不清的三明治。“我的天哪！”特里什终于开口了。“这……这真是太棒了！”|《不羁女神》|Sophie Kinsella|true|en|false
13:05|1305-001|一点五分|一点五分，阿莱恩打开外门，把烟斗在石阶边缘敲灭，然后继续凝视着车道。|一具尸体|Ngaio Marsh|true|en|false
13:06|1306-000|13 点 6 分整|然后，就在 13 点 6 分整——矩形区域内爆发了混乱。|我们|Yevgeny Zamyatin|true|en|false
13:07|1307-000|13:07|奈克萨博士以一种更为优雅的姿态接受了她被迫屈服于不可避免的命运。她看着护士莱克姆，指着人类、博利安人和扎尔丹人说道：“哈钦森中尉的死亡时间是13:07。”|《星际迷航：命运》#3：迷失的灵魂|David Mack|true|en|false
13:08|1308-000|1:08|“午饭前最后几分钟，我去了妈妈的教室。我关上身后的门，在她对面的桌子旁坐下。我抬头看了一眼墙上的钟。1:08。我还有六分钟。我不想再多等了。”|《乌龟一直往下走》|John Green|true|en|false
13:08|1308-001|1:08|时钟上的数字悄无声息地变化，跳到了1:08。|重播|Kim Grimwood|true|en|false
13:08|1308-002|13:08 GMT|13:08 GMT<br>拉蒙特和杰基与团队一起在食堂吃午饭，大家叽叽喳喳、充满期待的交谈声表明，他们都迫不及待地想要开始工作。|无所畏惧|Jeffrey Archer|true|en|false
13:09|1309-000|一点零九分|一点零九分，两匹马走了过来（并非来自克里格预想的城里，而是来自沙漠，那片广袤无垠、大部分地区都未被勘测过的沙漠，位于城市的西边和西南边。）|《受折磨的灵魂：原始传说》|Clive Barker|true|en|false
13:10|1310-000|1点10分|三十分钟后，弗莱彻在走廊里与哈里擦肩而过，正要离开。吉米坚持说，如果他们还要去拜访每一家会计事务所，那就必须在1点10分之前离开。|财富之子|Jeffrey Archer|true|en|false
13:10|1310-001|一点十分|邦德的手表显示一点十分，就在这时，高桌上的整个游戏格局突然发生了改变。|皇家赌场|Ian Fleming|true|en|false
13:10|1310-002|1:10|他说了些什么，但我没听见，因为我正在看《南黑文日报》。今天是1993年10月23日，星期六。我们的婚礼当天。香烟架上方的钟显示1:10。<br>“我得走了，”我对老人说，然后就走了。|时间旅行者的妻子|Audrey Niffenegger|true|en|false
13:10|1310-003|一点十分|当时是一点十分。”<br>“你确定吗？|《尼罗河上的惨案》|Agatha Christie|true|en|false
13:11|1311-000|1.11|我继续沿线其他车站的询问，发现有一位先生骑自行车在吉尔文搭乘1.11的火车。|五条红鲱鱼|Dorothy L. Sayers|true|en|false
13:12|1312-000|一点十二分|一点十二分，副官、威尔德和我坐下来吃午饭。<br>“上校说他不会迟到——但我们不必等了，”副官说。|《推》与《回推》|George Herbert Fosdike Nichols|true|en|false
13:13|1313-000|一点十三分|“找到了！找到了！”教授喊道。“现在去地球中心！”他用丹麦语补充道。<br>我看向汉斯。“Forüt！”他平静地回答。<br>“前进！”我的叔叔回答。当时是一点十三分。|《地心游记》|Jules Verne|true|en|false
13:14|1314-000|下午1点14分|布鲁克斯探员掏出一个小记事本，翻到其中一页。“9月26日下午1点14分（中部标准时间），奥克利·阿卡迪亚·拉沃的生物追踪器记录到一个错误代码。之后，所有生物活动都停止了。”|灭绝岛|Janice Boekhoff|true|en|false
13:15|1315-000|下午1点15分|下午1点15分，弗莱彻抬头看了看接待员，接待员一脸歉意地问他要不要再来一杯咖啡。|财富之子|Jeffrey Archer|true|en|false
13:15|1315-001|一点十五|我慢慢起身，沿着走廊走去。<br>“我在<em>睡觉</em>，”我隔着门低声说道。我眯着眼从猫眼往外看：瑞瓦看起来衣衫褴褛，神情恍惚。<br>“我可以进来吗？”她问。“我真的需要谈谈。”<br>“我可以晚点再给你打电话吗？现在几点了？”<br>“一点十五。我试着打过电话，”她说。“门卫把你的邮件送上来了。我需要谈谈。情况很严重。”|我的安息之年|Ottessa Moshfegh|true|en|false
13:15|1315-002|一小时十五分|“先生今天早上睡得很好，”他笑着说。<br>“维克多，现在几点了？”道林·格雷睡眼惺忪地问。<br>“一小时十五分，先生。”|《道林·格雷的画像》|Oscar Wilde|true|en|false
13:15|1315-003|一点十五|“女士们先生们在哪里？”阿莱恩问道。<br>“先生，在花园里。”邦斯说道。<br>“午饭几点吃？”<br>“一点十五。”|一具尸体|Ngaio Marsh|true|en|false
13:15|1315-004|一点一刻|时钟引起了拉福斯小姐的注意。“我的天哪！”她倒吸一口凉气。“看看时间。一点一刻。你一定饿坏了。”她急切地转向佩蒂格鲁小姐。|佩蒂格鲁小姐的一天|Winifred Watson|true|en|false
13:16|1316-000|下午1点16分|第一站是下午1点16分，比第二站晚了17分钟。|《深夜小狗神秘事件》|Mark Haddon|true|en|false
13:17|1317-000|下午1:17|下午1:17。布里斯托尔机场发生逮捕事件，警方证实已拘留一名与调查有关的人员。|她所知道的|Gilly MacMillan|true|en|false
13:17|1317-001|一点十七分|一点十七分零四秒。那个矮个子真走运，骑上摩托车，那个高个子也进去了。一点十七分四十秒。那个女孩，她头发上系着一条绿丝带。可惜那辆公交车把她挡住了视线。|恐怖分子，他注视着|Wislawa Szymborska|true|en|false
13:18|1318-000|一点一十八|正好一点一十八。她蠢到进去了吗？还是没进去？我们很快就会知道，当死者被抬出来的时候。|恐怖分子，他注视着|Wislawa Szymborska|true|en|false
13:19|1319-000|下午一点过后|下午一点过后，仆人叫醒了她，说阿尔蒂诺夫先生来访。她迅速穿好衣服，下楼去了客厅。|《聚会及其他故事》|Anton Pavlovich Chekhov|true|en|false
13:20|1320-000|一点二十分|我和杰拉德乘船去了格林威治，在特拉法加酒馆吃了顿午餐，但我们直到一点二十分才离开这里。|原罪|P.D. James|true|en|false
13:20|1320-001|13:20|“卡马罗夫，向普尔加号发出信号：潜水时间——”他看了看表，“——13:20。十月霜冻演习按计划开始。你被安排执行其他任务。我们将按计划返回。”<br>卡马罗夫按下闪光灯的触发器发送了信息。普尔加号立即做出回应，拉米乌斯无需帮助便读出了闪烁的信号：“如果鲸鱼没吃掉你。祝红色十月好运！”|猎杀红色十月|Tom Clancy|true|en|false
13:20|1320-002|一点二十分|行动的时刻即将到来。今天，这名吸血鬼的力量仅限于人类，直到日落他都无法变身。他需要时间才能到达这里，因为现在是一点二十分，即便他速度再快，也还需要一段时间才能到达。|德古拉|Bram Stoker|true|en|false
13:21|1321-000|下午1:21|下午1:21<br>范斯正以最快的速度移动，注视着直升机——此时距离停机坪大约一千码——开始最后的接近。<br>敌友难辨？|独眼巨人计划|Thomas Hoover|true|en|false
13:22|1322-000|1点22分|我们找到爸爸的坟墓时是1点22分。|特别响，非常近|Jonathan Safran Foer|true|en|false
13:23|1323-000|下午1点23分|当我们到达斯温顿时，母亲有房子的钥匙，我们进去后，她喊了一声“你好？”，但屋里没有人，因为当时是下午1点23分。|《深夜小狗神秘事件》|Mark Haddon|true|en|false
13:23|1323-001|一点二十三分|时钟指向一点二十三分。他突然激动不已，却又充满希望。她来了！谁知道她会说什么呢？她或许会对自己迟到给出最自然的解释。费莉西走进房间，头发凌乱，双眼闪亮，脸颊苍白，淤青的嘴唇鲜红欲滴；她疲惫、冷漠、沉默，却又快乐而美丽，似乎在用双手裹着的斗篷下，守护着一丝温暖和愉悦的残余。|哑剧演员的故事|Anatole France|true|en|false
13:24|1324-000|下午1:24|利特尔看了看表——下午1:24——利特尔抓起床边的电话。|《寒冷的六千》|James Ellroy|true|en|false
13:25|1325-000|一点二十五|“我真的很想去，”我告诉她，“要不是烘干机里还有东西要烘干。”我瞥了一眼手表。一点二十五。烘干机已经停了。|《奇鸟行状录与世界尽头》|Haruki Murakami|true|en|false
13:26|1326-000|下午1:26|下午1:26<br>她沿着诺伊斯街走向校园，路过枝繁叶茂、枝叶啁啾的参天大树，以及那些坐满了二十岁左右年轻人的百年老宅。天空是她最讨厌的比赛日那种刺眼的银色。原本美好的早晨变成了典型的中西部酷暑，来自明尼苏达州的低气压锋面丝毫没有缓解这股热浪。|大中西部厨房|J. Ryan Stradal|true|en|false
13:27|1327-000|下午1点27分|就在那个星期五，6月20日，下午1点27分，也就是他失踪前72小时，社交名流、唱片骑师兼哲学系学生阿德里亚·代达罗斯·索拉踩着滑板飞快地上了楼。|《蛇形文件》|Jessica Cornwell|true|en|false
13:27|1327-001|下午1:27|下午1:27<br>“别开枪！”艾萨克·曼海姆喊道，他看到一个胡子拉碴、赤着脚的男人滚到他身边，一把乌兹冲锋枪正扫射着。|独眼巨人计划|Thomas Hoover|false|en|false
13:28|1328-000|13:28|13:28，范恩走进科维尔商业大厦，然后乘电梯到三楼。从那里，他沿着南侧走廊走到灰褐色石膏墙上用银色字母拼写的“IIS”旁边的敞开的门前。他走了进去。|伦理效应|L.E. Modesitt Jr.|true|en|false
13:29|1329-000|下午1:29|4月6日，星期一<br>下午1:29<br>挂断电话后，艾莉再次琢磨着自己究竟卷入了什么。但她确实想见见这位奇迹创造者。范德弗利特所说的那些事，听起来简直就像科幻小说，她从未听过。|综合症|Thomas Hoover|true|en|false
13:30|1330-000|一点半|一点半的时候，她想雇辆马车穿过森林。他脑子里只有一个念头——怎么撒尿？“我爱你……我爱你，”他说。“你想去哪儿我就去哪儿——伊斯坦布尔、新加坡、檀香山。只是我现在必须走了……天色不早了。”|北回归线|Henry Miller|false|en|false
13:30|1330-001|一点半|“我高中时搬到这儿，把房间漆成了黑色。为了<em>耍酷</em>，”瑞瓦讽刺地说。<br>“确实很酷，”我说。我放下购物袋，喝完了咖啡。<br>“我什么时候叫你起床？我们大概一点半左右出发。所以你得把准备的时间也算进去。”|我的休息与放松之年|Ottessa Moshfegh|true|en|false
13:30|1330-002|一点半|卢平还没下来，我一点半又上去跟他说我们两点吃饭；他说他“会在那里”。|《一个无名小卒的日记》|George and Weedon Grossmith|true|en|false
13:30|1330-003|一点半|她像个贴纸。镇上远处的钟敲响了一点半。|布莱顿岩|Graham Greene|true|en|false
13:30|1330-004|一点半|哈利街的钟表们撕碎、切片、分割、细分，一点点地啃噬着六月的时光，劝诫人们顺从，维护权威，并齐声指出保持比例感的至高无上的好处，直到时间的堆积被缩小到如此程度，以至于悬挂在牛津街一家商店上方的商业钟表，亲切友好地宣布，仿佛里格比先生和朗兹先生很乐意免费提供这一信息，现在是一点半。|达洛维夫人|Virginia Woolf|true|en|false
13:31|1331-000|大约一点半|雷蒙德大约一点半和马松一起回来了。他的胳膊缠着绷带，嘴角贴着创可贴。医生说没什么大碍，但雷蒙德看起来心情很差。马松试图逗他笑，但他仍然一句话也不说。|《局外人》|Albert Camus|true|en|false
13:32|1332-000|一点三十二|我再次坐到沙发上，看了看表，一点三十二分。我闭上眼睛，将注意力集中在脑海中的某个地方。我的大脑一片空白，我任由时间的流逝，让它带着我去任何它想去的地方。|盲柳，睡女|Haruki Murakami|true|en|false
13:32|1332-001|一…三十二|第三声钟响时，就是一…三十二…二十秒。“哔…哔…哔。”福特·普雷弗克强忍住一丝邪恶的得意笑声，意识到自己没有理由抑制，于是放声大笑，发出邪恶的笑声。|再见，谢谢你们所有的鱼|Douglas Adams|true|en|false
13:33|1333-000|一……三十三|他等着绿灯亮起，然后再次打开通往空荡荡的货舱的门。“……一……三十三……五十分。”很好。|再见，感谢所有的鱼|Douglas Adams|true|en|false
13:34|1334-000|一…三十四|第三拍时将是……<br>他踮着脚尖走了出去，回到了控制室。<br>“……一…三十四又二十秒。”<br>这声音听起来清晰得就像他在伦敦通过电话听到的一样，但他显然不是，差得远呢。|再见，感谢所有的鱼|Douglas Adams|true|en|false
13:35|1335-000|下午1点35分|弗莱彻又看了看表。是下午1点35分。他叹了口气，问接待员是否可以借用一下洗手间。|财富之子|Jeffrey Archer|true|en|false
13:35|1335-001|下午1:35|下午1:35<br>凯特琳双手叉腰站在走廊里，尽情享受着这一刻。“我明白了，”她说。“你表妹可以在期末考试周来访，但我妹妹却不行。”|大中西部厨房|J. Ryan Stradal|false|en|false
13:36|1336-000|下午1点36分|伊莱下午1点36分到了。我知道确切时间，因为门铃响的时候我正坐在那里盯着手机上的模拟时钟。|他唯一的妻子|Peace Adzo Medie|true|en|false
13:37|1337-000|下午1:37|他不敢在租来的车里睡觉——为赫苏斯·卡斯特罗工作时，你不可能在车里睡觉——他开始出现幻觉。尽管如此，他还在工作，并在笔记本上潦草地写道：下午1:37。目标似乎正在发生性关系。|灯塔|William Monahan|false|en|false
13:38|1338-000|13:38|根据头盔内的数字显示，现在才当地时间13:38。得知不用再花三个小时费力清理，我本该高兴不已；然而，这反而让我更加疑神疑鬼。|周日晚在Minnie and Earl's吃山药|Adam-Troy Castro|true|en|false
13:39|1339-000|下午1点39分|现在是下午1点39分，距离列车停靠站已经过去了23分钟，这意味着如果火车不拐弯，我们就能到海边了。但我不知道火车是否会拐弯。|《深夜小狗神秘事件》|Mark Haddon|true|en|false
13:40|1340-000|一点四十分|钱德勒-鲍威尔瞥了一眼手表，发现已经一点四十分了。或许他现在应该和躲在厨房壁橱里的博斯托克一家谈谈。他需要再次确认金伯利是否完全康复，以及他们是否在考虑吃饭的问题。|私人病人|P.D. James|true|en|false
13:41|1341-000|下午1:41|我将从泄漏发生前几分钟开始讲述——下午1:41，世界协调时13:41——也就是1小时23分钟前。当时，首席飞行工程师正在试图找出发动机自动关闭的原因。|《烧焦的骨头》|Stephen Euin Cobb|true|en|false
13:42|1342-000|下午1:42|下午1:42<br>查平音乐厅后面是学校官方的排练和练习场地，供更多音乐系学生使用。大家都叫它“蜂巢”，因为上课期间，这栋楼的窗户会传出弦乐、管乐和键盘乐器交织而成的无调性声音；布拉克猜测，一些富有想象力的人曾经把它比作昆虫悦耳的嗡嗡声。|大中西部厨房|J. Ryan Stradal|true|en|false
13:42|1342-001|下午1:42|最后一条记录于下午1:42：G.M.已在H-by现场；将接手此事。|《龙纹身的女孩》|Stieg Larsson|true|en|false
13:43|1343-000|两点差十七分|“两点差十七分有一趟火车，”迪迪埃说。他做了个祷告，站了起来。他犹豫了一下。<br>“怎么了？”<br>“我们是不是该跟爷爷道别了？他通常会给我留张支票。”|公诉人|Jef Geeraerts|true|en|false
13:44|1344-000|一点四十四分|幸运的是，下一班火车一点四十四分到站，十分钟后到达了下一站耶特兰。|《警察先生和厨师》|Wilkie Collins|true|en|false
13:45|1345-000|1:45|请哈维离开他的包厢时立即通知我们。我估计他会在1:45左右过来查看两点钟比赛的参赛马匹和骑师，这样我们就能确定一个完整的小时了。|一分钱也不多，一分钱也不少|Jeffrey Archer|true|en|false
13:45|1345-001|差一刻两点|午餐前那十分钟总是格外危险，尤其是在球场状况不佳的时候，这十分钟对敌方又有两名球员来说是致命的。最后一名球员刚走到三柱门前，比分是131分，这时差一刻两点就到了，午餐时间也随之而来。|迈克|P.G. Wodehouse|true|en|false
13:45|1345-002|一点四十五|打击发生在一点四十五分（夏令时）。当时，我阿加莎姨妈的管家本森正要给我端来炸土豆，我情绪激动，用勺子把六个土豆舀到了餐具柜上。|罗德里克爵士来吃午饭|P.G. Wodehouse|true|en|false
13:46|1346-000|13:46|保罗：妈妈给我打电话后，我立刻就注意到了马拉塔西斯。那是24号星期四13:46。布雷特至少在14个小时后，也就是25号凌晨被杀。|无身杰克|Julian May|true|en|false
13:47|1347-000|下午1点47分|波比懒洋洋地躺在布莱恩的床上，正往她短短的睫毛上涂黑色睫毛膏。布莱恩坐在书桌前，努力赶在下午2点截止时间前完成一篇论文。现在是下午1点47分。|卧床一年的女人|Sue Townsend|true|en|false
13:48|1348-000|两点差十二分|下午两点差十二分，克劳德·莫罗和他最信任的外勤人员雅克·贝热龙抵达巴黎地铁乔治·桑克站。他们各自走到站台后方，每人拿着一台手持无线电，频率彼此校准。|《末日守望》|Robert Ludlum|true|en|false
13:49|1349-000|1点49分|书摊店员看到身穿灰色衣服的乘客在1点49分经过书摊，朝出口方向走去。|五个红鲱鱼|Dorothy L. Sayers|true|en|false
13:50|1350-000|差十分两点|她必须离开这该死的露营车。它或许是世界上最大、最豪华的露营车，但此刻却像个棺材。她扶着东西保持平衡，艰难地走向车门。出去之前，她瞥了一眼仪表盘上的时钟。差十分两点。一切都发生在短短二十分钟之内。难以置信。|睡梦医生|Stephen King|false|en|false
13:50|1350-001|差十分两点|拉赫尔的玩具手表上画着时间。差十分两点。她的一个愿望是拥有一块可以随时调时间的手表（在她看来，这才是时间存在的意义）。|《微物之神》|Arundhati Roy|true|en|false
13:50|1350-002|一点五十分|当天最好的火车是从帕丁顿开出的一点五十分，七点刚过就到达了波尔加。|康沃尔之谜|Agatha Christie|true|en|false
13:51|1351-000|下午1点51分|这意味着，现在，下午1点51分，曼哈顿下城一片混乱。华尔街各个方向都被封锁了好几个街区。步行警察在百老汇大街上指挥交通，吹着哨子，不耐烦地比划着手势。|Brilliance|Marcus Sakey|true|en|false
13:52|1352-000|差八分两点|他于差八分两点穿过大马士革门进入国际区，小心翼翼地避开了整点、半点和一刻钟这些明显的时点。然后他开始漫无目的地闲逛，试图装出一副对周围环境漠不关心的样子，而实际上他根本没有这种感觉。|旋转控制|Chris Moriarty|true|en|false
13:52|1352-001|差八分钟两点|我来敲你的门是想告诉你。快到你的午餐时间了。是的，差八分钟两点。薇薇安会来吃午饭。我不吃午饭，但我可以进去看看。我绝不能让他从我指缝间溜走。|《玫瑰与钥匙》|Joseph Sheridan Le Fanu|true|en|false
13:53|1353-000|差七分钟两点|“杰克逊先生，”罗西特先生喊道，“我真的必须请您准时结束午餐回来。您回来的时候已经差七分钟两点了，而且——”|《城里的史密斯》|P.G. Wodehouse|true|en|false
13:54|1354-000|下午1:54|目前博物馆官员认为藏品中没有任何物品被盗。博物馆和教堂是热门旅游景点，将无限期关闭。<br>下午1:54 - 2014年5月5日|地下墓穴|Jeremy Bates|true|en|false
13:55|1355-000|1点55分|1点55分，他回到保险记录前，直到四点钟十五分钟的茶歇时间。这又是他例行公事般地抽两支烟的时候。|打破常规|Jeffrey Archer|true|en|false
13:55|1355-001|两点差五分钟|如果我离开罗伊特小姐家时很准时，那么我到达那里时也同样准时；第二天我两点差五分钟到达，走到教室门口，还没来得及开门，就听到一阵急促的嘈杂声，这提醒我“午祷”还没有结束。|教授|Charlotte Brontë|true|en|false
13:56|1356-000|下午1:56|下午1:56<br>令人欣慰的是，凯特琳已经离开了宿舍，去校园里做她那些乱七八糟的事情了，所以布拉克可以放心地帮伊娃输入电脑密码，而不用担心她那个可怜的室友会知道。|大中西部厨房|J. Ryan Stradal|false|en|false
13:57|1357-000|一点五十七|然后我睁开眼睛，看了看表。一点五十七分。二十五分钟不知不觉就过去了。不错，我对自己说。一种毫无意义地消磨时间的方式。真不错。|盲柳，睡女|Haruki Murakami|true|en|false
13:57|1357-001|差三分钟到两点|当时是差三分钟到两点。“那我希望你能抓住他。谢谢你。我真的很感激。”|都市萨满|C.E. Murphy|true|en|false
13:58|1358-000|下午差两分钟到两点|当天下午差两分钟到两点，两位少校准时前往奥斯汀将军位于五角大楼外的办公室，向他的临时秘书报到。|钢铁之虎|Mark Berent|true|en|false
13:58|1358-001|快到两点了|快到两点了，但一切都静止不动，斯塔里·特奥恰克寂静无声，空无一人，仿佛已被遗弃。然而，蒂门却始终感觉自己被无形的眼睛注视着。|图兹拉之王|Arnold Jansen op de Haar|true|en|false
13:59|1359-000|一…五十九|他坐着，看着飞船和埃蓬之间的距离逐渐缩小，飞船的电脑反复计算着那些能让飞船绕着这颗小卫星盘旋的数字，最终完成这个循环，让它永远地在黑暗中绕着它运行。“一…五十九……”|再见，感谢所有的鱼|Douglas Adams|true|en|false
13:59|1359-001|大约下午两点|我们大约下午两点吃了午饭。唐·米格尔把盘子放在一个煤油箱上，我坐在堆满书的桌子角落里，胖女人在厨房里，唐·盖塔诺在柜台边。|狂犬玩具|Roberto Arlt|true|es-AR|false
14:00|1400-000|中午过两小时|“具体地点？几点？我们得到那儿。”<br>“广场。老图书馆的台阶上。”她瞥了一眼酒吧上方的钟。“我想应该是中午过两小时。”|来自黑暗深渊|Vanessa Rasanen|true|en|false
14:00|1400-001|中午过后两小时|这句话之后是一阵令人窒息的沉默，随后彼得打破了沉默，说道：“巨人温布尔韦瑟、熊和半人马格伦斯托姆将担任我们的元帅。决斗将在中午过后两小时开始。晚餐准时在中午12点。”|《凯斯宾王子》|C.S. Lewis|true|en|false
14:00|1400-002|午后两小时|离别非常友好，当她启航时，午后两小时，所有的达夫尔普德人都划着小船和她一起驶向港口，欢呼雀跃，直到她消失在欢呼声中。|《黎明踏浪号》|C.S. Lewis|true|en|false
14:00|1400-003|两点钟|卡尔森太太惊讶地睁大了眼睛，两点钟的时候，她看到牧师穿着一身优雅的便服来吃晚饭，除了西装和红色领带，还配了彩色袜子和棕褐色皮鞋。他没有做任何解释。像往常一样，他腋下夹着一本书，书名不知为何，他整个用餐期间都在看书。|《上帝之锤》|Bo Giertz|true|en|false
14:00|1400-004|两点钟|杰西巴懒得接电话，而是说：“我两点钟有个客户要来。做好准备。别让莱哈巴唠叨了，她有事要做。”电话挂断了。|《尘与血之屋》|Sarah J. Maas|true|en|false
14:00|1400-005|两|那天下午两点，布莱恩特·布朗麻木地坐在妻子身旁的椅子上，妻子正在熟睡。他想着，如果真的到了不得不告诉她他们唯一的孩子已经去世的时候，他该如何开口。|《汤米诺克》|Stephen King|true|en|false
14:00|1400-006|两点|才两点。她提前离开了办公室，告诉范弗利特医生她感觉自己快要生病了。其实是内特生病了：他从家里打电话来，声音嘶哑，语气沮丧，他必须去看她。|《人类之前的生活》|Margaret Atwood|true|en|false
14:00|1400-007|两点钟|一个妄想的画家会在两点钟完成一幅画作，却指望四点钟之前社会发生彻底的变革。即使艺术家撰写宣言，他们（但愿如此）也意识到，他们急迫的语气最终只是借用，仅仅是呼应和模仿游击队诉求或激进分子抗议的紧迫感，而非真正付诸行动。人民有时会要求变革，但他们几乎从不要求艺术。|暗示|Zadie Smith|true|en|false
14:00|1400-008|下午两点左右|下午两点左右，聚会开始散了。我们本可以留下来吃晚饭；倘若科科伦先生酒醉后的邀请当真（科科伦太太在他背后冷冰冰的微笑告诉我们并不当真），甚至可以一直留下去。|The Secret History|Donna Tartt|true|en|false
14:00|1400-009|下午2点|工作日下午2点，电影院几乎空无一人，但安迪·斯坦纳和她的约会对象后两排坐着三个人。两个男人，一个年纪很大，一个看起来接近中年（但外表可能具有欺骗性），分列于一位美得惊人的女子两侧。她颧骨高耸，灰色的眼睛，肤色白皙。她浓密的黑发用一条宽大的丝绒丝带束在脑后。|睡梦医生|Stephen King|true|en|false
14:00|1400-010|下午两点|每天下午两点，母子俩都会出现在海滩上。母亲总是穿着一件素雅的浅色连衣裙，戴着一顶宽边草帽。儿子从不戴帽子，而是戴着太阳镜。他们会坐在棕榈树下的阴凉处，微风拂过，凝视着大海，什么也不做。|盲柳，睡女|Haruki Murakami|true|en|false
14:00|1400-011|两|“你可以在我房间里睡一会儿，”她说。“楼下应该很安静。我的亲戚们来了，但他们不会觉得你没礼貌什么的。我们两点之前不用去殡仪馆。”|我的安息之年|Ottessa Moshfegh|true|en|false
14:00|1400-012|两点钟|我们沿着商业街保持着一段适中的距离，咯咯地笑着，躲避着人群，一会儿分开，一会儿又聚到一起。那时应该差不多是两点钟了，人行道上挤满了购物的人。|别让我走|Kazuo Ishiguro|true|en|false
14:00|1400-013|下午2点|接下来的几个小时就像快门声一样，不停地拍着照片，就像在手机上一样。她眨眨眼，一张照片就出现了。再眨眨眼，又是另一张照片。她看了看手表，下午2点，过了一会儿又看了一眼，已经是2点半了。她什么都担心不了，就算想担心也担心不了。感觉真好。|权力|Naomi Alderman|true|en|false
14:00|1400-014|两点钟|两点钟的时候，医生开始在椅子上扭来扭去。除非是在谈论他的理论，否则开会让他感到很不自在；他宁愿待在办公室里画图表。|飞越疯人院|Ken Kesey|true|en|false
14:00|1400-015|两点|他告诉她，如果他周末有空，他会约她出去。她说如果他告诉她具体时间，她两周后可以来拜访。比利看着麦克墨菲，等着他的回答。麦克墨菲搂住他们俩的肩膀说：“就定在两点整吧。”|《飞越疯人院》|Ken Kesey|true|en|false
14:00|1400-016|两点钟|一天下午，我不记得是多久以前的事了，我们在去参加活动的路上停下来，坐在大厅的大塑料沙发上，或者坐在外面两点钟的阳光下。这时，一个黑人男孩正在打电话给他的博彩公司打电话，比利的妈妈趁机放下手头的工作，从办公桌后走出来，牵着儿子的手，把他带到外面，坐在我旁边的草地上。|飞越疯人院|Ken Kesey|false|en|false
14:00|1400-017|两点钟|大本钟敲响两点钟时，门开了，克莱弗利的上半身出现了。“有什么动静吗？”<br>“没有，先生。”<br>“线路还能用吗？”<br>“我想是的。”<br>“我们再等五分钟，然后首相就得走了。”<br>门关上了。|慕尼黑|Robert Harris|true|en|false
14:00|1400-018|两点钟|两点钟的时候，回到韦瑟比家，莎莉问她和阿莫里是不是在书房里“玩”了一把。伊莎贝尔静静地转向她。她的眼中闪烁着理想主义者的光芒，那是圣女贞德般纯洁梦想家的光芒。|人间天堂|F. Scott Fitzgerald|true|en|false
14:00|1400-019|两点钟|“真奇怪……我几乎感到快乐。然而，我想我其实身处险境……不知怎的——现在——一切似乎都不重要了……尤其是在白天……我感到充满力量——我觉得自己不会死……”<br>布洛尔看了看他的手表。他说：<br>“两点钟了。午饭吃什么？”|《无人生还》|Agatha Christie|true|en|false
14:00|1400-020|两点钟|她本可以放飞舞的舞曲，而他本可以像往常一样，在两点钟继续取他的包裹。但事实上，他差点就被逮捕了。|一群傻瓜|John Kennedy Toole|false|en|false
14:00|1400-021|14:00|大约 14:00，两架敌方天鹰战机突然从不知何处飞来，贴着甲板飞行。|黑天鹅绿|David Mitchell|true|en|false
14:00|1400-022|两点钟|两点钟时分，盖茨比穿上泳衣，嘱咐管家，如果有人打电话来，就送到泳池边给他。|了不起的盖茨比|F. Scott Fitzgerald|true|en|false
14:00|1400-023|两|两点钟，利勒斯特罗姆的扫雪车开始作业了。|雪人|Jo Nesbø|true|en|false
14:00|1400-024|两点钟|我搭上了两点钟的巴士。天气很热。我像往常一样在塞莱斯特的餐馆吃饭。他们都很同情我，塞莱斯特告诉我：“没有人能比得上母亲。”|《局外人》|Albert Camus|true|en|false
14:00|1400-025|两点钟|养老院在马伦戈，离阿尔及尔大约五十英里。搭乘两点钟的巴士，我应该能在天黑前赶到。然后我可以在那里过夜，像往常一样守在遗体旁，明天晚上就能回来。|《局外人》|Albert Camus|true|en|false
14:00|1400-026|下午2点|萨兰德醒来时是星期六下午2点，一位医生正在给她做检查。|《捅马蜂窝的女孩》|Stieg Larsson|true|en|false
14:00|1400-027|下午两点|一个星期四下午两点，我姐姐告诉我，有个男人在门口等我。|狂犬病玩具|Roberto Arlt|true|es-AR|false
14:00|1400-028|下午2点|—他什么时候见到你的？<br>—今天下午2点左右。|狂犬病玩具|Roberto Arlt|true|es-AR|false
14:00|1400-029|下午两点|在所有这些时刻，雷梅迪奥斯都以不同的面貌出现：下午两点昏昏欲睡的空气中的雷梅迪奥斯，玫瑰静静呼吸中的雷梅迪奥斯|百年孤独|Gabriel García Márquez|true|es-CO|false
14:01|1401-000|大约两点钟|大约两点钟的时候，店主的年轻妻子来了，手里拿着一个没有把手的杯子和一个带绗缝盖的锅，来到我仍然悲伤地躺着的地方。|一颗鹅卵石|John Hershey|true|en|false
14:01|1401-001|大约两点钟|第二天是星期六，既然月亮已经完成了，我决定结束这项工作。于是我派人通知大家我不能在斯蒂普尔辛德比为球队担任裁判了，然后工作了一上午，大约两点钟下来。|《乡村一月》|J.L. Carr|true|en|false
14:01|1401-002|两点零一分|特快列车从伯明翰准时出发，一路风光无限，直到沃特福德才遭遇雾霾，不仅耽误了超过一刻钟，还毁了亚瑟的职业生涯。亚瑟于两点零一分抵达伦敦。|赶火车|Arnold Bennett|true|en|false
14:02|1402-000|两点零两分|随着钟声的敲响，所有人都像着了火一样冲出座位。我问一位同事这一切意味着什么，那位听到我问题的老公证员回答说：“先生，政府雇员的首要职责就是准时！”两点零两分，所有房间里都空无一人。|红房间|August Strindberg|true|en|false
14:02|1402-001|14点02分|我没死。怎么会这样？他说得对。时间是14点02分26秒。命运并没有实现。我们面面相觑，一脸茫然。|死了很多次的女人|Jasper Fforde|true|en|false
14:03|1403-000|下午两点零三分|下午两点零三分，塔胡玛之战打响了。|《无尽之日》|Chris Walley|true|en|false
14:04|1404-000|下午2:04|下午2:04。军需官办公室再次来电，寻找芬克上校，芬克再次听到那平静、冷漠、陌生的声音。|将军之夜|Hans Hellmut Kirst|true|en|false
14:05|1405-000|两点五分|……就在1916年9月17日那个令人难忘的年份的两点五分，我站在穆廖沃医院的院子里，脚下是被九月的雨水踩得枯萎的草地。|《乡村医生的笔记》|Mikhail Bulgakov|true|en|false
14:06|1406-000|下午两点零六分|下午两点零六分，一个开拖拉机的男人在离她家四百码的地方看到了她。|气候变化|Hilary Mantel|true|en|false
14:07|1407-000|下午2:07|1924年6月8日，星期日，下午2:07<br>当乔治再次抬头时，尽管高度计警告他他们还有300多英尺要爬升，但山峰看起来似乎触手可及。|《光荣之路》|Jeffrey Archer|true|en|false
14:07|1407-001|两点零七分|大约两点零七分，他探头进了托奈的办公室，说道：“长官，我敢肯定别克车出事了。”|出自《别克8》|Stephen King|true|en|false
14:08|1408-000|两点零八分|两点零八分，那个面色阴沉的男人站在从阳台向下延伸的宽阔台阶旁，伸长脖子，发现了蒙克·梅菲尔、哈姆·布鲁克斯、丹尼尔·W·洛哈伯和艾尔玛·钱皮恩。|《害怕的人》|Kenneth Robeson|true|en|false
14:09|1409-000|14:09|巴特勒说，泰恩先生“于14:09离开北塔大厅，乘坐电梯上行，并于14:10到达位于60层的国际象棋比赛现场。”|死灵法师|Gordon R. Dickson|true|en|false
14:10|1410-000|下午2点10分|他下午2点10分到达她家，一手拿着两盘录像带，另一手拿着一袋未加热的微波爆米花。|缓刑|James Han Mattson|true|en|false
14:10|1410-001|两点十分|尤妮斯·哈里斯太太拉起她那件漂亮外套的袖子，看了看她的名表。“没错，十二点半了。”她朝市政厅的钟挥了挥手，仿佛那是她自己的钟。“总是两点十分。多年前有人把时间钉在了上面。”|《懦夫的故事》|Vanessa Gebbie|true|en|false
14:11|1411-000|下午2点11分|电话机发出电子语音提示：“您有一条留言，时间是下午2点11分。”<br>随后一个油腔滑调的男声响起：“柯比，我们知道你在那里。你还在接受治疗。你不应该在无人监管的情况下四处走动。你现在和我们待在一起要好得多，也安全得多。”|综合症|Thomas Hoover|true|en|false
14:12|1412-000|下午2:12|塞布抬头看了看墙上的钟：下午2:12。照这个速度，他能和梅勒待上四十分钟就算幸运了，尽管他怀疑梅勒已经准备好了他的推销，不会浪费任何时间。|这是一个男人|Jeffrey Archer|true|en|false
14:12|1412-001|两点十二分|然而，他们不应忘记，还有另一个人失去了生命。如果丹尼·卡特赖特没有杀害伯尼·威尔逊，他们很可能会问，还有谁会犯下这起罪行？<br>两点十二分，陪审团走出法庭，开始审议。|生而囚徒|Jeffrey Archer|true|en|false
14:13|1413-000|二…十三|第三拍时，将是二…十三…五十秒。|再见，感谢所有的鱼|Douglas Adams|true|en|false
14:14|1414-000|两点十四分|那座镶嵌着珍珠母的钟，已经走不动了，停在了某个早已被人遗忘的日期和时间的两点十四分，那是他母亲的嫁妆。|《烧谷仓》|William Faulkner|true|en|false
14:15|1415-000|下午2:15|下午2:15<br>马克吃完了午餐。另外两个人也吃完了三明治，起身离开。马克迅速返回参议院，因为他想在辩论开始前采访亨利·莱克汉姆。|我们该告诉总统吗？|Jeffrey Archer|true|en|false
14:15|1415-001|下午2:15|下午2:15 报纸上关于两岁孩子要参加考试才能上幼儿园的新闻，真是把我吓了一跳。我本来应该去参加教子哈利的生日茶会的。|BJ单身日记|Helen Fielding|true|en|false
14:15|1415-002|下午2:15|第二天下午2:15我和她约好在我的房间里，但这次约会不太成功，她似乎一夜之间不再那么稚嫩，更像个女人了。|洛丽塔|Vladimir Nabokov|false|en|false
14:15|1415-003|下午2:15|下午2:15 第二节课|深夜小狗神秘事件|Mark Haddon|true|en|false
14:16|1416-000|下午2点16分|哦，晚上好。我想今天下午2点16分我进来的时候，你就在检票口。你知道你让我通过的时候没交出我的票吗？是啊，是啊，呵呵！我觉得你真的应该更小心点。|五个红鲱鱼|Dorothy L. Sayers|true|en|false
14:17|1417-000|两点十七分|我只知道她以前每周二和周四都坐两点十七分从贝克街出发的火车，六点前就回来了，所以路程应该不远。|《迟到的房客》|Louis Tracy|true|en|false
14:18|1418-000|下午2:18|下午2:18<br>皮埃尔·阿蒙特四十六岁，鬓角已灰白，身材健硕，堪比奥运摔跤手。他脸颊饱满，留着浓密的胡须，一双深邃的眼睛警惕地扫视着周围。这是一种与生俱来的生存本能。|独眼巨人计划|Thomas Hoover|true|en|false
14:19|1419-000|下午2点19分|安德里亚·米切尔出现在分屏画面中。“切特，我们从国土安全部的消息来源得知，爆炸发生在下午2点19分。我不知道当局是如何精确确定时间的，但显然他们做到了。”|《如果它流血》|Stephen King|true|en|false
14:19|1419-001|2:19|2:19：杜安·辛顿走了出去。他穿过后院。他拖着几件衣服。这些衣服他昨晚就穿着。他走到栅栏边。他往焚化炉里加了些东西。他点燃了一根火柴。|《寒冷的六千》|James Ellroy|true|en|false
14:20|1420-000|下午2:20|他看了看表：下午2:20。3:00开球。四万名球迷都朝着同一个方向走去。大多数人戴着红白相间的围巾，但也有相当一部分人戴着蓝白相间的围巾。|视而不见|Jeffrey Archer|true|en|false
14:20|1420-001|两点二十分|两点二十分。想回酒店待一会儿吗？<br>“好的。”<br>他们走出花园，沿着沃吉拉尔街走去。这次假期，不像很久以前的那些假期，不会以她在家睡觉结束。两天后的晚上，我将翱翔在大西洋上空，星期六，我将在另一个世界漫步。我要去美国。我要重新开始我的人生。|医生的妻子|Brian Moore|true|en|false
14:20|1420-002|两点二十分|她看了看表，两点二十分了。她没有时间可以浪费了，必须马上准备。|《双城记》|Charles Dickens|true|en|false
14:20|1420-003|两点二十分|在堰坝发现的那块表，珠宝商质疑说，是他当天下午两点二十分给艾德温·德鲁德上好发条并调好的；而且在被扔进水里之前就已经走光了；珠宝商断言，这块表从未被重新上过发条。|艾德温·德鲁德之谜|Charles Dickens|true|en|false
14:20|1420-004|两点二十分|两点二十分，在去圣地亚哥的路上，听着一些怪异刺耳的音乐；没有旋律，也没有内容。|Somewhere in Time (Bid Time Return)|Richard Matheson|true|en|false
14:21|1421-000|两点二十一分|内德困惑地环顾四周，过了好一会儿才弄明白自己身处何地。他猛地坐起身，惊愕地看了一眼手表。这表太离谱了！居然显示两点二十一分！|特纳双胞胎|Ralph Henry Barbour|true|en|false
14:22|1422-000|两点二十二|我是加思。星期天下午。很遗憾没能见到你，但我会在你的录音带上留个简短的留言。大概两点二十二左右。很棒的派对。|拉里的派对|Carol Shields|true|en|false
14:23|1423-000|两点二十三分|“两点二十三分，”他宣布道。<br>“不可能！”克罗斯韦特难以置信地脱口而出。“我肯定没——”<br>“不，你睡了，”德弗罗笑着打断他。“七个多小时的酣睡！抱歉打扰你了。”|君士坦丁堡之战|Percy F. Westerman|true|en|false
14:23|1423-001|两点二十三分|“只是普通的雾，”他说。“不过确实挺奇特的。现在几点了？谁有表？”<br>“两点二十三分，”埃文回答。“我得快点，不然就赶不上足球训练了。”|金斯福德，季度|Ralph Henry Barbour|true|en|false
14:24|1424-000|14:24|福克飞机于 14:24 从内罗毕跑道起飞，比新的时间表提前了三分钟。|刚果|Michael Crichton|true|en|false
14:25|1425-000|两点二十五|西蒙两点二十五分到达，比与党魁会面的时间提前了五分钟。他尽量不去猜测希思为什么想见他，以免会面最终只让他失望。|平起平坐|Jeffrey Archer|true|en|false
14:25|1425-001|下午2点25分|今天下午2点25分，自习室突然热闹起来。市政厅钟楼的警报声响起，预示着斯塔格福德某处可能发生了火灾，大家纷纷抬起头，侧目而视。|斯塔格福德|Jon Hassler|true|en|false
14:25|1425-002|两点二十五|我们三人在办公室里闲逛，漫无目的地闲聊，故意装作漫不经心地瞥一眼前面的街道，哼着小曲。到了两点二十五分，我们都安静了下来。|《万物明媚》|James Herriot|true|en|false
14:25|1425-003|2:25|加里把自己关在办公室里，翻看着留言。卡罗琳分别在1:35、1:40、1:50、1:55和2:10打过电话；现在是2:25。他得意地挥舞着拳头。终于，终于，看到了绝望的迹象。|《纠正》|Jonathan Franzen|true|en|false
14:26|1426-000|两点二十六分|已经两点二十六分了，但午餐高峰期这里仍然人头攒动。|自由落体|Robert Crais|true|en|false
14:27|1427-000|两点二十七分|布卢姆斯伯里中心四千个房间里所有四千个电子钟的指针都指向两点二十七分。|美丽新世界|Aldous Leonard Huxley|true|en|false
14:28|1428-000|下午2点28分57秒|恰好，六十进制计时系统和我们目前的计时方法重合了……显然，他们想让我们知道，在某个尚未确定的日期下午2点28分57秒可能会发生一些事情。|拉特纳之星|Don DeLillo|true|en|false
14:28|1428-001|下午2:28|星期四下午2:28<br>“高超音速试飞必须按计划进行，”坦赞·米诺平静地说。“现在所有财务安排都已完成，自民党协调委员会已同意下周将该条约提交国会。拖延是不可想象的。”|代达罗斯计划|Thomas Hoover|true|en|false
14:29|1429-000|两点二十九分|然而，他那天似乎有点睡不着觉，直到酒店钟显示两点二十九分他才醒来。|四桅猫船|Charles Battell Loomis|true|en|false
14:29|1429-001|两点二十九分|星期一两点二十九分，露西敲了敲客厅的门，说道：“先生，请问楼下有个穿黑衣服的男人和一位年轻绅士吗？”|《后桅上的蓝调》|Patrick O’Brian|true|en|false
14:30|1430-000|两点半|她看了看表：两点半。还有几分钟时间冷静下来，之后就得走了。|密室|Maj Sjöwall & Per Wahlöö|true|en|false
14:30|1430-001|2:30|于是我又打开门，拿出一张纸和一枚图钉，写道：<br>短暂外出。2:30 回来赴约。德累斯顿<br>写完后，我走向楼梯，开始下楼。我很少用电梯，即使我住在五楼。就像我说的，我不信任机器。它们总是在我需要它们的时候出故障。|暴风前线|Jim Butcher|true|en|false
14:30|1430-002|2点半|啊！都2点半了。时间过得真快。今天还有好多事要做……要洗碗，要解冻晚餐，还有我的药片还没数呢。我不明白……为什么犹太人连反抗都不尝试一下？这不像你想的那么容易。每个人都又饿又怕又累，连眼前发生的一切都难以置信。|鼠族|Art Spiegelman|true|en|false
14:30|1430-003|下午2:30|本月13日下午2:30，我开始跟踪鸵鸟博巴迪尔爵士，我怀疑他就是罪犯。跟踪成功。一次也没有让他离开我的视线。|月风|Eric Linklater|true|en|false
14:30|1430-004|两点半|当天下午两点半，男孩和老人站在内办公室和候诊室正上方的房间里。|科克的自由|John Berger|true|en|false
14:30|1430-005|两点半|下午两点半了。太阳像一面燃烧的镜子一样挂在褪色的蓝天上，远处牧场之外的蓝色群山像海浪一样颤动跳跃。西德要到十点半才能回来。他和四个男孩骑马去了镇上，帮忙追捕杀害威廉姆森先生的那个年轻人。真是太可怕了！|米莉|Katherine Mansfield|true|en|false
14:30|1430-006|两点半|两点半的时候，有人敲门。我鼓起勇气，等着。几分钟后，玛丽打开门，宣布道：“范海辛博士。”|德古拉|Bram Stoker|true|en|false
14:30|1430-007|两点半|1800年5月14日。威廉和约翰晚饭后，两点半出发前往约克郡，口袋里装着冷猪肉。我把他们留在洛伍德湾拐弯处的树下。我心中百感交集，临别时几乎说不出话来，只是吻别了威廉。|多萝西·华兹华斯日记|Dorothy Wordsworth|true|en|false
14:30|1430-008|下午两点半|下午两点半叫醒Traveler实在让人为难，但奥利维拉夹着钉子的手指已经青紫了；淤积的血开始向外渗出，使那些手指看起来像做得很糟的小香肠，实在令人作呕。|跳房子|Julio Cortázar|true|es-AR|false
14:31|1431-000|两点三十一分|伊戈尔又看了一眼时间。其实他并没有；我只是继续讲故事。现在是两点三十一分，她（他）正式迟到了。|吸血鬼的条约|Matt Shaw|true|en|false
14:32|1432-000|下午2:32|就像下午2:32，比彻街和阿瓦隆街，L3 R2（这意味着左转三个街区，右转两个街区），下午2:35，你想知道怎么才能取走一个箱子，然后在3分钟内开车5个街区，清理完另一个箱子。|邮局|Charles Bukowski|true|en|false
14:33|1433-000|两点三十三分|就在这时，他的姑妈出现在小屋旁，凝望着海岬。达格利什瞥了一眼手腕。两点三十三分。他松开离合器，库珀·布里斯托尔汽车缓缓地沿着小路向她驶去。|非自然死亡|P.D. James|true|en|false
14:34|1434-000|下午两点三十四分|下午两点三十四分，确切地说，在最大最豪华的私人病房里，布鲁姆菲特修女失去了一位病人。她总是这样看待死亡。病人去世了；战斗结束了；她，布鲁姆菲特修女，个人也败下阵来。|《夜莺的裹尸布》|P.D. James|true|en|false
14:35|1435-000|下午2点35分|就像下午2点32分，比彻街和阿瓦隆街，L3 R2（这意味着左转三个街区，右转两个街区），下午2点35分，你想知道怎么才能取走一个箱子，然后在3分钟内开车5个街区，清理完另一个箱子。|邮局|Charles Bukowski|true|en|false
14:36|1436-000|2点36分|“开车小心，”内德说。他发短信让我把车开过去。那是2点36分，我知道，因为我看了钟，就是那边那个装饰艺术风格的钟，看到了吗？走时很准。然后，我不知道，他就消失了。|石床垫|Margaret Atwood|true|en|false
14:36|1436-001|两点三十六分|我看了看表。两点三十六分。今天剩下的事就是收衣服和做晚饭了。|《消失的大象》|Haruki Murakami|true|en|false
14:37|1437-000|下午2:37|然而，他没有预料到的是，这趟列车会从芬斯伯里公园到斯蒂夫尼奇的每一站都停，所以当列车最终驶入剑桥时，车站的钟显示时间是下午2:37。|光荣之路|Jeffrey Archer|true|en|false
14:37|1437-001|下午2:37|下午2:37<br>管道直径大约一米半，漆黑一片。他早有预料，从“雌鹿”号残骸的应急包里取出了一个防水手电筒。手电筒有点用，但作用不大。由于热交换器关闭，没有水流过。石壁只是潮湿，弯曲的侧面覆盖着一层黏液。|独眼巨人计划|Thomas Hoover|true|en|false
14:38|1438-000|下午2:38|下午2:38<br>“阿卜杜拉”已经拆开了第二个箱子，现在他正在检查里面的东西：两枚15千吨级的核装置，是用卡胡塔核研究中心提供的浓缩铀-235制造的。想到它们竟然是从卡胡塔官员的眼皮底下偷运出来的，直接通过通往五楼铀-235离心机的安全电梯运了出来，他不禁又笑了。|独眼巨人计划|Thomas Hoover|true|en|false
14:38|1438-001|下午2:38|巴士继续驶往布里斯托尔，这段路程他平时开拉贡达只需要大约十二分钟，但今天却花了一个多小时才最终抵达汽车站。雨果既不是第一个下车的乘客，也不是最后一个。他看了看表：下午2:38。他给自己留出了足够的时间。|父辈的罪孽|Jeffrey Archer|true|en|false
14:39|1439-000|2点39分|不，平惠里车站站长报告说，有一位先生在平惠里搭乘了2点39分的火车。|五条红鲱鱼|Dorothy L. Sayers|true|en|false
14:40|1440-000|两点四十分|“我已经跟那家伙解释过了，我唯一知道的两点四十分的车就是往返于戈尔德斯格林和埃奇韦尔之间的公交车，如果我再不赶紧走，就要错过我心爱的14路公交车了。”劳伦斯一边说着，一边看了看手表。|荣誉之战|Jeffrey Archer|true|en|false
14:40|1440-001|两点四十分|如果一个女孩见到你时看起来很漂亮，谁会在乎她迟到呢？没人会在乎。“我们最好快点，”我说。“演出两点四十分开始。”|《麦田里的守望者》|J.D. Salinger|false|en|false
14:40|1440-002|差20分钟3点|大边队的成员们认定迈克尔和艾伦是明年中边队最有前途的两名四分卫，每当差20分钟3点钟的铃声响起，大边队的成员们就会陪着迈克尔和艾伦走向更衣室，用奉承和善意的玩笑来鼓励他们。|险恶街|Compton Mackenzie|true|en|false
14:41|1441-000|差十九分钟三点|差十九分钟三点。“不用着急，”她对艾玛说，这时有人敲门。她确信自己在门把手上挂了“请勿打扰”的牌子，并且告诉司机三点前不要来。|时间会证明一切|Jeffrey Archer|true|en|false
14:41|1441-001|下午2点41分|下午2点41分，开往伦敦的快车准时驶出拉伯勒站时，皮姆小姐坐在草坪上的雪松树下，琢磨着自己是不是个傻瓜，不过她也并不太在意。|皮姆小姐的处置|Josephine Tey|true|en|false
14:42|1442-000|两点四十二分|当时是两点四十二分。克拉丽莎要求两点四十五分叫她，但几分钟的差别应该不大。她敲了敲门，起初轻轻地，然后声音渐渐大了些。没有人应答。|《皮囊之下》|P.D. James|true|en|false
14:42|1442-001|下午2点42分|下午2点42分，我正好看到一条等离子绳索从天而降，停在公寓外，仿佛它包含着某种传感器，正在进行某种监视。|《火烧城市》|Walter Jon Williams|true|en|false
14:42|1442-002|下午2:42|下午2:42<br>“不！”卡莉尖叫道，但已经太迟了。克里斯·施耐德还没反应过来，拉米雷斯就干净利落地朝他眉心开了一枪，干净利落，毫无预兆。|独眼巨人计划|Thomas Hoover|false|en|false
14:43|1443-000|14点43分|14点43分的火车准时驶入坦布里奇韦尔斯，威廉是第一个下车的人。他加入了等候他的小队。|除非我死了|Jeffrey Archer|true|en|false
14:43|1443-001|两点四十三|好的！我们继续。你知道我们想要什么，你需要一份完整的报告，说明从午饭结束一点钟到格雷小姐发现尸体两点四十三分这段时间，你在哪里，做了什么，见到了谁。|《皮囊之下》|P.D. James|true|en|false
14:43|1443-002|下午2:43|下午2:43<br>范斯看着控制室里的一切都静止了，尸体瘫倒在地，他感到自己的手指不由自主地握成了拳头。这些混蛋已经开始杀害人质了。他们绝对是教科书式的恐怖分子。杀一人，吓唬一千人。但他们可能不会就此罢休。他预感到这将是漫长的一天。以及一整夜。|独眼巨人计划|Thomas Hoover|false|en|false
14:43|1443-003|下午2:43|雅各布森于次日下午2:43在三楼男洗手间左数第二个隔间内用剃须刀片割腕身亡。|现在：零|J.G. Ballard|false|en|false
14:43|1443-004|差十七分三点|他这才开始松了口气；“那个女孩”，他总是这样在心里称呼她，现在他一见到她就不能踏进这片土地。他第三次看了看表——差十七分三点。差不多是他计划的时间。如果她是在两点刚过离开劳埃德小姐家的，那她应该很快就到了。|银刺庄园|Mary Louisa Molesworth|true|en|false
14:44|1444-000|差十六分三点|女帽店楼上两家店的橱窗里挂着一个马车钟，显示差十六分三点，我转过身，看到布鲁诺离我不到五十码远。|《高处的朋友》|Caro Peacock|true|en|false
14:45|1445-000|下午2点45分|大卫下午2点45分抵达亨廷顿大道上的科普利酒店，肾上腺素在他体内飙升。当他被领进一间小型私人房间时，他默念着哈佛商学院的校训：外表像英国人，思维像意第绪人。|一分不多，一分不少|Jeffrey Archer|true|en|false
14:45|1445-001|差一刻三点|他低头看了看表。他一边抚摸着她，一边笑着唤醒她，现在也笑着。“差一刻三点。我们谈话之后，我在我那破旧的汽车旅馆房间里坐了将近两个小时，试图说服自己，我所想的不可能是真的。但我走到今天这一步，并非是因为我逃避了真相。”|《漆黑一片，没有星星》|Stephen King|true|en|false
14:45|1445-002|下午两点四十五分|下午两点四十五分，那个爱捣鼓东西的小女孩敲响了后门。玛尔詹认出她是众多在咖啡馆窗边驻足许久的雀斑面孔之一，即使其他好奇的小学生早已留下了脏兮兮的小手印。|石榴汤|Marsha Mehran|true|en|false
14:45|1445-003|差一刻三点|他直到差一刻三点才下来。|《一个无名小卒的日记》|George and Weedon Grossmith|true|en|false
14:45|1445-004|两点四十五|别装了，去跟海军陆战队说说，别逗我笑了，滚蛋，诸如此类，但事实仍然是现在才两点四十五。|《怀孕的窗户》|Martin Amis|false|en|false
14:45|1445-005|差一刻三点|现在几点了？<br>“你自己看，”老妇人对我说。我看了看，发现钟没有指针。<br>“没有指针，”我说。<br>老妇人看着钟面，对我说：“差一刻三点。”|老妇人|Daniil Ivanovich Kharms|true|en|false
14:46|1446-000|差十四分三点|这讽刺的发生并非出于他的本意。那天早上，迈克尔在帕拉蒂尼山漫步，选择这个地点正是为了利用这个优势，而现在这个优势却可能被用来对付他。他看了看表：差十四分三点。|《帕西法尔马赛克》|Robert Ludlum|true|en|false
14:47|1447-000|下午2点47分|这里的墙壁漆成了黄色，而不是像一楼那样是红色。人们穿着黄色制服。电梯旁的一位护士说：“先生们，现在是下午2点47分。一小时后您可以继续下楼。”|《安德洛墨达病毒》|Michael Crichton|true|en|false
14:48|1448-000|下午2:48|下午2:48<br>赖斯已经从休伊直升机的驾驶舱里取回了装有克里特隆的盒子，正乘电梯前往发射设施正下方南侧的区域，那里是洁净室，卫星通信公司昂贵的通信卫星将在那里进行发射前的准备工作。|独眼巨人计划|Thomas Hoover|true|en|false
14:49|1449-000|14:49|恩迪科特盯着他，心想：预付五千美元，事后再付五千美元，在50号州际公路107英里路标处制造一起重大交通事故，事故定于14:49发生。|《归乡》|Carsten Stroud|true|en|false
14:50|1450-000|2点50分|2点50分，他叫大家到会员看台去看看他那匹著名的小母马。斯蒂芬和其他人一样，跟在他身后，组成了一个小小的、类似皇室的随从。|一分钱也不多，一分钱也不少|Jeffrey Archer|true|en|false
14:50|1450-001|2点50分|当时间到了2点50分，银行也没有遭到袭击时，很明显，今天不是发生大政变的日子。|密室|Maj Sjöwall & Per Wahlöö|true|en|false
14:50|1450-002|差十分钟到三点|教堂的钟指向差十分钟到三点吗？还有蜂蜜可以泡茶吗？|格兰切斯特老牧师住宅|Rupert Brooke|true|en|false
14:51|1451-000|差九分三点|差九分三点，暴风雨再次袭来。它带着愤怒而阴沉的层层云层滚滚而来：膨胀的蓝黑色积云和幽灵般低垂的雨层云，密密麻麻地挤满了天空。它使空气中的氧气压缩、变冷变稠，被使天空变黑膨胀的水汽吸收或置换。|桥|John Skipp and Craig Spector|true|en|false
14:52|1452-000|差八分钟三点|凯塞尔巴赫先生，现在是差八分钟三点。如果您在八分钟内不回答，您就死定了！|813|Maurice LeBlanc|true|en|false
14:53|1453-000|2点53分|2点53分，他们被领进一间空会议室。斯科特选了一把靠墙的椅子，就在沃伦·克里斯托弗座位的后面，稍微偏左一点，这样他就能清楚地看到坐在桌子对面的拉宾总理。|盗亦有道|Jeffrey Archer|true|en|false
14:53|1453-001|差七分三点|“你猜马奥尼神父现在在想什么？像个罗马尼亚乞丐一样坐在那儿，都快到下午茶时间了？他很清楚我们在等他。如果他迟到哪怕一分钟——我数着呢，手表显示差七分三点——我就要好好教训他一顿。”|石榴汤|Marsha Mehran|true|en|false
14:54|1454-000|差六分三点|大公爵的三套马车，马具叮当作响，缀满金属饰牌和飞扬的流苏，外侧的马匹一如既往地嬉戏打闹，而辎重马则步履稳健地小跑着——所有这些都汇聚成无尽的队伍，沿着涅瓦大街，穿过大海街，来到涅瓦河畔，然后又返回，人们穿梭其中，观看彼此，直到短暂的白昼已然落下，直到差六分三点，夜幕降临。|俄罗斯漫步|Isabel F. Hapgood|true|en|false
14:54|1454-001|大约2点55分|最终，他无法忍受的是星期天的下午，以及大约2点55分开始袭来的那种可怕的倦怠感。你知道那天你已经洗完了所有能洗的澡，无论你多么努力地盯着报纸上的某个段落，你永远也读不下去，也用不上它所描述的革命性的新修剪技术。当你盯着时钟，指针会无情地指向四点，你将进入灵魂漫长而黑暗的下午茶时光。|《生命、宇宙及一切》|Douglas Adams|true|en|false
14:55|1455-000|两点五十五分|两点五十五分，十名男子和两名女子，都穿着在达芙妮看来像是黑色长袍的衣服，脖子上挂着紫色围巾，缓缓地穿过舞台，像一条温顺的鳄鱼，然后走到各自的位置。|《如鸟飞翔》|Jeffrey Archer|true|en|false
14:55|1455-001|差五分三点|差五分三点，保罗和他的伴郎走进教堂，缓缓地沿着过道走去。吉安·洛伦佐知道他曾是一位知名的足球运动员，但他仍然想不起他的名字。|九尾狐传|Jeffrey Archer|true|en|false
14:55|1455-002|差五分钟到三点|院长，尊敬的约翰·康米神父（John Conmee S.J.）一边走下牧师住宅的台阶，一边重新调整着他放在内袋里的那块光面怀表。差五分钟到三点。正是去阿塔纳散步的好时间。|尤利西斯|James Joyce|true|en|false
14:55|1455-003|那天下午2点55分|那天下午2点55分，她把车停在女儿学校对面，等着学生们出来。她一夜没睡。眼睛酸痛，头也昏昏沉沉的。|杀死你的兄弟|Jack Heath|true|en|false
14:56|1456-000|下午2:56|下午2:56 海伦现在独自一人。她的脸不在画面中，透过取景器，我只能看到枕头的一部分、一团皱巴巴的床单以及她胸部和肩膀的上半部分。|《60分钟变焦》|J.G. Ballard|true|en|false
14:57|1457-000|三点差三分|他三点差三分离开家，胳膊上搭着斗篷。六月初的一天很热，他刚一出门，街上的热风就扑面而来，像从敞开的炉子里喷出的热浪。他踉跄了一下，差点摔倒。|曼岛人|Sir Hall Caine|true|en|false
14:58|1458-000|差两分钟三点|差两分钟三点，布莱基独自坐在书桌前。她感到一阵倦怠，这倦怠一部分是迟来的惊吓造成的，一部分是恐惧，但无论如何，任何行动都让她觉得难以忍受。她想她可以回家了，尽管没有人告诉过她。|原罪|P.D. James|true|en|false
14:58|1458-001|差两分三点|但通常情况恰恰相反，她会慢慢来。她会把旋钮拧到极限，让太阳在屏幕上静止不动，好几个星期都不会移动一丝一毫，所以树上的叶子和牧场里的草叶都不会闪烁。时钟的指针停在差两分三点，她很可能会一直让它们停在那里，直到我们锈迹斑斑。|飞越疯人院|Ken Kesey|true|en|false
14:58|1458-002|三点差两分|从九点二十分到九点二十七分，从十一点二十五分到十一点二十八分，从三点差十分到三点差两分，学校的英雄们齐聚一堂，其奥林匹亚般的笑声令不安地掠过的胆怯小男孩感到敬畏，也让鲁莽地停下来查看告示、声称自己拥有不应得的权利的懒散高年级学生感到不寒而栗。|险恶街|Compton Mackenzie|true|en|false
14:58|1458-003|差两分三点|我们打赌这件事会在明天发生；他们带我们上去，给了我们二比一的赔率；我们打赌这件事会在下午发生；我们得到了四比一的赔率；我们打赌这件事会在差两分三点发生；他们欣然给了我们十比一的赔率。|《少年撒旦编年史》|Mark Twain|true|en|false
14:59|1459-000|差一分钟到三点|差一分钟到三点时，五位高级职员进入房间，斯科特很高兴地看到苏珊·安德森也在其中。|盗亦有道|Jeffrey Archer|true|en|false
14:59|1459-001|大约三点钟|大约三点钟，四对情侣因幸福而惊恐，正从俄罗斯山上滑下来。俄罗斯山是一座奇特的建筑，当时占据了博容的高地，其起伏的线条在香榭丽舍大街的树木之上清晰可见。|悲惨世界|Victor Hugo|true|en|false
14:59|1459-002|下午2:59|一份私人无线电报，以点划线系统发送一场全国性马匹让分赛（平地赛或障碍赛）的结果，该赛程为一英里或多英里，由一匹冷门马以50比1的赔率赢得，比赛时间为下午3点8分（格林威治时间）在阿斯科特赛马场举行，该消息于下午2:59在都柏林被接收并可用于投注。|尤利西斯|James Joyce|true|en|false
15:00|1500-000|三|村广场钟楼上的钟敲了三下。德克兰靠着石墙挺直身子，小心翼翼地藏在阴影里，从街对面的小巷里观察着酒吧。|在这片黑沙上|Vanessa Rasanen|true|en|false
15:00|1500-001|三点钟|在将临期第一个星期日，冈瑟对圣诞节的两种矛盾感受几乎相互抵消。到了三点钟，恐惧感几乎消失了。|爱的明亮山谷|Edna Hong|true|en|false
15:00|1500-002|三|那天下午三点，是彼得把她从半梦半醒的状态中唤醒，让她意识到自己已经濒临崩溃：几乎饿得要死，也几乎筋疲力尽。|《汤米诺克》|Stephen King|false|en|false
15:00|1500-003|现在是三点钟|小迅猛龙张开大嘴，对着格兰特发出嘶嘶声，姿态突然变得异常愤怒。<br>“真有趣，”格兰特说。<br>“我可以留下来和她玩吗？”蒂姆问。<br>“现在不行，”埃德·雷吉斯看了看手表说。“现在是三点钟，正是参观公园的好时间，这样你就能看到我们为恐龙设计的栖息地里的所有恐龙了。”|侏罗纪公园|Michael Crichton|true|en|false
15:00|1500-004|三点钟|三点钟对于任何你想做的事情来说，总是太晚或太早。下午一个奇怪的时刻。|恶心|Jean-Paul Sartre|true|en|false
15:00|1500-005|三点钟|片刻之后，大约三点钟，库尔费雷克碰巧和博絮埃一起沿着穆夫塔尔街走过。雪势加重，弥漫在空气中。|悲惨世界|Victor Hugo|true|en|false
15:00|1500-006|下午三点|下午三点钟，钟声响起，大厅里传来一个权威的声音，令我惊讶的是，出现在我面前的竟然是阿瑟尔尼·琼斯先生。然而，他与那位在诺伍德上学院自信满满地接手此案、言辞犀利、精通常识的教授截然不同。他神情低垂，举止温顺，甚至带着歉意。|《四签名》|Sir Arthur Conan Doyle|true|en|false
15:00|1500-007|三点钟|“那么，晚安，陛下，我相信我们很快就会有好消息告诉您。晚安，华生，”他补充道，此时皇家马车的车轮已驶过街道。“如果您明天下午三点钟能来，我想和您谈谈这件事。”|《四签名》|Sir Arthur Conan Doyle|true|en|false
15:00|1500-008|三|第二天下午三点，我去见新老师。当我走进朱利安的办公室时，我震惊了。办公室空空如也。书、地毯、那张大圆桌，全都不见了。|《秘史》|Donna Tartt|true|en|false
15:00|1500-009|下午三点|下午三点左右，我感到一阵强烈的疲倦袭来，于是花了最后几个小时在礼品店里为凯和奥利维亚挑选毛绒考拉，然后在有空调的咖啡馆里找了张桌子放松休息。|莉莉的照片|Paige Toon|true|en|false
15:00|1500-010|三|所有的门都锁好了，一切都井然有序。一切如常。我回到管理员的房间，把闹钟设在三点，然后很快就睡着了。|盲柳，睡女|Haruki Murakami|true|en|false
15:00|1500-011|三|然而，三点钟闹钟响起时，我醒来却感觉很奇怪。我说不上来，就是感觉不一样了。我不想起床——好像有什么东西在压制我起床的意志。我平时都是那种起床后立马跳起来的人，所以完全无法理解。|盲柳，睡女|Haruki Murakami|true|en|false
15:00|1500-012|三点钟|路易莎穿过办公室，来到多姆·格雷尔施的办公室门口。她的老板正在用低沉而愤怒的声音打电话。路易莎在外面等着，却无意中听到了。“不——不，不，弗鲁姆先生，这事<em>非黑即白</em>，告诉我——嘿，<em>我</em>现在就在说话——告诉我，还有什么比白血病<em>更</em>非黑即白的‘病症’？你知道我是怎么想的吗？我觉得我妻子只不过是你和你三点钟的高尔夫球位之间的一张纸，不是吗？”|《云图》|David Mitchell|true|en|false
15:00|1500-013|三点钟|贾维斯吹着口哨。“蒂莫西，法律能帮你这个年纪的人从多处脊椎骨折中恢复过来吗？”<br>埃迪：“你这个年纪的人不会恢复，只会摔得粉身碎骨。”<br>我拼尽全力反抗，但我的括约肌已经不受控制，一发炮弹射了出去。我本可以忍受他们的嘲笑或轻蔑，但折磨我的人的怜悯却意味着我彻底的失败。马桶的链子被拉了下来。<br>“三点钟，”卡文迪什-雷杜克斯被冲进了马桶。|云图|David Mitchell|false|en|false
15:00|1500-014|下午三点|我太用力了。“该死的，蒂姆，我的银行<em>倒闭了</em>！我们被劳埃德银行那些吸血鬼榨干了！我以前那种随叫随到的财务自由的日子一去不复返了！我们的房子抵押了两倍！我是强大的堕落者，你是渺小的堕落者。不过，你那本该死的书可是卖得火爆，全世界的书店都卖光了！”<br>我的表情说明了一切。<br>“哦，我的天，你这个白痴。还款计划是什么？”<br>我看了看表。“今天下午三点。”|云图|David Mitchell|false|en|false
15:00|1500-015|三点钟|到了三点钟，热浪仿佛变成了一头野兽，一条伺机而动的毒蛇。它嘶嘶作响，在人行道上蜿蜒爬行，把燃烧的舌头从钥匙孔里伸出来。人们挪近电扇，更用力地吮吸着冰块，打开窗户，却又立刻关上。|《失踪的树木之岛》|Elif Shafak|true|en|false
15:00|1500-016|三|钟声敲响三点时，伊丽莎白感到自己必须走了，她很不情愿地说了出来。宾利小姐提出送她马车，她只需稍加劝说便欣然接受。简·奥斯汀在临别时表现出极大的不舍，宾利小姐只好将送马车的提议改为邀请她暂时留在内瑟菲尔德庄园。|傲慢与偏见|Jane Austen|true|en|false
15:00|1500-017|下午三点|我坐在屋子这边一块帆布下堆着的柴堆上。“我想你是来出差的吧。我老婆的。”<br>“是的。”<br>“好吧，你喝了酒，那我们最好开始干活。我还有一整天的工作要做，现在都下午三点了。”|《漆黑一片，没有星星》|Stephen King|true|en|false
15:00|1500-018|下午三点|暴风雨席卷整个欧洲，肆虐一整夜，一直持续到第二天。克伦威尔下午三点去世时，暴风雨仍在肆虐着这座岛屿。|永远的琥珀|Kathleen Windsor|true|en|false
15:00|1500-019|三点整|三点整我到了贝克街，但福尔摩斯还没回来。|波西米亚丑闻|Sir Arthur Conan Doyle|true|en|false
15:00|1500-020|三点钟|现在是三点钟了。反基督已经在地球上待了十五个小时，一个天使和一个恶魔已经连续喝了三个小时的酒了。|好兆头|Terry Pratchett and Neil Gaiman|true|en|false
15:00|1500-021|三|城市时钟刚过三点，但天已经很黑了——一整天都没亮过——邻近办公室的窗户里烛光摇曳，如同在昏暗的棕色空气中留下的红色污迹。|圣诞颂歌|Charles Dickens|true|en|false
15:00|1500-022|三点钟|从昨天三点钟开始。我的持续影响不可能更早开始，否则你之前就不会那么没心情了。|爱玛|Jane Austen|true|en|false
15:00|1500-023|三点钟|艾莫里看到女孩们做着一些即使在他记忆中也不可能发生的事情：在凌晨三点钟，在那些不可思议的咖啡馆里吃舞后晚餐，谈论着生活的方方面面，语气一半是认真，一半是嘲讽，却又带着一种艾莫里认为代表着真正道德沦丧的隐秘兴奋。但他从未意识到这种现象有多么普遍，直到他看到纽约和芝加哥之间的城市就像一个巨大的青少年阴谋。|人间天堂|F. Scott Fitzgerald|true|en|false
15:00|1500-024|三点钟|下午的时光从三点钟的清爽宜人逐渐过渡到四点钟的金色美好。|人间天堂|F. Scott Fitzgerald|true|en|false
15:00|1500-025|三点钟|詹姆斯费了好大劲才穿过一波又一波的气味、刺耳的声音和乌黑亮丽的头发。<br>“这到底是怎么回事？”他回到办公室后问道。<br>卡洛耸了耸肩。“现在是三点钟。”<br>“我知道时间，卡洛。为什么外面有这么多女人？”<br>“她们是<em>fidanzate</em>。想嫁给盟军士兵的女人。”|婚礼官|Anthony Capella|true|en|false
15:00|1500-026|三点钟|我得在三点钟之前赶到城北。|《傻瓜联盟》|John Kennedy Toole|true|en|false
15:00|1500-027|三点钟|记住，他们喊道，“三点钟准时开战。时间紧迫。”|燕子号与亚马逊号|Arthur Ransome|true|en|false
15:00|1500-028|三|铃声如潮水般涌入房间，带着一丝忧郁；铃声渐渐消退，又聚集起来准备再次落下，这时她心不在焉地听到一阵窸窣声，有人在门上抓挠。谁啊，这么晚了？三个，我的天！已经三个了！|达洛维夫人|Virginia Woolf|true|en|false
15:00|1500-029|三点钟|当天下午三点钟，他来拜访她。她伸出双手，脸上带着她一贯迷人友好的微笑；他们深情地凝视了几秒钟。|漂亮朋友|Guy de Maupassant|true|en|false
15:00|1500-030|三|星期三下午三点，这幅画的这一部分完成了。|《月亮宝石》|Wilkie Collins|true|en|false
15:00|1500-031|三|被我深爱的女人抛弃后，我将痛苦升华为伟大的象征（下午三点瘫倒在床上），从而保护自己免于体验到悲伤仅仅是一场平凡的恋情分手所带来的后果。克洛伊的离开或许要了我的命，但至少让我占据了道德制高点，光荣地获得了胜利。我成了殉道者。|《爱情随笔》|Alain de Botton|true|en|false
15:00|1500-032|三点钟|星期一下午三点钟，他走进“破碎之物医院”。这是事先约定好的。如果他六点以后才来，就直接去日落公园的房子。|日落公园|Paul Auster|true|en|false
15:00|1500-033|下午三点|我下午三点有一节心理学课，是这学期的第一节课，我预感自己肯定会错过。果然不出所料。维多利亚把整个过程搞得像个仪式，衣服一件件脱掉，就像脱衣舞表演一样自慰，被子时不时地掀开，露出这块或那块精心设计的肌肤。|阿卡特斯·麦克尼尔|T.C. Boyle|false|en|false
15:00|1500-034|三点钟|在一个秋高气爽的美好下午三点钟，卡索邦先生驱车前往他在洛威克的牧师住宅，那里距离蒂普顿只有五英里；多萝西娅戴着帽子，披着披肩，匆匆穿过灌木丛，越过公园，以便独自漫步在毗邻的树林中，陪伴她的只有那只名叫蒙克的圣伯纳犬，它总是在年轻女士们散步时照顾她们。|米德尔马契|George Eliot|true|en|false
15:00|1500-035|下午三点|女士们在中午之前沐浴，下午三点午睡之后，到了晚上，她们就像涂着汗水和甜滑石粉糖霜的柔软茶饼。|杀死一只知更鸟|Harper Lee|true|en|false
15:00|1500-036|三点钟|马德林先生通常三点钟来，守时即是仁慈，所以他总是准时。|悲惨世界|Victor Hugo|true|en|false
15:00|1500-037|三点钟|星期三三点钟，包法利先生和夫人坐在他们的马车里，前往沃比耶萨尔。马车后面绑着一个大箱子，前面放着一个帽子盒。此外，查尔斯膝盖间还夹着一个鼓盒。|包法利夫人|Gustave Flaubert|true|en|false
03:00|1500-038|凌晨三点|凌晨三点，赌场里的气味、烟雾和汗味令人作呕。接着，豪赌带来的灵魂侵蚀——贪婪、恐惧和精神紧张混杂成的堆肥——变得无法忍受，感官从麻木中醒来，开始反抗。|Casino Royale|Ian Fleming|true|en|false
15:00|1500-039|三点钟|三点钟是查姆的完美时间，因为一切皆有可能。你仍然可以滑雪，也可以体面地开始小酌，商店刚刚重新开门营业，太阳还高悬在天上。三点钟永远不会太晚，也不会太早。|查姆|Jonathan Trigell|true|en|false
15:00|1500-040|三点|今天是艾利克斯指定的“惩罚”日。随着三点钟的临近，我越来越紧张。我独自一人在家，焦躁地在各个房间来回踱步，不时瞥一眼每个房间里的钟。|聋哑句子|David Lodge|true|en|false
15:00|1500-041|下午三点|他记得“上周日下午三点，一个黑人妇女来了，六点和安东尼奥一起离开了。”|狂犬病玩具|Roberto Arlt|true|es-AR|false
15:01|1501-000|大约下午三点|太阳正在落山。大约下午三点，艾丽桑德开始告诉我那些牛仔是谁；所以她在这方面进展相当不错——对她来说。毫无疑问，她迟早会明白的，但她不是一个能被催促的人。|《康涅狄格州的美国佬在亚瑟王宫廷》|Mark Twain|true|en|false
15:01|1501-001|三点一分|“明天三点钟之前要运来二十托盘的货，”走廊尽头的办公室里传来一个男人的声音，“如果你的卡车三点一分还没到，那这批货就得送到艾尔斯福德的Fine Fare仓库去。”|《骨钟》|David Mitchell|true|en|false
15:01|1501-002|三点一分|当时是三点一分。他边走边听，脚步声在大理石地板上回荡。就在这时，他听到一个声音说：“孩子，你愿意忏悔吗？”|《命运之子》|Jeffrey Archer|true|en|false
15:02|1502-000|三点两分|但经过数月的核查和复核，约瑟夫·里卡多，一个混血儿，于1995年10月19日西境时间三点两分在布宜诺斯艾利斯一家医院非婚生子，终于被正式承认。|《人类之子》|P.D. James|true|en|false
15:03|1503-000|下午3:03|我查看了辛吉的手机——显示时间是下午3:03。我起床，打开行李箱拿出干净的袜子，母亲的气味扑鼻而来，让我感到一阵眩晕。|哈拉雷北部|Brian Chikwava|true|en|false
15:04|1504-000|下午3:04|他看了看表：下午3:04。他又敲了敲门，但仍然没有人回应。他只是迟到了几分钟，他们总不会拒绝他进去吧？|荣耀之路|Jeffrey Archer|true|en|false
15:04|1504-001|三点四分|在七月下旬那个炎热无风的下午，他看到市政厅塔楼上的钟指向三点四分。|《汤米诺克》|Stephen King|true|en|false
15:04|1504-002|1504|1504 年被米开朗基罗用凿子敲打唤醒。|101 雷克雅未克|Hallgrímur Helgason|true|en|false
15:05|1505-000|三点零五|“五分钟前是三点，”墨菲说。“我不能确定，但我推测现在应该是三点零五分左右。”<br>我抱起双臂。“我通常不做蹲点。”|白夜|Jim Butcher|true|en|false
15:05|1505-001|下午3:05|有一瞬间，露丝仿佛看到了X光片一般，清晰地看到了蝙蝠的骨头。<br>然后，所有的绿色都变成了黑色。<br>现在是下午3:05。|《汤米诺克》|Stephen King|true|en|false
15:05|1505-002|三点零五分|最终，在那天下午三点零五分，史密斯承认了斯科特堡故事的虚假性。<br>“那只是迪克告诉他家人的谎言。这样他就可以彻夜不归，喝点酒。”|《冷血》|Truman Capote|true|en|false
15:06|1506-000|三点零六分|“拉尔·吉尔贾”塔上的钟指向三点零六分。|废墟中的早餐|Michael Moorcock|true|en|false
15:07|1507-000|三点七分|第二天阴沉沉的，似乎要下雨。他三点七分到了。对面教堂的钟也指向了这一点。他们约好三点十五分见面。因此，如果她在他来的时候已经到了，那她就比约定的时间早到了八分钟。|《天空下的两万条街道》|Patrick Hamilton|true|en|false
15:08|1508-000|三点零八分|雾气渐渐散去，他隐约能看到格兰奇庄园——一个庞大的黑色阴影，窗户里透出模糊的光影。他的手表显示三点零八分。所以他们现在都独自躲在密室里冥想，等待四点钟的召集令，宣布最终投票结果。|黑塔|P.D. James|true|en|false
15:08|1508-001|下午3点8分|一份私人无线电报，以点划线系统发送一场全国性马匹让分赛（平地赛或障碍赛）的结果，该赛程为1英里或更长，由一匹赔率为50比1的冷门马在阿斯科特赛马场（格林威治时间）下午3点8分获胜，该信息于下午2点59分在都柏林被接收并可用于投注。|尤利西斯|James Joyce|true|en|false
15:09|1509-000|3点09分|“塞布，我现在得赶紧走了。我要去约克郡看望我母亲，如果我不马上出发，就会错过3点09分开往哈德斯菲尔德的火车。请代我向你母亲问好，祝她庭审顺利。”|《比剑更强大》|Jeffrey Archer|true|en|false
15:09|1509-001|3点09分|第二天，他登上了前往伦敦的火车，该火车于3点09分到达赫尔。在帕拉贡车站，他很快就根据梅里曼的描述认出了比米什。|矿井支柱辛迪加|Freeman Wills Crofts|true|en|false
15:10|1510-000|三点十分|迈尔斯开车进入公园时是三点十分。他看到宾厄姆家的黑色GMC皮卡停在加油泵旁边。他把车停在旁边，几乎还没停稳，贝弗莉就打开车门，坐进了前排。他起初以为她哭过，但后来发现她脸颊上的泪滴其实是雨滴。|斯塔格福德|Jon Hassler|true|en|false
15:10|1510-001|下午3:10|下午3:10，餐厅离开门还有大约两个小时，兰迪喜欢他们每次来都这样。他们经过大厅里的木长椅和衣架时，伊娃喜欢停下来看看老板杰克·多尔蒂和伊什梅尔·门多萨的棕褐色肖像，以及一幅装裱好的“露露的故事”，这本故事书旨在帮助那些愿意忍受长时间等待的顾客打发时间。|大中西部厨房|J. Ryan Stradal|true|en|false
15:10|1510-002|下午3:10|这一次，仅仅是因为指针恰好指向了下午3:10，伦敦所有钟表停止的那一刻。|紫色云朵|M.P. Shiel|true|en|false
15:11|1511-000|三点十一分|三点十一分，弗吉尼亚走进茶室时，吉尔斯倒吸了一口凉气。谁也想不到这位优雅的女士竟然已经六十多岁了。|《这是一个男人》|Jeffrey Archer|true|en|false
15:11|1511-001|下午三点十一分|心率132，131，130，然后下降。她正冒雨沿着公园大道向南走。现在是下午三点十一分。|斯卡佩塔因素|Patricia Cornwell|true|en|false
15:12|1512-000|三点十二分|三点十二分，广播里传来通知：“所有卡特赖特案的当事人，请返回四号法庭，陪审团即将返回。”|《生而囚徒》|Jeffrey Archer|true|en|false
15:12|1512-001|三点十二分|也许那三英里更接近四英里，因为当他疲惫不堪、满身尘土、心力交瘁地描述着村庄光秃秃的榆树和枫树之上的公理会教堂塔楼时，镀金的指针指向了三点十二分。|特纳双胞胎|Ralph Henry Barbour|true|en|false
15:13|1513-000|三点十三分|电梯启动了。现在是三点十三分。铃声响起。两名男子走出电梯，艾伦·诺曼和另一名男子。托尼·布莱尔走进办公室。|虚拟刺客|Simon Kearns|true|en|false
15:14|1514-000|3点14分|信号响了。“3点14分的火车来了，”珀克斯说。“你躲起来等它开过去，然后我们一起去我家，看看有没有我跟你说过的那些熟透的草莓。”|《铁路边的孩子们》|Edith Nesbit|true|en|false
15:14|1514-001|三点十四分|我将于三点十四分准时回来，与你共度我们甜蜜的遐想时光，亲爱的，真正甜蜜的遐想|在路上|Jack Kerouac|true|en|false
15:15|1515-000|三点一刻|三点一刻。还有时间去当地的停尸房看看有没有找到任何可能是无名氏的尸体——谁知道呢，我的搜寻或许会在今天结束前结束——然后去银行存我的钱，再给房东开张支票。|暴风雨前线|Jim Butcher|true|en|false
15:15|1515-001|三点十五分|老板那天下午三点十五分拉的屎比拉屎厉害多了；他拉在裤子里的东西简直就像一颗原子弹。|《汤米诺克》|Stephen King|false|en|false
15:15|1515-002|三点十五分|西克斯密斯接下来排队买机票。航班延误的消息像念经一样让他昏昏欲睡。他紧张地留意着海滨航空公司的工作人员是否会在这么晚的时候来接他。终于，一个售票员向他招了招手。<br>“我必须去伦敦。事实上，英国境内的任何目的地都可以。任何座位，任何航空公司。我付现金。”<br>“<em>没门儿</em>，先生。”售票员的疲惫透过妆容显露出来。“我能安排的最早时间”——她看了看电传打印的单子——“伦敦希思罗机场……明天下午三点十五分出发，乘坐Laker Skytrains，在肯尼迪机场转机。”|云图|David Mitchell|true|en|false
15:15|1515-003|三点一刻|戈登独自一人。他踱步回到门口。那个长着草莓鼻子的男人回头瞥了一眼，与戈登目光相接，然后便走开了，他的计划落空了。他原本正要把埃德加·华莱士塞进口袋里。威尔士亲王号上的钟敲响了三点一刻。|让阿斯匹迪斯特拉飞翔|George Orwell|true|en|false
15:15|1515-004|3:15|我拿出旧衣服。我在普通袜子外面套上羊毛袜，然后慢悠悠地系好靴子。我做了几个金枪鱼三明治和一些双层花生酱饼干。我装满水壶，把猎刀和水壶都系在腰带上。出门的时候，我决定留张纸条。于是我写道：“感觉好多了，要去桦树溪。很快回来。R. 3:15。” 大约四个小时后。|我打电话的地方|Raymond Carver|true|en|false
15:15|1515-005|3:15|7月3日：5小时45分钟。今天几乎没做什么。越来越疲惫，拖着疲惫的身体走到实验室，差点两次冲出马路。勉强集中精力喂了动物园的动物，并更新了日志。最后一次阅读了惠特比留下的操作手册，决定将辐射剂量率设为每分钟40伦琴，目标距离设为530厘米。一切准备就绪。11:05起床。3:15入睡。|时间之声|J.G. Ballard|true|en|false
15:16|1516-000|15:16|“尼姆罗德”号于格林尼治标准时间15:16与轻型飞机会合。|《乌鸦之路》|Iain Banks|true|en|false
15:17|1517-000|三点一十七|罗曼诺夫看了看墙上的钟：三点一十七。他简直不敢相信自己竟然要花将近两个小时才能弄清楚那五个盒子里装的是什么。两位比肖夫先生鞠躬后离开了。|荣誉之战|Jeffrey Archer|true|en|false
15:17|1517-001|3:17|“你可以搭乘3:17的火车前往彼得伯勒，在那里换乘4:09的火车前往唐卡斯特，然后再换乘一次。你将在6:32到达赫尔。”|道吉·莫蒂默的右臂|Jeffrey Archer|true|en|false
15:17|1517-002|三点十七分|厨房里传来闹钟噼里啪啦的响声，证明，虽然闹钟设定在六点响，但彼得在三点十七分就为那些失去父亲的孩子们找到了母亲。|《折刀男》|Ellis Parker Butler|true|en|false
15:18|1518-000|下午3:18|下午3:18<br>万斯给巴基斯坦人的乌兹冲锋枪上了膛，枪口对准了门，不知所措。他担心自己会误杀友军。人质事件总是存在这种令人胆战心惊的可能性。快速识别目标和快速决策是优秀反恐小组的必备素质。他担心自己既不具备这些技能，也不具备这些技能。他的枪法甚至都不算好。|独眼巨人计划|Thomas Hoover|false|en|false
15:18|1518-001|三点十八分|胶片上的图案已经开始起皱：老鹰的翅膀断了；时针也歪了。现在是三点十八分。|仙境|Paul J. McAuley|true|en|false
15:19|1519-000|三点十九分|三点十九分，塞西莉·索罗古德依然镇定自若，但衣着已不再那么漂亮，她被冰冷的北大西洋海水淹没至肩部，紧紧抓住一艘翻覆的小船的救生索。|《长戏》|Lewis Anselm da Costa Ritchie|true|en|false
15:20|1520-000|3点20分|詹姆斯把软呢帽塞到耳朵上，把目光移开，和萨姆·奥弗莱厄蒂聊起了3点20分的比赛，以及乔治六世国王和伊丽莎白女王锦标赛，以此消磨时间。|一分不多，一分不少|Jeffrey Archer|true|en|false
15:20|1520-001|3点20分|他看了看表。才3点20分，但对于公务来说时间已经足够了。克劳黛特·阿尔伯特森让他吃了一惊。“不，是海耶斯先生，他就在楼下和我们一起。”<br>“你确定吗？”丹那天下午刚和查理·海耶斯下过一盘跳棋，对于一个患有急性髓系白血病的人来说，他看起来精神矍铄得像只蟋蟀。|睡梦医生|Stephen King|true|en|false
15:20|1520-002|三点二十|三点二十分电话铃响时，我四仰八叉地躺在榻榻米上，目光直直地盯着天花板。冬日的阳光在我躺着的地方汇聚成一滩。我像一只死苍蝇一样，空洞地躺在那里，沐浴在1971年12月的聚光灯下。|盲柳，睡女|Haruki Murakami|true|en|false
15:20|1520-003|三点二十分|1948年1月26日星期一，三点二十分，在东京，我正在喝酒，我正在喝酒，我正在喝酒，我正在喝酒，我正在喝酒，我正在喝酒，我正在喝酒，我正在喝酒，我正在喝酒。|占领城市|David Peace|true|en|false
15:21|1521-000|下午3:21|下午3:21<br>“放他们走，”拉米雷斯说。“我们已经有了需要的东西。”他弯下腰，拿起箱子。|独眼巨人计划|Thomas Hoover|true|en|false
15:22|1522-000|下午3点22分|露丝终于在下午3点22分走进了门。“有留言吗？”她问接待员。<br>“没有，”女孩回答说，“不过有一位女士在等您。”|《错误的印象》|Jeffrey Archer|true|en|false
15:22|1522-001|下午3:22|下午3:22<br>当斯通·艾姆斯走出六楼的电梯时，他的脑海中飞速闪过各种可能性。这通电话肯定与温斯顿·巴特利特有关。他要加大施压力度。|综合症|Thomas Hoover|true|en|false
15:23|1523-000|三点二十三|三点二十三！就这些吗？时间难道不会流逝吗——不，我已经说过，也想过了。我坐着，看着手表上的秒针移动。我曾经有一块限量版的劳力士，价值相当于一辆新车，但我把它弄丢了。|埃斯佩代尔街|Iain Banks|true|en|false
15:24|1524-000|三点二十四分|管风琴师难以置信地松了口气，把婚礼进行曲的开头几个小节弹得一塌糊涂。直到三点二十四分，吉米才说出当天的第一句话，连他自己都无法缩短。<br>“我愿意，”他说。|雷金纳德·佩林系列|David Nobbs|true|en|false
15:25|1525-000|15:25|嗯，让我想想。是三线栅栏，a，d，g……d-a-r-l……找到了：“亲爱的赫普齐巴”<br>赫普齐巴？这是什么名字？<br>“周日15:25在雷丁火车上见，迪德科特-雷丁。” 你们这些笨蛋，好好读读吧。|C|Tom McCarthy|true|en|false
15:25|1525-001|三点二十五|第二天下午，安德希尔先生提前下班，搭乘三点钟的火车，三点二十五分到达格林镇，有足够的时间享受秋日清爽的阳光。|《操场》|Ray Bradbury|true|en|false
15:26|1526-000|15点26分|当时快到15点26分了，我给克里斯发了一条两个字的信息——“一切都好”——然后径直走向最近的活动板房，尽量不去想我正在做的这件事有多么疯狂。|证人|Simon Kernick|true|en|false
15:27|1527-000|下午3点27分|下午3点27分，正是阿尔伯特1907年出生的确切时刻，这位老人在五个子女、十一个孙子女和十九个曾孙子女的簇拥下，将一把银柄刀插入一个三层蛋糕中。|女王生日电报|Jeffrey Archer|true|en|false
15:27|1527-001|下午3点27分|她打电话给彼得斯牧师，他下午3点27分来到学校，说：“年轻人，我们准备好了吗？”|《深夜小狗神秘事件》|Mark Haddon|true|en|false
15:28|1528-000|三点二十八|“三点二十八！”他兴奋地喊道。“我不是告诉过你吗！谁说我们在这里不能守时！她会在三点四十五分准时把木板推上岸！”|《来自外面的女人》|Hulbert Footner|true|en|false
15:28|1528-001|快三点半|“我的天哪！”她说，“快三点半了。我得走了。别忘了葬礼，”她一边穿上外套一边补充道。“烛光摇曳，过道中央的黑色棺材，戴着白色翼状头巾的修女们，阴郁的吟唱，还有那个可怜的、蜷缩着身子、没有牙齿的生物，她的脸凹陷得像个老妇人，她怀疑自己是否真的死了——怀疑自己是否已经下了地狱。再见。”|午餐时的修女|Aldous Leonard Huxley|true|en|false
15:29|1529-000|下午3:29|星期三下午3:29<br>“迈克尔，你看起来棒极了。很高兴再次见到你。我是认真的。岁月待你真好。”伊娃·博罗丁靠在萨博汽车灰色的头枕上，打量着他。|代达罗斯计划|Thomas Hoover|true|en|false
15:29|1529-001|下午3:29|下午3:29<br>事态变得十分严重，行动已转移到白宫地下室的战情室。|独眼巨人计划|Thomas Hoover|true|en|false
15:30|1530-000|三点半|“他们会投赞成票的，”伊莱扎语气坚定地说。<br>“是的。理论上，圣会可以否决高级管家委员会的建议，但实际上不太可能。事实上，我已经预定了三点半的录音室时间，准备录制一段面向全世界的信息。我一直在准备。”|黑暗根基|Chris Walley|true|en|false
15:30|1530-001|三点半|“三点半了，喝茶时间。”玛丽·波平斯说着，推着婴儿车转了个圈，又紧紧地闭上了嘴，仿佛那是一扇活板门。她一路一句话也没说，就这么回家了。|玛丽·波平斯|P.L. Travers|true|en|false
15:30|1530-002|3点30分|起初，换个环境似乎奏效了。他成功消化了午餐点的烤牛肉三明治和芦笋沙拉。3点30分，他在酒店茶室见了朋友的女友，在那里他吃了一块樱桃派，喝了杯黑咖啡，这些也都顺利地留在了胃里。|盲柳，睡女|Haruki Murakami|true|en|false
15:30|1530-003|三点半|所有纸条上都找不到一丝字迹，就连“梅布尔阿姨的生日”或“牙医，三点半”之类的字迹也没有。|哈利·波特与密室|J.K. Rowling|true|en|false
15:30|1530-004|三点半|他们在霍尔德法院找到了两辆没锁的自行车，大约三点半沿着劳伦斯维尔路骑了出去。|人间天堂|F. Scott Fitzgerald|true|en|false
15:30|1530-005|三点半|在我把闹钟烤焦之前，我要把它设成第二天下午三点半响，而不是第二天早上九点。也就是说，就是今天下午三点半。她瞥了一眼手表，说道：“还有整整七分钟！”|《女巫》|Roald Dahl|true|en|false
15:30|1530-006|下午3:30|下午3:30 乘校车回家|深夜小狗神秘事件|Mark Haddon|true|en|false
15:30|1530-007|三点半|我一定是提前收拾好了行李，因为三点半整有人敲门的时候，我已经坐在椅子上等了好一会儿了。我打开门，看到一个年轻的中国男子，也许不到二十岁，穿着长袍，手里拿着帽子。|当我们还是孤儿的时候|Kazuo Ishiguro|true|en|false
15:31|1531-000|三点三十一分半|三点三十一分半钟，我的手表显示——顺便说一句，这是你留给我的唯一一件首饰——我收到了来自尊敬的伯特伦·巴特纳特先生病床上的这份消息，托德里勋爵！|《尖叫：讽刺滑稽剧》|Charles Somerville|true|en|false
15:32|1532-000|3点32分|3点32分整，我注意到凯特琳自信地大步走过炒锅店。我刚举起手，她就看到了我，朝我露出一口洁白整齐的牙齿，然后走了过来。|《星运里的错》|John Green|true|en|false
15:33|1533-000|下午3:33|乔恩下了标致车，走进圣书神殿，他的心跳如擂鼓般剧烈，甚至能感觉到指尖的跳动。他沿着坡道走到主任多夫·索南菲尔德的办公室。他看了看表：下午3:33。|上帝的秘密|Paul L. Maier|true|en|false
15:33|1533-001|三点三十三分|我拿起公文包，同时又看了一眼手表。三点三十三分。|1963年11月22日|Stephen King|true|en|false
15:34|1534-000|下午3:34|事实上，直到选举次日下午3:34在穆尔格尔里宣布最终结果后，全国才开始为自克莱门特·艾德礼十三年前以来的首个工党政府做准备。|小心你的愿望|Jeffrey Archer|true|en|false
15:34|1534-001|15:34|现在是15:34，困意像铅一样沉重地压在他的心头。|魔鬼峰|Deon Meyer|true|en|false
15:35|1535-000|3:35|萨沙坐在火车车厢的角落里，3:35的列车驶出南安普顿车站，前往伦敦。他望着窗外，却一言不发，因为他的思绪早已飘向故乡。他开始怀疑他们是不是犯了个可怕的错误。|正面赢|Jeffrey Archer|true|en|false
15:35|1535-001|三点三十五|到了三点三十五，生意就真的快结束了。我已经把我的梯背椅和苏格兰开衫都卖掉了。我现在甚至不确定我为什么要卖掉这些东西，也许只是为了不被排除在跳蚤市场这种对人生莫大的侮辱之外，不被排除在这种快速清理杂物的活动中。|字谜|Lorrie Moore|true|en|false
15:35|1535-002|下午3:35|如果我在经历了一个辗转难眠的夜晚，抽烟、在黑暗的房子里四处徘徊，用猫头鹰般的眼睛警惕着外面和屋顶上任何可疑的声响之后，显得有些疯狂，但这并不意味着当校车在下午3:35把沃尔菲送回家时，她仍然会处于这种状态。|我不是你认识的任何人：故事集|Joyce Carol Oates|true|en|false
15:36|1536-000|下午3:36|一个奇怪的想法闪过他的脑海。他必须记得告诉克莱尔，珠穆朗玛峰顶和他们家的餐桌差不多大。乔治看了看表：下午3:36|荣耀之路|Jeffrey Archer|true|en|false
15:36|1536-001|差24分钟4点|与此同时，一个女孩站在机场候机厅里。悬挂在天花板上的大钟显示，现在是差24分钟4点。|入侵者|Michael Marshall|true|en|false
15:37|1537-000|15:37|爆炸事件现在被正式认定为“天灾”。但是，德克心想，是哪个神？为什么？哪个神会闲逛在希思罗机场二号航站楼，试图赶上15:37飞往奥斯陆的航班？|灵魂的漫长黑暗下午茶|Douglas Adams|true|en|false
15:38|1538-000|15:38|门德斯拿起记号笔，在卡莉·维克斯失踪当天的记录上写道：15:38，F. Farman开出的交通罚单。|比死者更深|Tami Hoag|true|en|false
15:39|1539-000|三点三十九分|1965年末和1963年初，我过着两种生活，一种在达拉斯，一种在乔迪。它们在4月10日下午三点三十九分交汇了。|1963年11月22日|Stephen King|true|en|false
15:40|1540-000|差20分4点|为什么其他人还没到？难道他来得太早了？不！他们说的是3点半，现在至少是差20分4点了。他加快脚步走向大门。|让阿斯匹迪斯特拉飞翔|George Orwell|true|en|false
15:40|1540-001|三点四十分|三点四十分，克里夫打电话报告说，迪尔沃斯和他的女伴正坐在“神奇恩典号”的甲板上，吃着水果，啜饮着葡萄酒，回忆着往事，不时发出笑声。“从定向麦克风的录音和我们所看到的来看，我认为他们没有离开的打算。或许只是去睡觉。他们看起来确实是一对好色的老家伙。”<br>“和他们待在一起，”莱姆说。“我不信任他。”|观察者|Dean Koontz|false|en|false
15:41|1541-000|15:41|格林尼治标准时间15:41，塞斯纳飞机的引擎开始熄火，飞机——据推测是燃料耗尽——开始下降高度|乌鸦之路|Iain Banks|true|en|false
15:42|1542-000|下午3:42|蒙托亚向电脑下达指令，画面模糊到下午3:42。三分钟后，我们的车开进了车道。|致命十字|James Patterson|true|en|false
15:43|1543-000|三点四十三|他向她伸出手，但她狠狠地瞪了他一眼，他便缩回了手，不再理她。三点四十三分，她咬紧牙关，继续往前走。|玩偶骨头|Holly Black|true|en|false
15:44|1544-000|下午3:44|从斯特兰奈斯匆忙集结的武装反应小组于下午3:44抵达比约曼的避暑小屋。|玩火的女孩|Stieg Larsson|true|en|false
15:45|1545-000|下午3:45|尽管如此，拥有这么多英亩的旧车，他的机会看起来相当不错。他瞥了一眼手表——下午3:45|法兰西溪|Peter Rennebohm|true|en|false
15:45|1545-001|下午3点45分|下午3点45分，外面天色已黑，我沿着静谧的临终关怀走廊走着，寻找卢克·奥利里的房间。我找到了——他的名牌放在门外的牌子上，门半开着。我犹豫了。害怕。里面传来一阵轻微的气流。窗帘半挂在门口。我轻轻地拉开窗帘，悄悄地走了进去。|魔鬼桥下|Loreth Anne White|true|en|false
15:45|1545-002|下午3:45|我打开笔记本，几乎翻到最后才找到一张空白页，写道：10月5日，下午3:45，邓宁前往朗维尤公墓，在父母（？）的墓碑上献花。下雨。|1963年11月22日|Stephen King|true|en|false
15:45|1545-003|三点四十五|“哎呀，都三点四十五了。你肯定赶不上了。”<br>“堵车很严重吗？”<br>“前面好像发生了重大事故。这可不是普通的交通堵塞。我们好久都没动了。”|1Q84，第一卷|Haruki Murakami|true|en|false
15:45|1545-004|3:45|现在一顿饭就够了，再打一针葡萄糖。睡眠依然“漆黑一片”，完全没有恢复元气的作用。昨晚我用16毫米胶片拍下了前三个小时的画面，今天早上在实验室放映了。第一部真正的恐怖片。我看起来像个半死不活的尸体。10:25醒来。3:45入睡。|时间之声|J.G. Ballard|true|en|false
15:46|1546-000|差十四分四点|我授权你于差十四分四点离开此房间。一刻也不能早于差十四分四点……明白了吗？|金发女郎|Maurice LeBlanc|true|en|false
15:47|1547-000|三点四十七|三点四十七。他估计桥牌聚会至少还有二十分钟才会开始散去。|直线距离|Jeffrey Archer|true|en|false
15:47|1547-001|下午3点47分|某日，9月30日下午3点47分，一份从瓦伦西亚（爱尔兰）经电报发往纽芬兰和美国大陆的电报，抵达了巴比肯总统的住处。|《地心游记》|Jules Verne|true|en|false
15:48|1548-000|15:48|15:48，卫星飞出了马德里计算机确定的“感兴趣区域”。|末日最后通牒|James Follett|true|en|false
15:49|1549-000|下午3:49|下午3:49 在家下校车|深夜小狗神秘事件|Mark Haddon|true|en|false
15:49|1549-001|下午3:49|但坏事比好事多。其中一件就是妈妈下午5:30才下班，所以我不得不在下午3:49到5:30之间去爸爸家，因为我不被允许独自待着，妈妈说我别无选择，所以我把床推到门边，以防爸爸进来。|《深夜小狗神秘事件》|Mark Haddon|true|en|false
15:50|1550-000|三点五十分|罗曼诺夫焦躁地在小小的候客厅里来回踱步，但秘书直到时钟的指针摆成一条直线才回来。三点五十分，罗曼诺夫被引到主席的房间。|荣誉之战|Jeffrey Archer|true|en|false
15:50|1550-001|下午3:50|下午3:50 喝果汁吃点心|深夜小狗神秘事件|Mark Haddon|true|en|false
15:51|1551-000|下午3点51分|电报日期，罗马，11月24日，23点差10分。电报内容似乎是：“君主和王室成员预计将于明日下午3点51分抵达罗马。”|《没有主人的意大利语》|Mark Twain|true|en|false
15:52|1552-000|差八分四点|他来到一个弯道，路边停车带就在那里，正如麦克雷迪所说的那样。他看了看表；差八分四点。路上空无一人。|《骗子》|Frederick Forsyth|true|en|false
15:53|1553-000|差七分钟四点|仿佛云层从太阳上散开。朱迪瞥了一眼里奇。他看了看钟。差七分钟四点。还有不到三个小时。|绊线|Lee Child|true|en|false
15:54|1554-000|下午3:54|下午3:54，我们在第十一街东侧的监控画面下方可见。两分钟后，一个戴着洛杉矶道奇队棒球帽、墨镜、卡其绿衬衫、脖子上系着黑色头巾的男子举着一块写有“射杀富人”涂鸦的标语牌。|致命十字|James Patterson|true|en|false
15:55|1555-000|下午3:55|下午3:55 给托比食物和水|深夜小狗神秘事件|Mark Haddon|true|en|false
15:56|1556-000|差四分钟到四点|差四分钟到四点。纽曼再次叹了口气，陷入沉思。|绊线|Lee Child|true|en|false
15:57|1557-000|差三分四点|办事员走进了大厅，当他在差三分四点悠闲地进来时，卡克斯顿发现他把请愿书写在了一张空白结婚证的背面。|上校的梦|Charles W. Chesnutt|true|en|false
15:58|1558-000|差两分钟到四点|日本人非常注重守时，所以当一位衣着考究的女士在差两分钟到四点出现，鞠躬并邀请安娜跟她走时，安娜并不感到惊讶。这位女士也看了看木箱，但除了问道：“您想把它送到董事长办公室吗？”之外，没有其他反应。|错觉|Jeffrey Archer|true|en|false
15:58|1558-001|三点五十八分|一阵钟声响起，但并不尖锐。三点五十八分，等待片刻。不一会儿，一长队身着晚礼服的绅士出现在视野中，他们缓缓靠近广场，然后靠在人行道上的士兵人墙后退去。他们白色的衬衫前襟如同雪花般闪耀，在周围一片暖色调的环境中显得格外醒目。|《难忘的刺杀》|Mark Twain|true|en|false
15:59|1559-000|差一分四点|他正穿过吉尔森树篱的门，时间是差一分四点。<br>但他三点就到了安妮女王山。他沿着山顶公路走了一个小时，凝视着山下的轮船，时而渴望地紧紧握住克莱尔的手，时而又怯懦地最终决定不去她家——再也见不到她了。|自由之声|Sinclair Lewis|true|en|false
15:59|1559-001|距离四点还差一分|当名义上和实际掌权的参谋长赫德沃思·韦斯特林从拐进加兰德大道的那辆灰色汽车里下来时，距离四点还差一分。司机自以为是，忘记了镇上主街上拥挤的物资和救护车，这些车辆至少耽误了阁下的座驾九十秒。|最后一击|Frederick Palmer|true|en|false
15:59|1559-002|快到四点|快到四点的时候，门开了，一个醉醺醺的马夫走了进来，他衣衫褴褛，邋里邋遢，满脸通红，胡茬稀疏。我虽然习惯了我朋友高超的伪装技巧，但还是看了三遍才确定真的是他。|《福尔摩斯探案集》|Sir Arthur Conan Doyle|true|en|false
15:59|1559-003|临近四点|临近四点，英军的处境十分危急。奥兰治亲王指挥中央，希尔指挥右翼，皮克顿指挥左翼。奥兰治亲王孤注一掷，英勇无畏，向荷比联军高喊：“拿骚！不伦瑞克！永不后退！”|《悲惨世界》|Victor Hugo|true|en|false
15:59|1559-004|快4点|他看了看表：快4点了。他扶起德尔菲娜，领着她沿着一条小路走到通往医院花园的后门。|蓝色的午后|William Boyd|true|en|false
16:00|1600-000|四|四点钟你可以去温室摘两打水仙花，提醒我们春天来了，春天真的存在。|《爱的明亮山谷》|Edna Hong|true|en|false
16:00|1600-001|四点钟|四点钟到了，离收工还有一小时的日光。查理想按照父亲的承诺开枪，虽然不是打鸭子，但他不知道自己是否敢开口。|蓝泉|Peter Rennebohm|true|en|false
16:00|1600-002|四点钟|我顺着他的目光看向壁炉架。钟停在了四点钟的位置。<br>“我的朋友，有人动过手脚。它本来还能走三天。你知道，这是个八日钟。”<br>“但他们为什么要这么做？难道是为了制造假象，让犯罪看起来像是发生在四点钟？”|四大侦探|Agatha Christie|true|en|false
16:00|1600-003|四|一个妄想的画家，两点钟完成一幅画，却指望四点钟社会发生翻天覆地的变化。即使艺术家们撰写宣言，他们（但愿如此）也意识到，他们急迫的语气最终只是借用，只是回响和模仿游击队员的诉求或激进分子的抗议，而非真正付诸行动。人民有时会要求变革，但他们几乎从不要求艺术。|暗示|Zadie Smith|true|en|false
16:00|1600-004|四|“如果你路过我这里，”比尔博说，“别等敲门！下午茶四点开始，但你们随时都欢迎。”|《霍比特人》|J.R.R. Tolkien|true|en|false
16:00|1600-005|四点钟|四点钟时分，伊娃从打字机里取出写好的哈佛推荐信，整齐地叠好，放进一个漂亮的米色信封里。然后她披上外套，检查手提包里有没有车钥匙、钱包和粉饼。|我们俩|Laura Barnett|true|en|false
16:00|1600-006|四点|但是，一阵纯粹的焦虑涌上心头，我意识到，我过去也曾感到过这种躁动和空虚。经常如此。它通常在周日四点左右开始，但今天来得稍晚，无疑还是纽约时间。|瑞秋的假期|Marian Keyes|true|en|false
16:00|1600-007|四点钟|直到四点钟我们才终于离开。不知为何，现在轮到查尔斯和卡米拉不说话了。他们吵架了——我看到他们在院子里争吵——回家的路上，他们并排坐在后座上，目不转睛地盯着前方，双臂交叉抱在胸前，我敢肯定他们自己都没意识到，他们的姿势滑稽得一模一样。|《秘史》|Donna Tartt|true|en|false
16:00|1600-008|四|那天下午四点左右，萨米醒了，脸涨得通红，神情恍惚。我们一起泡了茶。我烤了面包，又往锅里倒了些汤加热。外面天气越来越糟，一场春雨骤然而至，狂风呼啸，狂风肆虐。萨米趴在我的胯上，我们玩起了游戏。我绕着房子走来走去，检查窗户的固定装置，拉上窗帘，尽管天还没完全黑。|身体的谎言|Jo Baker|true|en|false
16:00|1600-009|四点钟|他们站在铁栏杆旁，彼此没有交谈，只是静静地看着。他们深深地、缓慢地呼吸着，就像来自中西部的游客第一次站在缅因州的佩马奎德角或夸迪角，深深地呼吸着清新的海风。为了表示敬意，罗斯摘下她的高顶礼帽，放在身侧。<br>四点钟，他们精神抖擞地回到停车场的营地。他们第二天会来，后天也会来，大后天也会来。他们会一直来，直到这股劲头完全消失，然后才会继续前行。|睡梦医生|Stephen King|true|en|false
16:00|1600-010|下午四点|“早上好，塔特尔医生，”我说。<br>“现在是下午四点，”她说。“很抱歉这么久才回您的电话。我的猫咪出了点紧急情况。您感觉好些了吗？坦白说，您在信息中描述的症状让我很困惑。”|我的休息与放松之年|Ottessa Moshfegh|true|en|false
16:00|1600-011|下午四点|好吧，很明显我不可能单独找到E.了。下午四点她根本没出现在钟楼。我能想到的唯一解释就是我的通讯被截获了。|云图|David Mitchell|true|en|false
16:00|1600-012|四点|我诚挚地请求于11月18日星期一下午四点前侍奉您和您的家人，并可能在此逗留至下下周六。这对我来说并无不便，因为凯瑟琳夫人并不介意我偶尔在周日缺席，只要安排其他牧师代为主持当天的事务即可。|傲慢与偏见|Jane Austen|true|en|false
16:00|1600-013|四点钟|“因此，我们可以在四点钟见到这位爱好和平的先生，”班纳特先生一边折起信一边说道。|傲慢与偏见|Jane Austen|true|en|false
16:00|1600-014|四点钟|我们终于穿过美丽的斯特劳德山谷，跨过波光粼粼的塞文河，抵达了风景如画的罗斯小镇，那时已近四点钟。一个瘦削如雪貂的男人，鬼鬼祟祟、狡猾地在站台上等着我们。|《福尔摩斯探案集》|Sir Arthur Conan Doyle|true|en|false
16:00|1600-015|四点钟|她四点钟躺下，本不指望能睡着，但她正在康复的身体却自有安排。她几乎立刻就睡着了，当她被床头钟持续不断的“<em>哒哒哒</em>”声吵醒时，她庆幸自己设了闹钟。外面，十月的微风吹拂着树叶，五彩斑斓的落叶在她家后院里飞舞。阳光变成了那种奇异而深邃的金色，似乎是新英格兰深秋午后的专属色彩。|《漆黑一片，没有星星》|Stephen King|true|en|false
16:00|1600-016|下午四点|于是，我父亲拒绝和我们一起吃圣诞午餐，我母亲最终在下午四点左右才把饭菜端上来，那时我们都饿坏了，也喝得有点醉了，唉……那真是一个糟糕透顶的圣诞节。|苹果永不落地|Liane Moriarty|true|en|false
16:00|1600-017|下午四点|“够了，就先说到这儿吧，”矮胖子打断道，“这里面有很多难词。‘布里利格’的意思是下午四点——就是开始烤晚餐食材的时候。”|《爱丽丝镜中奇遇记》|Lewis Carroll|true|en|false
16:00|1600-018|下午4点|请于2003年2月2日星期日下午4点莅临伦敦N1区霍克斯顿画廊，预展凯瑟琳·莱登施泰纳的粪便绘画新作。|阿德里安·莫尔与大规模杀伤性武器|Sue Townsend|false|en|false
16:00|1600-019|四点钟|比利·比比特和他的女朋友提到现在已经过了四点钟，如果可以的话，如果大家不介意的话，他们想请特克尔先生打开密室。|飞越疯人院|Ken Kesey|true|en|false
16:00|1600-020|四点|“如果您不介意我到您家做客，<br>我诚挚地邀请您和您的家人于11月18日星期一下午四点前来拜访，<br>我可能会<br>占用您的好客之道，直到下下周六。<br>这对我来说不会有任何不便，因为凯瑟琳夫人并不介意我偶尔在周日不在家，<br>只要有其他牧师代为主持当天的礼拜即可。”|《傲慢与偏见》|Jane Austen|true|en|false
16:00|1600-021|四点|上午晚些时候，正当女孩们准备分开去吃例行的四点晚餐时，这场独一无二的闹剧的主角又走了进来。|爱玛|Jane Austen|true|en|false
16:00|1600-022|四点钟|“亲爱的艾玛，明天四点钟左右想念我，”韦斯顿太太临别时略带焦虑地嘱咐道，这番话似乎只对她一人说。|爱玛|Jane Austen|true|en|false
16:00|1600-023|四|下午的时光从三点钟的清爽美好逐渐过渡到四点钟的金色华美。|人间天堂|F. Scott Fitzgerald|true|en|false
16:00|1600-024|四点钟|……四点钟，当他们都坐下来吃饭时，大约在他到达三个小时后，他已经赢得了他的女士的芳心，得到了她母亲的同意，他不仅沉浸在恋人的狂热之中，而且在理性和真理的现实中，他也是世界上最幸福的人之一。|理智与情感|Jane Austen|true|en|false
16:00|1600-025|四|我还能回答什么，当灯光在四点亮起，又一年结束之时|圣灵降临节婚礼|Philip Larkin|true|en|false
16:00|1600-026|下午4:00|下午4:00 把托比从笼子里放出来|深夜小狗神秘事件|Mark Haddon|true|en|false
16:00|1600-027|四点钟|当他拐弯驶向塞拉代克渔村时，熟悉的喇叭声响起，播报四点钟新闻。新闻播音员那令人安心的声音开始了播报。“被判有罪的连环杀手、前电视脱口秀主持人杰克·万斯已开始就其定罪提出上诉。”|《最后的诱惑》|Val McDermid|true|en|false
16:00|1600-028|四|查米安四点醒来，感觉到房子空荡荡的。|Memento Mori|Muriel Spark|true|en|false
16:00|1600-029|四|杰尔津斯基准时四点到达。德斯普莱钦要求见他。这案子很有意思。当然，研究人员休假一年去挪威、日本，或者其他那些中年人集体自杀的阴森国家工作，是很常见的。|原子化|Michel Houellebecq|true|en|false
16:00|1600-030|四点钟|四点钟：楔形花园位于空旷、风吹日晒的天空下。|悲伤的脚步|Philip Larkin|true|en|false
16:00|1600-031|四点|四点：城市的时间仿佛在轴心上颤动——白昼尚未结束，夜幕的齿轮才刚刚开始转动。马吕斯喜欢把这称为交接时刻。|爱的行为|Howard Jacobson|true|en|false
16:00|1600-032|四点|四点钟刚过。好！四点到五点安排、修改、阅读。五点到六点小憩片刻，给自己恢复一下。七点到八点处理代理人和密封信件的事。八点，在路上。|白衣女人——故事续篇|Walter Hartwright VII|true|en|false
16:00|1600-033|下午四点|他一共演奏了二十二天，正如他所说。每天下午四点，无论周围战火多么激烈，他都坚持演奏。|萨拉热窝的大提琴家|Steven Galloway|true|en|false
16:00|1600-034|四点|她的目光被微波炉正面电子钟上闪烁的氪星石般的光芒吸引住了。数字诚实可靠地显示着时间，尽管她一时觉得它的计算似乎有些错误。现在是下午四点。|血婚|Susan May Gudge|true|en|false
16:00|1600-035|四点钟|我怀疑是否有人受命通过电报发送消息，然而普劳迪太太在四点钟之前就知道了。但她知道得并不完全准确。<br>“主教，”她站在丈夫书房门口说道，“他们把那个人关进监狱了。除非他们发誓不义，否则没人能帮到他们。”|《巴塞特郡的最后编年史》|Anthony Trollope|true|en|false
16:00|1600-036|四点钟|我很久以后才知道，那些花叫四点钟花，一点也不神奇。神奇之处在于种子，等待着被浇灌和照料，真正的神奇在于生命。|鬼世代|Susan May Gudge|true|en|false
16:00|1600-037|四点|最终，他无法忍受的是星期天的下午，以及大约在2点55分开始袭来的那种可怕的倦怠感。你知道那天你已经洗完了所有能洗的澡，无论你多么努力地盯着报纸上的某个段落，你永远也读不下去，也用不上它所描述的革命性的新修剪技术。当你盯着时钟，指针会无情地指向四点，你将进入灵魂漫长而黑暗的下午茶时光。|《生命、宇宙及一切》|Douglas Adams|true|en|false
16:00|1600-038|敲响四下|中心四千个房间里的四千个电钟同时敲响四下。无形的声音从号角口中传来。|美丽新世界|Aldous Leonard Huxley|true|en|false
16:00|1600-039|4点|轮到我做晚饭了，所以我没在公共休息室待太久。我走出大楼时正好是4点，身后和前面的门都开了，传来一阵阵嘈杂的人声和椅子腿在木地板上刮擦的声音。|聋哑句子|David Lodge|true|en|false
16:00|1600-040|16:00|可怕的注册护士用手尽力擦掉盖特利脸上的污渍，说她会在16:00下班前尽量安排给他擦个澡，盖特利听了吓得僵住了。|无尽的玩笑|David Foster Wallace|true|en|false
16:00|1600-041|下午四点|星期二下午四点，埃尔多赛因接待了占星家，占星家告诉他，领导人将于当周星期三上午九点在坦佩雷会面。|七个疯子|Roberto Arlt|true|es-AR|false
16:01|1601-000|四点刚过|四点刚过，皮帕晃晃悠悠地走到多特家，手里拿着一瓶她一直留着的酒，心里琢磨着自己是不是怀孕了，尽管她子宫里还残留着一根像宇航员遗弃在月球上的垃圾一样的节育环。|皮帕·李的私生活|Rebecca Miller|true|en|false
16:01|1601-001|1601|光线透过窗帘照进来。突然，收音机闹钟上的数字看起来像个年份。1601。我醒得有点早，还得再过400年才出生。|101 雷克雅未克|Hallgrímur Helgason|true|en|false
16:02|1602-000|四点零两分|我刚抬头看了一眼钟，确认时间没有流逝，就听到了枪声。当时是四点零两分。我不知道该怎么办。|南方幽灵|Carolyn G. Hart|true|en|false
16:03|1603-000|四点过几分钟|罗斯·伦尼克四点过几分钟到达，带着两只小狗，戴着一顶夸张的大帽子。|一分钱也不多，一分钱也不少|Jeffrey Archer|true|en|false
16:03|1603-001|四点过几分钟|奥德尔四点过几分钟回到酒店后，做的第一件事就是点了一大壶热水果宾治，然后走到阳台上去站岗。|《光荣之路》|Jeffrey Archer|true|en|false
16:03|1603-002|16.03|她仔细阅读了那一页，然后说：“16.03——猫在前花园里上厕所。”|《失去的一切》|Catherine O’Flynn|true|en|false
16:04|1604-000|四点零四分|接下来的两个小时里，克兰茨一动不动，她知道有两个守卫正等着陪她去洗手间，领取他们的夜间津贴。但时间必须对她有利。她会在四点零四分，而不是之前，满足他们的需求。那时，其中一人会拿到四十美元，而另一人则会确保他拿到一包本森·赫奇斯香烟。|虚假印象|Jeffrey Archer|true|en|false
16:04|1604-001|四点过四分|四点过四分，他听到火车呼啸着冲下台阶，此刻他就像一个脖子被绑在断头台上的人，等待着斧头的落下。|海王|M.P. Shiel|true|en|false
16:05|1605-000|四点五分|我站在长长的楼梯顶端，俯瞰着环绕着积雪覆盖的四合院的红砖建筑，正准备搭乘电车返回精神病院。这时，一个身材高挑、相貌平平却戴着眼镜的年轻男子走过来，问道：“请问现在几点？”<br>我看了看手表。“四点五分。”|《钟形罩》|Sylvia Plath|true|en|false
16:05|1605-001|四点零五分|罗伯特·奥德利先生在肖尔迪奇的站台上走下时，时间正好是四点零五分，他平静地等待着……他花了很长时间才让所有索赔人都满意，就连这位律师对世俗事务的超然态度也几乎动摇了。|奥德利夫人的秘密|Mary Elizabeth Braddon|true|en|false
16:06|1606-000|四点零六分|四点零六分，本尼的凯迪拉克停在了博特利亚先生的店前，本尼的母亲带着佩内洛普下了车，佩内洛普正啃着冰淇淋蛋筒的尖端。|《跟随我：一部小说》|Joanna Scott|true|en|false
16:07|1607-000|四点零七分|四点零七分，无线电静默被五个字打破：“小偷落网，重复一遍，小偷落网。”|《平起平坐》|Jeffrey Archer|true|en|false
16:07|1607-001|四点七分|但他立刻放开了他，因为梯子从他脚下滑落，他瞬间悬在空中，然后他意识到自己死得没有领圣餐，没有时间忏悔，也没有时间向任何人告别，就在圣灵降临节主日四点七分。|霍乱时期的爱情|Gabriel García Márquez|true|en|false
16:08|1608-000|四点零八分|四点零八分，陪审团成员回到各自的位置，这次亚历克斯注意到他们的表情从茫然变成了困惑。萨克维尔法官别无选择，只能让他们回家再待一晚。|生而囚徒|Jeffrey Archer|true|en|false
16:08|1608-001|四点零八分|当时是四点零八分。我仍然没有计划。也许诺瓦车里的那些家伙，也许他们有计划。|猴子的雨衣|Robert Crais|true|en|false
16:09|1609-000|4:09|“你可以搭乘3:17的火车前往彼得伯勒，在那里换乘4:09前往唐卡斯特的火车，然后再换乘一次。你将在6:32到达赫尔。”|道吉·莫蒂默的右臂|Jeffrey Archer|true|en|false
16:09|1609-001|四点九分|“我得挂电话了，”罗斯玛丽说。“我只是想知道情况有没有好转。”<br>“没有，没有。谢谢你打电话来。”<br>她挂断了电话。现在是四点九分。|罗斯玛丽的婴儿|Ira Levin|true|en|false
16:10|1610-000|四点十分|“我不喜欢这种等待，”他说。<br>她笑了。“你肯定不适合当私家侦探。”<br>“现在几点了？”<br>“四点十分。比你上次问的时候晚了十五分钟。”|铜河|William Kent Krueger|true|en|false
16:10|1610-001|四点十分|这个星期六，他把问候的任务交给了马丁神父，但四点十分，他觉得应该露个面以示礼貌。|圣职殉道|P.D. James|true|en|false
16:10|1610-002|1610h.|1610h. 预计到达时间 健身房。自由循环训练。各种阻力系统的叮当声和咔哒声。|无尽的玩笑|David Foster Wallace|true|en|false
16:10|1610-003|四点十分|她看了看钟。她在厨房里。还剩一分钟。她等着。四点十分了。她拿起泡芙。她舔掉上面的奶油。她看着自己。真是蠢透了。但是。她咬了一口巧克力，还有被奶油浸软的酥皮。杰克还没回家。莉安在上班。宝拉自己一会儿也要走了。她戒酒一年了。整整一年。她看了看钟。一年零一分钟。|宝拉·斯宾塞|Roddy Doyle|false|en|false
16:10|1610-004|四点十分|变化发生在四点十分。躺在沙滩上的黑衣女人预感到了变化的到来，放松了下来。|《女人》|Ray Bradbury|true|en|false
16:11|1611-000|下午4:11|下午4:11，星期四。一架休伊直升机从东面飞过，最后一批美国海军陆战队员准备离开海滩；一只秃鹰在城镇上空的热气流中盘旋。|寻找|Denis Johnson|true|en|false
16:11|1611-001|四点十一分|四点十一分，第一辆公交车驶出停车场，沿着坡道开上商业街。|无所畏惧|Jeffrey Archer|true|en|false
16:12|1612-000|四点十二分|奈杰尔·特伦瑟姆和他的律师终于在四点十二分出现；他们似乎都不觉得有必要为迟到道歉。|《直线飞行》|Jeffrey Archer|true|en|false
16:12|1612-001|四点十二分|四点十二分整，一队骑兵四列并排进入广场，为送葬队伍开路。|《空镜》|J. Sydney Jones|true|en|false
16:13|1613-000|下午4点13分|但就在下午4点13分，五万名观众亲眼目睹了完全出乎意料的一幕。在南看台最拥挤的区域，一个幽灵突然出现。|朱莉娅阿姨和编剧|Mario Vargas Llosa|true|en|false
16:14|1614-000|下午4:14|然后，在3月12日下午4:14，我躲到了这座山丘上，躲在某种锌锆化合物（成分不明）的保护之下。感谢上帝，但这场斗争只是换了一场新的斗争，正如我所说，这让我更加疲惫，因为我需要分辨真假。|已死|Denis Johnson|true|en|false
16:15|1615-000|四点十五分|楼下，钟敲响了四点十五分。他们在厨房停了一会儿，让她环顾四周。“我刚走，”他指着冰箱旁的日历说。“你知道妈妈有多认真地把日子划掉。”他看了她一眼。“很抱歉你耽误了时间。”|阁楼上的城堡|Elizabeth Winthrop|true|en|false
16:15|1615-001|下午4:15|下午4:15<br>透过紫线列车的车窗，可以看到高架铁路南行的霍华德站人头攒动——但比北行方向要少一些，北行方向挤满了第一批郊区通勤者，他们清晨疲惫不堪，下午又经历了咖啡因和血糖骤降的折磨。|大中西部厨房|J. Ryan Stradal|true|en|false
16:15|1615-002|四点一刻|我记得四点一刻时那种恐惧，<br>身后的家门被我砰的一声关上|虚假的安全感|John Betjeman|true|en|false
16:15|1615-003|四点一刻|现在才四点一刻，（他亮出手表）你现在又不在巴斯。没有剧院，也没有房间可以准备。在诺桑觉寺待半个小时应该足够了。|诺桑觉寺|Jane Austen|true|en|false
16:15|1615-004|4:15|必须把电话挂断。有个承包商一直打电话来催我付50袋水泥的钱，他说我十天前就收走了。他还说他亲自帮我把水泥装到卡车上。我的确开着惠特比的皮卡进城了，但只是去取铅筛。他以为我会拿那么多水泥干什么？真是件让人恼火的事，你肯定没想到它会在你离开的时候出现。（教训：别太努力地想忘记埃尼威托克。）早上9:40起床，凌晨4:15入睡。|时间之声|J.G. Ballard|true|en|false
16:15|1615-005|四点一刻|十月十日下午四点一刻，干燥炎热的风吹过山口，玛丽亚发现自己身处贝克镇。她原本没打算去贝克镇，那天出发时和往常一样，目的地只有高速公路。但她开出了圣贝纳迪诺公路，沿着巴斯托公路一路北上，却没有在巴斯托掉头（她以前也开到过那么远，但从未这么晚，现在已经过了返程的时间，她开得太远太晚了，节奏都乱了），而是继续往前开。|随心所欲|Joan Didion|true|en|false
16:15|1615-006|4点15分|太阳开始西沉，橡树枝的影子掠过我的膝盖。我的手表显示4点15分。|发条鸟年代记|Haruki Murakami|true|en|false
16:16|1616-000|下午4:16|下午4:16。酒吧外的露台挤满了人，伊戈尔为自己的计划能力感到自豪，因为尽管他以前从未去过戛纳，但他却预料到了这种情况，并预订了一张桌子。|胜者为王|Paulo Coelho|true|en|false
16:17|1617-000|四点十七分|显然，伟大的珀西毫无幽默感，因为到了四点十七分，他就厌倦了，一拳打在斯金纳的右眼球上，眼球被打得乌青，如图所示。|级长的叔叔|P.G. Wodehouse|true|en|false
16:17|1617-001|四点十七分|下一刻，她便朝着家跑去，全然不顾掉落的包，眼中只有警车。当她瞥了一眼手表，发现已经四点十七分时，她知道，对她而言，时间已经停止了。|终身监禁|Joy Fielding|true|en|false
16:18|1618-000|下午4:18|下午4:18 把托比放进笼子里|深夜小狗神秘事件|Mark Haddon|true|en|false
16:19|1619-000|下午4:19|杰西卡[下午4:19] 别这样逗我。我好几年没看过戏了。查尔斯[下午4:19] 那我请客。你和老公可以好好玩玩，不用我操心。|《情敌复仇战》|Eric Jerome Dickey|true|en|false
16:20|1620-000|下午4:20|“因此，它每隔五十分钟都会被例行追踪一次。最后一次目击报告是在梅纳亚中部时间下午4:20。它仍在向太阳方向移动，几乎到达了距离法尔霍尔姆最近的点——估计距离为十万公里——但仍然表现正常。”|《阴影与夜晚》|Chris Walley|true|en|false
16:20|1620-001|下午4:20|下午4:20 看电视或视频|《深夜小狗神秘事件》|Mark Haddon|true|en|false
16:20|1620-002|四点二十分|于是，他便在渐浓的暮色中，用他那洪亮的声音喊出了时间，四点二十分；不知怎的，这声音大得仿佛是在宣告什么惊天动地的大事。|《狗的预言》|G.K. Chesterton|true|en|false
16:20|1620-003|四点二十分|四点二十分——或者更直白地说，比所有合理的希望都晚了一个小时二十分钟——未婚新娘低着头，父母一左一右地扶着她，走出了大楼。|木匠们，把屋梁抬高！|J.D. Salinger|true|en|false
16:21|1621-000|下午4:21|下午4:21<br>他们开始往前走的时候，道格捡起一根树枝，擦掉上面的泥土后，开始把树枝的一端放进嘴里。<br>“你在干什么？”鲍勃问。<br>“自然地刷牙，”道格回答。<br>鲍勃哼了一声，微微一笑。“我会用牙刷，”他说。|Hunted Past Reason|Richard Matheson|true|en|false
16:22|1622-000|下午4:22|周一下午4:22，华盛顿特区。保罗·胡德像往常一样在傍晚查看电脑屏幕上的名单。|权力平衡：行动中心05|Tom Clancy, Steve Pieczenik, and Jeff Rovin|true|en|false
16:23|1623-000|4点23分|他们正匆匆向西赶去，想在日落前到达河边。由于全球变暖导致地球轨道“调整”，冬季的白昼时间缩短了，因此现在，在1月份，日落时间是4点23分。|恶棍来访|Jennifer Egan|true|en|false
16:23|1623-001|16:23 CET|16:23 CET<br>两名新来的流动水手把行李放在下层卧舱后，便到主甲板报到上班。|无所畏惧|Jeffrey Archer|true|en|false
16:24|1624-000|4点24分|迈克朝阿什利眨了眨眼，继续和大家打招呼、拥抱、握手。时间是4点24分。还有六个小时。时间仿佛凝固了。|泪滴|Travis Thrasher|true|en|false
16:25|1625-000|4点25分|他在圣保罗大教堂跳下飞机，虽然走得很慢，但到4点25分，他已经站在奇普赛德街的考夫曼银行外面了。|《比剑更强大》|Jeffrey Archer|true|en|false
16:25|1625-001|下午4点25分|“让-皮埃尔，你会在4点20分过后几分钟出现，然后詹姆斯，你大约在下午4点25分出现。但要严格按照之前的流程来，表现得就像会议已经按照原计划在花园派对上举行，我们都一起走到了克拉伦登酒店一样。”|一分不多，一分不少|Jeffrey Archer|true|en|false
16:25|1625-002|下午4点25分|我忍不住呻吟了一声。现在是下午4点25分——我可以偷偷溜出去，然后说我没看到那封邮件。|《我曾经的女孩》|Jenneva Rose|true|en|false
16:26|1626-000|四点二十六分|想到这种事似乎很不妥。她想：“我不认识他。他也不认识我。我们永远也不会认识他。”她把裸露的手放在阳光下，任凭风吹拂。现在是四点二十六分。|Catch-As-Catch-Can|Charlotte Armstrong|true|en|false
16:27|1627-000|四点二十七分|朱丽叶依然不见踪影。帕特里夏偷偷瞥了一眼手表；四点二十七分——不！快二十八分了——哦，快点，朱丽叶，快点！|小木屋学校的访客|Elinor Brent-Dyer|true|en|false
16:28|1628-000|下午4:28|当天：下午4:28——在加油站后的第二个公交车站右转。我把车停在第一区邮局，然后去街角的烟草店打听。M先生的房子就在邮局右边，斜对面就能看到。|《残破的地图》|Kobo Abe|true|en|false
16:29|1629-000|下午4:29|2007年10月21日下午4:29。电话是红色的。威廉最讨厌它的一点，除了它不方便地安装在墙角一个狭窄的角落里（而且角度很奇怪）之外，就是它铃声刺耳得让人难以忍受，拿起电话时，你甚至能看到樱桃红色的听筒在颤抖。|相信塞德里克|Mark Lavorato|true|en|false
16:30|1630-000|四点半|“但我相信，”他掏出怀表，“我可以陪你一个小时。现在是四点半了。要是我曾经是某种人就好了，地主、父亲、骑兵军官、摄影师、记者……我什么都不是，没有专长，有时我真是无聊透顶。我真以为你会跟我讲点新鲜事呢。”|《罪与罚》|Fyodor Dostoyevsky|true|en|false
16:30|1630-001|下午4点30分|下午4点30分，冈瑟抱着满满一怀的黄色水仙花回到了伯格家。朱莉娅夫人还是那个朱莉娅夫人，她张开双臂迎接了他和水仙花。|爱的明亮山谷|Edna Hong|true|en|false
16:30|1630-002|4点半|当地警方肯定不希望在平安夜4点半接到报警电话，如果这是一场骗局，他也不想成为其中的积极参与者。|槲寄生谋杀案|P.D. James|true|en|false
16:30|1630-003|四点半|“我不进去，”她说。“四点半我在台阶上等你。我们可以带孩子们去默里家吃圣代什么的。”<br>他似乎松了口气。“好的，”他说。<br>“告诉孩子们玩得开心。”|《人类出现之前》|Margaret Atwood|true|en|false
16:30|1630-004|四点三十分|乔纳斯痛苦地从吊床上滚下来，酸痛的下背部僵硬肿胀，急需一位脊椎按摩师。他看了看表。四点三十分……但这是上午还是下午呢？|梅格，原始之水|Steve Alten|true|en|false
16:30|1630-005|下午四点半|有时我会想，那个女孩后来怎么样了——每当我面对一盘热气腾腾的意大利面时，这个念头就会冒出来。她挂断电话后，是不是就永远消失了，消失在下午四点半的夜色中？我是不是也有错？<br>不过，我希望你能理解我的处境。当时，我不想和任何人有任何瓜葛。所以，我才一直一个人煮意大利面。用那个大锅，大到足以装下一只德国牧羊犬。|盲柳，睡女|Haruki Murakami|true|en|false
16:30|1630-006|四点半|四点半，我冲出酒店，决心做最后一搏。刚转过街角，就碰到了沃尔特·帕赫。他没认出我，我也没什么可说的，所以没有试图逮捕他。后来，我在杜乐丽花园里伸展腿脚时，他的身影又浮现在我的脑海中。|北回归线|Henry Miller|true|en|false
16:30|1630-007|四点半|四点半，服务员被气流中的刺激物唤醒，然后回到宿舍。在消毒蒸汽房待了一分钟后，我们换上干净的制服，鱼贯进入餐厅。|云图|David Mitchell|true|en|false
16:30|1630-008|四点半|今天下午一切都对得上。轮班人员上岗时，时钟显示四点半，一切都如预期。|飞越疯人院|Ken Kesey|true|en|false
16:30|1630-009|四点半|我看了看钟。四点半了。“我不知道几点了，”布雷特说。“我说，能坐下吗？别生气，亲爱的。我刚离开伯爵。是他带我来的。”|《太阳照常升起》|Ernest Hemingway|true|en|false
16:30|1630-010|四点半|一月底的那个下午四点半，我带着我的狗布布走进客厅，哈奇正坐在他最喜欢的扶手椅里，对着电视皱着眉头，电视已经被他调成了静音。|奇数小时|Dean Koontz|true|en|false
16:30|1630-011|四点半|我四点半离开办公室，前往Xclusive健身房，在那里进行一个小时的自由重量训练，然后打车穿过公园去Gio's的Pierre Room做面部护理、美甲，如果时间允许，再做个足疗。|美国精神病人|Bret Easton Ellis|true|en|false
16:30|1630-012|四点半|她一开始挂断了我的电话，然后问我，是不是故意像个“郊区小混混”一样对待睡过的女人。但经过一番道歉、侮辱、欢笑和泪水之后，当天下午晚些时候，人们看到罗密欧与朱丽叶在国家电影院观看《爱与死》的四点半场放映时，在黑暗中甜蜜地牵着手。至少目前看来，这是个美好的结局。|爱情随笔|Alain de Botton|true|en|false
16:30|1630-013|下午四点半|下午四点半，阿玛兰塔·乌尔苏拉从浴室出来。奥雷里亚诺看到她从他房间前经过，她穿着一件柔软的褶皱睡袍，头上缠着一条毛巾，像头巾一样。|百年孤独|Gabriel García Márquez|true|es-CO|false
16:31|1631-000|下午4:31|发件人：Renee Greene – 2011年8月5日 – 下午4:31 收件人：Shelley Manning 主题：回复：全方位访问 那我该担心什么呢？开玩笑啦。你说得对。好了，我得走了，我的追星族朋友。我还有正事要做。今晚再聊。|《点击：一段网络爱情故事》|Lisa Becker|true|en|false
16:32|1632-000|下午4:32|下午4:32。现在，我们旁边的八名海军陆战队员离开阵地，快速列队走过，最后一个喊着：“冲！冲！冲！”然后他们跑了起来。|寻找|Denis Johnson|true|en|false
16:33|1633-000|下午4点33分|下午4点33分，一个身材矮小、秃顶的男人叼着雪茄来到图书馆。他走到一个巨大的柜子前，柜子里存放着成千上万张按字母顺序排列的卡片，他拉开了一个抽屉。他的指尖缠着绷带。|哈瓦那世界大赛|José Latour|true|en|false
16:33|1633-001|4:33|4:33，第二辆公交车驶入主干道，却被早起的通勤者堵住了，而他们当时正要去上班。|无所畏惧|Jeffrey Archer|true|en|false
16:34|1634-000|下午4:34|一间卧室里摆满了所有普通的日常用品。角落里有一个衣柜。床头柜上放着各种年代不一的水杯，还有一个红色数字的闹钟——下午4:34|生鲨短信|Steven Hall|true|en|false
16:35|1635-000|四点三十五分|“您需要的飞机要到四点三十五分才从谢列梅捷沃机场起飞。不过，我已经为您预订了两个座位。”<br>“两个？”罗曼诺夫问道。<br>“显然您需要一位专家陪同，除非您对偶像的了解远胜于对银行业务的了解，”波斯科诺夫补充道。|荣誉问题|Jeffrey Archer|true|en|false
16:35|1635-001|4:35|广播咔哒一声关闭，然后重新开始播报，宣布从伯明翰和伍尔弗汉普顿开往帕丁顿的4:35列车已抵达9号站台。|4:50从帕丁顿开往帕丁顿|Agatha Christie|true|en|false
16:36|1636-000|四点三十六分|他们透过玻璃罩看着他们的朋友；胸膛的起伏越来越小，呼吸越来越微弱，身体泛起了一抹紫色。四点三十六分，轮盘的最后一格已经转动完毕。|公元2000年|Alvarado M. Fuller|true|en|false
16:36|1636-001|已经过了四点半|他们到达位于圣约翰街上段的老红牛剧院时，已经过了四点半，演出已经进行了一个多小时。剧院里又热又闷，几乎是潮湿的，弥漫着浓烈的汗臭味、未洗澡的身体气味和浓烈的香水味。|永远的琥珀|Kathleen Windsor|true|en|false
16:37|1637-000|4:37|那天下午，苏珊生下了两个男孩，纳特（4:37）和彼得（4:43）。接下来的一个小时里，父母轮流抱着他们，直到格林伍德医生建议或许应该让母亲和婴儿休息一下。|《财富之子》|Jeffrey Archer|true|en|false
16:37|1637-001|4点37分|4点37分，她的副手菲尔·哈斯金斯递给她一份长达十二页的复杂文件，需要董事签字才能发送给客户。她努力掩饰自己的真实感受。哈斯金斯毫不犹豫地提醒她，他们那周已经丢掉了两份类似的合同。|永不停歇的高速公路|Jeffrey Archer|true|en|false
16:37|1637-002|4:37|罗夏的日记：睡了一整天。4:37醒来。房东太太抱怨有异味。|守望者|Alan Moore and Dave Gibbons|true|en|false
16:37|1637-003|1637|她现在应该到家了。1637年。是的。就好像我的手臂上刻着年份的日期。每一天都是世界历史的一部分。|101 雷克雅未克|Hallgrímur Helgason|true|en|false
16:38|1638-000|4点38分|4点38分，塞布走进银行，对接待员说：“我和考夫曼先生有个约会。”|《比剑更强大》|Jeffrey Archer|true|en|false
16:38|1638-001|差22分5点|我让他把我扶上车，开车送我去警局。警局的钟显示差22分5点，我站在了米尔河监狱的牢房前。|《卡茨基尔鹰报》|Robert B. Parker|true|en|false
16:39|1639-000|4:39|他看了看桌上的钟：4:39。“把卡利斯检查站的指示给我，”他吩咐年轻的中尉。|盗亦有道|Jeffrey Archer|true|en|false
16:39|1639-001|下午4:39|哈莱姆区享受着慵懒的安息日早晨，不过下午做完礼拜后，节奏又会加快。我的手表显示下午4:39，我才意识到自己一整天都没吃东西。我在122街和莱诺克斯大道交汇处的路边摊买了两块披萨，就着一瓶葡萄味Snapple饮料咽了下去。|血红蓝调|Teddy Hayes|true|en|false
16:40|1640-000|下午4点40分|考夫曼双手合十，仿佛在祈祷。当他的祈祷得到回应后，他说：“我需要打几个电话才能做出最终决定，所以明天下午4点40分来我办公室。如果我确信了，我们再进一步。”|《比剑更强大》|Jeffrey Archer|true|en|false
16:40|1640-001|四点四十分|下午四点四十分，贝斯塔又唱了一首赞美诗。每个人都知道出事了。他们等了多久？市长内心快要疯了，市长夫人和他们的女儿也是如此。诚二几乎无法控制自己的怒火。他的脸涨得通红，就像他那件红色的燕尾服一样。|麻烦与胜利：一部关于力量与美的长篇小说|Tip “T.I.” Harris with David Ritz|true|en|false
16:41|1641-000|差十九分钟到五点|她在差十九分钟到五点打开了门，以为自己还能掌控一切。现在她才知道，那全是谎言。她曾经以为自己知道的一切都颠倒了；一切都变了。|你信任谁|Melissa James|true|en|false
16:41|1641-001|刚过4:40|星期三下午刚过4:40。新闻编辑室后面是格雷厄姆的办公室，从前门通往办公室的公共区域往上走几级台阶就到了。格雷厄姆坐在办公桌前，试图用电脑快速写一篇社论，但他被电视上对伊丽莎白·桑德斯基总统葬礼的报道分散了注意力。|狮心报|Ray Keating|true|en|false
16:42|1642-000|下午4:42|在梦中，西摩走在树荫下，走向一簇白色帐篷，但他每向前迈一步，小路就蜿蜒曲折，帐篷也越来越远，一种可怕的混乱感压得他喘不过气来。他猛然惊醒。仪表盘上的时钟显示下午4:42。他睡了多久？|《云中奇缘》|Anthony Doerr|true|en|false
16:42|1642-001|下午4点42分|每次跑完长跑到达终点线我都很高兴，但这次的感受格外强烈。我高举右拳。时间是下午4点42分。距离比赛开始已经过去了11小时42分钟。|当我谈论跑步时，我谈论些什么|Haruki Murakami|true|en|false
16:43|1643-000|4:43|那天下午，苏珊生下了两个男孩，纳特（4:37）和彼得（4:43）。接下来的一个小时里，父母轮流抱着他们，直到格林伍德医生建议或许应该让母亲和婴儿休息一下。|《财富之子》|Jeffrey Archer|true|en|false
16:43|1643-001|下午4:43|西边碎石停车场里唯一的一辆车是图书管理员玛丽安的斯巴鲁，车身被雪压得隆起。下午4:43|云端之上|Anthony Doerr|true|en|false
16:43|1643-002|下午4:43|警员们挤在陆地巡洋舰的背风处，听科克向他们简要介绍案情。奥伦·埃斯特维尔于下午4:43致电警长办公室，报告他的妻子失踪。|犯罪现场|William Kent Krueger|true|en|false
16:44|1644-000|差十六分钟到五点|差十六分钟到五点，贝弗里奇先生站在克兰克伍德大道旁，舒适地裹着埃斯科特医生的皮草大衣，津津有味地抽着埃斯科特医生那支无可挑剔的雪茄。|《疯子出没》|J. Storer Clouston|true|en|false
16:45|1645-000|下午四点四十五分|“你说你什么时候回阿姆斯特丹？”<br>“你很清楚，因为我告诉你了：明天早上。”<br>“你能早点回去吗？”<br>“可以。今天下午四点四十五分有一班荷航的航班，我可以六点前到阿姆斯特丹。”|无名氏|John Connolly|true|en|false
16:45|1645-001|四点四十五分|四点四十五分，哈顿小姐去和校长喝茶，校长解释了她为什么希望所有学生都学习同一首二重唱。这是她新的协调体系的一部分。|协调|E.M. Forster|true|en|false
16:45|1645-002|五点差十五分|第二天，比尔只用了下午二十分钟休息时间中的十分钟，五点差十五分就离开了。他把车停在停车场时，阿琳正好从公交车上跳下来。|《我打电话的地方》|Raymond Carver|true|en|false
16:46|1646-000|下午4点46分|下午4点46分，一个肥胖的中年男子蹒跚而入。乌雷尼亚身穿浆洗过的瓜亚贝拉衬衫和深绿色裤子，要了一本关于糖果制作的书，然后在同一间阅览室的尽头坐了下来。埃维利娜和莱蒂西亚交换了一个惊讶的眼神。这绝对是那种日子。|哈瓦那世界系列赛|José Latour|true|en|false
16:47|1647-000|4:47|但也许不止如此，也许阿芬莱特犯了严重的错误，因为此时他的手表显示4:49，墙上的钟显示4:47，而欧文还没有来。|《守备的艺术》|Chad Harbach|true|en|false
16:48|1648-000|四点四十八分|四点四十八分，五人小组再次将她抬了回来，抢救艾伦生命的紧急行动仍在继续。她已经接受了近两个小时的手术，她的身体恐怕难以承受更多的创伤。|冒险|Susan Lewis|true|en|false
16:49|1649-000|4:49|几周之内，汤姆每周五下午都搭乘4:49的火车前往纽约，周一早上返回哈特福德。苏玲不断询问进展情况，但纳特似乎对此一无所知。|《财富之子》|Jeffrey Archer|true|en|false
16:49|1649-001|下午4点49分|下午4点49分，一个秃头男人从东二十一大道那幢紫色房子的前门走了出来，他穿着卡其裤和高及脚踝的甲板鞋。侦探们给他起了个绰号，叫“将军”。|Beyond Recognition|Ridley Pearson|true|en|false
16:50|1650-000|4点50分|“声音”告诉她，停靠在3号站台的火车是4点50分开往布拉克汉普顿、米尔切斯特、韦弗顿、卡维尔枢纽站、罗克塞特以及前往查德茅斯的各站的列车。前往布拉克汉普顿和米尔切斯特的乘客在列车尾部乘车。前往瓦内奎的乘客在罗克塞特换乘。“声音”咔哒一声消失了。|4点50分从帕丁顿出发|Agatha Christie|true|en|false
16:50|1650-001|差十分钟五点|七年前的一个雪夜，他们同时被冻住了，从那以后，城堡里的时间永远都是差十分钟五点。|《十三座钟》|James Thurber|true|en|false
16:50|1650-002|差十分钟到五点|当时钟指向差十分钟到五点时，她开始倾听。片刻之后，一如既往地准时，她听到了轮胎碾过碎石的声音，车门砰的一声关上，脚步声从窗外经过，钥匙在锁孔里转动。她放下手中的针线活，站起身，走上前去，在他进门时吻了他。|献给羔羊|Roald Dahl|true|en|false
16:50|1650-003|差十分钟五点|差十分钟五点。<br>“我得赶紧起来剥豌豆做晚饭了。”|刺绣|Ray Bradbury|true|en|false
16:51|1651-000|4点51分|4点51分，一个身穿樱桃红派克大衣的人影走出图书馆，拉起兜帽，在门前的步道上推着雪铲来回走动。|《云中奇缘》|Anthony Doerr|true|en|false
16:51|1651-001|差九分钟五点|差九分钟五点。如果这不是某种新的考验，旨在让她神经崩溃，如果这位重要人物真的存在，如果是他真的安排了这次会面，而且，如果他真的准时到达，那么还剩下九分钟。|强制幸福|Norman Manea and Linda Coverdale|true|en|false
16:52|1652-000|差八分五点|斗牛将于五点开始。五条腿的野兽们总是坚持最晚在差七分或八分到达：又一个仪式。差八分五点，它们到了。小家伙们拍了拍它们的肩膀：又一个仪式。|混沌与黑夜|Henry De Montherlant|true|en|false
16:53|1653-000|五点差七分|邮局里静得出奇，特立尼达甚至能听到秒针轻轻滴答的声响。现在是五点差七分。|博纳文图尔·阿罗的沉默|Rita Leganski|true|en|false
16:54|1654-000|差六分钟到五点|差六分钟到五点，他向前倾身，拿起那部黑色电话。他拨通了梅菲尔区一家房地产中介的电话，要求与高级合伙人通话。|比剑更强大|Jeffrey Archer|true|en|false
16:54|1654-001|差六分五点|盖上最后一个盖子后，他看了看墙上的钟：差六分五点。刚好够他瞥一眼另一个盒子，看看是否也能遇到同样的情况。|荣誉之战|Jeffrey Archer|true|en|false
16:54|1654-002|五点差六分|五点差六分，黛西·罗宾逊正要走到自己公寓门口，她停下来四处张望，侧耳倾听。有些不对劲。苔丝·罗根的门大开着，黛西从里面听到什么东西被打碎的声音。|《无忧宫的十七位寡妇》|Charlotte Armstrong|true|en|false
16:54|1654-003|16:54|当地时间16:54，红色十月号首次驶出大西洋海面，位于诺福克东南47英里处。周围没有其他船只。|猎杀红色十月|Tom Clancy|true|en|false
16:55|1655-000|四点五十五|夜幕降临。她瞥了一眼仪表盘，发现时间是四点五十五分。她已经在路上行驶了将近三个小时。|私人病人|P.D. James|true|en|false
16:55|1655-001|差五分钟到五点|大约差五分钟到五点，正当他们都收拾好东西准备睡觉时，宁录突然出现在屋里。他来是希望在合适的时间之前找到一些已经穿戴整齐准备回家的人。|《衣衫褴褛的慈善家》|Robert Tressell|true|en|false
16:56|1656-000|还有四分钟就到五点|“我真希望那个愚蠢的老法官能快点儿，”查尔斯勋爵看了看表，回答道，“还有四分钟就到五点：他还没到法庭，时间就到了，我恐怕要因此损失一匹小马了。”|罗兰·卡舍尔|Charles James Lever|true|en|false
16:56|1656-001|4点56分|普拉格正在卧室里练习《汽船上的蒸汽之夜》，这时他爸爸敲门了。普拉格忘了时间，当时是4点56分。<br>“她来了，”伊莱笑着说。“出来打个招呼吧。”|美国中西部厨房|J. Ryan Stradal|true|en|false
16:56|1656-002|下午4点56分|最后一个星期五到来时，我的行李基本收拾完毕，下午4点56分，她和我和爸爸一起坐在客厅的沙发上，耐心地等待着迈尔斯骑兵队的到来。|寻找阿拉斯加|John Green|true|en|false
16:57|1657-000|差三分钟五点|“差三分钟五点。”<br>“沃恩先生，请稍等，有人接电话。我马上就来。”考夫曼把黑色听筒放在桌子上，拿起红色听筒拨了个号码。|比剑更强大|Jeffrey Archer|true|en|false
16:57|1657-001|下午5点前不久|汤姆·奥沙利文和菲利普·泰勒在尼基热狗摊的柜台边闲聊，同时在下午5点前不久点了餐。|《雄心》|Lee Strobel|true|en|false
16:57|1657-002|快五点|傍晚快五点的时候，厨师上船了。他没有卷心菜。|一颗鹅卵石|John Hershey|true|en|false
16:57|1657-003|快到下午5点了|一个小时后，他们钓到了一条金棕色条纹的小鱼，又把它放了回去。普拉格信誓旦旦地说那是条小梭鲈；伊娃似乎很肯定不是。<br>又过了一个小时，他们不停地用蚯蚓作饵，鱼儿却只是轻轻地咬钩就跑了，这时已经快到下午5点了。据说钓梭鲈的最佳时间是傍晚；显然，他们只是太急于求成，开始得太早了。|大中西部厨房|J. Ryan Stradal|true|en|false
16:57|1657-004|差三分五点|然后，差三分五点——彭德尔从未怀疑过奥斯纳德会准时——一辆棕色的福特掀背车驶来，后窗上贴着Avis的贴纸，停进了预留给顾客的停车位。|《巴拿马裁缝》|John le Carré|true|en|false
16:58|1658-000|差两分钟到五点|差一刻三点，卡罗尔离开了家；四点半，她创建了乔治亚风格的小镇；差一刻五点，她身处公理会牧师住宅中，过着体面的清贫生活，她的热情如同夏雨轻拂老旧的灰色屋顶，感染着伦纳德·沃伦太太；差两分钟到五点，一座拥有雅致庭院和温馨阁楼窗的小镇拔地而起；五点零两分，整个小镇如同巴比伦一般平坦。|主街|Sinclair Lewis|true|en|false
16:58|1658-001|快五点了|快五点了，太阳把地面晒得干裂坚硬，草坪边缘都裂开了，像破旧的地毯一样，又破又黄。|歌曲收藏家|Natasha Solomons|true|en|false
16:58|1658-002|差一分二十一秒五点|有人告诉我，他背心口袋里装的不是手表，而是计时器。如果有人问他几点，他会说：“差一分二十一秒五点。”|《短篇小说集》|Isaac Bashevis Singer|true|en|false
16:59|1659-000|差一分钟五点|差一分钟五点。<br>针尖闪烁着银光。它们像一群小小的金属鱼，在渐暗的夏日空气中游动。|刺绣|Ray Bradbury|true|en|false
17:00|1700-000|五点钟|五点钟的天空阴沉沉的，就像任何一个秋日午后常见的景象。几栋房子和成簇的红色或泛黄的树木毫不起眼。谁能想到，在这片宁静的田园中，再往前走一点，我竟会遇到一位曾在距离伦敦四千万英里之外的世界生活、饮食的人，他曾从那里看到地球，它看起来就像一个绿色的火点，他还曾与一个生命在我们星球还不适宜居住之前就已存在的生物交谈过？|佩兰德拉|C.S. Lewis|true|en|false
17:00|1700-001|五点钟|“我认为在上流社会，五点钟小酌一杯是惯例。”|《不可儿戏》|Oscar Wilde|true|en|false
17:00|1700-002|5点|“我离开之前还能再见到你吗？”阿尔伯特问道。<br>“那要看情况了；你什么时候出发？”<br>“明天晚上5点。”|基督山伯爵|Alexandre Dumas|true|en|false
17:00|1700-003|五|“艾琳·艾德勒怎么样？”我问。<br>“哦，她让那片地区所有的男人都为之倾倒。她是这世上最优雅的女子。蛇形巷的人们都这么说。她过着平静的生活，参加音乐会，每天五点开车出门，七点准时回来吃晚饭。”|《福尔摩斯探案集》|Sir Arthur Conan Doyle|true|en|false
17:00|1700-004|五|马克不太情愿去上班，但我说别担心，我会没事的。反正迟早都要好起来的，不如现在就开始吧。他说他放学后就直接溜走，找别人替他代课；他五点前就能到家。那天是我休息日，我觉得有点浪费，但至少我不用打电话给希妮德解释我为什么不来上班了。|身体的谎言|Jo Baker|true|en|false
17:00|1700-005|下午5点|那天晚上，他坐在卡罗来纳海角纪念桥下斜坡上一个大型雨水排水沟的入口处。他有个房间，但还有一笔积压的房租要付，他昨天下午5点之前已经承诺会付清。不仅如此，如果他回到房间，可能会被邀请去贝丝街上一座像堡垒一样的市政大楼，回答一些关于酒吧斗殴的问题。总而言之，似乎还是远离那里更安全。|睡梦医生|Stephen King|true|en|false
17:00|1700-006|五|我的影子会伴我走在沙滩上，至少有二十英尺长。满怀希望的海鸥，闻着蜡纸包裹的羊角面包的香味，会在头顶盘旋。当我走回去的时候，通常是五点左右（虽然有时我会待得更晚——天堂湾没什么事等着我，这个小镇在夏天结束后就基本沉睡了），我的影子会伴我走在水面上。|欢乐园|Stephen King|true|en|false
17:00|1700-007|五点|11月17日，她二十岁生日那天，工作照常开始。那天下午断断续续地下着雨，傍晚时分更是下起了瓢泼大雨。五点钟，经理把员工们召集起来，讲解当天的特色菜。服务员必须一字不差地记住菜名，不许用小抄：米兰小牛肉、沙丁鱼卷心菜意面、栗子慕斯。|盲柳，睡女|Haruki Murakami|true|en|false
17:00|1700-008|五点左右|“可是结局怎么样了？”我打断她。<br>“就是这样……根本没结束。我答应周二五点左右见她。你知道，这很糟糕！她脸上已经出现了皱纹，白天会更明显。我猜她想让我周二跟她上床。”|北回归线|Henry Miller|false|en|false
17:00|1700-009|五点|塔尼亚重回我的生活，一份稳定的工作，醉酒后谈论俄罗斯，夜晚漫步回家，以及盛夏的巴黎，生活似乎都焕发出了新的光彩。或许正因如此，像鲍里斯寄给我的那封信才显得如此荒谬。几乎每天下午五点左右，我都会和塔尼亚见面，和她一起喝一杯波尔图，就像她常说的那样。我让她带我去一些我从未去过的地方，香榭丽舍大街附近那些时髦的酒吧，爵士乐和童声的轻柔吟唱仿佛穿透了红木的墙壁。|北回归线|Henry Miller|true|en|false
17:00|1700-010|五|在地球上，时钟主宰着我们的生活。我总是清楚地知道时间、星期几、月份和年份。我制定了很多计划，大部分都是和詹姆斯一起的。“五点在我家见”，我会给他写信，或者“明天放学后在花园里见”。|万花筒|Brian Selznick|true|en|false
17:00|1700-011|五点钟|第二天五点钟，她平静地嫁给了汤姆·布坎南，然后开始了为期三个月的南海之旅。|《了不起的盖茨比》|F. Scott Fitzgerald|true|en|false
17:00|1700-012|五|屋里一片漆黑。我推开前门，不知道会看到什么。本会想念我的；他说过五点前会回家。我仿佛看到他在客厅里来回踱步。|睡前|S.J. Watson|true|en|false
17:00|1700-013|五点|“为了遏制酒后驾车，我们的政策是，对于在停车场关门后仍将车辆停放在我们停车场的车主，我们会进行礼貌性电话通知，”贝齐·尼尔说道。“您的福特探险者，康涅狄格州车牌号775 NSD，今晚五点前都可以取车。”|《漆黑一片，没有星星》|Stephen King|true|en|false
17:00|1700-014|下午5点钟|在这一幅画中，深色的背景看起来像是下午5点钟的Market街和Powell街的交叉路口，一个由压缩的能量球体组成的虚拟交通堵塞。这些快速的信使，都在为他人的身体部位输送氧气。|第一个死去|James Patterson|true|en|false
17:00|1700-015|五点钟|秉持着“最好的藏身之处就在众目睽睽之下”的原则，核心阴谋小组于当天下午五点钟在普鲁士国家大楼科尔特的办公室会面：内政部的吉塞维乌斯和冯·舒伦堡，司法部的多赫纳尼，德国国防军情报局的奥斯特上校，以及外交部的科尔特和哈特曼。|慕尼黑|Robert Harris|true|en|false
17:00|1700-016|五点钟|五点钟时，两位女士退下去梳妆打扮，六点半伊丽莎白被叫去吃晚饭。|傲慢与偏见|Jane Austen|true|en|false
17:00|1700-017|五点钟|“我打算在12月17日星期四五点钟举办一个漂流派对，”信上说，“如果你能来，我将非常高兴。”|人间天堂|F. Scott Fitzgerald|true|en|false
17:00|1700-018|五点钟|五点钟的时候，他觉得需要听听自己的声音，于是便回到屋里，看看有没有其他人回来。他爬上摇摇晃晃的楼梯，无奈地打量着自己的房间，心想除了班级横幅和老虎画像之外，再怎么装饰也无济于事了。这时，有人敲门。|人间天堂|F. Scott Fitzgerald|true|en|false
17:00|1700-019|五点|整个活动大约四分之三是为了营造效果，因此无害，在咖啡馆门口就结束了，很快就能赶上五点钟回耶鲁或普林斯顿的火车；大约四分之一的活动则持续到夜幕降临，沾染了来自陌生地方的奇异尘埃。他们的聚会原本计划是无害的那种。|人间天堂|F. Scott Fitzgerald|true|en|false
17:00|1700-020|五点钟|五点钟的时候，我在克里翁酒店等布雷特。她不在，所以我坐下来写了几封信。|《太阳照常升起》|Ernest Hemingway|true|en|false
17:00|1700-021|下午5:00|下午5:00 读书|《深夜小狗神秘事件》|Mark Haddon|true|en|false
17:00|1700-022|五点|那天下午五点，芭芭拉在出租车里等车的时候，哈罗德走进奥特伊的修道院，向坐在门房玻璃笼子里的修女解释说，斯特劳斯-穆盖夫人正在等他们。他以为男人以后都不允许进入修道院了，于是他们三人一起出去喝茶。|城堡|William Maxwell|true|en|false
17:00|1700-023|五点钟|五点钟时分，人们挥手告别，笨重的邮轮缓缓驶离长长的码头，船头缓缓转向大海，解开拖船，驶向通往旧世界奇观的开阔水域。夜幕降临，外港空无一人，深夜的乘客们仰望着繁星闪烁在未受污染的海洋之上。|红钩区的恐怖|H.P. Lovecraft|true|en|false
17:00|1700-024|五点钟|但我下午五点钟服用了那药。我用舌头舔了舔干裂的嘴唇。我感到一阵眩晕。我知道这种眩晕是什么感觉：那是因为我已经好几个小时没抽烟了。|Y先生的结局|Scarlett Thomas|true|en|false
17:00|1700-025|五点|半小时刚过，五点钟就到了；学校放学了，大家都去餐厅喝茶了。我这才敢下楼；天色已晚；我躲到角落里，坐在地板上。|简·爱|Charlotte Brontë|true|en|false
17:00|1700-026|五点钟|从五点钟到八点钟，在某些情况下就像一个永恒；但在这样的场合，这段时间却仿佛是永恒的快乐。|《一位女士的画像》|Henry James|true|en|false
17:00|1700-027|五点钟|那天下午他发现自己很难集中精力训练，五点钟离开大楼时，他仍然忧心忡忡，结果一头撞到了门外的人。|哈利·波特与魔法石|J.K. Rowling|true|en|false
17:00|1700-028|五点钟|她还没见到她，因为奥斯蒙德让她明白现在开始还为时过早。五点钟，她驱车来到纳沃纳广场附近一条狭窄街道的高层，修道院的门房接待了她，那人和蔼可亲，彬彬有礼。伊莎贝尔以前来过这里；她和潘西一起来看望修女们。|《一位女士的画像》|Henry James|true|en|false
17:00|1700-029|五点钟|直到五点钟，房间里都没有丝毫生命迹象。然后他摇铃叫来仆人，吩咐洗个冷水澡。|余烬|Sandor Marai|true|en|false
17:00|1700-030|五点钟|我记得，我们开车离开伦敦，清晨冒着瓢泼大雨，大约五点钟到达曼德利，正好赶上喝下午茶。我现在还能看到自己，像往常一样穿着不得体，尽管已经结婚七周了，却穿着一件棕褐色的针织连衣裙，脖子上围着一块叫做石貂的小皮毛，外面罩着一件不合身的雨衣，对我来说太大了，拖到了脚踝。|丽贝卡|Daphne du Maurier|true|en|false
17:00|1700-031|五点钟|我已经一年多没去教堂了。<br>“终于开始担心你的灵魂了？”<br>“拜托，”科克说。<br>“当然可以谈谈。什么时候？”<br>“明天。也许下午晚些时候。五点钟怎么样？”<br>“那就六点吧，”牧师建议道。“我的办公室。”<br>“我会到的，”科克保证道。|铁湖|William Kent Krueger|true|en|false
17:00|1700-032|下午五点|下午五点，当他们到达沼泽地的最后一站时，他下了火车，因为费尔南达也下了车。|《百年孤独》|Gabriel García Márquez|true|es-CO|false
17:00|1700-033|下午五点|下午五点。<br>当时是下午五点。<br>一个孩子拿来了白床单。<br>下午五点。|伊格纳西奥·桑切斯·梅希亚斯《哭泣》|Federico García Lorca|true|es-ES|false
17:00|1700-034|下午五点|同样的事情也可能在中午时分，在罗克的店里，或者下午五点在地铁上，突然出现在她的脑海中。又或者更早，在欧洲，某个夜晚，当她漫步在自由区，那些空地上，只要稍加用力，一个旧铁罐就能割断别人的喉咙。|跳房子|Julio Cortázar|true|es-AR|false
17:01|1701-000|五点零一分|五点零一分，贝丝离开了博物馆，拦了一辆出租车，告诉司机她的地址后，坐在后座，周围堆满了箱子，毫不掩饰地流下了眼泪。|下一位|Jeffrey Archer|true|en|false
17:01|1701-001|五点一分|五点一分。已入座的宾客被告知仪式即将开始。请再耐心等待一会儿。|《麻烦与胜利：一部关于力量与美的长篇小说》|Tip “T.I.” Harris with David Ritz|true|en|false
17:02|1702-000|五点零两分|“五点零两分。”<br>“那么交易就完成了。只要我在三十天内付清剩余的百分之九十，希夫纳尔农场就是我的了。”|《比剑更强大》|Jeffrey Archer|true|en|false
17:02|1702-001|五点零两分|她站起身，甩了甩头发，抚平裙子，打开了灯。现在是五点零两分。她本以为是午夜或凌晨五点。|复制钥匙|Jane Smiley|true|en|false
17:03|1703-000|5点03分|“晚上好，谢因德林夫人，”男人临走前说道。<br>“晚上好，克里斯。替我向夫人问好。”<br>“好的，谢谢。再见，”他一边说着，一边向埃利奥特挥手告别，埃利奥特也回以道别。埃利奥特将听筒放回底座时，时间是5点03分。|《迈阿密的同志：一部小说》|José Latour|true|en|false
17:03|1703-001|5点03分|我低头看着特雷去年圣诞节送我的那块表，精致的金链如此真实而坚实，仿佛是别人的记忆被绑在了别人颤抖的手里。现在是5点03分。我离家还有一半的路程。|妈妈，我可以吗？|Joshilyn Jackson|true|en|false
17:04|1704-000|下午5:04|弗兰克·瓦姆斯利看到了他的表妹芭芭拉和她的丈夫，便向他们挥手。就在前方不远处，他看到了马文和他的两个朋友。突然，整座桥剧烈摇晃起来。时间是下午5:04。斯蒂尔发出了一声尖叫。|天蛾人预言|John A. Keel|true|en|false
17:05|1705-000|下午5点05分|大约下午5点05分，乔注意到一个男人站在桌子附近，大约两米远的地方，正用普通话对着手机说话。他是个中年韩裔男子，穿着廉价的皮质便鞋、高腰黑色裤子和白色短袖衬衫。|台风|Charles Cumming|true|en|false
17:06|1706-000|五点六分|在她的账簿上，历史性的分娩时刻后来被记为五点六分，这虽然是谎言，却赋予了它力量。|《荣誉学生》|John le Carré|true|en|false
17:06|1706-001|下午五点刚过|霍洛兰下午五点刚过就到了，开着他那辆如今已老旧（但保养得当，锃亮如镜）的红色凯迪拉克。温迪站在窗边，像她曾经等待丈夫那样，一边等待一边看着，希望杰克能心情愉快地回来。而且要保持清醒。|睡梦医生|Stephen King|true|en|false
17:06|1706-002|下午5点左右|下午5点左右雨停了，一些外出的人看到彩虹没有消失，略感惊讶。|死亡（彩虹）|Nicholas Royle|true|en|false
17:07|1707-000|五点七分|当我看着它巨大的表盘，看着钟摆在太空中规律而缓慢地来回摆动，仿佛它的摆动是为了分割永恒，我看到它的指针指向五点七分。|噩梦故事|H.P. Blavatsky|true|en|false
17:07|1707-001|大约五点|大约五点，一只名叫阿博特的年轻曼彻斯特梗犬开始叽叽喳喳地叫了起来。它站在主人弗洛拉的尸体上，前爪搭在阳台的窗台上，透过绿色的藤条百叶窗向外凝视，浑身颤抖。它能看到田里的农夫，以及睡在隔壁阳台上的爱德华。|《与狗为伴的人》|Christina Stead|true|en|false
17:08|1708-000|下午五点零八分|我们最后一次与德怀特·斯隆取得联系是在昨天下午五点零八分。他指着一个叫恩巴拉斯的湖。“他本应在四个小时后报到。但他没有。”|边界水域|William Kent Krueger|true|en|false
17:09|1709-000|五点零九分|她看了看表，发现已经五点零九分了。“爸爸，太阳要落山了！”<br>“是的，”他同意道。|杰拉尔德的游戏|Stephen King|true|en|false
17:10|1710-000|下午5:10|它仍在向太阳方向移动，几乎到达了距离法尔霍姆最近的点——估计距离为10万公里——但仍然保持着稳定的运行轨迹。《卫报》在下午5:10再次查看时，预计它会在我们向太阳的方向，但它却不在预测的路径上。|阴影与夜晚|Chris Walley|true|en|false
17:10|1710-001|下午5:10|她给了他一个奇怪而含蓄的微笑。“别急，我的朋友。理论上，是的，那可能是一艘飞船，伪装成流星。但时间点不一样。它是在马纳亚中部时间下午5:10飞过的，而梅拉尔看到他的物体是在十分钟前，大约下午6:00（马纳亚东部时间）出现的。”|《阴影与夜晚》|Chris Walley|true|en|false
17:10|1710-002|五点十分|“姑娘，你没听到风笛声吗？”他回答道。<br>“是的，听得很清楚；但是，就算整个风笛队吹奏，我的手表显示五点十分的时候，也吹不到六点。”|马尔科姆|George MacDonald|true|en|false
17:10|1710-003|五点十分|耳机里传来噼啪声，他匆匆记下号码。关掉总机，拨打霍莉的寻呼机。只听到一声长长的低沉提示音，告诉他寻呼机已关机。然后他试了手机号码。听到一声电子提示音，接着是一个女人的录音留言，告诉他拨打的电话无法接通。他挂断电话，环顾四周。现在是星期一下午五点十分。|《殊死一搏》|Lee Child|true|en|false
17:10|1710-004|下午五点十分|下午五点十分。一枚地对地巡航导弹，由拉沙恩和一群来自阿富汗的技术人员从安装在伦纳德·苏达维科故居后院的拖拉机上发射，在保罗·克莱庄园爆炸，爆炸地点正是真人大小的美人鱼曾经在瀑布中游弋的地方。|《麻烦与胜利：一部关于力量与美的长篇小说》|Tip “T.I.” Harris with David Ritz|true|en|false
17:10|1710-005|五点十分|几个小时后，星期六下午五点十分，诺拉、特拉维斯和吉姆·基恩挤在爱因斯坦躺着的床垫前。这只狗刚刚又喝了几盎司水。它也饶有兴致地看着他们。特拉维斯努力判断，那双棕色的大眼睛是否还像他以前无数次看到的那样，拥有那种奇特的深邃、异乎寻常的警觉和非凡的意识。|守望者|Dean Koontz|true|en|false
17:11|1711-000|五点十一分|五点十一分，迪克·贝拉米把梅尔查德的车停在了昏昏欲睡的哈斯伯勒死气沉沉的车站售票处外——这里是通往怀特贝及其浴场的单线铁路与大北方铁路双线支线的交汇处。|安布罗托克斯和跛脚迪克|Oliver Fleming|true|en|false
17:12|1712-000|五点十二分|“好了，我们到了，”朱利安上校说，“正好五点十二分。我们正好可以趁他们喝茶的时候下手。最好再等等。”<br>马克西姆点燃了一支烟，然后向我伸出手。他没有说话。|丽贝卡|Daphne du Maurier|true|en|false
17:13|1713-000|17点13分|所以，17点13分，卡勒姆·格林正在买一条项链，大约几个小时后，他就死了。|《潜伏》|G.J Minett|true|en|false
17:14|1714-000|五点十四分|“你知道现在几点了吗，阿提克斯？”她问。“正好五点十四分。闹钟设的是五点半。我要你知道这一点。”|《杀死一只知更鸟》|Harper Lee|true|en|false
17:15|1715-000|五点一刻|才五点一刻，但夜色却像午夜般漆黑。当他走到门廊边缘时，雨开始下了。|《嗜血成性》|P.D. James|true|en|false
17:15|1715-001|5点15分|大约5点15分，格兰特注意到房间里进来一个新面孔。他是一位和格兰特年纪相仿的牧师。这位身材中等的男子看起来有些衣衫不整。|武僧|Ray Keating|true|en|false
17:15|1715-002|下午5:15|下午5:15<br>没错，杰克·切尔马克的街角酒吧简直是人间地狱。在像洛根广场这样正在经历高档化的街区，把一家装潢精致、价格虚高的酒吧伪装成廉价的小镇酒吧，简直令人作呕。|《大中西部厨房》|J. Ryan Stradal|true|en|false
17:15|1715-003|17:15|当奥古斯特·巴赫从阴冷潮湿的空调师级战斗机控制掩体中走出来时，是欧洲中部时间 17:15。这一天已经变成了一个慵懒的夏日午后，空气温暖而甜美，如同柔软的太妃糖。|轰炸机|Len Deighton|true|en|false
17:16|1716-000|下午17:16|我记得第一次发生这种事是在伦敦地铁环线上，下午17:16。<br>她接着描述了当时发生的事情，或者说没有完全发生的事情。|金钱永不眠|Stella Whitelaw|true|en|false
17:17|1717-000|五点十七分|就在五点十七分，迪克·弗伦奇（Dick French）焦急地趴在环绕一英里椭圆形赛道内侧的围场围栏上，发出了一声类似嚎叫的声音，然后冲向大门，向他那不听话的车手发出信号。|《飞翔的水星》|Eleanor M. Ingram|true|en|false
17:18|1718-000|五点十八分|鲁邦起身，依旧保持着他那轻蔑的沉默，拿起了那张纸。不久之后，就在这时，我碰巧看了一眼钟。五点十八分。|亚森·鲁邦的自白|Maurice LeBlanc|true|en|false
17:18|1718-001|下午5:18|周四下午5:18<br>尤里·安德烈耶维奇气疯了。在和坦赞·米诺单独谈话之后，他就知道自己被坑了。米诺工业派了两个“飞行员”坐进驾驶舱。这不过是格鲁乌的老把戏，打着“支援”的幌子进行监视。他早就见怪不怪了。|代达罗斯计划|Thomas Hoover|false|en|false
17:19|1719-000|5点19分|斯科特悄悄地挪到角落里，再次查看手表上的硫磺点。现在是5点19分。他和汉娜已经在保险库里待了一个小时十七分钟了。|盗亦有道|Jeffrey Archer|true|en|false
17:19|1719-001|下午5点19分|电话是下午5点19分打来的。通话质量出奇地清晰。一名男子自称是里加警察局的利帕少校。瓦兰德一边听一边做笔记，偶尔回答问题。|《里加之犬》|Henning Mankell|true|en|false
17:20|1720-000|五点二十|我打算把车停在这儿走进去。我可不想开车进动物园。他看了看表。“才五点二十。绑匪的电话应该六点才打来。我们还有时间。”|炼狱岭|William Kent Krueger|true|en|false
17:20|1720-001|五点二十|如果她能保持七十英里的速度，直到离开市中心的收费公路，并且如果她能避开大部分红绿灯，她估计五点二十分就能到楼下。|《如果它流血》|Stephen King|true|en|false
17:20|1720-002|17:20|会议记录上写着17:30开始，但当时才17:20左右。哈尔觉得这些声音可能是某种会前介绍，给那些第一次来的人，算是试探性地了解一下整个流程，所以他才没敲门。|《无尽的玩笑》|David Foster Wallace|true|en|false
17:21|1721-000|五点二十一分|接下来，他逐一检查了死者的各个口袋，将每个口袋翻过来，取出里面的东西，这些东西似乎都适合死者的生活所需：例如，一个丝绸钱包，透过缝隙可以看到一些金子；一块手表，然而它已被爆炸损坏，正好停在了灾难发生的那一刻——五点二十一分。|祖先的足迹|Nathaniel Hawthorne|true|en|false
17:22|1722-000|十七点二十二分|我猜她不想让奥克塔维娅知道她叫来了她父亲，至少在她们制定好计划之前不想让她知道。而且是我定好了时间。我实在想不出怎么才能赶上十七点二十二分那班七点二十九分到滑铁卢的火车。|《正义的审判》|P.D. James|true|en|false
17:23|1723-000|五点二十三|我在想我们能不能一起喝一杯。<br>“喝什么？”<br>“就聊聊天。你认识中央车站附近的皇家板球队员吗？我们明天五点见面好吗？”<br>“五点二十三，”我说，试图掌控局面。|整体的一部分|Steve Toltz|true|en|false
17:24|1724-000|下午5点24分|据说，在巴尔的摩，太阳越过乞力马扎罗山子午线十二小时后，是下午5点24分。此刻人们的恐惧难以言表，即使是现代最精妙的笔也无力描绘。巴尔的摩的人们惶恐不安，害怕即将倾泻而下的滔天洪水会将他们从地表卷走。|颠倒乾坤|Jules Verne|true|en|false
17:25|1725-000|5:25|到5:25，他们俩都不在他身边了，他那著名的“冷静”也开始显露出明显的怒气。|盗亦有道|Jeffrey Archer|true|en|false
17:25|1725-001|五点二十五|我大约五点二十五离开韦茅斯街，但我相信牙科护士和接待员能够确认具体时间。我发现我的摩托车被偷了。|谋杀室|P.D. James|true|en|false
17:25|1725-002|五点二十五|我五点二十五分把车停在图书馆门口。离约会时间还早，于是我下了车，沿着雾气弥漫的街道漫步。我在一家咖啡馆里看了场电视上的高尔夫球赛，然后去了娱乐中心玩电子游戏。游戏的目标是消灭从河对岸入侵的坦克。一开始我占了上风，但随着游戏的进行，敌方坦克像旅鼠一样繁殖，凭借数量优势压倒了我，摧毁了我的基地。屏幕上的核爆结束了一切，随后出现了“游戏结束，请投币”的提示。|《奇鸟行状录与世界尽头》|Haruki Murakami|true|en|false
17:25|1725-003|五点二十五分|“现在，”汉兹利说，安吉拉倒完最后一杯酒后，“五点二十五分了，谋杀游戏刚好开始。”|《一具尸体》|Ngaio Marsh|true|en|false
17:26|1726-000|五点二十六分|我说，今天下午五点二十六分有一趟火车从托特尼斯出发，“它到伦敦的时间是——”|Wildtrack|Bernard Cornwell|true|en|false
17:27|1727-000|傍晚5点27分|一天傍晚5点27分，当塞普蒂默斯正在处理当天最后一个索赔案件时，他的直属上司，也就是副经理，把他叫去商量一下。|打破常规|Jeffrey Archer|true|en|false
17:27|1727-001|下午5:27|星期四 下午5:27<br>“Strasvetye，”伊娃身后传来一个声音。“Kak pazhavatye。”<br>她猛地转过身。一个身材高大——不得不承认——长相不错的苏联少校快速走近。|代达罗斯计划|Thomas Hoover|true|en|false
17:28|1728-000|下午5点28分|于是，5月15日下午5点28分，当他告诉她他必须离开时，她晕了过去。当时她正躺在他的床上。|聪明女人|Judy Blume|true|en|false
17:29|1729-000|五点二十九分|“怎么样？”他问道。<br>“现在是五点二十九分，[插入姓名]，”小恶魔紧张地说。|砰！|Terry Pratchett|true|en|false
17:30|1730-000|五点半|他抱起她，把她放在床上，然后躺在她身边。他又吻了她，试探着，恋恋不舍。然后他问几点了。他自己没有手表。莱斯杰告诉他五点半了。他坐了起来。莱斯杰开始觉得自己有点不漂亮。是不是她的牙齿太大了？|《人之前的生活》|Margaret Atwood|false|en|false
17:30|1730-001|五点半|福尔摩斯五点半才回来。他精神抖擞，兴致勃勃，心情极佳，这种好心情在他身上时常与极度沮丧的情绪交替出现。|《四签名》|Sir Arthur Conan Doyle|true|en|false
17:30|1730-002|五点半|谁能拒绝艾琳·库克呢？<br>好吧，上帝说不。上帝毁了汤姆·肯尼迪的命运，也毁了她的命运。在一个阳光明媚的十月午后，五点半，我在威彻斯特拿起电话，那个女孩已经变成了一个女人，她的声音因泪水而模糊，听起来苍老而疲惫不堪。|欢乐园|Stephen King|true|en|false
17:30|1730-003|5点30分|终于，大约5点30分，伊娃的红白相间的浮标沉入水中，她那根细长的绿色鱼竿也随之弯曲，带来一阵令人振奋的重量。又是一条金棕色的家伙，漂亮而喘息着，被鱼嘴托着高高举起，急切地拍打着水面。|大中西部厨房|J. Ryan Stradal|true|en|false
17:30|1730-004|五点半|他走到马车夫跟前，马车夫正趴在树荫下的箱子上打盹，树荫已经越来越长了；他欣赏着在烈日下的马匹上空盘旋的蚊蚋，然后叫醒马车夫，跳上马车，吩咐他赶往布良斯基家。开了将近五英里后，他才缓过神来，看了看表，发现已经五点半了，他迟到了。|安娜·卡列尼娜|Leo Tolstoy|true|en|false
17:30|1730-005|五点半|10月6日——为了不走太远，我大约四点出门，打算去“新法兰西”酒吧，娜嘉应该五点半在那里和我碰面。这样我就可以有时间在歌剧院附近的林荫大道上散步，我还要去店里取回我的钢笔，它正在修理中。|娜嘉|André Breton|true|en|false
17:31|1731-000|17:31|他们讨论了这次传输：他们想知道，是哪个朋友干的？但在17:31，皮克回了电话|重水|Martin Amis|true|en|false
17:31|1731-001|下午5:31|星期二 下午5:31<br>“这是我能做到的最好安排了，迈克尔。”野上的声音带着歉意。“没人知道我留着这地方，连我妻子都不知道。”<br>“下午有商务会议。”<br>“你明白我的意思。”他笑了笑，继续走上砂岩台阶。|代达罗斯计划|Thomas Hoover|false|en|false
17:32|1732-000|五点三十二分|12月9日星期五傍晚五点三十二分整，阿纳利车站站长收到弗罗斯特山信号站发来的电报：5点28分从伦敦桥开出的下行列车刚刚通过。|侦探大师克里克|Thomas W. Hanshew|true|en|false
17:33|1733-000|五点三十三分|他和乌苏拉夫人五点三十三分回到了六十二号。他能准确地记住时间，因为他看了车上的钟。|《嗜血成性》|P.D. James|true|en|false
17:33|1733-001|五点三十三分|我们出发时是五点三十三分。现在是六点吗？六点半？马克还在笼子里，我不敢开太快……万一我们来不及赶到怎么办？|勇敢者之中|Margaret Peterson Haddix|true|en|false
17:33|1733-002|下午5:33|下午5:33，传来两声深沉而悠扬的音符，相隔大三度。另一天，下午12:54也传来同样的音符。还有一天，正好是早上8:00。|各种扰动|Lydia Davis|true|en|false
17:34|1734-000|四分钟后|五点半。我大约四分钟后到达这里。根据血迹和脸侧开始出现的僵硬程度判断，我估计他已经死了大约五个小时了。|圣职人员之死|P.D. James|false|en|false
17:35|1735-000|5:35|5:35，他从无线电中得知，《奥罗拉哨兵报》的赫尔蒙特·汉诺威接到明尼苏达州平民旅一位匿名发言人的电话，威胁说如果印第安人捕鱼，将会采取某种形式的报复。|铁湖|William Kent Krueger|true|en|false
17:36|1736-000|六点差二十四分|那一刻我又看了看表，因为我想在晚祷结束前赶回教堂，大约六点四十五分，这样我就可以在唱诗班指挥离开前和他谈谈。我发现离晚祷结束只剩四分钟了。<br>“所以，那件事正好发生在六点差二十四分？”<br>“正是如此。”|《未葬之人》|Charles Palliser|true|en|false
17:37|1737-000|5点37分|“瞧，露西尔，”乔在露西尔5点37分走进办公室时说道，“我不知道你跟这姑娘说了什么，但似乎适得其反。她现在对哈佛法学院念念不忘。”|避雷针|Helen DeWitt|true|en|false
17:38|1738-000|17:38|然后我看到了一些熟悉的东西。一些绿色的小数字，在黑暗中闪闪发光。是本的闹钟。不知怎的，我又回到了这里，回到了这间公寓。我眨了眨眼，看到了数字。17:38。但这肯定不对。那是下午。|巴黎公寓|Lucy Foley|true|en|false
17:38|1738-001|下午5:38|他盯着电话，心想：响。现在就响。但电话依然没有响。下午5:38，邦妮的家务活应该已经结束了。|《云中奇境》|Anthony Doerr|true|en|false
17:38|1738-002|下午5点38分|下午5点38分，首相的飞机终于冲破云层，出现在赫斯顿机场上空。随着地面逐渐映入眼帘，莱加特看到了大西路上的交通状况。车辆在两个方向都堵了一英里多。当时正下着瓢泼大雨。|慕尼黑|Robert Harris|true|en|false
17:39|1739-000|5点39分|现在是5点39分，我们可以吃晚饭了，是方便面。面条在热水里煮的时候，妈妈从牛奶盒上找了一些难懂的词来考我，比如“营养”——意思是食物，还有“巴氏杀菌”——意思是用激光枪消灭了细菌。|房间|Emma Donoghue|true|en|false
17:40|1740-000|5:40|由于没有人“有其他事要说”，我于5:40结束了会议，并建议杰里米和罗斯玛丽还有我一起吃晚饭。我想看看他们在一起的样子。|试错|Jeffrey Archer|true|en|false
17:40|1740-001|5点40|什么？我说：“现在5点半了吗？”<br>“呃，5点40。”天哪，他们会饿死的。不过，那也是件好事。让他们饿吧。|我爱美元|Zhu Wen|true|en|false
17:40|1740-002|五点四十分|现在是五点四十分。派对六点开始。到六点十分左右，十一楼应该就空出来了。阿诺德是个很受欢迎的合伙人；只要能避免，谁都不会错过他的告别演讲。而且，在卡特·斯平克律师事务所的派对上，演讲总是很早就开始了，这样大家如果需要的话就可以回去工作。趁大家都在听的时候，我溜到阿诺德的办公室。这招应该管用。必须管用。我盯着自己怪异的倒影，内心深处一股坚定的决心正在酝酿。他不会让所有人以为他是个和蔼可亲、无害的老泰迪熊。他不会得逞的。|《不羁的女神》|Sophie Kinsella|true|en|false
17:41|1741-000|17:41|好了，伙计们，赶紧走。日落时间是17:41，我们还有23公里要走。贝恩中士站了起来，排里的士兵也跟着站了起来。|英勇之心|Tanya Huff|false|en|false
17:42|1742-000|五点四十二分|他们扬帆起航，航行了数千英里，或者数百英里——我忘了是哪个，不过这并不重要——一场巨大的风暴袭来，可能是台风，也可能是风暴，或许两者都是；它缓慢地积蓄了二十九天七小时二十三分钟的能量（不计秒数），在六日的第六天，五点四十二分，它猛烈地向他们袭来。|《道奇俱乐部》；或，1742年的意大利|James De Mille|true|en|false
17:43|1743-000|下午5:43|“我总是更喜欢乘坐英国航空公司的航班，”唐·佩德罗在被领到头等舱座位时告诉乘务长。波音平流层巡航者飞机于下午5:43起飞，比预定时间晚了几分钟。|最佳秘密|Jeffrey Archer|true|en|false
17:43|1743-001|5点43分|现在是5点43分。时间飞逝，飞逝。|《如果它流血》|Stephen King|true|en|false
17:44|1744-000|5点45分左右|当他们终于在5点45分左右打完18号五杆洞回家时，珍妮丝既没有在休息室等他，也没有在泳池边等他。相反，一个穿着绿白制服的女孩走过来告诉他，他妻子让他给家里打电话。|《兔子有钱了》|John Updike|true|en|false
17:45|1745-000|差一刻六点|“差一刻六点，”助产士回答道。<br>“如果我真的要死了呢？”奥尔加·米哈洛夫娜看着丈夫的头和被雨水敲打的窗玻璃，心想。|党|Anton Pavlovich Chekhov|true|en|false
17:45|1745-001|差一刻六点|差一刻六点，我门外传来敲门声。我从猫眼往外看。拉米雷斯站在外面，穿着一件红色的大号篮球背心、黑色短裤和人字拖。|白色之夜|Jim Butcher|true|en|false
17:46|1746-000|差十四分钟到六点|差十四分钟到六点，他们走进导演办公室，一位和莎莉年纪相仿的年轻女士为客人们提供干雪利酒或橙汁的选择。|盗亦有道|Jeffrey Archer|true|en|false
17:47|1747-000|六点差十三分|“那么，我想这件事基本上已经结束了，”牧师说道。“你们也完全可以返回你们的家了。现在，如果我可以提个建议，那就是我们喝茶吧。去除了单宁之后，我认为没有什么比茶更提神醒脑了。”<br>“林德赫斯特有一趟火车，六点差十三分，”威杰里说着，展开了一张时刻表。|《机遇之轮：自行车田园诗》|H.G. Wells|true|en|false
17:48|1748-000|下午5:48|父亲下午5:48回家了。我听到他从前门进来。然后他进了客厅。他穿着一件浅绿色和天蓝色格子衬衫，一只鞋上打了个双结，另一只鞋上没有。|《深夜小狗神秘事件》|Mark Haddon|true|en|false
17:49|1749-000|下午5:49|1924年6月8日，星期日，下午5:49。当奥德尔回到第四营地时，他无法掩饰自己的兴奋。他爬进诺顿的帐篷，告诉他自己所看到的一切。|《光荣之路》|Jeffrey Archer|true|en|false
17:49|1749-001|差十一分六点|当时是差十一分六点。过了一会儿，他漫不经心地把书桌中间的抽屉拉出来，放在腿上。他愣愣地盯着枪看了一会儿，却认不出来了。然后他惊叫一声，跳了起来。她把枪放回去了！|家的舒适|Flannery O’Connor|true|en|false
17:50|1750-000|差十分六点|他抬头看了看门上的钟：差十分六点。小凯文随时都会从那扇门里出现，问他能不能好心离开。|《草总是更绿》|Jeffrey Archer|true|en|false
17:50|1750-001|差十分六点|杰克，现在几点了？<br>“差十分六点”<br>“那就还有十分钟。”我洗牌。“来一局拉米牌怎么样？”|井字棋|Malorie Blackman|true|en|false
17:50|1750-002|5:50|埃斯特维尔曾打电话给卡车休息站，但没人看到他妻子进来。她没有回家。科克和麦克杜格尔在5:50发现了她的红色野马车。|犯罪现场|William Kent Krueger|true|en|false
17:51|1751-000|5:51|她慢慢地读完第一页，做了几处修改，因为她知道周五晚上匆忙犯下的任何错误都可能在接下来的几周里让她后悔莫及。她在文件的最后一页签字时，瞥了一眼桌上的钟。时间正好是5:51。|永不停止在高速公路上行驶|Jeffrey Archer|true|en|false
17:51|1751-001|距离六点只剩九分钟|太阳赤红，影子拉得很长很黑。距离六点只剩九分钟了，酒店里，那令人作呕的国民劣质酒正畅饮无阻，男人们在致命的断酒时刻到来之前，尽可能多地往喉咙里灌酒。|毒液旅馆|Arthur Upfield|true|en|false
17:52|1752-000|差八分钟六点|当时是差八分钟六点。“我必须找到他，”他第十二次对电话女服务员说。<br>“抱歉——没人接电话，”她疲惫地说。|吉米·柯克兰和旗帜阴谋|Hugh S. Fullerton|true|en|false
17:53|1753-000|差七分六点|那孩子肯定会被宠坏，就像我敢肯定他会踩到弹簧一样；他真是太任性了。你受过管教吗？<br>“我想我受过！”我愤愤不平地喊道，想起了我的教育经历。<br>“好吧；冷静点。你几点了？”<br>“差七分六点。”|三基尼怀表的奇遇记|Talbot Baines Reed|true|en|false
17:54|1754-000|下午5点54分|下午5点54分，父亲回到客厅。他轻声问道：“这是什么？”我没意识到他生气了，因为他没有大声喊叫。|《深夜小狗神秘事件》|Mark Haddon|true|en|false
17:55|1755-000|差五分钟六点|一、二、三、四、五、六……她依次给每个钟上弦，每个钟上三圈，刚好给发条充够力，让它们在韦斯科特先生检查前走动起来。说到韦斯科特先生……现在是差五分钟六点。还有五分钟韦斯科特先生就要来检查他的钟表了。海伦娜咽了口唾沫。她能听到楼下房间里隆隆的脚步声，以及斯坦利偶尔的惊呼声。|《百钟之家》|A.M. Howell|true|en|false
17:55|1755-001|差五分六点|风呜咽着，凄凉地吹拂着站在外面的“摄影艺术家”莫蒂默·詹金先生的耳朵，掀起他破旧的外套下摆。他正用自己冰冷的双手拉起百叶窗，绝望地等待着生意的复苏。差五分六点。|延期的约会|Algernon Blackwood|true|en|false
17:56|1756-000|差四分钟六点|先生，现在指针指向差四分钟六点。如果您在整点敲响之前自称是肆意妄为、无端诽谤者，我将鞭打您一顿。|格温骑士|Charles James Lever|true|en|false
17:57|1757-000|六点差三分|六点差三分，尽管莎莉仍然杳无音讯，导演还是建议大家前往大礼堂。|盗亦有道|Jeffrey Archer|true|en|false
17:57|1757-001|差三分钟到六点|差三分钟到六点，一位身材高大、体格健壮、举止像军人的男子推开旋转门走了进来。他身穿深蓝色西装外套，内搭灰色法兰绒衬衫，留着利落的短发，皮鞋锃亮，这一切都表明他过着自律的生活。|唯有时间才能证明|Jeffrey Archer|true|en|false
17:57|1757-002|差三分钟六点|雨果·卡莫迪这样做了，结果到差三分钟六点的时候，他感觉自己仿佛从夏天开始就被困在玫瑰丛中。|夏日闪电|P.G. Wodehouse|true|en|false
17:57|1757-003|差三分六点|他将凭借魅力——声音的魅力、语言的魅力，尤其是新颖、动人、闪耀的思想的魅力——赢得人心。差三分六点，医生合上书，静静等待。|醉汉|Guy Thorne|true|en|false
17:58|1758-000|17:58|然后我注意到窗户：它们闪着黑光。17:58，我的手表坚持显示着。不可能。现在才刚过四点。我探头探脑地想看看折磨我的家伙的肚子后面有没有伊玛库蕾·康斯坦丁，但她已经不见了。|骨钟|David Mitchell|true|en|false
17:59|1759-000|差一分钟到六点|差一分钟到六点，导演引领贵宾走上舞台。他看着四百名女孩起立鼓掌，导演会用“淑女”的语气来形容她们的鼓掌方式。|盗亦有道|Jeffrey Archer|true|en|false
17:59|1759-001|将近六点|傍晚将近六点，教堂六英尺高的锡制尖顶上那滑稽的钟“哐哐哐哐”地响了起来！老马图拉动了里面的绳子。|缅甸岁月|George Orwell|true|en|false
17:59|1759-002|快六点钟|他到达时快六点钟了，夕阳西下，温暖而圆润，红色的阳光透过窗户洒进来，给苍白的脸颊增添了几分红润。|德古拉|Bram Stoker|true|en|false
18:00|1800-000|六|我已经一年多没去教堂了。<br>“终于开始担心你的灵魂了？”<br>“拜托，”科克说。<br>“当然可以谈谈。什么时候？”<br>“明天。也许下午晚些时候。五点钟怎么样？”<br>“那就六点吧，”牧师建议道。“我的办公室。”<br>“我会到的，”科克保证道。|铁湖|William Kent Krueger|true|en|false
18:00|1800-001|六点|一分钟的差别重要吗？不，可能不重要，尽管他年幼的儿子似乎拥有非常精准的生物钟。或许两分钟也行。三分钟，甚至五分钟。但问题就在这里。如果你能拖延五分钟，那么你就会拖延到十分钟，然后半小时，几个小时……然后整个晚上都见不到你的儿子。所以就是这样。六点，准时。每天如此。给小萨姆读书。没有借口。他向自己保证过。没有借口。绝对没有借口。一旦你有了正当的借口，你就为糟糕的借口敞开了大门。|砰！|Terry Pratchett|true|en|false
18:00|1800-002|六|“你说你什么时候回阿姆斯特丹？”<br>“你很清楚，因为我告诉你了：明天早上。”<br>“你能早点回去吗？”<br>“可以。今天下午4点45分有一班荷航的航班，我可以赶在六点前到达阿姆斯特丹。”|无名氏|John Connolly|true|en|false
18:00|1800-003|下午六点|里克把车开进自家车道，他那辆老福特探险者覆着一层朦胧的白色盐霜。冬夜来得很快，到了下午六点，小镇已笼罩在黑暗之中。他让比尔拿上他的文件和一点大麻。|Ohio|Stephen Markley|false|en|false
18:00|1800-004|六点钟|六点钟临近时，克莱尔踱步走向CAD室敞开的门。汤姆·彭尼咬着嘴唇，目不转睛地盯着墙上的钟。|《警务风云3》|John Burke|true|en|false
18:00|1800-005|六点钟|“才六点钟，”他打了个哈欠说道，然后，过了一会儿，他有了一个更有趣的发现。|幻影收费亭|Norton Juster|true|en|false
18:00|1800-006|六点钟|“他什么时候喝下午茶？”我问。<br>“哦，六点钟。他在乡下作息很早。你最好现在就换件裙子：我陪你去帮你系好。这是蜡烛。”|简·爱|Charlotte Brontë|true|en|false
18:00|1800-007|下午六点|“尼古拉斯呢？”梅丽尔把表格递还给我时问道。我低头看了看名单，还剩一个空位，是当天最后一个预约，下午六点。<br>“我把他安排过去。有人能通知他一下吗？”<br>“我会的，”梅丽尔说。<br>我用铅笔在他的名字旁边画了个问号。|身体的谎言|Jo Baker|true|en|false
18:00|1800-008|六|丹一直躺到六点才睡。然后他穿好衣服，再次前往红苹果酒吧。这次他没有犹豫，只是没有像上次那样从冰桶里拿出两瓶“鸟”牌啤酒，而是拿了三瓶。他们以前常说的是什么来着？要么轰轰烈烈，要么回家。|睡梦医生|Stephen King|true|en|false
18:00|1800-009|六点|有时经理会扮演顾客，用问题考验他们。然后是员工用餐时间：这家餐厅的服务员可不能一边饿着肚子一边为顾客点餐！<br>餐厅六点开门营业，但由于下着倾盆大雨，客人迟迟未到，一些预订也被取消了。|盲柳，睡女|Haruki Murakami|true|en|false
18:00|1800-010|晚上六点|但我原本的自我究竟是什么？我再也无法确定了。我忍不住觉得那是另一个我，另一个与我原本的自我极为相似的自我。那么现在我该怎么办？我完全失去了方向感。我把手伸进口袋，把找到的每一枚零钱都塞进公用电话亭。响了八声。九声。然后她接了电话。<br>“我睡着了，”她打着哈欠说。<br>“晚上六点？”|盲柳，睡着的女人|Haruki Murakami|true|en|false
18:00|1800-011|六点|乌苏拉邀请我进衣橱。“你一点都没变老，蒂姆博，<em>这</em>条蛇形家伙也一样！”她毛茸茸的小鹿蹭着我那纳尼亚般大小的灯柱和樟脑丸……但随后，像往常一样，我醒了，肿胀的肢体就像肿胀的阑尾一样受欢迎，也一样有用。六点。暖气系统奏响了约翰·凯奇风格的作品。冻疮灼烧着我的脚趾关节。我想起了过去的圣诞节，还有更多已经过去的圣诞节，而未来却遥遥无期。|云图|David Mitchell|false|en|false
18:00|1800-012|下午6点|下午6点，我匆匆下班回家，努力让自己看起来更有魅力。最近我住在北迪尔伯恩街一间贵得离谱的单身公寓里；我总是磕磕碰碰地撞到墙壁、台面和家具上。|《时间旅行者的妻子》|Audrey Niffenegger|true|en|false
18:00|1800-013|六点|“晚上好，詹姆斯·温迪班克先生，”福尔摩斯说。“我想这封打字信是你写的，你在信中约我六点见面吧？”|《福尔摩斯探案集》|Sir Arthur Conan Doyle|true|en|false
18:00|1800-014|六点钟|那些去了比芝加哥更远的地方的人，会在十二月的一个傍晚六点钟聚集在昏暗的联合车站，与几个已经沉浸在节日欢乐中的芝加哥朋友匆匆道别。|《了不起的盖茨比》|F. Scott Fitzgerald|true|en|false
18:00|1800-015|六点|她听起来很惊讶，可能还有点失望。他说：“听着，我不能说太久，所以请集中注意力听我说。我希望你收拾一周的衣服，然后让修车厂的人立刻开车送你和孩子们去你父母家。”<br>“可是现在才六点。”<br>“他们还没关门呢。”<br>“我们为什么要这么着急？出什么事了吗？”<br>“没什么。至少现在还没出事。我只是想知道你现在安全。”<br>“听起来有点慌张。我讨厌慌张的人。”|慕尼黑|Robert Harris|true|en|false
18:00|1800-016|六点|露辛达·奎恩特在六点新闻中爆料了这起重大泄密事件。她直言不讳，令人信服，最重要的是，她掌握了大量的书面证据和视频资料。她讲述了自己如何获得这些宝贵的黑料，但并未指名道姓。|《心之所向》|Margaret Atwood|true|en|false
18:00|1800-017|六点钟|沿着昏暗的六点钟街道，我看到光秃秃的树木耸立着，像木头闪电一样击打着人行道，树木击中的地方混凝土都裂开了，所有这些都被围在一圈栅栏里。一排铁栅栏从杂草丛生的院子前面的地面伸出来，后面是一栋带门廊的大木屋，摇摇晃晃地迎着风倾斜，以免像一个空的纸板箱一样被吹到几个街区外。|飞越疯人院|Ken Kesey|true|en|false
18:00|1800-018|六点钟|一天中的大部分时间——除了六点钟的弥撒时间——都能看到德芙拉从卧室的窗户向外窥视。她用大枕头垫着佝偻的身子，用她那双像大黄一样灰白的眼睛盯着下面潮湿的街道，决心不错过任何一分钟的乡间小情事。|石榴汤|Marsha Mehran|true|en|false
18:00|1800-019|六点钟|“你真是了不起，不是吗！”艾莫里坐在餐桌中央，六点钟方向，这句话听起来越来越老套了。|人间天堂|F. Scott Fitzgerald|true|en|false
18:00|1800-020|六点|“六点了，”阿莫里说着，瞥了一眼手表。“就凭你收藏的那些珍藏版，我请你吃顿丰盛的大餐。”|人间天堂|F. Scott Fitzgerald|true|en|false
18:00|1800-021|六点|从那以后，疯帽子用哀伤的语气继续说道：“他什么都不肯做！现在永远都是六点。”|《爱丽丝梦游仙境》|Lewis Carroll|true|en|false
18:00|1800-022|下午6:00|下午6:00 喝茶|深夜小狗神秘事件|Mark Haddon|true|en|false
18:00|1800-023|六点钟|虽然才六点钟，夜色已然深沉。塞纳河畔的浓雾弥漫，如同破布的面纱般模糊了一切细节，远处灯笼和从窗户透出的灯光闪烁着微弱的红光。|哈奇钦俱乐部|Théophile Gautier|true|en|false
18:00|1800-024|六点钟|我不在的时候你去农场了吗？<br>“没有，”我说，“但我看到泰德了。”<br>“他有话要跟我说吗？”她问。“他说今天不行，因为他要去诺维奇。但星期五六点钟，照常。”<br>“你确定他说的是六点钟吗？”她疑惑地问。<br>“非常确定。”|《中间人》|L. P. Hartley|true|en|false
18:00|1800-025|六点|理查国王：几点了？<br>凯茨比：六点了，正值晚餐时间。<br>理查国王：我今晚不吃晚饭。给我墨水和纸。|理查三世|William Shakespeare|true|en|false
18:00|1800-026|六点|莱昂等了一整天，盼着六点钟到来；当他到达客栈时，却发现除了比内先生之外空无一人，比内先生已经坐在桌旁了。|包法利夫人|Gustave Flaubert|true|en|false
18:00|1800-027|六点钟|哦哦哦。六点钟了，主人还没回家。|《我们牙齿的皮肤》|Thornton Wilder|true|en|false
18:00|1800-028|六点钟|报纸从门缝里伸进来，屋子里突然弥漫着六点钟的气氛|简·布罗迪小姐的青春|Muriel Spark|true|en|false
18:00|1800-029|六点钟|冬日的夜晚渐渐平静下来，走廊里飘来牛排的香味。六点钟。|前奏曲|T.S. Eliot|true|en|false
18:00|1800-030|六|当卡尔瓦里教堂的钟声敲响六点时，她看到比格斯夫妇匆匆走下门廊，赶在商店关门前赶去购物。|《谋杀的诠释》|Jed Rubenfeld|true|en|false
18:00|1800-031|六|我锻炼一小时，洗澡，读报纸，吃午饭，小睡一会儿，六点喝杯苦艾酒，然后去理发，八点吃晚饭，然后去咖啡馆|七个疯子|Roberto Arlt|true|es-AR|false
18:00|1800-032|下午六点|“这意味着，”佩里科说，“第二十页上的侏儒，到了第一百页就长到了两米五。我注意到不止一次了。有些场景从下午六点开始，到五点半结束。真恶心。”|跳房子|Julio Cortázar|true|es-AR|false
18:01|1801-000|六点一分|六点一分，他转向汤姆说：“嗨，我是纳特·卡特赖特，而且……”|财富之子|Jeffrey Archer|true|en|false
18:01|1801-001|六点一分|“直到六点一分，最后一票投完之前，没有人会停下来，甚至连呼吸的时间都没有。”|《命运之子》|Jeffrey Archer|true|en|false
18:01|1801-002|六点一分|六点一分，大卫跟着我走了。然后又有三个人成功逃脱，总共五个人。但就在第六架飓风战斗机加速准备起飞时，一群梅塞施密特战斗机从橄榄树上空呼啸而来。|独自飞行|Roald Dahl|true|en|false
18:02|1802-000|下午6:02|顺便一提，下午6:02，赫兰当以北约250公里处发生了一次震源较浅、震级较小的地震，记录证实了这一点。但有一个重大问题。|阴影与夜晚|Chris Walley|true|en|false
18:03|1803-000|6:03|贾罗德盯着电脑上的时钟。显示6:03。办公室窗外一片漆黑。他感觉好像有人抽走了房间里所有的氧气，于是深吸了一口气才开口。|《所有的小碎片》|Jilliane Hoffman|true|en|false
18:03|1803-001|六点三分|在这一切之上，耸立着议会大厦，时钟的指针停在了六点三分。很难相信这一切已毫无意义，如今它不过是一座虚伪的雕塑，终将消逝。|《三尖树时代》|John Wyndham|true|en|false
18:04|1804-000|六点零四分|我的罗莎娜，我们会把它记下来；每年，当这珍贵的时刻从钟声中响起，我们都会满怀感恩地庆祝，直到我们生命的尽头。<br>“我们会的，我们会的，阿隆佐！”<br>“晚上六点零四分，我的罗莎娜……”|阿隆佐·菲茨·克拉伦斯和罗莎娜·埃塞尔顿的爱情故事|Mark Twain|true|en|false
18:05|1805-000|下午6:05|下午6:05 真想知道大家都去哪儿了？我猜她们都和男朋友出去了，或者回家陪家人了。|BJ单身日记|Helen Fielding|true|en|false
18:05|1805-001|六点五分|大约六点五分，皮尔斯拿着一份晚报和几本书走了进来。|一杯祝福|Barbara Pym|true|en|false
18:06|1806-000|6点06分|6点06分，梅里特街上的所有厕所突然像喷泉一样喷涌出粪便和未经处理的污水，原来是荒地里新建污水处理厂的污水池管道发生了某种难以想象的逆转。|它|Stephen King|false|en|false
18:06|1806-001|六点零六分|根据《启示录》，大兽的数字是666。所以确切时间是六六年六月六日六点零六分。真是双重打击。|《拆迁犬》|Robert Rankin|true|en|false
18:07|1807-000|六点零七分|时间一分一秒地过去。房间里的寂静在他们耳边震耳欲聋。六点零七分，查尔斯的电话响了。|陪审团|Fern Michaels|true|en|false
18:08|1808-000|下午6:08|下午6:08 “女武神”这个暗号传到了冯·塞德利茨·加布勒的总部|将军之夜|Hans Hellmut Kirst|true|en|false
18:09|1809-000|六点零九分|现在是周六傍晚六点零九分，细雨蒙蒙，我决心一口气写完一本书。|《没有休息的生活》|Nick Spalding|true|en|false
18:10|1810-000|下午6点10分|“我想查看一下昨天下午6点10分飞往布鲁塞尔的航班乘客名单。”|除非我死了|Jeffrey Archer|true|en|false
18:10|1810-001|六点十分|让我想想。你六点十分在大陆酒店喝了一杯。<br>“是的。”<br>“六点四十五分，你在雄伟酒店门口和另一位记者交谈？”<br>“是的，威尔金斯。维戈特，我之前都跟你说过这些。那天晚上。”|《安静的美国人》|Graham Greene|true|en|false
18:11|1811-000|六点十一分|第一次爆炸发生在六点十一分。航海室和部分舰桥被炸得粉碎。随后迅速传来三声沉闷的碎片撞击声，毫无疑问地证明炸弹被设定为在指定时间自动引爆。|西风漂流号|George Barr McCutcheon|true|en|false
18:12|1812-000|6点12分|比尔·拉塞尔当晚6点12分离开办公室，之后再也没有踏入过那栋大楼。|财富之子|Jeffrey Archer|true|en|false
18:12|1812-001|下午6:12|他看了看表：下午6:12。他离开餐厅，下楼来到酒窖。一间曾经摆满档案的档案柜的房间里，现在只剩下一盏灯泡照明。自从吉尔斯来之后，档案柜就被酒架取代了。|父辈的罪孽|Jeffrey Archer|true|en|false
18:12|1812-002|下午6:12|星期三 下午6:12<br>在难得一见的无雾霾日后，暮色雄伟地笼罩着东京。从花岗岩外墙的美浓工业大厦55层的顶层公寓望出去，景色尤其令人心旷神怡。|代达罗斯计划|Thomas Hoover|true|en|false
18:12|1812-003|6:12|6:12，诺琳又端来一整盘晚餐，我们可以五点多、六点多，甚至七点多吃，妈妈说。|房间|Emma Donoghue|true|en|false
18:13|1813-000|06:13|现在是06:13，快到晚上了。妈说我真该裹上毯子了，老尼克可能会因为我生病而早点回来。|房间|Emma Donoghue|true|en|false
18:14|1814-000|六点十四|他有意识吗？乙醚——<br>“我不好说，”西米兴高采烈地说。“他五点就回房间了。那——让我看看现在几点了？六点十四。快一个小时十五分钟了。他们都说——”|屋顶上的歌|George Barr McCutcheon|false|en|false
18:15|1815-000|六点一刻|“六点一刻了，”托尼说，“他肯定已经告诉她了。”|一把尘土|Evelyn Waugh|true|en|false
18:15|1815-001|六点一刻|六点一刻，他结束了这一切。|《照片》|Penelope Lively|true|en|false
18:15|1815-002|下午6:15|我看了看屏幕角落的时间。下午6:15。我根本不可能在45分钟内完成我的论文。|失踪女孩|Sophie McKenzie|true|en|false
18:16|1816-000|六点十六分|门上的钟显示六点十六分。画面显示门开了，一块地毯被拉了进来——只有地毯，平铺着，垂直竖着垂下来。当然，地毯后面有人。|如果死神睡着了|Rex Stout|true|en|false
18:17|1817-000|18:17|卡片正面印着“伯尼斯·桑德”。背面用铅笔写着：您的西行电车将于18:17停靠。没有日期或签名。18:17，阿黛尔带着特罗维拉走出了联排别墅。|通往荣耀之路|David Drake|true|en|false
18:18|1818-000|下午6点18分|他瞥了一眼手表，下午6点18分，然后挂上一档。他下了床，脱掉衣服扔到椅子上，然后走进浴室，痛痛快快地洗了个澡。|除非我死了|Jeffrey Archer|true|en|false
18:18|1818-001|18:18|18:18，一位61岁的藏族妇女打电话叫消防车来扑灭一辆着火的汽车。|我的名字不是雅各布·拉姆齐|Ben Trebilcook|true|en|false
18:19|1819-000|18:19|格雷夫森德乌云密布。文尼、斯特拉和妈妈都身处其中。真的吗？我的手表显示18:19，当晚常客们陆续到来时，“马洛船长”酒吧将会热闹非凡，人们谈笑风生。|骨钟|David Mitchell|true|en|false
18:20|1820-000|下午6点20分|在哈利街、邦德街、国王路和牛津大学莫德林学院，时间是下午6点20分。四位互不相识的男子在《伦敦晚报》最后一期上查看了Prospecta石油公司的市场价格。|一分不多，一分不少|Jeffrey Archer|true|en|false
18:20|1820-001|六点二十|直到六点二十分，莎拉·贝隆才终于通过电话联系上伊沃·加罗德。下午早些时候她大部分时间都待在公寓里，但一直不敢从那里打电话。|《嗜死》|P.D. James|true|en|false
18:20|1820-002|六点二十分|埃利奥特的母亲六点二十分到达时，森太太总是确保她砍东西的所有痕迹都被处理掉了。|《疾病解说者》|Jhumpa Lahiri|true|en|false
18:21|1821-000|下午6:21|下午5:20-下午6:21<br>佩蒂格鲁小姐发现自己飘进了走廊。她现在已经不再抗议，不再困惑，不再惊讶，也不再责备。她的眼睛闪闪发光，脸上容光焕发，心情无比愉悦。一切都发生得太快了。她跟不上节奏，但天哪，她却乐在其中。|佩蒂格鲁小姐的一天|Winifred Watson|true|en|false
18:22|1822-000|18:22 GMT|18:22 GMT<br>“长官，枪械小队已就位。”在几个小时的沉默之后，对讲机里传来一声如同雷鸣般的单调声音。|无所畏惧|Jeffrey Archer|true|en|false
18:22|1822-001|六点二十二|指挥官，当时是六点二十二。我碰巧瞥了一眼钟。<br>他把门大开着。与其说是邀请我离开，不如说是命令。|谋杀室|P.D. James|true|en|false
18:22|1822-002|六点二十二分|他向前倒下时，钟表翻倒了。这就能告诉我们案发时间了。六点二十二分。|牧师住宅谋杀案|Agatha Christie|true|en|false
18:23|1823-000|六点二十三分|厨房里摆着野餐午餐，前门上挂着双重门闩，以防万一发生不可能的事——父亲在晚上六点二十三分之前从银行回家。|点燃一支便士蜡烛|Maeve Binchy|true|en|false
18:24|1824-000|18:24|我们于18:24获得塔台许可，并在预定起飞时间七分钟后升空。傍晚的天空几乎晴朗，只有南方地平线上零星散布着积云，风向标无力地垂着。|奎勒跑道|Adam Hall|true|en|false
18:25|1825-000|六点二十五|达格利什开门见山地说：“杜佩恩博物馆的管家塔卢拉·克拉顿夫人今天下午认出你就是11月1日星期五六点二十五左右撞倒她骑自行车的司机。当晚，博物馆里发生了两起谋杀案，受害者分别是内维尔·杜佩恩博士和西莉亚·梅洛克小姐。”|谋杀室|P.D. James|true|en|false
18:25|1825-001|6点25分|6点25分，克劳迪娅锁好她正在处理的文件，上楼去洗漱并拿外套。屋里灯火通明。自从杰拉德去世后，她就讨厌独自在黑暗中工作。|原罪|P.D. James|true|en|false
18:25|1825-002|六点二十五分|六点二十五分，我走进浴室洗漱，然后趁着老太太在厨房帮克里斯洗碗的时候，我拿起外套溜下楼去。|《一种爱》|Stan Barstow|true|en|false
18:25|1825-003|6点25分|我刚才写信的时候，收到乔纳森的电报，说他今晚6点25分从朗塞斯顿出发，10点18分到，所以我今晚不用担心了。|德古拉|Bram Stoker|true|en|false
18:26|1826-000|下午6:26|我看了看手机上的时间——下午6:26。<br>“你想吃披萨吗？”二十分钟后，卡拉走了进来，问道。我抬头看着她。她笑着摇了摇头，似乎在问。|和我一起玩|Ananth|true|en|false
18:26|1826-001|大约六点半|傍晚大约六点半。暮色降临客厅，由于雾气从海峡涌来，像一层白色的帷幕拉在窗外，所以黄昏来得格外早。|《长夜漫漫路迢迢》|Eugene O’Neill|true|en|false
18:27|1827-000|6点27分|当时是6点27分。弗朗西丝·佩弗雷尔的公寓里电话响了。詹姆斯一叫出她的名字，她就知道出事了。|原罪|P.D. James|true|en|false
18:28|1828-000|下午6:28|下午6:28，芝加哥地区的手机和电脑上突然弹出《Examiner》的“突发新闻警报”：“伊利诺伊州曾经权势显赫的政治家族中最年轻的成员托马斯·R·奥沙利文三世，在钻石角抢劫案中遇害，另有两人丧生。警方正在追捕一名枪手。”|《野心》|Lee Strobel|true|en|false
18:29|1829-000|6点29分|接下来的十五分钟里，他费力地把几箱葡萄酒和啤酒搬上楼，不时停下来看表。6点29分，他打开后门，发现那个德国下士正跳上跳下，拍打着自己的腰，试图取暖。|父辈的罪孽|Jeffrey Archer|true|en|false
18:29|1829-001|下午六点二十九分|韦斯利在下午六点二十九分回电时，赫歇尔·莫特中尉的声音里几乎带着歇斯底里的语气。<br>“你在哪儿？”韦斯利在免提电话里再次问道。|《尸体农场》|Patricia Cornwell|true|en|false
18:30|1830-000|六点半|六点半，在里奇的手表上，卡车里的动静发生了变化。他们匀速行驶了六小时零四分钟，大概每小时五十五到六十英里，车内的温度忽高忽低。他坐在车里，又热又颠簸，在黑暗中，他和霍莉·约翰逊之间隔着轮舱，脑子里默默地计算着距离。|死里逃生|Lee Child|true|en|false
18:30|1830-001|下午6:30|送她回家后，他独自一人在附近一家餐馆吃了晚饭：京都风味烤鲭鱼配豆腐、醋焗蔬菜、味噌汤和一碗白米饭。像往常一样，他滴酒未沾。这是下午6:30。|盲柳，睡女|Haruki Murakami|true|en|false
18:30|1830-002|6:30|“在古奇街拐角处发现一只鹅和一顶黑色毡帽。亨利·贝克先生今晚6:30可前往贝克街221B领取。”|《福尔摩斯探案集》|Sir Arthur Conan Doyle|true|en|false
18:30|1830-003|六点半|六点半，我离开酒吧，走到外面。天色渐暗，宽阔的阿韦尼达大道显得凉爽而优雅。大道另一边是曾经面向海滩的房屋，如今它们面向的是酒店，而且大多数房屋都躲在高高的树篱和围墙后面，与街道隔绝开来。|《朗姆酒日记》|Hunter S. Thompson|true|en|false
18:30|1830-004|下午6:30|下午6:30 看电视或录像带|深夜小狗神秘事件|Mark Haddon|true|en|false
18:30|1830-005|六点半|我正要转身离开，心中充满离别的伤感，这时一个念头突然涌上心头，我又转过身来。“我再帮你捎个信好吗？”<br>“你真好，”他说，“不过，你真的想这么做吗？”<br>“是的，就这一次。”我想，这没什么坏处；而且信生效的时候我应该不在身边，我想说点什么来表明我们是朋友。“好吧，”他再次隔着墙说道，“就说明天不行吧，我要去诺里奇，不过星期五六点半，照常。”|《信使》|L. P. Hartley|true|en|false
18:30|1830-006|六点半|五点钟时，两位女士退下去梳妆打扮，六点半时，伊丽莎白被叫去吃晚饭。|傲慢与偏见|Jane Austen|true|en|false
18:30|1830-007|六点三十分|现在是六点三十分。夜色再次笼罩了花园和阳台，蟋蟀的鸣叫声震耳欲聋，环绕着整栋房子。|嫉妒|Alain Robbe-Grillet|true|en|false
18:30|1830-008|六点半|对于一个不经意的访客来说，这房子的主人佩尼库克先生似乎时运不济；但在二月下旬一个寒冷的夜晚，六点半聚集在沙龙里的三位绅士中的两位，却丝毫没有这种误解。|舞会|Georgette Heyer|true|en|false
18:31|1831-000|六点三十一分|我说我们最好搜查一下房子，看看他是否在那里，赫斯特先生说他愿意跟我一起去；于是我们一起把房子翻了个遍，每个房间都看了一遍，但一个房间都没找到贝灵厄姆先生的踪迹。赫斯特先生变得非常紧张和不安，他匆匆吃了点东西就跑去赶六点三十一分开往城里的火车了。|奥西里斯之眼|R. Austin Freeman|true|en|false
18:31|1831-001|下午六点三十一分|“行动，”贝里船长叙述道，“始于日落时分，即下午六点三十一分，其热情和活力难以言表。”|纳尔逊的故事|Harold F.B. Wheeler|true|en|false
18:31|1831-002|六点到七点之间|七月的一个傍晚，六点到七点之间，一群来避暑的游客——大多是带着孩子的爸爸们——扛着包裹、公文包和女士的帽盒，从赫尔科沃小车站出发，朝着避暑别墅的方向走去。|《聚会及其他故事》|Anton Pavlovich Chekhov|true|en|false
18:31|1831-003|六点半刚过|我因一个案子耽搁了，六点半刚过，我才再次来到贝克街|蓝宝石奇案|Sir Arthur Conan Doyle|true|en|false
18:32|1832-000|6:32|当他走出宏伟的哥特式大教堂时，开始下雨了。塞普蒂默斯不情愿地解开卷好的雨伞，撑开后，他冲过水坑，希望能够赶上6:32的火车。|打破常规|Jeffrey Archer|true|en|false
18:32|1832-001|下午6:32|她直到下午6:32才再次出现。她穿着便服，朝着萨默斯的公寓走去，途中停下来从干洗店取了他的一套西装。6:58，她走进了房子。|视而不见|Jeffrey Archer|true|en|false
18:32|1832-002|下午6:32|星期一下午6:32<br>美浓丹山身着黑色七分袖和服，跪在面前的刀剑前，目光直视前方。他的双手轻轻放在大腿上，面无表情。然后他伸出手，触碰刀鞘，深深鞠了一躬。刀鞘里是一把十二世纪的武士刀，长约五尺，由美浓派的刀匠打造，产自位于古本州中心岐阜附近关市的关市。他认为，这把刀完美地象征着日本的卓越和严谨。|代达罗斯计划|Thomas Hoover|true|en|false
18:33|1833-000|下午6:33|每天晚上，米歇尔都乘火车回家，在埃斯布利换乘，通常搭乘下午6:33的火车到达克雷西，安娜贝尔会在车站等她。|原子化|Michel Houellebecq|true|en|false
18:34|1834-000|六点三十四分|现在我要把那辆旧车留在布里奇伯勒车站的铁轨上了，因为我得下楼吃晚饭。哎呀，我希望六点三十四分的特快列车别在我吃饭的时候撞上它。我猜你们肯定又紧张又兴奋吧？|罗伊·布莱克利，《迷失、迷路或被盗》|Percy Keese Fitzhugh|true|en|false
18:34|1834-001|大约六点半|傍晚大约六点半。暮色降临客厅，由于雾气从海峡涌来，像一层白色的帷幕拉在窗外，所以黄昏来得格外早。|《长夜漫漫路迢迢》|Eugene O’Neill|true|en|false
18:35|1835-000|下午6:35|我用湿漉漉的拇指滑动屏幕查看时间：下午6:35。我来早了。非常早。如果我的计划里有任何一部分能称之为好事的话，我会觉得这是一件好事。我咽了口唾沫。我的计划没有一件是确定的。|浴室小屋|P.J. Vernon|true|en|false
18:35|1835-001|下午6:35|然后就到了下午6:35，我听到爸爸开着面包车回家了，我把床搬到门边，不让他进来。他进了屋，然后他和妈妈互相吼叫起来。|《深夜小狗神秘事件》|Mark Haddon|true|en|false
18:36|1836-000|6:36|卡尔德伦像发光的影子一样追着我。他在大门上用粉笔写着“96,688,365,498,702”。应该能把邮递员搞糊涂。9:05醒来。6:36入睡。|时间之声|J.G. Ballard|true|en|false
18:37|1837-000|6:37|他看了看表：6:37。第一件拍品将于7点钟拍卖。他清楚地知道从丽兹酒店走到佳士得拍卖行需要多长时间，而且由于拉斐尔的画作是第25件拍品，他并不着急。|视而不见|Jeffrey Archer|true|en|false
18:37|1837-001|快到差二十分七点了|艾米：那是什么？我好像看到有人从窗外经过。现在几点了？<br>查尔斯：快到差二十分七点了。|家庭团聚|T.S. Eliot|true|en|false
18:37|1837-002|六点三十七分|“来格雷客栈咖啡馆，”平托说，“我来告诉你斧头上的缺口是怎么来的。”大约六点三十七分，我们沿着霍尔本街走了下去。|斧头上的缺口|William Makepeace Thackeray|true|en|false
18:38|1838-000|18:38|他每天都走同样的路线，和同一个保安交谈同样的时间，乘同一部电梯到同一层，把同样的外套挂在同一个地方，坐在同一张桌子旁直到午餐时间，然后从同一家三明治店买同样的三明治（全麦面包夹火腿和酸黄瓜）。每天五点半，他都会反向走一遍全程，顺利的话会在18:24到18:38之间到家。|《离经叛道的教授》|Gareth P. Jones|true|en|false
18:39|1839-000|七点差二十一分|七点差二十一分，尤里会坐在你的桌子旁，或者可能是你旁边的桌子。这显然取决于咖啡馆的繁忙程度。|追捕|James Barrington|true|en|false
18:40|1840-000|六点四十分|那天是星期二，乔治·钱德勒-鲍威尔在圣安吉拉医院的私人病人名单排查完毕时，已经是六点四十分了。他脱下手术服，感到既疲惫又焦躁不安，这种感觉很矛盾。|《私人病人》|P.D. James|true|en|false
18:40|1840-001|七点差二十分|因为要换乘公共汽车，我预留了充足的时间——实际上，时间太长了；因为我们七点差二十分才到，而据仆人说，弗兰钦才刚刚上去换衣服。|《一个无名小卒的日记》|George and Weedon Grossmith|true|en|false
18:41|1841-000|六点四十一|他提前到达了中央车站。斯蒂尔曼的火车要到六点四十一才到，但奎因想利用这段时间熟悉一下这里的地形，确保斯蒂尔曼无法逃脱他的追捕。|纽约三部曲|Paul Auster|true|en|false
18:42|1842-000|六点四十二分|现在是六点四十二分。除非艾玛周末不在城里，否则她很可能在家。|《嗜血成性》|P.D. James|true|en|false
18:43|1843-000|18点43分|贝芙并非一个爱看时间的人，但到了18点43分，她已经受够了。她左肘边的一叠文件代表着已完成的工作：打的电话、打的支票、跟进工作。右边则是需要采取的进一步行动。|负面新闻|Maureen Carter|true|en|false
18:45|1845-000|六点四十五|黑人男孩矮小的脑袋转了过来，用那只手的指关节抵着鼻子。他皱了皱眉，然后迅速查看了另外两个黑人男孩的下落，以防万一，并告诉麦克墨菲，六点四十五分之前他们不能打开橱柜。“这是规定，”他说。|飞越疯人院|Ken Kesey|false|en|false
18:45|1845-001|六点四十五|让我想想。你六点十分在大陆酒店喝了一杯。<br>“是的。”<br>“六点四十五分，你在雄伟酒店门口和另一位记者交谈？”<br>“是的，威尔金斯。维戈特，我之前都跟你说过。那天晚上。”|《安静的美国人》|Graham Greene|true|en|false
18:45|1845-002|六点四十五|六点四十五，路易喊道。“明，你听到了吗？”他问，“你听到了吗？”<br>“听到了，爸爸，我听到了。”<br>“什么事？”汤米问。“新生儿，听着，新生儿。”|爱孩子的男人|Christina Stead|true|en|false
18:45|1845-003|差一刻七点|差一刻七点时，我走进办公室，打开灯，从地上捡起一张纸。那是绿羽信使公司的通知……|高窗|Raymond Chandler|true|en|false
18:46|1846-000|差十四分七点|当我听到头顶传来砰的一声时，我懒得抬头看。我知道当时是差十四分七点。|蒂芙尼街|Jerome Weidman|true|en|false
18:47|1847-000|18:47|“如果他不出庭，”拉蒙特语气一变，补充道，“鹰的命令再清楚不过了。中止行动。除非我们能确定定罪所需的证据已经送达，否则我们不会突袭福克纳的住所。”<br>“别有压力，”杰基低声说道，威廉看了看手表：18:47。|隐藏在众目睽睽之下|Jeffrey Archer|true|en|false
18:47|1847-001|下午6:47|时钟显示下午6:47。恐惧感与日俱增，我僵硬地在公寓里踱步，打开了所有的灯——甚至包括客厅的顶灯，我们通常不用它们，因为它们太刺眼了。|金翅雀|Donna Tartt|true|en|false
18:48|1848-000|差十二分钟七点|我们很快便沿着街道飞奔。我对利物浦并不熟悉，因此无法确切地判断那人要去哪里。当我登上马车时，还差十二分钟七点；时间飞逝，却仍未到达车站。|神秘大师|Robert Eustace|true|en|false
18:49|1849-000|下午6:49|下午6:49 坦兹中将由一支摩托化部队护送，前往军团总部|将军之夜|Hans Hellmut Kirst|true|en|false
18:50|1850-000|18:50|最后，一个声音说道：“古曼先生，克利夫顿先生和您的女儿都不在那趟航班上，登机口已经关闭了。您需要我帮您查一下18:50的航班吗？”|时辰已到|Jeffrey Archer|true|en|false
18:50|1850-001|当晚6:50|当晚6:50，莱西身着短裤、蓝色背心和结实的运动鞋，站在中庭里，准备迎接一个温暖的夜晚，四处走走。她凝视着一只蜷缩在与她视线齐平的树枝上的小红树蛙，旅行团和络绎不绝的小团体在她周围熙熙攘攘，都在斯温为周末开放日向公众开放的曲径通幽区域里漫步。|飞地|Karen Hancock|true|en|false
18:50|1850-002|七点差十分|七点差十分，杜尔西准备好了。她对着满是皱纹的镜子看了看自己。镜中的自己很满意。深蓝色的连衣裙，合身得一丝不苟，帽子上插着一根俏皮的黑色羽毛，手套虽然略微沾了些污渍——所有这些都象征着自我克制，甚至连食物本身也克制——都非常适合她。杜尔西一时忘却了其他一切，只觉得自己很美，生活即将揭开神秘面纱的一角，让她得以一窥其奇妙之处。以前从未有绅士约她出去。现在，她即将短暂地置身于这光鲜亮丽、令人神往的舞台之中。|《四百万》|O. Henry|true|en|false
18:50|1850-003|七点差十分钟|该去拜访那位女士了。我们七点差十分钟到达她家时，达马隆德开了门。|《男孩生活》|Robert R. McCammon|true|en|false
18:51|1851-000|6:51|厨房门口的方形光晕已经褪成了淡淡的紫色；他的手表显示6:51。|撒冷镇|Stephen King|true|en|false
18:52|1852-000|差八分钟七点|他们经过公共绿地时，匆匆瞥了一眼市政厅的钟，得知了时间。差八分钟七点。<br>“你会冷的，”汤姆说，他注意到威拉德没穿外套。<br>“不，我不会冷；不会很冷。没时间去找外套。”威拉德压低了声音。“他伤得有多重，汤姆？”|本顿的冒险|Ralph Henry Barbour|true|en|false
18:52|1852-001|差八分七点|我们错过火车了！“差十分——差八分七点，”亚瑟用一种既责备又恐惧的声音说道。说完，他猛地从床上跳起来，歇斯底里地开始整理衣服。|赶火车|Arnold Bennett|true|en|false
18:52|1852-002|已近七点钟|我到弗莱明夫妇位于第六街的房子时，已近七点钟了，我在那里租了一间房。当时已是九月下旬，虽然太阳还未落山，但我不想在夜幕降临之际去拜访一个死人的地方。|《哈加尔姨妈的所有孩子》|Edward P. Jones|true|en|false
18:53|1853-000|差七分七点|“随你便。这里是自由大厅，我们没有任何规矩。”他看了看表。“壁炉架上的钟快了四分钟。现在正好是差七分七点。我们七点半吃晚饭，但你想什么时候下来都行。”|金羊毛|David Graham Phillips|true|en|false
18:53|1853-001|六点五十分过几分钟|六点五十分过几分钟，他漫步穿过停机坪，走向等候的飞机。载着这位偶像的飞机大约两小时后将在华盛顿降落。|荣誉之战|Jeffrey Archer|true|en|false
18:53|1853-002|晚上七点钟左右|晚上七点钟左右，她去世了。她疯狂的丈夫试图杀死韦斯特，他疯狂地责怪韦斯特没有救她的命，场面十分可怕。当他拔出匕首时，朋友们拦住了他，但韦斯特在非人的尖叫、诅咒和复仇的誓言中离开了。|赫伯特·韦斯特——复活者|H.P. Lovecraft|true|en|false
18:54|1854-000|七点前几分钟|凯·兰德尔在电话里说：“让一个男人跑腿，我觉得有点尴尬……但这是我的问题，不是你的。你只要把东西带上，七点前几分钟到教堂会议室就行了。”|Bridging|Max Apple|true|en|false
18:55|1855-000|差五分钟到七点|… 你没有理由认为时间很重要。事实上，如果你完全准确，那才真是可疑。<br>“我不是去过吗？”<br>“不完全是。你和威尔金斯谈话的时间是差五分钟到七点。”<br>“再过十分钟。”|《安静的美国人》|Graham Greene|true|en|false
18:55|1855-001|六点五十五分|演出定于七点开始，日落前结束。现在是六点五十五分。从公寓楼那边，我们能听到曲棍球场上人越来越多。低沉的隆隆声越来越大——人声、脚步声、看台的吱嘎声、停车场里汽车车门砰砰的关上声。|米德尔塞克斯|Jeffrey Eugenides|true|en|false
18:56|1856-000|6点56分|当时是6点56分。一辆黑色路虎——一辆路虎90，车牌号PYX 520——拐进了地堡左侧的街道。它停了下来。驾驶座一侧的车门打开了。一个男人下了车。|离开的梦想|Rupert Thomson|true|en|false
18:57|1857-000|差三分钟到整点；也就是七点|沉浸在这三重旋律中，观众们凝视着；他们温柔而赞许地看着，没有质疑，因为一切似乎都是必然的，一棵黄杨树栽种在绿色的花盆里，取代了女士们的更衣室；而在看似墙壁的地方，挂着一个巨大的钟面；指针指向差三分钟到整点；也就是七点。|幕间|Virginia Woolf|true|en|false
18:58|1858-000|下午6:58|他清楚地记得看到那两个人影的确切地点，他们继续上山的时间，以及他们消失在雾中时似乎毫无困难的事实。说完后，他看了看表：下午6:58|荣耀之路|Jeffrey Archer|true|en|false
18:58|1858-001|6:58|她直到下午6:32才再次出现。她换上了便服，朝着萨默斯的公寓走去，途中顺便去干洗店取了他的一套西装。6:58，她径直走进了房子。|视而不见|Jeffrey Archer|true|en|false
18:58|1858-002|七点差两分|“快走，”佩里说，“七点差两分，我得在——”<br>“哦，闭嘴，”我说。“我七点有个案情调查的首席证人预约，我可不想爽约。”|命运之路|O. Henry|true|en|false
18:58|1858-003|七点差两分钟|今天是8月15日，星期二；太阳今早五点零十一分升起，今晚七点差两分钟落下。|热石|Donald E. Westlake|true|en|false
18:59|1859-000|差一分钟到七点|差一分钟到七点，罗伯逊中校走上台，房间里的其他人立刻安静下来，立正。他走到台中央，挥手示意士兵们下来。|父辈的罪孽|Jeffrey Archer|true|en|false
18:59|1859-001|下午6:59|中部标准时间下午6:59，我穿着周日盛装站在克莱尔家的门厅里，手指放在门铃上，另一只胳膊上抱着一束芬芳的黄色小苍兰和一瓶澳大利亚赤霞珠，心跳都提到了嗓子眼。|《时间旅行者的妻子》|Audrey Niffenegger|true|en|false
19:00|1900-000|七点|“大约七点钟的时候，周围静得出奇，我感觉即使有人在一英里外说话，我也能回答他。”|《乡村一月》|J.L. Carr|true|en|false
19:00|1900-001|七点钟|七点钟的时候，蜡烛都点燃了。|《女巫的发现》|Deborah Harkness|true|en|false
19:00|1900-002|七点|七点钟，霍莉还在办公室里，处理着那些其实并不需要她关注的发票。|《如果它流血》|Stephen King|true|en|false
19:00|1900-003|七点钟|安妮穿过院子，一只手扶着鲍比的卡车侧面。她走过卡车后，立刻伸手抓住门廊的栏杆。她抬起头，在七点钟倾斜的阳光下，加德纳觉得这个女人既显得苍老，又显得年轻。|《汤米诺克人》|Stephen King|true|en|false
19:00|1900-004|七点|早上吃早餐，然后分开。每个人都随心所欲地做事，直到晚餐时间。七点吃晚饭。|安娜·卡列尼娜|Leo Tolstoy|true|en|false
19:00|1900-005|七点|七点钟，所有客人都到了，弗雷德和乔治领着他们进了屋，他们一直在巷子尽头等着。|哈利·波特与死亡圣器|J.K. Rowling|true|en|false
19:00|1900-006|七点|今晚七点，请到莱西姆剧院外左数第三根柱子处。如果你心存疑虑，请带上两位朋友。你是一位蒙冤的女人，必将得到公正的对待。不要带警察来。否则，一切都将徒劳无功。<br>——你素未谋面的朋友。|《血字的研究》|Sir Arthur Conan Doyle|true|en|false
19:00|1900-007|七点钟|钟声敲响了七点钟。“啊，利普维格先生，”维提纳里勋爵抬起头说。“非常感谢您光临。今天真是忙碌的一天，不是吗？德拉姆诺特，请扶利普维格先生坐下。我相信，预言会非常累人。”|邮政总局|Terry Pratchett|true|en|false
19:00|1900-008|七|比利闭上眼睛睡着了。<br>那天晚上七点，他一边吃着客房送来的晚餐，一边用笔记本电脑看《夜阑人未静》。这绝对是他最后一份工作时拍的一部不吉利的电影。电话响了。是肯·霍夫打来的。他告诉比利他们明天下午在哪里见面。比利不用记下来。把事情写下来可能会很危险，而且他的记性很好。|比利·萨默斯|Stephen King|true|en|false
19:00|1900-009|七点整|“艾琳·艾德勒怎么样？”我问。<br>“哦，她让那片地区所有的男人都为之倾倒。她是这世上最优雅的女子。蛇形巷的人们都这么说。她过着平静的生活，参加音乐会，每天五点开车出门，七点整准时回来吃晚饭。”|《福尔摩斯探案集》|Sir Arthur Conan Doyle|true|en|false
19:00|1900-010|七点|在“一路顺风”酒店的房间里，鲁弗斯·西克斯密斯博士正在阅读一叠近半个世纪前朋友罗伯特·弗罗比舍写给他的信。西克斯密斯对这些信的内容早已烂熟于心，但纸张的质感、沙沙的声响以及朋友褪色的笔迹却让他感到平静。如果房子着火了，他一定会抢救这些信。七点整，他洗漱完毕，换了件衬衫，把读过的九封信夹在《吉迪恩圣经》里——然后把圣经放回床头柜。西克斯密斯把没读的信塞进外套口袋，准备去餐厅。|《云图》|David Mitchell|true|en|false
19:00|1900-011|七点|“很高兴见到你。我七点吃饭。我想那里有只丘鹬。对了，鉴于最近发生的事情，或许我应该请哈德森太太检查一下它的嗉囊。”|《福尔摩斯探案集》|Sir Arthur Conan Doyle|true|en|false
19:00|1900-012|七点|七点钟的时候，乐队到了，不是那种五人小队，而是一整排双簧管、长号、萨克斯管、维奥尔琴、短号、短笛，还有低音鼓和高音鼓。|了不起的盖茨比|F. Scott Fitzgerald|true|en|false
19:00|1900-013|七点|“是的，七点。我会带甜点。”她带着悲伤又欣慰的笑容，一瘸一拐地走回自己的房间，而我则继续回到我的房间。|地下墓穴|Jeremy Bates|true|en|false
19:00|1900-014|七|“什么？不。我的意思是，是的，我们确实得在那个时间到片场，但之前还有很多事情要做，你知道，服装、化妆等等。我通常七点到。真不敢相信居然没人告诉你这些。”|Reprieve|James Han Mattson|true|en|false
19:00|1900-015|晚上七点|第一晚过后，肯德拉很快就适应了节奏：她会和莎拉一起开车过来，晚上七点前到达，立即打卡上班，翻找戏服，往自己身上泼洒血浆，必要时化妆，然后和克里斯蒂、莎拉一起走到片场。|Reprieve|James Han Mattson|true|en|false
19:00|1900-016|七点|“里面装着你的新光轮2000，但我不想让所有人都知道你有扫帚，不然他们都会想要一把。奥利弗·伍德今晚七点会在魁地奇球场等你，进行你的第一次训练。”|《哈利·波特与魔法石》|J.K. Rowling|true|en|false
19:00|1900-017|七点|七点整，一个身材矮小的意大利男人走进了詹姆斯的办公室。他穿着一套非常古老的燕尾服，系着一条白色领结，领结的大小和形状几乎和他上唇的胡子一模一样。|婚礼策划师|Anthony Capella|true|en|false
19:00|1900-018|七点|……总之，总是在傍晚的同一时刻出现，与周围一切隔绝，孤零零地矗立在阴影笼罩的背景中，只有最基本的景物……来衬托我脱衣的戏剧性，仿佛整个贡布雷只有两层楼，由一条狭窄的楼梯连接，仿佛那里除了晚上七点之外，没有其他时间。|追忆似水年华：斯万之路|Marcel Proust|true|en|false
19:00|1900-019|七|镇上的钟敲响了七下。巨大的钟声回荡在图书馆昏暗的大厅里。一片秋叶，清脆地落在黑暗的某处。但那只是一页翻动的书页。|《邪恶降临》|Ray Bradbury|true|en|false
19:00|1900-020|晚上7:00|晚上7:00 做数学练习|深夜小狗神秘事件|Mark Haddon|true|en|false
19:00|1900-021|七|爱德华只被允许在晚上七点到九点半之间见我，而且总是在我家的范围内，还要接受我父亲那永远阴沉的目光的监督。|新月|Stephenie Meyer|true|en|false
19:00|1900-022|七点|七点钟了，此时她离拉弗洛已经不远了，但她对那些单调的小路并不熟悉，不知道自己离旅程的终点还有多远。她需要安慰，而她只知道一个安慰者——她胸中熟悉的恶魔；但她抽出那黑色的残片后，犹豫了片刻，才把它送到唇边。|织工马南|George Eliot|true|en|false
19:00|1900-023|七点钟|七点钟的时候，我们和他一起上了双门轿车，出发前往长岛。[…] 于是，我们穿过渐凉的暮色，驶向死亡。|《了不起的盖茨比》|F. Scott Fitzgerald|true|en|false
19:00|1900-024|晚上七点|“星期四是我休息日，”奥梅罗说。<br>“太好了，”总统说。“我星期四晚上七点到你家。我很乐意。”|十二个朝圣者的故事|Gabriel García Márquez|true|es-CO|false
19:00|1900-025|晚上七点|晚上七点，她依然身着女王的装束，在床上迎接他。|《百年孤独》|Gabriel García Márquez|false|es-CO|false
19:00|1900-026|晚上七点|奥雷利亚诺·特里斯特晚上七点离开母亲家时，黑暗中一颗步枪子弹击穿了他的额头。|百年孤独|Gabriel García Márquez|false|es-CO|false
19:00|1900-027|晚上七点|在遭受近两个月的惩罚后，唯一让乌苏拉感到好奇的是，梅梅不像其他人那样在早上洗澡，而是在晚上七点洗澡。|《百年孤独》|Gabriel García Márquez|true|es-CO|false
19:01|1901-000|七点一分|日落时分，墓地的大门关闭了；那天晚上日落的时间是七点一分，到镇上的路途相当遥远。|《金银丝舞会》|Anna Katherine Green|true|en|false
19:01|1901-001|七点左右|他等到快八点才进去，因为七点左右进出房子的人总是比其他时间多。|《天才雷普利》|Patricia Highsmith|true|en|false
19:02|1902-000|七点两分|当泰迪·卡雷拉在七点两分走进警局办公室时，彼得·拜恩斯以为自己心脏病发作了。|杀手楔子|Ed McBain|true|en|false
19:02|1902-001|大约是晚上七点钟|当时大约是晚上七点钟，<br>狂风呼啸，<br>暴雨倾盆而下，<br>乌云密布，仿佛在皱眉，|泰桥灾难|William McGonagall|true|en|false
19:03|1903-000|七点零三分|铁轨出了问题。没人能说什么时候才能修好。七点零三分到站的火车是最后一班。难道所有旅行之神都在合谋阻挠他吗？|谋杀室|P.D. James|true|en|false
19:04|1904-000|晚上7:04|星期日晚上几乎在同一时间（确切地说，大约是晚上7:04），她按响了犯罪专员沃尔特·莫丁家的前门铃。此时，莫丁正出于公务而非私事，乔装成一位酋长。|卡塔琳娜·布鲁姆的失落荣誉|Heinrich Böll|true|en|false
19:05|1905-000|七点零五分|我大约七点零五分把车停在奥黑尔机场外的一个租车停车场。我手里拿着拐杖和鱼竿下了车。停车场里只有一盏老旧的灯亮着，但月亮又大又亮，我很容易就看到了走过来的迈克尔。|死亡面具|Jim Butcher|true|en|false
19:05|1905-001|七点五分|休伯特回到公寓时已经七点五分了，比平时晚了一点。他觉得现在应该把这里称为家了，但仍然感觉很不自在，就像一个开始怀疑自己待得太久不受欢迎了的客人。|《正义的代价》|P.D. James|true|en|false
19:05|1905-002|晚上7点05分|凯文·沙利文主教一如既往地准时，晚上7点05分，当乔恩和香农走出电梯时，他已经出现在希尔顿酒店挂满枝形吊灯的大堂里。这次，这位来自爱尔兰、黑发红脸的主教身着一套整洁的灰色神职人员服装，优雅地吻了香农的手，然后握了握乔恩的手。|《君士坦丁手抄本》|Paul L. Maier|true|en|false
19:06|1906-000|晚上七点零六分|时钟显示的时间是晚上七点零六分。这并不能确凿地证明萨姆·狄龙是在晚上七点零六分被谋杀的，但所有其他证据肯定都证实了这一点。|《与骗子为伍》|David Ellis|true|en|false
19:07|1907-000|七点七分|澳航102号航班于七点七分降落在墨尔本机场。查理第一个冲下飞机，拼命奔跑，但胳膊下夹着凯茜的照片让他速度慢了下来，也让其他几位显然和他想法相同的乘客超过了他。|直线距离|Jeffrey Archer|true|en|false
19:07|1907-001|七点零七分|她陷入昏迷，就这样昏迷了两天零五个小时，直到星期二晚上七点零七分才得以解脱。她年仅二十四岁零五个月。|《我的自传》节选|Mark Twain|true|en|false
19:08|1908-000|七点零八分|七点零八分了，女孩还没出现。我焦急地等待着。我看着另一群人冲过栅栏，迅速走下台阶。我睁大眼睛，警惕地寻找着任何一丝熟悉的身影。|来自东柏林的女孩|James Furner|true|en|false
19:09|1909-000|七点零九分|瓦兰德运气不错，在门口就拦到了一辆出租车。他到达罗森加德时是七点零九分。他希望莫娜只是迟到了。但当他读到门上的纸条时，他意识到并非如此。|金字塔|Henning Mankell|true|en|false
19:10|1910-000|晚上7点10分|一辆出租车晚上7点10分停在她以前的婚房外。几分钟后，亚历克斯出现了。他穿着一件晚礼服，上面别着三枚战役勋章。|小心你的愿望|Jeffrey Archer|true|en|false
19:10|1910-001|七点十分|他眼角瞥了一眼商店，看到墙上的钟显示七点十分。他必须抓紧时间，同时绕个弯，从房子的另一边接近它。|罪与罚|Fyodor Dostoyevsky|true|en|false
19:10|1910-002|7点10分|当时是7点10分，克拉伦斯公爵俱乐部的酒吧里烟雾弥漫，喧闹声越来越大，吧台前人山人海。克里斯汀·鲍德温，这位“吹口哨者”的第五个受害者，只剩下二十分钟的生命了。|《诡计与欲望》|P.D. James|true|en|false
19:10|1910-003|晚上7:10|一阵暖风从窗户吹进来，带着刚割过的青草的香味。房东正用手推式割草机修剪那片绿茵茵的草坪。我瞥了一眼手表。是晚上7:10。|地下墓穴|Jeremy Bates|true|en|false
19:10|1910-004|五分钟后就是七点一刻了|他已经摇晃得厉害，勉强保持着平衡，很快他就必须做出最终决定，因为五分钟后就是七点一刻了。这时，公寓的门铃响了。<br>“是办公室的人，”他心想，几乎僵住了，而他小小的四肢却更加急促地乱动着。那一刻，一切都静止了。“他们不开门，”格里高尔自言自语道，心中还怀着一丝荒谬的希望。|变形记|Franz Kafka|true|en|false
19:10|1910-005|七点十分|聚会原定七点开始。邀请函上写的是六点半，因为家人知道大家都会晚点到，免得自己第一个到。七点十分了，一个人也没到；家人有些不高兴地讨论了迟到的利弊。|老妇人|Jorge Luis Borges|true|en|false
19:11|1911-000|19:11|“好，”你说。“快跑，不然就没座位了。回头见。”你的声音让人安心。时钟显示19:11:00。我把电话挂回听筒，跑了起来。我找到的座位，几乎是车厢里最后一个，对面是一个女孩，我刚换到她前面，她就开始咳嗽。她脸色苍白，一边咳嗽一边拨着手机号码。“嗨，”她说（咳嗽）。“我在火车上。不，我感冒了。感冒（咳嗽）。是啊，很严重。是啊，真是糟透了。喂？（咳嗽）喂？”|《完整的故事和其他故事》|Ali Smith|true|en|false
19:12|1912-000|七点十二分|七点十二分，在厨房里，金伯利开始焦虑起来。|私人病人|P.D. James|true|en|false
19:12|1912-001|7:12|他教导我，如果我必须与人约会，就必须拒绝遵循“愚蠢的人类习惯”，随意地以十五分钟为间隔选择时间。“贾斯珀，永远不要在7:45或6:30与人见面，而是选择7:12和8:03这样的时间！”|整体的一部分|Steve Toltz|true|en|false
19:13|1913-000|七点十三分|火车于晚上七点十三分抵达基齐尔阿尔瓦特，距离里海两百四十二俄里，而非原定的七点。这短暂的延误激怒了男爵，他为此训斥了十三次，每分钟一次。|《特派记者的冒险》|Jules Verne|true|en|false
19:14|1914-000|7:14|如果他住在纽约，在办公室工作，他或许会成为那种典型的、喝得酩酊大醉、出轨的丈夫，每天晚上搭乘7:14的火车前往白原市，脖子上沾着一抹口红印，用一连串的谎言撑到第二天。|《狗马夫的生活和观点，以及它的朋友玛丽莲·梦露》|Andrew O’Hagan|true|en|false
19:15|1915-000|七点一刻|“主教大人，”他喊道。<br>“怎么样？”<br>“马匹到了；该做晚祷了。”<br>“几点了？”<br>“七点一刻。”|主教|Anton Pavlovich Chekhov|true|en|false
19:15|1915-001|七点十五分|木筏稳稳地向北漂去。“肯定有水流。”水流正带着他们向北，朝着酒店的方向漂去。他看了看表，惊讶地发现已经是七点十五分了。距离他上次看表才过了十五分钟。感觉好像过了两个小时。|侏罗纪公园|Michael Crichton|true|en|false
19:15|1915-002|晚上七点一刻|在伦敦南部繁忙肮脏的阿纳利路上，那个人撞了我。那是九月十九日，晚上七点一刻左右，我在书店下班后，正从火车站下坡走回公寓。早上出门上班时天气晴朗，但现在下雨了，而我穿的衣服并不适合下雨。|《身体的谎言》|Jo Baker|true|en|false
19:15|1915-003|晚上7点15分|晚上7点15分9秒，普拉格拨打了伊娃的手机，但电话再次直接转到了语音信箱。他又尝试拨打她的公寓，但无人接听；就连自动语音系统也没有反应。|大中西部厨房|J. Ryan Stradal|true|en|false
19:15|1915-004|7:15|细胞数量降至40万。8:10醒来。7:15入睡。（似乎不小心把手表弄丢了，不得不开车进城去买一块新的。）|时间之声|J.G. Ballard|true|en|false
19:15|1915-005|七点十五分|尼克今晚有个大胆的计划，但现在他让利奥来安排：他们要回诺丁山，去盖特影院看七点十五分放映的《疤面煞星》。|《美丽线条》|Alan Hollinghurst|true|en|false
19:15|1915-006|七点十五分|聚会七点开始。邀请函上写的是六点半，因为家人知道大家都会晚点到，免得自己第一个到……到了七点十五分，屋里已经挤不下任何人了。|老妇人|Jorge Luis Borges|true|en|false
19:16|1916-000|晚上7点16分|晚上7点16分，利普曼关掉了办公室的灯，走到走廊里。他关上门，但没有锁。他走向电梯，意识到办公室里唯一还亮着的灯是从董事长办公室的门缝下透出来的。|错误印象|Jeffrey Archer|true|en|false
19:16|1916-001|晚上七点十六分|“晚上七点十六分？是他进店的时间，还是事后离开的时间？”|《最后的警局》|Patricia Cornwell|true|en|false
19:17|1917-000|下午7:17|下午7:17 西蒙要回来了。他的女朋友已经回到她丈夫身边了。感谢上帝，她留在家里，像红心皇后或救济食堂一样接待那些被抛弃的朋友。但我就是这样的人：喜欢爱别人。|BJ单身日记|Helen Fielding|false|en|false
19:17|1917-001|晚上7点17分|普特尼斯上校在晚上7点17分敲响了他的房门。汽车停在酒店门前，他们穿过漆黑的街道前往警察总部。夜幕降临，气温骤降，城市几乎空无一人。|《里加之犬》|Henning Mankell|true|en|false
19:18|1918-000|七点十八分|据卡地亚先生说，现在正好是七点十八分。<br>外面还在下雨；但一辆出租车开了过来，一对夫妇下了车，门卫用一把大伞护着格雷琴，让她跑向出租车。|富翁与穷人|Irwin Shaw|true|en|false
19:19|1919-000|七点一十九|今天下午我花了大约三个小时争论一份合同。合同条款是“尽力而为”，对方则想用“合理努力”。最终我们赢了——但我却感受不到往常的胜利喜悦。我只知道，现在是七点一十九，十一分钟后我本该在城另一头，和妈妈还有弟弟丹尼尔在马克西姆餐厅吃晚饭。我得取消了。我自己的生日晚宴。|《不羁女神》|Sophie Kinsella|true|en|false
19:20|1920-000|晚上七点二十分|晚上七点二十分，两百万美元被送到了林德斯特罗姆位于格雷斯湾的家中。这笔钱是用大捆的百元大钞装在两个大金属箱里送来的，由拉基·克努森和另外三名州警陪同。|炼狱岭|William Kent Krueger|true|en|false
19:20|1920-001|七点二十分|有趣且重要的是，来电者似乎遇到了一些接通困难，无论是真实的还是人为制造的。因此，我们知道接线员报告的通话时间是：七点二十分。|谋杀室|P.D. James|true|en|false
19:20|1920-002|七点二十分|下一个星期五，他守候着，看他们是否会再次到来。他们果然来了，而且时间依旧相同，女人先来，七点二十分，男孩四十分钟后。|槲寄生谋杀案|P.D. James|true|en|false
19:20|1920-003|晚上7:20|我很想，但如果我躺下，一切就都完了。我得保持清醒，等肖恩的电话。格兰特看了看表，显示是晚上7:20。“他其实有点晚了。”|万恶之源？|Ray Keating|true|en|false
19:20|1920-004|七点二十|温斯顿点燃炉子，烧了一锅水。他带了一包胜利咖啡和一些糖精片。时钟指针指向七点二十，但实际上是一九点二十。|1984|George Orwell|true|en|false
19:20|1920-005|七点二十|时钟显示七点二十，但我却毫无食欲。你可能会觉得，经历了今天的一切，我应该会想吃点东西，但我一想到食物就觉得恶心。我睡眠不足，肚子像被割了刀一样难受，公寓也乱成一团。我根本没有胃口。|《世界尽头的硬汉仙境》|Haruki Murakami|false|en|false
19:20|1920-006|7:20|我们最终得出结论，暂停是为了让其他重要人物跟上，那些7:10到达的人在等7:20到达的人。|帕金森定律或对进步的追求|C. Northcote Parkinson|true|en|false
19:21|1921-000|7:21|青豆右手紧紧抓着健身包，像Buzzcut一样，等待着什么事情发生。时钟显示变成了7:21，然后是7:22，然后是7:23。|1Q84|Haruki Murakami|true|en|false
19:22|1922-000|7:22|青豆右手紧紧抓着健身包，像Buzzcut一样，等待着什么事情发生。时钟显示变成了7:21，然后是7:22，然后是7:23。|1Q84|Haruki Murakami|true|en|false
19:22|1922-001|7:22|卡瓦利看了看表：7:22。他抬头一看，只见约翰尼满脸通红地朝他走来。“谢天谢地，我不用在好莱坞工作，”卡瓦利心想。|盗亦有道|Jeffrey Archer|true|en|false
19:22|1922-002|晚上7点22分|他焊好最后一个连接时，墙上的钟显示是晚上7点22分。埃里克估计小发电机启动还需要半个小时，但他估计实际时间已经接近8点了。他发现自己犹豫不决，奇怪地不愿意测试这台组装好的机器。|手术综合症|Frank Herbert|true|en|false
19:22|1922-003|晚上7点22分|布莱斯·芬斯顿的湾流V型公务机于晚上7点22分降落在希思罗机场，露丝站在停机坪上等待迎接银行代表。她已经将所有相关信息告知海关，以便安娜回来后就能立即完成手续。|虚假印象|Jeffrey Archer|true|en|false
19:23|1923-000|7:23|青豆右手紧紧抓着健身包，像Buzzcut一样，等待着什么事情发生。时钟显示变成了7:21，然后是7:22，然后是7:23。|1Q84|Haruki Murakami|true|en|false
19:24|1924-000|七点二十四分|“他大概会和达什伍德太太一起回来，”她说，“因为今天一大早他就发了电报，让她搭乘十点三十五分从芝加哥开来的火车，七点二十四分到这里。达什伍德先生有消息了吗？”她补充道，慈母般的脸上流露出深深的焦虑。|走出死亡的阴影|Nicholas Carter|true|en|false
19:24|1924-001|七点二十五分快到了|他拿起帽子和外套，克拉丽丝向他问好，他也问好，看了看钟，七点二十五分快到了。|《七点钟的夜晚》|James Thurber|true|en|false
19:25|1925-000|晚上7点25分|当主教在晚上7点25分带领三人登上舞台时，这是当晚大厅里唯一一次全场鼓掌。吉尔斯落座后，俯瞰着挤满观众的会场。他估计有超过一千名公众前来观看比武。|最佳秘密|Jeffrey Archer|true|en|false
19:25|1925-001|七点二十五|不，先生，只有管家。他去新英格兰看望女儿了。他每年秋天都去那里。他应该乘坐英国航空214号航班返回希思罗机场，七点二十五分到达。|《嗜血成性》|P.D. James|true|en|false
19:25|1925-002|7点25分|他在7点25分又试了一次，但情况依旧。磁带不停地循环播放，11次、12次、13次。<br>他把吉他扔进父亲的车里，开车向南驶往普雷斯科特。Built to Spill的磁带还在录音机里，他就让它继续播放；这磁带简直成了所有事情的背景音乐。|大中西部厨房|J. Ryan Stradal|false|en|false
19:25|1925-003|七点二十五|他拿起帽子和外套，克拉丽丝向他问好，他也问好，看了看钟，快七点二十五了。|《七点钟的夜晚》|James Thurber|true|en|false
19:26|1926-000|19:26|纽曼指着酒店。屋檐下，一截截一英尺长的冰块向下伸出，像一排倒置的冰柱。车站不过是一间单层小屋，孤零零的，空无一人。仪表盘上的时钟显示 19:26。|终点站|Colin Forbes|true|en|false
19:27|1927-000|7:27|飞行员欢迎他们登机，并提醒他们可能会稍有延误。德克斯特看了看表：7:27。他开始用手指敲打着隔开他和斯科特的扶手。|盗亦有道|Jeffrey Archer|true|en|false
19:27|1927-001|七点二十七分|他不妨试一试，至少一次。如果真像他预想的那么糟糕，他就不用再来了。他准时在七点二十七分拐进了大学停车场。|人体素描入门|Roisin Meaney|true|en|false
19:28|1928-000|七点二十八分|如你所知，我们24小时待命，我七点二十八分到的。我们决定立即展开调查。殡仪人员会在你完成调查后立即来收尸。|谋杀室|P.D. James|true|en|false
19:28|1928-001|7点28分|这里显示你今晚7点28分给你母亲打了电话。<br>“肯定哪里搞错了。我根本没来得及给任何人打电话。”|高等司法|Tom Hilpert|true|en|false
19:29|1929-000|19点29分|我猜她不想让奥克塔维娅知道她叫来了她父亲，至少在她们制定好计划之前不想让奥克塔维娅知道。而且是我定好了时间。我实在想不出怎么才能赶上17点22分那趟19点29分到滑铁卢的火车。|《正义的审判》|P.D. James|true|en|false
19:29|1929-001|七点半前大约半分钟|每个人都转过身，看着那块黄油顺着墙壁滑落，它先是停顿了一下，然后突然向前滑去，在玻璃上留下一道闪亮的痕迹。没有人说话。他们看着黄油，又看看钟，然后再看看黄油。钟现在开始走动了。<br>黄油在七点半前大约半分钟滑落到地板上，麦克墨菲拿回了他输掉的所有钱。|飞越疯人院|Ken Kesey|true|en|false
19:30|1930-000|七点半|新闻结束后，安德森告诉加德纳她要去睡觉了。<br>“七点半？”<br>“我还累得不行。”她看上去确实很累。|《汤米诺克》|Stephen King|true|en|false
19:30|1930-001|七点半|七点半，切塔·雷诺兹走进诊室，斯通一家和他们哭闹不停的婴儿女儿就被关在里面。这位据传是总统自由勋章候选人的诗人穿着直筒牛仔裤和一件肘部破了洞的波士顿大学运动衫。|睡梦医生|Stephen King|true|en|false
19:30|1930-002|七点半|我看到她盯着那瓶冒着汗的桃红葡萄酒。“今晚跟我出去玩，好不好？我朋友杰基，就是练普拉提的那个，要在格林威治村的一家同志酒吧办生日派对。我本来不想去，但如果你跟我一起去，应该会很有趣。现在才七点半。而且是周五晚上。咱们喝完这瓶酒出去玩吧。夜还很长呢！”<br>“我累了，瑞娃，”我说着，撕开了一瓶奈奎尔的瓶盖。|我的休息与放松之年|Ottessa Moshfegh|true|en|false
19:30|1930-003|七点半|七点半回到活动室。大护士透过她那副总是擦得锃亮、几乎看不见的特制玻璃窗向外望去，对着眼前的景象点点头，伸手从日历上撕下一页，离目标又近了一天。|飞越疯人院|Ken Kesey|true|en|false
19:30|1930-004|七点半|每个人都转过身，看着那块黄油顺着墙壁滑落，它先是停顿了一下，然后突然向前滑去，在玻璃上留下一道闪亮的痕迹。没有人说话。他们看着黄油，又看看钟，然后再看看黄油。钟现在开始走动了。<br>黄油在七点半前大约半分钟滑落到地板上，麦克墨菲拿回了他输掉的所有钱。|飞越疯人院|Ken Kesey|true|en|false
19:30|1930-005|七点半|但他现在离家很近了——房子就在这里，大门就在这里。某个地方传来一声钟响。“什么？真的才七点半？不可能，时间肯定很快！”|罪与罚|Fyodor Dostoyevsky|true|en|false
19:30|1930-006|7:30|7月25日上午8:30，母狗诺瓦娅产仔时死去。10点钟，她被放入冰冷的坟墓。当天晚上7:30，我们看到了第一批浮冰，向它们打招呼，希望它们是最后一批。|冰与黑暗的恐怖|Christoph Ransmayr|false|en|false
19:30|1930-007|七点半|时钟显示七点半。天色渐暗。他现在应该在那里了。我仿佛看到他穿着那件旧藏蓝色毛衣，戴着鸭舌帽，轻手轻脚地沿着小路走向树林。他告诉我，他穿毛衣是因为藏蓝色在黑暗中几乎看不见，黑色更好，他说。他还解释说，鸭舌帽也很重要，因为帽檐会在脸上投下阴影。|丹尼，世界冠军|Roald Dahl|true|en|false
19:30|1930-008|晚上7点30分|电话是在3月18日（星期六）晚上7点30分打来的，那天是小镇为纪念木匠圣约瑟夫而举办的热闹多彩的节日的前夜。——|一个简单的故事|Leonardo Sciascia|true|en|false
19:30|1930-009|七点半|晚上七点半，也就是晚饭后而不是像我所希望的那样饭前，他服用了二十五格令的毒品。|《大麻食者》|Fitz Hugh Ludlow|false|en|false
19:30|1930-010|七点半|已经七点半了，库卡拿出粉饼，用一种介于居里夫人和埃德维奇·费耶尔之间的诊所主任的姿态，补了补脸。|跳房子|Julio Cortázar|true|es-AR|false
19:31|1931-000|下午7:31|下午7:31<br>又一阵狂风袭来，范斯抬头看了看索具，祈祷它能撑住。这面宽阔而浅的方形帆并非帆布制成，而是由几块亚麻布缝制而成，就像古代小型织布机织造的那种。这是一面单桅缩帆帆，恰好在特洛伊战争前夕发明，其上横桁装有一套绳索系统，可以将帆卷起并固定在高处。|独眼巨人计划|Thomas Hoover|true|en|false
19:32|1932-000|晚上7点32分|现在是晚上7点32分，玛吉坐在审讯室桌子的一侧，克莱坐在她旁边。我和卢克坐在他们对面。我们已经完成了开场白。审讯正在录音。|《魔鬼桥下》|Loreth Anne White|true|en|false
19:33|1933-000|七点三十三分|七点三十三分，他站在南安普顿车站的站台上——距离载着欧文的火车到达还有整整一个小时。他在这里打听了几句，但因为太过急躁，没有仔细地进行归纳调查，便进城去了。|绝望的补救措施|Thomas Hardy|true|en|false
19:34|1934-000|7:34|“你最好别等我，因为如果我失败了，西蒙，我可能会扑到你身上。”<br>“谢谢你的警告，马克。坚持住，伙计。”<br>美好的夜晚，上车，看表：7:34。|我们该告诉总统吗？|Jeffrey Archer|true|en|false
19:34|1934-001|19:34|我看了看表，19:34，心想这可真够倒霉的，要是佩珀里奇终于给我打电话，结果只听到占线，而阿尔却在问他女朋友、他阿姨或者其他什么人的身体状况，那可就糟了。我的胸口好多了，但还是咳嗽，医生说……我才不管医生怎么说，赶紧挂电话。|奎勒的奔跑|Adam Hall|false|en|false
19:35|1935-000|7点35分|“我们只有一次机会越过边境，”斯科特说，“所以现在先把车停到那片树丛里。天黑之前我们不能冒险上高速公路。”他看了看时间，7点35分。|盗亦有道|Jeffrey Archer|true|en|false
19:35|1935-001|晚上7:35|乔治看了看表：晚上7:35。此时，杰弗里·杨应该正在向其他队员讲解明天的计划，并告知他们谁将和他一起进行最后的攀登。水烧开了。|荣耀之路|Jeffrey Archer|true|en|false
19:35|1935-002|晚上七点三十五分|晚上七点三十五分，科克把他的野马车停在奥罗拉中学后面，然后走向后门，后门靠近一个垃圾箱。他看到副警长吉尔·辛格守在门口。|炼狱岭|William Kent Krueger|true|en|false
19:35|1935-003|7:35|伊森努力辨别关键事实，突然意识到自己正看着墙上的钟；现在是7:35。<br>“等一下。你是什么时候听说这件事的？”<br>他略微犹豫了一下。“五点前不久，第一条消息传来。”|《无限之日》|Chris Walley|true|en|false
19:35|1935-004|7.35|7.35-40。伊瑟特到达“M. and S.”，接通电话。|镀金苍蝇案|Edmund Crispin|true|en|false
19:36|1936-000|19:36|录像机上的时间是19:36，这时后门砰地一声关上了，维克多大步走进前厅，手里攥着一把难以言喻的恶心东西。|《一步之遥》|David Renwick|true|en|false
19:37|1937-000|19:37|今晚19:37，一艘飞船未经授权擅自离开主轨道终端。我们需要让轨道防御部门做出反应，使其看起来像是对未经授权的飞船扣押事件的真实回应。|帝国遗迹|W. Michael Gear|true|en|false
19:38|1938-000|晚上7:38|星期三 晚上7:38<br>“迈克尔！还有伊娃！时隔这么久又见面了。Pos iste！真是个惊喜！”老希腊人晒得通红的脸上绽放出笑容，灰白的胡须从他仅剩的几颗好牙上方露出。“Parakalo，你一定要进来喝杯拉基酒，再尝尝阿德里亚娜做的梅泽拼盘。她肯定不会原谅我的。”|代达罗斯计划|Thomas Hoover|true|en|false
19:39|1939-000|7:39|7:39，飞机滑行到跑道上准备起飞。飞机停稳后，德克斯特问乘务员是什么耽搁了他们。|盗亦有道|Jeffrey Archer|true|en|false
19:39|1939-001|八点差二十一分|时间飞逝。八点差二十一分！他必须再等几分钟出发，否则就会错过火车。|奥斯卡·布罗德斯基案|R. Austin Freeman|true|en|false
19:39|1939-002|下午7:39|下午7:39<br>伊娃和布拉克在杰克·切尔马克餐厅赚了180美元，但爱管闲事的服务员和输不起又爱抱怨的家伙们的抱怨迫使他们离开了。之后，他们在安德森维尔著名的“人人都是香肠”（Every 1’s A Wiener）热狗摊只咬了一口“烈火热狗”（Fire Dog），就赚了5美元。伊娃实际上咬了两口，因为她就是这样的人。|大中西部厨房|J. Ryan Stradal|false|en|false
19:40|1940-000|差20分8点|他们估计当时是差20分8点。他们可以发誓，先生，那时尸体没有被悬挂着，而且他们也没看到前院有人。|原罪|P.D. James|true|en|false
19:40|1940-001|7点40分|她7点40分才到，迟到了十分钟，但孩子们吉米和比茜还在吃晚饭，他们的父母还没准备出门。从其他房间传来婴儿的哭声、流水声，还有电视音乐剧的声音（没有歌词：可能是一段舞蹈——脑海中浮现出滑行的身影）。|保姆|Robert Coover|true|en|false
19:41|1941-000|晚上7:41|9月25日晚上7:41亮灯。克兰茨直到8点刚过才出现在温特沃斯郊外。|虚假印象|Jeffrey Archer|true|en|false
19:41|1941-001|7:41|你觉得能逮捕她吗？有什么能阻止这个女人离开这个国家？<br>“到目前为止，恐怕没有什么能阻止她。”由于他们知道晚上7:41之前没有火车，所以他们都匆匆赶往比萨机场。|荷兰人之死|Magdalen Nabb|true|en|false
19:42|1942-000|7点42分|他于7点42分进入拍卖厅，坐到了他精心挑选的预留座位上。那是左侧倒数第三排。他甚至练习过如何举起竞价牌，才能让拍卖师一眼看到他，而前面的人却丝毫不会察觉是谁在出价。|视而不见|Jeffrey Archer|true|en|false
19:42|1942-001|7点42分|现在是7点42分，距离他给弗朗西丝打电话已经过去一个多小时了。她现在应该已经到了。|原罪|P.D. James|true|en|false
19:42|1942-002|7:42|所以他别无选择，只能偶尔去客厅看看，那里的落地钟指针现在清晰地显示着7:42|林肯公路|Amor Towles|true|en|false
19:42|1942-003|七点四十二分|“我进入科技忍者外壳才几个小时——根据我左上方视野中的时间显示，是七点四十二分——但没有任何通常的下载副作用。”|副本|Richard K. Morgan|true|en|false
19:42|1942-004|七点四十二分|我们沿着斯特兰德大街飞驰，我瞥了一眼手表。七点四十二分。我开始感到兴奋起来。外面的街道依然阳光明媚，温暖宜人，游客们穿着T恤和短裤，指着高等法院漫步。这一定是个美好的夏日。在卡特·斯平克大楼里，你根本不知道外面的世界天气如何。|《不羁的女神》|Sophie Kinsella|true|en|false
19:43|1943-000|下午7:43|他抬头看了看桌角上的钟：下午7:43。“糟了，”他说，意识到如果他不抓紧时间，就要错过在银行家晚宴上的演讲了。|《错误的印象》|Jeffrey Archer|false|en|false
19:43|1943-001|晚上7:43|听到城墙内传来一阵呼喊，几名守卫弯腰去拉绞盘，于是吊闸发出刺耳的摩擦声和呻吟声，高大的骑士骑马而出，就在这时，马洛里的钟表指针指向了晚上7:43。|《骑士》|Robert F. Young|true|en|false
19:44|1944-000|下午7:44|下午7:44<br>范斯眼睁睁地看着雌鹿直升机从驱逐舰右舷靠近，径直朝它飞来，并降低高度。这到底是怎么回事？|独眼巨人计划|Thomas Hoover|false|en|false
19:45|1945-000|晚上7:45|我想应该是这样。他死于夜里，或者说，他最后一次被人看到是在晚上7:45，当时格蕾丝·威尔逊向他坦白了一切。我猜他是无聊而死的。|黑塔|P.D. James|true|en|false
19:45|1945-001|晚上7点45分|晚上7点45分，埃米特坐在曼哈顿边缘一家破旧的酒吧里，面前的吧台上放着一杯啤酒和一张哈里森·休伊特的照片。|林肯公路|Amor Towles|true|en|false
19:45|1945-002|差一刻八点|“今晚差一刻八点，将有一位绅士前来拜访，”信中写道，“他想就一件极其重要的事情向您请教。您最近为欧洲某王室效力，证明您是一位值得信赖的人，可以处理那些极其重要的事务。我们从各方都得到了关于您的评价。届时请待在您的房间里，如果您的访客戴着面具，请不要介意。”|《福尔摩斯探案集》|Sir Arthur Conan Doyle|true|en|false
19:45|1945-003|七点四十五分|七点四十五分，黑人男孩们沿着慢性病患者的队伍走去，给那些愿意乖乖站着的人接上导尿管。导尿管是用二手避孕套做的，剪掉两端，用橡皮筋绑在管子上，管子顺着裤腿垂到标有“一次性，不可重复使用”的塑料袋里，我的工作就是每天结束时把这些管子洗干净。|飞越疯人院|Ken Kesey|false|en|false
19:45|1945-004|差十五分八点|皮埃尔一反常态地迟到，那天他不是十点，而是差十五分八点才到伯格家。|战争与和平|Leo Tolstoy|true|en|false
19:45|1945-005|7:45|他教导我，如果我必须与人约会，就必须拒绝遵循“愚蠢的人类习惯”，随意地以十五分钟为间隔选择时间。“贾斯珀，永远不要在7:45或6:30与人见面，而是选择7:12和8:03这样的时间！”|整体的一部分|Steve Toltz|true|en|false
19:45|1945-006|19:45|他告诉老朋友火车时刻表，他们决定乘坐19:45的火车，23:27到达。“我帮我们预订弗朗西斯·德雷克豪华旅馆。好几个房间都有自来水。你有手机吗？”|别人的钱|Justin Cartwright|true|en|false
19:46|1946-000|下午7:46|下午7:46<br>“好的。”阿尔弗雷德·康维茨立刻立正。“是的，长官。”<br>他猛地挂断电话，转身看向杰克·穆尔霍尼。“完全否认，长官。以色列方面表示，他们在爱琴海该区域没有任何军用飞机活动。”|独眼巨人计划|Thomas Hoover|true|en|false
19:47|1947-000|下午7:47|下午7:47<br>范斯看着护卫舰发射了一枚示警曳光弹，但毫无效果。米-24“雌鹿”直升机置之不理，一连串57毫米火箭从其短小的右翼下方呼啸而下，同时机头下方的雷达控制机枪也开始射击。|独眼巨人计划|Thomas Hoover|true|en|false
19:48|1948-000|下午7:48|乘电梯下楼时，芬斯顿饶有兴致地看到凯勒博特街车的最低估价。他之前从一个被他搞破产的客户那里以一半的价格买下了更大的那台。电梯门滑开后，他快步走到接待处，签退了：下午7:48|虚假印象|Jeffrey Archer|true|en|false
19:48|1948-001|下午7:48|下午7:48<br>门开门关的声音，伴随着低语，如同外星人的嘶嘶声。她感觉自己在移动，躺在床上，床正滑过头顶强烈的灯光。|综合症|Thomas Hoover|true|en|false
19:49|1949-000|八点差十一分|你下次见到韦尔斯利医生是什么时候？<br>“八点差十一分。”<br>“在哪儿？”<br>“在诊室。”<br>“他又回到那里了？”<br>“是的。”<br>“你怎么能确定是八点差十一分这个精确的时间？”<br>“因为他约好八点差十分在梅多盖特看一位病人。他进来的时候我瞥了一眼钟，看了看时间，就提醒他还有预约。”|在市长的客厅|J.S. Fletcher|true|en|false
19:49|1949-001|差11分钟8点|差11分钟8点。<br>“你总是对的；你脑子里肯定有个钟。”<br>“今晚我肯定不会错。我能在发射前一秒告诉你。看！十分钟警告！”|《终结的开始》|Ray Bradbury|true|en|false
19:50|1950-000|八点差十分|一切都为他们安排好了。一辆真正的豪华轿车在八点差十分到来，接他们去剧院。它准时停在了剧院的招牌下，紧随那些大明星、导演、作家、州长、市长和一些不太重要的明星之后。|《与敌人的迟来遭遇》|Flannery O’Connor|true|en|false
19:50|1950-001|八点差十分|墙上中央时钟的指针指向八点差十分。咖啡馆八点关门。|咖啡未凉：咖啡馆的故事|Toshikazu Kawaguchi|true|en|false
19:50|1950-002|差十分钟到八点|差十分钟到八点，他踱步下楼，确认布菲夫人没有在走廊里闲逛，她的门也没有开着，还要确认弗雷迪的车里真的没有人。|天才雷普利|Patricia Highsmith|true|en|false
19:51|1951-000|7点51分|安妮设法洗了个澡，换上了一件鸡尾酒裙，而弗莱彻则在房间里踱来踱去，时不时地看一眼手表。7点51分，他为妻子打开了出租车的车门。|财富之子|Jeffrey Archer|true|en|false
19:51|1951-001|7:51|飞机于7:51转向起飞跑道，喷气发动机轰鸣，随后飞机缓缓向前移动，然后加速。7:53，飞机离地。|盗亦有道|Jeffrey Archer|true|en|false
19:51|1951-002|快八点|他等到快八点才下楼，因为七点左右进出房子的人总是比其他时候多。差十分八点，他踱步下楼，确认布菲夫人没有在走廊里闲逛，她的门也没有开着，还要确认弗雷迪的车里真的没有人，尽管他下午的时候曾下去看过那辆车，确认它是不是弗雷迪的。|天才雷普利|Patricia Highsmith|true|en|false
19:52|1952-000|下午7:52|下午7:52<br>范斯爬过木板，伸手去够船尾平台下方存放的一个装备箱。箱子里装着他形影不离的旅伴：一把镀铬枪柄的9毫米瓦尔特手枪。尽管用轻武器击落米-24武装直升机的尝试在阿富汗已经进行过，结果并不理想，但他当时怒火中烧，理智早已被冲昏了头脑。|独眼巨人计划|Thomas Hoover|true|en|false
19:53|1953-000|7:53|飞机于7:51转向起飞跑道，喷气发动机轰鸣，随后缓慢向前移动，然后加速。7:53，飞机离地。|盗亦有道|Jeffrey Archer|true|en|false
19:53|1953-001|晚上7:53|1963年12月11日，星期三，晚上7:53。“救救我。你一定要救救我。”女人的声音颤抖着，带着哭腔。接电话的值班警员听到一声抽泣，仿佛打电话的人正在努力说话。|行刑地|Val McDermid|true|en|false
19:54|1954-000|八点差六分|尸体是在八点差六分被发现的。杨医生大约三十分钟后到达。让我把话说清楚——我的记性很差。|一具尸体|Ngaio Marsh|true|en|false
19:55|1955-000|七点五十五分|七点五十五分，凯特·米斯金探长和皮尔斯·塔兰特探长正在南华克桥和伦敦桥之间的一家河边酒吧里喝酒。|《谋杀室》|P.D. James|true|en|false
19:55|1955-001|八点差五分|八点差五分，首相从威尔逊的办公室出来，哈利法克斯和卡多根紧随其后。威尔逊最后出现，看起来很恼火。莱加特猜测他一定是又和卡多根争论了一番。|慕尼黑|Robert Harris|true|en|false
19:55|1955-002|差五分钟到八点|弗洛拉裹紧外套，抬头望向渐暗的天空。然后她看了看手表。差五分钟到八点。|冷酷的安慰农场|Stella Gibbons|true|en|false
19:55|1955-003|派对八点开始，还有五分|派对八点开始，还有五分。<br>“迟到半小时以内都算准时，普鲁伊特。你懂一点礼仪吗？”<br>“恐怕不太懂。”<br>“嗯，迟到半小时以内都算准时，但早到——哪怕一分钟——都太没礼貌了。”|斯塔格福德|Jon Hassler|true|en|false
19:56|1956-000|差四分八点|我记得他那张棱角分明的脸上夹着一根香烟，映衬着无边无际的乌云。贝尔纳多突然冲他喊道：“伊雷诺，现在几点了？”<br>他没有看天，也没有停顿，回答道：“差四分八点，年轻的贝尔纳多·胡安·弗朗西斯科。”他的声音尖锐而嘲讽。|《记忆迷宫》|Jorge Luis Borges|true|en|false
19:57|1957-000|八点差三分|八点差三分，拉斯洛和他的扬基轻骑兵乐队在舞台上准备就绪。乐队演奏苏萨组曲时，卡特仔细检查了他的装备，把围巾塞进口袋，检查扑克牌上的封条。他瞥了一眼他的悬浮装置。“祝你好运，卡特。”声音很轻。|卡特战胜魔鬼|Glen David Gold|true|en|false
19:58|1958-000|7:58|他必须活捉那些阴谋者，让他们指证那位参议员。局长看了看华盛顿外勤办事处上方老邮局塔楼上的钟，是7:58。|我们该告诉总统吗？|Jeffrey Archer|true|en|false
19:58|1958-001|晚上7:58|他跳进车里，猛踩油门，快速换挡，一路疾驰到斯隆广场，穿过伊顿广场，经过圣乔治医院，绕过海德公园角，进入公园巷，于晚上7:58到达。|一分钱也不多，一分钱也不少|Jeffrey Archer|true|en|false
19:58|1958-002|晚上7:58|罗伯特·兰登焦虑地瞥了一眼手表：晚上7:58。米老鼠的笑脸并没有让他高兴起来。|失落的符号|Dan Brown|true|en|false
19:59|1959-000|八点，也许提前一分钟|正好八点，也许提前一分钟。我走进演示室，看看我的抛光剂罐子是不是落在那儿了。推车上放着一瓶牛奶，我就喝了一点。就喝了一点点。|夜莺的裹尸布|P.D. James|true|en|false
19:59|1959-001|眼看就要到八点了|我刚下自行车就看到了莉尔，她银色的辫子搭在右肩上。她坐在前廊上，在夕阳的余晖中，她柔软而饱经风霜的皮肤泛着淡淡的玫瑰色。时间眼看就要到八点了。|眨眼之间|Ginny Kochis|true|en|false
19:59|1959-002|八点前|還娘在八点前出现在我的书房，穿着一件曾经是“晚礼服”的衣服。|天赐裤子的制造者|Daniel Vare|true|en|false
19:59|1959-003|差一分钟到八点|快点，快点。差一分钟到八点。我的热水袋已经准备好了，我从水龙头接了一杯水。时间紧迫。|第十三个故事|Diane Setterfield|true|en|false
20:00|2000-000|八点|才八点。“太太！”他喊道。“我们今晚就能回家了！我们圣诞节就能回家了！”<br>“是的，彭哥，”太太高兴地说。但她心里并不像听起来那么高兴。|101斑点狗|Dodie Smith|true|en|false
20:00|2000-001|八点|查理瞥了一眼吧台上的钟，发现已经八点了，但其他人正走过来和他说话，他意识到自己可能无法把父亲从这群仰慕者中拉出来。尤其如果他们还给他拿酒的话。|蓝泉|Peter Rennebohm|true|en|false
20:00|2000-002|晚上8点|会议室里坐着的十位董事显得焦躁不安。现在是晚上8点。他们过去十分钟一直在交谈，但现在渐渐安静了下来。|侏罗纪公园|Michael Crichton|true|en|false
20:00|2000-003|八点|橱柜上方的墙上，除了夜晚灯光下，几乎看不见它，即使在灯光下，也因只有一根指针而显得神秘莫测。一个柜钟滴答作响，然后发出一声仿佛清嗓子的预备声，敲了五下。<br>“八点了，”迪尔西说。|《喧哗与骚动》|William Faulkner|true|en|false
20:00|2000-004|八点|“我的小提琴该换新弦了，”他说道。“把你的手枪放进口袋。那家伙来了，就用平常的语气跟他说话。剩下的交给我。别盯着他看，吓着他。”<br>“现在是八点了，”我看了看表说道。|血字的研究|Sir Arthur Conan Doyle|true|en|false
20:00|2000-005|八点|母亲点了点头。她似乎说不出话来。女儿突然哭了起来。我比以往任何时候都更加确信，这些人知道些什么。<br>“德雷伯先生几点离开你家去赶火车？”我问。<br>“八点，”她说，咽了口唾沫，努力压抑住激动的情绪。|血字的研究|Sir Arthur Conan Doyle|true|en|false
20:00|2000-006|八点|我一生只喝醉过两次，第二次就是那天下午；所以发生的一切都蒙上了一层朦胧的色彩，尽管直到八点多，公寓里都充满了明媚的阳光。|了不起的盖茨比|F. Scott Fitzgerald|true|en|false
20:00|2000-007|八点|又到了八点，当四十街昏暗的小巷里挤满了五排排驶向剧院区的出租车时，我的心不禁沉了下去。人们在出租车里依偎着等待，有人唱歌，有人在讲着没人听懂的笑话，车里有人点燃的香烟勾勒出难以辨认的手势。|了不起的盖茨比|F. Scott Fitzgerald|true|en|false
20:00|2000-008|八点|八点，不晚，你点亮灯，大窗边的大灯，桌上的小灯，它们不能被人看见——沙滩上，矮橡树和蔓越莓丛中，仍是暮色，就连小鸟也还没安歇。为了睡觉，为了避开潜伏的狐狸。不，你点亮灯，因为你独自一人待在你的小屋里，闪烁的金光就像两位带着好故事的访客。|新选诗集，第一卷|Mary Oliver|true|en|false
20:00|2000-009|八点|她回望过去，惊讶又困惑，随后变得桀骜不驯。她猛地合上笔记本电脑，塞进包里。她抽出一支笔，在餐巾纸上潦草地写下一个地址。“如果你改变主意，”她站起身，僵硬地说，“我今晚八点到九点之间会在这里。”|地下墓穴|Jeremy Bates|true|en|false
20:00|2000-010|晚上8点|快到晚上8点了，萨利很高兴看到灯还亮着。他自己没有网络，而《公报》的电脑又用不了（他不想让任何人知道他在做什么，尤其是记者），所以这里是他做研究的最好也是唯一的选择；这里曾是他小学时写读书报告的地方。|来自天堂的第一通电话|Mitch Albom|true|en|false
20:00|2000-011|八点|八点钟，墙壁嗡嗡作响，运转起来。天花板上的扬声器用大护士的声音说：“药物。”|飞越疯人院|Ken Kesey|true|en|false
20:00|2000-012|八|“当然可以送你！”莎拉说着，拍了拍肯德拉的肩膀。“真的没问题。”<br>肯德拉捂着被拍的地方。“我们八点出发吗？”她揉着肩膀说。|缓刑|James Han Mattson|true|en|false
20:00|2000-013|八|这时，门厅外的祖父钟敲响了八下，昨晚的记忆涌上心头。|人间天堂|F. Scott Fitzgerald|true|en|false
20:00|2000-014|8点|欧文先生——很遗憾，他迟到了——要到明天才能到。指示——他们想要的一切——如果他们想回房间的话？……晚餐将在8点……|无人生还|Agatha Christie|true|en|false
20:00|2000-015|八点|现在是八点，三月晴朗的夜晚，月亮高悬，天空湛蓝，月光下的夜空中，一只猫头鹰，不知从何而来，发出孤独的叫声；它拉长了孤独的叫声，哈喽！哈喽！一声长长的哈喽！|《傻小子》|William Wordsworth|true|en|false
20:00|2000-016|八|我描摹着这些字：“周六八点我会来接你喝一杯。”|全盘托出|Chuck Palahniuk|true|en|false
20:00|2000-017|晚上8:00|晚上8:00 洗澡|深夜小狗神秘事件|Mark Haddon|true|en|false
20:00|2000-018|八点|亚瑟心想，他甚至能忍受听他赢得的那张风笛唱片了。现在是八点，他决定强迫自己，逼着自己，在给她打电话之前把整张唱片听完。|再见，谢谢你们的鱼|Douglas Adams|true|en|false
20:00|2000-019|八点|那天晚上八点，星期六，帕梅拉·查姆查和不让她独自离开的詹皮·乔希站在尤斯顿车站主候车大厅角落里的自助拍照机旁，感觉自己像是在密谋什么。|撒旦诗篇|Salman Rushdie|true|en|false
20:00|2000-020|八|弗洛伊德让我去敲荣格的门，但无人应答。他们等到八点，然后撇下他去了布里尔书店。|《谋杀的解释》|Jed Rubenfeld|true|en|false
20:00|2000-021|八点|1975年6月23日，晚上八点，巴特尔布斯正坐在拼图前，突然去世了。|《人生：用户手册》|Georges Perec|true|en|false
20:00|2000-022|八点|她看了看表——八点了|美丽与毁灭|F. Scott Fitzgerald|true|en|false
20:00|2000-023|晚上八点|那天他忘了吃晚饭；晚上八点他才发现，因为去圣雅克街已经太晚了，他就吃了一块面包。|悲惨世界|Victor Hugo|true|en|false
20:00|2000-024|八|时钟敲响了八点。如果当时是十点，埃莉诺一定会确信此刻她听到了马车驶向房子的声音；她如此确信，尽管马车几乎不可能已经到了，她还是走进隔壁的更衣室，打开百叶窗，想要确认真相。她立刻发现自己的耳朵没有欺骗她。|理智与情感|Jane Austen|true|en|false
20:00|2000-025|八点|在一个夏日月光皎洁的夜晚，我登上了一艘巨大而美丽的汽船，它沿着闪亮的河道缓缓驶过。晚上八点，我和几个朋友一起，口袋里装着一盒药丸，登上了船。舷梯收了起来，我们出发了。|《哈希什食客》|Fitz Hugh Ludlow|false|en|false
20:00|2000-026|八点|但言归正传。我服用那五十格令的剂量时，大概是晚上八点。|《哈希什食客》|Fitz Hugh Ludlow|false|en|false
20:00|2000-027|晚上八点|火车停在拉莫斯梅希亚。车站的钟显示晚上八点。埃尔多赛因下了车。|七个疯子|Roberto Arlt|true|es-AR|false
20:00|2000-028|晚上八点|他晚上八点到家。<br>“餐厅灯火通明……但让我解释一下，”埃尔多赛因说。“我和妻子生活极其贫困，所谓的餐厅其实是一间空荡荡的房间。”|《七个疯子》|Roberto Arlt|true|es-AR|false
20:00|2000-029|八|我锻炼一小时，洗澡，读报纸，吃午饭，小睡一会儿，六点喝杯苦艾酒，然后去理发，八点吃晚饭，然后去咖啡馆|七个疯子|Roberto Arlt|true|es-AR|false
20:01|2001-000|八点一分|莱诺克斯车站准时到达。赛勒斯进入车站时，大钟的指针刚好指向八点一分。信使在指定地点迎接了他。赛勒斯认出此人是他祖父和父亲曾任职的铁路公司的一列火车上的搬运工。没错，他就是伍德布里奇专列的搬运工！|调查法庭|Grace S. Richmond|true|en|false
20:01|2001-001|刚过八点|当时才刚过八点，所以所有的节目都是些滑稽可笑或者谋杀之类的。|第五号屠宰场|Kurt Vonnegut|true|en|false
20:02|2002-000|八点零两分|是的，我必须去火车站，如果他不在那里，就去那里追上他。安娜看了看报纸上的火车时刻表。一列晚班火车八点零两分出发。“是的，我会及时赶到。”|安娜·卡列尼娜|Leo Tolstoy|true|en|false
20:03|2003-000|八点零三分|是的，好吧。很明显她死了，而且是最近发生的。如果你非要我说，那就是最近两个小时内。但你们肯定自己也得出了这个结论，否则你们不会把她砍倒。你们说什么时候发现她的？八点零三分。|专家证人之死|P.D. James|true|en|false
20:03|2003-001|8:03|他教导我，如果我必须与人约会，就必须拒绝遵循“愚蠢的人类习惯”，随意地以十五分钟为间隔选择时间。“贾斯珀，永远不要在7:45或6:30与人见面，而是选择7:12和8:03这样的时间！”|整体的一部分|Steve Toltz|true|en|false
20:03|2003-002|八点零三分|我可能会跟家庭医生谈谈，看看能不能开点安眠药。我注意到我的手表停在了八点零三分，我不知道那是不是我们宝宝去世的确切时间。|石头剪刀布|Alice Feeny|true|en|false
20:04|2004-000|8:04|双排停车，希望附近没有交警。若无其事地走向房子——打赌她还在浴缸里。看表：8:04。完美。按门铃。|我们该告诉总统吗？|Jeffrey Archer|false|en|false
20:04|2004-001|8点04分|大地仿佛将黑暗向上投射到空中。夜晚的农田一片阴沉。当兰卡斯特的灯光与他昏暗的光束交汇时，他感到无比欣慰。他停在一家餐馆前，餐馆的钟显示8点04分。|兔子，快跑|John Updike|true|en|false
20:05|2005-000|八点零五分|她问了最后一个问题：“你大约八点零五分从德弗罗庭院大门离开时，有没有看到波利特庭院里有人，或者有人进入中殿律师学院？”<br>凯瑟琳说：“没有人。德弗罗庭院和通往斯特兰德大街的通道都空无一人。”|《正义的审判》|P.D. James|true|en|false
20:05|2005-001|晚上8点05分|12月23日晚上8点05分，普列奥布拉任斯基教授开始了欧洲首例此类手术：在麻醉状态下切除一只狗的睾丸，并用取自一名28岁男性的睾丸（包括附属器官和输精管）进行移植。|《狗的心》|Mikhail Bulgakov|false|en|false
20:05|2005-002|八点零五分|兰索姆拿出他的手表，这块表是他几个小时前特意调成波士顿时间的，他发现时间在这次谈话中飞逝而过，现在已经是八点零五分了。|《波士顿人》|Henry James|true|en|false
20:05|2005-003|八点五分|“好了，现在是八点五分了，”我对德雷克说。“你最好马上去组织一场闪光派对。今晚海上出击的希望渺茫，但我们最好还是谨慎一些。”|《从英格兰出发八小时》|Anthony Quayle|true|en|false
20:06|2006-000|8:06|另一位身着晚礼服的特勤局人员迎接了我。领带也更好。我放弃了。被护送到电梯。看了看表：8:06。还不错。进入西侧会客厅。<br>“晚上好，总统女士。”|《我们该告诉总统吗？》|Jeffrey Archer|true|en|false
20:06|2006-001|八点零六分|我到达灯塔时是八点零六分。我进不去。门锁着。|灯塔|P.D. James|true|en|false
20:07|2007-000|晚上8:07|我听见火车没来的时候，小车站里的人少了些，于是我睁开眼睛看了看表，显示晚上8:07。我已经在长椅上坐了大约5个小时了，但感觉时间过得很快，只是屁股疼，又饿又渴。|《深夜小狗神秘事件》|Mark Haddon|true|en|false
20:07|2007-001|8:07|本尼调出了当晚的通话记录。第一个电话是8:07打进来的，身份确认无误。|身份误认|Lisa Scottoline|true|en|false
20:08|2008-000|晚上8:08|星期一 晚上8:08<br>他瞥了一眼手表，然后看向酒店脏兮兮的窗户外，望向斯特兰德大街。再过两分钟应该就会有人敲门了。|代达罗斯计划|Thomas Hoover|true|en|false
20:09|2009-000|八点以后|我一生只喝醉过两次，第二次就是那天下午；所以发生的一切都蒙上了一层朦胧的色彩，尽管直到八点以后，公寓里都充满了明媚的阳光。|了不起的盖茨比|F. Scott Fitzgerald|true|en|false
20:10|2010-000|八点十分|现在是八点十分。1918年1月27日，星期日晚上八点十分，我必须告诉你我有多爱你。|致约翰·米德尔顿·默里的信|Katherine Mansfield|true|en|false
20:10|2010-001|晚上8:10|晚上8:10<br>即使在平常的夜晚，“真相酒吧”也令人难以忍受。地板上铺满了锯末，音响里播放着震耳欲聋的重金属音乐，圣诞彩灯以令人头疼的快节奏不同步地闪烁着，墙上挂满了假装温馨的木牌，上面写着诸如以下这些乱七八糟的东西：<br>你永远不会<br>太老<br>不能喝酒<br>太多<br>六罐装|大中西部厨房|J. Ryan Stradal|false|en|false
20:10|2010-002|20:10|Y.D.A.U.年4月1日20:10，医疗专员仍在观看那盘未贴标签的娱乐卡带。|《无尽的玩笑》|David Foster Wallace|true|en|false
20:11|2011-000|八点十一分|赫利一家八点十一分准时到达。我打开前门，马丁把怀孕近七个月、体型庞大的佩吉推进了门厅。<br>“我想你需要人帮忙，”他低声说道，内森则帮佩吉脱下外套。|第二任妻子|Elizabeth Buchan|true|en|false
20:12|2012-000|八点十二分|八点十二分，大使馆的安检门滑开了，一辆黑色奔驰轿车出现在视野中。它左转，从距离摄像头几英寸的地方驶过——事实上，距离如此之近，以至于加布里埃尔感觉自己仿佛可以伸手把后座上唯一的乘客拽出来。|堕落天使|Daniel Silva|true|en|false
20:13|2013-000|晚上8:13|晚上8:13<br>真是漫长的一天！艾莉带尼克斯散步了很久之后，终于筋疲力尽地瘫倒在沙发上。她向后靠去，踢掉了鞋子。之前有那么一会儿，她的胸口有点紧绷——也许是心理作用，焦虑引起的——但现在那种感觉已经消失了。|综合症|Thomas Hoover|true|en|false
20:14|2014-000|八点十四分|八点十四分，迪尔沃斯家里的电话响了，奥尔比尔和琼斯的反应远比实际情况要激动得多，因为他们急于行动。|观察者|Dean Koontz|true|en|false
20:15|2015-000|晚上8点15分|星期天晚上8点15分，特蕾莎终于做完了拖延已久的作业，她觉得可以安心地收起算术书，告诉爸爸她累了，准备睡觉了。|《装置与欲望》|P.D. James|true|en|false
20:15|2015-001|晚上8:15|晚上8:15。哼。找不到操作说明。|BJ单身日记|Helen Fielding|true|en|false
20:15|2015-002|晚上8:15|晚上8:15 换上睡衣|深夜小狗神秘事件|Mark Haddon|true|en|false
20:16|2016-000|八点十六分|他吻了吻她的手，过了一会儿又去拿了两杯酒。当他回来时，已经是八点十六分了，洛伊斯正轻轻地跟着点唱机哼着歌。|烂仔俱乐部|Jonathan Coe|true|en|false
20:17|2017-000|20.17|20.17 驾驶室内的红色警示灯未能亮起，由此引发了一连串事件，最终在二十三分钟后导致“红矮星号”全体船员全军覆没。|红矮星号|Grant Naylor|true|en|false
20:18|2018-000|20:18|20:18 卡佳抵达敖德萨酒店。巴利和卡佳正在餐厅交谈。威克洛和一名不速之客在旁观察。更多。|俄罗斯之家|John le Carré|true|en|false
20:19|2019-000|8:19|8:19，她接到第二个电话，得知飞机已载着“货物”从安曼起飞。|盗亦有道|Jeffrey Archer|true|en|false
20:19|2019-001|八点十九分|万籁俱寂。八点十九分。|《盗贼俱乐部》|Henry Augustus Hering|true|en|false
20:20|2020-000|8:20|前院两端，两团巨大的光球由青铜海豚支撑，在波光粼粼的水面上投下闪亮的光晕。曼迪注视着，水面如同黑色缎子披风般闪烁，被一只无形的手轻轻摇曳、抚平、拂动。曼迪瞥了一眼手表：8:20。|原罪|P.D. James|true|en|false
20:20|2020-001|八点二十分|男孩又敲了敲门。仍然没有回应。加布里埃尔看着他，陪着他一起煎熬，直到八点二十分，男孩终于放弃，转身离开。|槲寄生谋杀案|P.D. James|true|en|false
20:20|2020-002|八点二十分|八点二十分，纸牌和谜题都送出去了……|飞越疯人院|Ken Kesey|true|en|false
20:20|2020-003|晚上8:20|晚上8:20 玩电脑游戏|深夜小狗神秘事件|Mark Haddon|true|en|false
20:20|2020-004|20点20分|20点20分，所有舰船都已完成加油。尽管在大风中保持位置极其困难，但它们比在公海上安全得多。|尤利西斯号|Alistair MacLean|true|en|false
20:20|2020-005|八点二十分|我们知道晚餐只有我们六个人，所以做梦也没想到会是一场盛装晚宴。我一点胃口都没有。直到八点二十分我们才坐下来吃饭。|《一个无名小卒的日记》|George and Weedon Grossmith|true|en|false
20:21|2021-000|八点二十一分|当时是八点二十一分。镇政府办事处要到九点才关门。今天是星期六，纳税人来缴纳税款和水费。所以，那天晚上还有时间去办结婚证。|《迷雾》|William Dudley Pelly|true|en|false
20:21|2021-001|8点21分|8点21分，有人敲门后，一名警员说一辆军警车辆刚刚驶入院子，司机询问“默里先生”是谁。|伊普克雷斯档案|Len Deighton|true|en|false
20:22|2022-000|晚上8:22|晚上8:22<br>埃里克·汉布林，原籍德克萨斯州斯威特沃特，过去两年半一直在SatCom担任保安，他很喜欢这份工作。他24岁，是上世纪80年代经济繁荣时期的一名大学辍学生，但他却能在下午的时间里，在希腊最美丽的岛屿之一上消磨时光。|独眼巨人计划|Thomas Hoover|true|en|false
20:23|2023-000|20.23|20.23。几分钟后她就要下去了。她本可以向女儿萨莉借睫毛膏，但已经太晚了。她本可以给住在诺瑟姆的母亲打电话，但已经太晚了。她还有七分钟的独处时间，然后她就要下去了。|《光辉之路》|Margaret Drabble|true|en|false
20:24|2024-000|8.24|皮奇看了看表。8.24。如果二十分钟内他还没坐上出租车，那就完蛋了。|离开的梦想|Rupert Thomson|true|en|false
20:25|2025-000|八点二十五|一想到要和桑妮在一起，他就觉得有点醉了。他瞥了一眼手表。八点二十五。他松了松领带，那条深黄色领带图案低调，然后解开了蓝色衬衫的第一个扣子。|一切始于蒙特卡洛|Elizabeth Adler|true|en|false
20:25|2025-001|八点二十五分|八点二十五分，Acute提到他以前经常偷看他妹妹洗澡；和他同桌的三个家伙争先恐后地想把这件事写进日志里……|飞越疯人院|Ken Kesey|false|en|false
20:25|2025-002|八点二十五分|她坐回老位置，看着丈夫在她对面的椅子上坐下，她对他微微一笑。她得救了。现在才八点二十五分。|利斯特戴尔之谜|Agatha Christie|true|en|false
20:26|2026-000|八点二十六分|八点二十六分。他毫不犹豫地走向衣帽间，拿出一张纸条，便领到一个大手提箱、一条地毯和一件厚厚的深色粗花呢长外套。|《诱惑者》|William Le Quex|true|en|false
20:26|2026-001|晚上8:26|晚上8:26<br>“围墙已封锁，”萨利姆那性格强硬的弟弟贾马尔·汗用波斯语说道，语气平静得仿佛在陈述一件无关紧要的事。他刚刚干掉了一个陌生人；没什么大不了的。|独眼巨人计划|Thomas Hoover|false|en|false
20:27|2027-000|八点二十七分|八点二十七分，洛夫特豪斯太太坐在奥罗拉的钢琴前，正痛苦地练习一首六个降号的前奏曲；这首前奏曲要求左手在右手上、右手在左手上进行非常规的指法，并且拇指在各种位置上都要进行大量的练习。|奥罗拉·弗洛伊德|Mary Elizabeth Braddon|true|en|false
20:27|2027-001|晚上8点27分|她的妹妹忠诚无比。她绝不会离开她们约定的地点，尤其是在警笛声如此刺耳的情况下。因此，当晚上8点27分，又一声惊天动地的巨响响彻人群头顶时，她就被困在了那里。|战时小图书馆|Kate Thompson|true|en|false
20:28|2028-000|八点二十八分|哈弗仍然坐着，抬头看了看钟，突然说道：“我父亲正好在二十五年前去世了。”<br>林德尔抬起头。“正好？”<br>“是的，正好。二十五年前的今天，八点二十八分。”|石棺|Kjell Eriksson|true|en|false
20:29|2029-000|八点二十九分半|先生，八点二十九分半。然后，他习惯性地瞥了一眼塔楼上的钟，又开始滔滔不绝地说：“我的天哪！那钟快了半小时！十年来我第一次发现它不准。我的手表从来不会——”但这位市民是在对着空气说话。他转过身，看到他的听众，一个快速远去的黑影，朝着一栋楼上三扇亮着灯的房子飞去。|四百万|O. Henry|true|en|false
20:29|2029-001|8点29分|8点29分，我按响了埃尔金新月街的门铃。开门的是一位身穿白色围裙的娇小东方女子。她领我走进一间宽敞空旷的客厅，里面有壁炉和几幅巨大的油画。|恩格尔比|Sebastian Faulks|true|en|false
20:30|2030-000|晚上8:30|到了晚上8:30，狗狗们放弃了，开始四处游荡。约翰那时已经麻木了。气温只有20度，他不知道自己还能在卡车顶上待多久，才能摆脱这凛冽的寒风。|法兰西溪|Peter Rennebohm|true|en|false
20:30|2030-001|八点半|傍晚，我独自翻身，床边放着一瓶空空的马尔贝克葡萄酒。一个简洁的台钟显示八点半。我套上T恤和棉质短裤，循着晚餐的香味，沿着蜿蜒的楼梯向下走去。|巴斯豪斯|P.J. Vernon|true|en|false
20:30|2030-002|八点半|到了八点半，暮色渐浓，几乎与夜晚无异，原本的五名搜寻者已经增加到了十二人。|《汤米诺克》|Stephen King|true|en|false
20:30|2030-003|八点半|八点半，米莉森·哈米特不敲门就闯了进来，说了声再见。|黑塔|P.D. James|true|en|false
20:30|2030-004|八点半|外面，风越刮越大。不时地，屋檐下传来一阵令人毛骨悚然的呼啸，让他不得不从书中抬起头来。大约八点半，开始下雪了。雪又大又湿，很快就覆盖了他的窗户，挡住了他眺望群山的视线。某种程度上，这更糟糕。瞭望酒店的窗户也被雪堵住了。|睡梦医生|Stephen King|true|en|false
20:30|2030-005|八点半|八点半的时候，我打电话来说：“我一直在想，要不要去做个隆胸手术，干脆把它们都卸掉。你觉得怎么样？我能驾驭平胸的样子吗？”|我的休息与放松之年|Ottessa Moshfegh|false|en|false
20:30|2030-006|八点半|八点半，病房的门开了，两个技术人员小跑进来，身上散发着葡萄酒的香气；技术人员总是快步走或小跑，因为他们总是身体前倾，必须走得快才能站稳。|飞越疯人院|Ken Kesey|true|en|false
20:30|2030-007|八点半|“胡说！”弗龙斯基心想，瞥了一眼手表。<br>已经八点半了。|安娜·卡列尼娜|Leo Tolstoy|true|en|false
20:30|2030-008|八点半|艾莉克斯拿起一件针线活开始缝。杰拉尔德读了几页书。然后他抬头看了一眼钟，把书扔到一边。“八点半了。该下到地窖开始干活了。”|《利斯特戴尔之谜》|Agatha Christie|true|en|false
20:30|2030-009|八点半|自行车三三两两地驶过——今晚比利·布伦南的谷仓里正在举行舞会，人们用半开玩笑的语气谈论着神秘的秘密，用眨眼和肘击表达着喜悦。八点半了，一英里长的路上，没有一丝阴影，没有一个人影，|伊尼斯基恩路：七月之夜|Patrick Kavanagh|true|en|false
20:31|2031-000|20:31|当晚，时间显示为20:31。暮色渐浓。除了树叶轻柔的沙沙声，周围一片静谧，但汽车引擎的轰鸣声和轮胎碾过碎石的嘎吱声一定是触发了录音。|《盲目之人》|Barbara Fradkin|true|en|false
20:32|2032-000|八点三十二分|八点三十二分，他在车站从熙熙攘攘的人群中抓住了兰特里小姐。“我们不能让妈妈和其他人等太久，”她说。“赶紧开车去沃拉克剧院！”|《四百万》|O. Henry|true|en|false
20:33|2033-000|20.33|20.33 导航员亨利·杜波依斯不小心将加了四块方糖的黑咖啡洒在了电脑控制台键盘上。他一边擦拭咖啡，一边注意到显示器屏幕上出现了三个红色警告点，他错误地认为这是咖啡洒出来造成的。|红矮星号|Grant Naylor|true|en|false
20:34|2034-000|20:34|他写道：“咳嗽（干咳）：20:34（持续时间：24 秒）”|钟声|Richard Harvell|true|en|false
20:35|2035-000|晚上8:35|晚上8:35 哈！在“你好！”下面找到了操作说明。|BJ单身日记|Helen Fielding|true|en|false
20:35|2035-001|晚上8:35|5月1日晚上8:35离开慕尼黑，次日清晨抵达维也纳|德古拉|Bram Stoker|true|en|false
20:35|2035-002|差二十五分钟到九点|她若有所思地停顿了一下。毫无疑问，他现在非常感兴趣。凶手必然会对谋杀案感兴趣。她赌的就是这一点，而且赌赢了。她偷偷瞥了一眼钟。差二十五分钟到九点。|利斯特戴尔之谜|Agatha Christie|true|en|false
20:36|2036-000|20.36|20.36 里默站在静滞甲板的主盥洗室里梳头。|红矮星号|Grant Naylor|true|en|false
20:37|2037-000|8点37分|皮尔斯站起身，从马甲里掏出怀表，那是一块与周围环境格格不入的干净金表，挂在一条漆黑的表链上。他啪地一声打开表盘：8点37分。|《火车大劫案》|Michael Crichton|true|en|false
20:37|2037-001|晚上8:37|晚上8:37<br>布拉克坐在空荡荡的女厕所里一个粉红色的隔间里，隔间上还印着必妥-比斯摩尔的标志色。她打开了一罐青椒果冻。即使AC/DC的音乐响起，廉价漂白剂的味道扑面而来，果冻的香味依然让她难以招架。|大中西部厨房|J. Ryan Stradal|true|en|false
20:38|2038-000|九点差二十二分|九点差二十二分，第三幕开始时，他站起身，尽量不发出太大声响，离开了剧场，走到了二楼。|《当女人沉睡时》|Javier Marais|true|en|false
20:39|2039-000|晚上8:39|晚上8:39<br>卡莉在想她有多想吃披萨，要多放奶酪和意大利香肠。不，只要多放胆固醇就行了。为什么所有好吃的东西都被认为是对身体不好的呢？|独眼巨人计划|Thomas Hoover|true|en|false
20:40|2040-000|八点四十分|其实我来得早。我不想在走廊里闲逛太显眼，所以沿着斯特兰德街走了五分钟。八点十分我就到了大门外。我一直等到八点四十分。维尼蒂亚始终没有出现。|《正义的审判》|P.D. James|true|en|false
20:40|2040-001|九点差二十分|十七号那天。确实如此。他们是九点差二十分入座的。我有个小习惯，就是喜欢记下顾客实际入座的时间。|《嗜血成性》|P.D. James|true|en|false
20:40|2040-002|8点40分|小姐，您一个人吗？<br>这个问题很蠢，让她很恼火。她本可以有很多反驳的话语，但她忍住了，只是说：“是的。”<br>“您在等8点40分的车吗？”<br>“还有其他车吗？”<br>“嗯，没有。这个时间不坐车了。”|发条乌鸦|Catherine Fisher|true|en|false
20:40|2040-003|九点差二十分|我站在她面前，避开她的目光，仔细观察周围的一切，发现她的手表停在了九点差二十分，房间里的钟也停在了九点差二十分。|《远大前程》|Charles Dickens|true|en|false
20:40|2040-004|九点差二十分|这封信是在九点差二十分送来的。|罗杰·艾克罗伊德谋杀案|Agatha Christie|true|en|false
20:41|2041-000|08:41|现在是08:41，我在床上练习。妈妈用很烫的热水装满了一个塑料袋，扎紧袋口，防止水洒出来，然后她把这个袋子放进另一个袋子里，也把那个袋子扎紧了。|房间|Emma Donoghue|true|en|false
20:42|2042-000|八点四十二分|“是啊，我刚才在想……”<br>珊偷偷瞥了一眼墙上的钟摆。八点四十二分。还有十八分钟他就要被护送回去了。“我担心我忘了关滴水管。如果罗伊护林员早到了，告诉他我一会儿就回来。”|迷失边缘|Kristina McMorris|true|en|false
20:42|2042-001|8点42分|此时指针指向8点42分。玩家们拿起牌，但目光始终紧盯着时钟。可以肯定地说，无论他们感觉多么稳妥，每一分钟都显得如此漫长。|环游世界八十天|Jules Verne|true|en|false
20:43|2043-000|8:43|“无论如何，都不能让他回到白宫。”电话挂断了。卡瓦利知道他父亲说的两点都对。卡瓦利又看了看表：8:43。|盗亦有道|Jeffrey Archer|true|en|false
20:43|2043-001|20:43|等他回电话的时候，我会告诉你该怎么说，但永远记住，你的首要任务是尽可能地为我争取时间。SBS要到日落之后，也就是当地时间20:43才能行动，而这——他看了看表——“还有两个小时十九分钟呢。”|下一位|Jeffrey Archer|true|en|false
20:43|2043-002|8.43|“8.43，”托马斯·弗拉纳根一边说着，一边切着戈蒂埃·拉尔夫放在他面前的牌。一阵短暂的停顿，宽敞的房间里一片寂静。|环游世界八十天|Jules Verne|true|en|false
20:44|2044-000|8.44|时钟的摆锤以数学般的规律每秒摆动一次，每个玩家都能数出每六十分之一分钟的钟声敲击耳畔。“8.44！”约翰·沙利文喊道，声音里透着一丝激动。再过一分钟，赌局就赢了。|环游世界八十天|Jules Verne|true|en|false
20:45|2045-000|差一刻九点|到了差一刻九点，还是没人来，加德纳开始怀疑他们是不是要放弃了。他坐在博比的摇椅上，在门廊上琢磨着这个问题，手指摩挲着脸上博兹曼打在他脸上的那块又大又肿的淤青。|《汤米克诺克人》|Stephen King|true|en|false
20:45|2045-001|八点四十五分|八点四十五分，我打电话来说：“我需要一些理财建议。说真的，我是认真的。我遇到麻烦了。”|我的安息之年|Ottessa Moshfegh|true|en|false
20:45|2045-002|8点45分|“这并非不可能，”菲利亚斯平静地说。“我敢打赌两万英镑，我能做到。如果我今晚搭乘8点45分的火车前往多佛，我可以在12月21日星期六8点45分之前回到改革俱乐部。我会在每到一个地方都盖章，以证明我环游过世界。”|《环游世界八十天》|Jules Verne|true|en|false
20:45|2045-003|九点差一刻|比弗九点差一刻到达，一副自我感觉良好的模样；那天晚上他一边打扮一边拒绝了两份晚餐邀请；他在俱乐部兑现了一张十英镑的支票；他还在埃斯皮诺萨餐厅预订了一张沙发桌。|一把尘土|Evelyn Waugh|true|en|false
20:46|2046-000|8:46|然后他走进卧室，看到了唯一一条线索，证实蒂娜在9月11日当晚待在公寓里。安娜的床边放着一块手表。杰克看了看时间：8:46。|《错误的印象》|Jeffrey Archer|true|en|false
20:46|2046-001|八点四十六分|听到提示音时，时间正好是八点四十六分。一立方英里的海水大约含有50磅黄金。|马其顿|Tom Lichtenberg|true|en|false
20:47|2047-000|20:47|弗利斯听到本的钥匙在门上叮当作响时，炉灶上的时钟显示20:47。不知从何时起，她的丈夫已经不再努力了。|《我们仅存的一切》|Catherine Miller|true|en|false
20:48|2048-000|差十二分九点|“它只需要差十二分九点，”康斯坦斯指出。“那如果真是这样呢？”|《老妇人的故事》|Arnold Bennett|true|en|false
20:49|2049-000|8点49分|8点49分，有人用力敲门，哈米什爵士低声咒骂了一句，大卫·希思去开门。他发现他的联络人站在那里。|原则问题|Jeffrey Archer|true|en|false
20:49|2049-001|8.49|8.49。我拿起电话，清了清嗓子，拨通了营地的电话，那是位于亚特兰大郊外的狼群据点。保持专业一点。这样看起来不那么可怜。|魔法流血|Ilona Andrews|true|en|false
20:50|2050-000|差十分钟九点|他匆匆给仆人打了个电话，匆匆穿好衣服，走到台阶上，完全忘记了那个梦，只担心会迟到。当他开车来到卡列宁家门口时，他看了看表，发现差十分钟九点。|安娜·卡列尼娜|Leo Tolstoy|true|en|false
20:50|2050-001|晚上8:50|晚上8:50。啊。图表。“IMC功能按钮。”但IMC功能是什么呢？|BJ单身日记|Helen Fielding|true|en|false
20:50|2050-002|九点差十分|伦敦所有的钟都在九点差十分敲响。|环游世界八十天|Jules Verne|true|en|false
20:50|2050-003|差十分钟九点|他瞥了一眼壁炉架上的座钟，但那钟已经停了，于是他掏出自己的怀表。“已经太晚了，”他说。“还差十分钟九点。”<br>“我的天哪！”她惊呼道，脸色变得苍白。“我该怎么办？”|不情愿的寡妇|Georgette Heyer|true|en|false
20:50|2050-004|晚上8点50分|是的，他每周四晚上8点50分前总是到家。|《无尽的玩笑》|David Foster Wallace|true|en|false
20:50|2050-005|差十分钟九点|它突然发出如此响亮的滴答声是什么意思？它的表盘显示差十分钟九点。弗洛克太太对时间毫不在意，滴答声继续响着。|秘密特工|Joseph Conrad|true|en|false
20:51|2051-000|差九分九点|我从差九分九点一直望着北极星，直到十点过后，我仰着头，直到头都疼了，努力克服眩晕，目光始终没有离开那遥远闪烁的星光，那是我们在天空中的约会，我试图看到你回望我的脸庞。|Belle du Seigneur|Albert Cohen|true|en|false
20:52|2052-000|8:52|“那是8:52的车，在唐卡斯特和彼得伯勒换乘。你应该在午夜刚过就回到剑桥。”|道吉·莫蒂默的右臂|Jeffrey Archer|true|en|false
20:52|2052-001|差八分九点|服务员端来了我的咖啡。我端到柜台另一头，慢慢地喝着。差八分九点。人们在装卸门前排起了长队，这意味着会有一辆巴士到达。|美元的另一面|Ross MacDonald|true|en|false
20:53|2053-000|八点五十三分|才八点五十三分。合伙人决策会议还有七分钟就开始了。我不知道我能不能忍受。|《不羁的女神》|Sophie Kinsella|true|en|false
20:54|2054-000|九点差六分|我试图重新开始我们餐桌上的谈话，之前我们一直在讨论智商测试的有效性，但他又开始情绪低落，我也不想费力去逗他开心。九点差六分铃声响起时，我松了一口气；现在也许我们能有点进展了。|死亡截止日期|Robert Goldsborough|true|en|false
20:55|2055-000|差五分钟到九点|梅拉尔·达瓦诺斯坐在疾病隔离病房那间一尘不染、四壁洁白的房间里的床上，抬头看了看墙上的钟。差五分钟到九点。|黑暗的根基|Chris Walley|true|en|false
20:55|2055-001|差五分九点|莱纳斯开始沿着走廊缓缓走去。雨水猛烈地拍打着他左侧的窗户。右侧壁灯里的灯光微微闪烁。他的便鞋在地板上发出吱吱的响声。他扯了扯领带。当他走到走廊的另一端时，已经过去了四分钟。根据他的手表显示，现在是差五分九点。|蔚蓝之海中的房子|TJ Klune|true|en|false
20:55|2055-002|晚上8:55|过去已逝。仪表盘上的时钟显示晚上8:55。最后一缕粉红色的夕阳正伸向夜空，拼命地想要再坚持一分钟。|如此高远|Chris Cole|true|en|false
20:56|2056-000|差四分钟九点|“7号铺位——二等车厢。先生还没来，现在差四分钟九点。”|东方快车谋杀案|Agatha Christie|true|en|false
20:57|2057-000|离九点还有三分钟|她指着手表，上面显示08:57，离九点还有三分钟。于是我跑进衣柜，躺在枕头上，裹上那条灰色绒毛毯，毯子边缘是红色的。|房间|Emma Donoghue|true|en|false
20:57|2057-001|九点差三分|“等着，”他郑重地说，“等到钟声敲响。我拥有远超常人的财富、权力和知识，但钟声一响，我就害怕了。在那之前，待在我身边。这个女人将属于你。瓦莱鲁纳世袭王子向你保证，在你结婚那天，我会给你十万美元和一座位于哈德逊河畔的宫殿。但宫殿里不能有钟——它们会衡量我们的愚蠢，限制我们的快乐。你同意吗？”<br>“当然，”年轻人兴高采烈地说，“反正它们很烦人——总是滴答作响，敲击着，害得你晚饭迟到。”他又瞥了一眼塔楼上的钟。指针停在九点差三分。|四百万|O. Henry|true|en|false
20:58|2058-000|差两分钟九点|“几点了？”她轻声问道，语气坚定而绝望。<br>“差两分钟九点，”他挣扎着回答，说出了实话。|《儿子与情人》|D.H. Lawrence|true|en|false
20:59|2059-000|九点差一分钟|但是，你不得离开营房超过两英里，你的举止必须符合皇家燧发枪兵的身份，并且你必须在九点差一分钟时清醒地回到警卫室报到。|直线飞行|Jeffrey Archer|true|en|false
20:59|2059-001|九点差一分|通常情况下，助理会在九点差一分帮他打开电视。他坐在那里，看着一位尼日利亚妇女讲解服装制作，随后是天气预报员，他告诉爱德华多，接下来一个月气温将持续高温。|政变|Jeffrey Archer|true|en|false
20:59|2059-002|晚上8点59分|“哇，真是太棒的美食体验了！”晚上8点59分，当普拉格的车停在她公寓门前时，伊娃说道。|美国中西部厨房|J. Ryan Stradal|true|en|false
21:00|2100-000|九点|那些必须准时上床睡觉、九点钟熄灯的人，可以在奥伯迈尔农场待到萤火虫和星星出现——直到中国灯笼点亮，他们才能再次和他们快乐的主人一起，在这些美丽摇曳的彩色灯光下漫步农场。|《爱的明亮山谷》|Edna Hong|true|en|false
21:00|2100-001|九点|暴风雨一直拖到九点才来，那时安德森已经相当肯定他们会遇到一场大雨——哈维尼特人称之为“真正的暴风雨”。|《汤米诺克》|Stephen King|true|en|false
21:00|2100-002|九|我派奶妈去的时候，钟敲了九下。<br>她答应半小时后回来。|罗密欧与朱丽叶|William Shakespeare|true|en|false
21:00|2100-003|晚上9点|已近晚上9点。满月被飘渺的薄雾模糊了，他们钝化的影子引领着他们穿过一片开阔的田野，走向远处幽暗的树林。|侏罗纪公园|Michael Crichton|true|en|false
21:00|2100-004|九点|星期六晚上九点，湖滨大道（Lakeside Avenue）这条主街上挤满了大约四千名喝啤酒的游客，其中大约一半骑着摩托车。|地狱天使|Hunter S. Thompson|true|en|false
21:00|2100-005|晚上九点|晚上九点，布莱克伯里大街。<br>电器商店的橱窗里，九台电视机播放着同样的画面。九台电视机闪烁的屏幕投射在空旷的空气中。|约翰尼和炸弹|Terry Pratchett|true|en|false
21:00|2100-006|九|他转过身，背对着窗户，双臂起了鸡皮疙瘩。他从红苹果商店买了个三明治，原本打算一边吃一边读那本也是在红苹果买的约翰·桑福德的平装书，但吃了两口后，他又把三明治包好，放在窗台上，让它保持低温。他或许晚点再吃剩下的，不过他觉得今晚应该不会熬夜到九点以后；如果能读完一百页，就算很不错了。|睡梦医生|Stephen King|true|en|false
21:00|2100-007|晚上九点|总之，这一切都发生在十月初一个刮风的夜晚。对于这个季节来说，天气其实有点闷热。傍晚时分，一群蚊子嗡嗡地飞来飞去，我记得我点了几盘蚊香来驱赶它们。风声很大。游泳池的门坏了，风吹得门砰砰地开合。我想把它修好，但是外面太黑了，所以门整晚都在砰砰地响。<br>我晚上九点的例行检查进行得很顺利，清单上的二十项几乎都完成了。|盲柳，睡女|Haruki Murakami|true|en|false
21:00|2100-008|九点|他一直笑着，笑得像一只吃饱喝足的粉红小臭虫。“我打电话给你的时候是九点，”他又说了一遍，“对吧？”我疲惫地点点头。是的，是九点。他现在肯定是九点，因为他记得自己掏出了手表。|北回归线|Henry Miller|true|en|false
21:00|2100-009|九点|九点钟，我又打了个电话。他接了。<br>“你想干什么？”他问。<br>“我希望听到你说你想我。”<br>“我想你，”他说。“就这些吗？”<br>我挂断了电话。|我的安息之年|Ottessa Moshfegh|true|en|false
21:00|2100-010|九|有一天，有人把一堆书放在东七十七街的路边，我把它们带回家，从头到尾读了一遍。一本美国酒驾史。一本印度菜谱。<em>《战争与和平》</em>。<em>《毛二世》</em>。<em>《意大利语入门》</em>。还有一本填字游戏书，我用自己能想到的最简单的词填满了它。就这样过了四五个星期。我没买手机。我扔掉了旧床垫。每天晚上九点，我伸个懒腰，打个哈欠，躺在光滑的硬木地板上，睡得很香。|我的休息与放松之年|Ottessa Moshfegh|true|en|false
21:00|2100-011|九点钟|大约九点钟，树林间的灯光熄灭了，庄园方向一片漆黑。|《福尔摩斯探案集》|Sir Arthur Conan Doyle|true|en|false
21:00|2100-012|九点|她回望过去，惊讶又困惑，随后变得桀骜不驯。她猛地合上笔记本电脑，塞进包里。她抽出一支笔，在餐巾纸上潦草地写下一个地址。“如果你改变主意，”她站起身，僵硬地说，“我今晚八点到九点之间会在这里。”|地下墓穴|Jeremy Bates|true|en|false
21:00|2100-013|九点钟|然而，九点钟的时候，王子穿着天鹅绒外套，配着貂皮领子和帽子，像往常一样出去散步了。|战争与和平|Leo Tolstoy|true|en|false
21:00|2100-014|九点钟|九点钟，艾米莉·布伦特站了起来。<br>她说：<br>“我要去睡觉了。”|《无人生还》|Agatha Christie|true|en|false
21:00|2100-015|晚上9:00|晚上9:00 看电视或视频|《深夜小狗神秘事件》|Mark Haddon|true|en|false
21:00|2100-016|晚上9点|晚上9点，外面很冷。|《无尽的玩笑》|David Foster Wallace|true|en|false
21:00|2100-017|九点|我今晚大约九点从汉堡男孩餐厅下班回家，有点惊讶，因为整个房子都黑漆漆的。|邓弗瑞夫人，你敢读这个吗？|Margaret Peterson Haddix|true|en|false
21:00|2100-018|九点|八月二日晚上九点——这是世界历史上最可怕的八月。人们或许会觉得上帝的诅咒已经沉重地笼罩着这个堕落的世界，因为闷热沉闷的空气中弥漫着一种令人敬畏的寂静和一种模糊的期待感。|《最后的鞠躬》——《福尔摩斯探案集》尾声|Sir Arthur Conan Doyle|true|en|false
21:00|2100-019|九点|在K.三十一岁生日前夜——大约九点钟，街上一片寂静——两位先生来到他的公寓。|审判|Franz Kafka|true|en|false
21:00|2100-020|九点|九点整，德沃特夫妇在客厅壁炉两侧落座，姿态优雅而又不失亲切。维维安·德沃特蓄着黑色胡须，身穿黑色天鹅绒外套，扣子扣在波西米亚式的胸膛上；他的妻子则穿着一袭飘逸的紫色长裙，裙摆上恰到好处地绣着石榴及其叶子。|激情婚姻|Katherine Mansfield|true|en|false
21:00|2100-021|九点|那天晚上九点刚过，韦罗特带着他的计划驱车前往库图佐夫的住所，那里将召开军事会议。所有纵队指挥官都被召集到总司令的住所，除了拒绝前来的巴格拉季昂亲王外，所有人都按时到场。|战争与和平|Leo Tolstoy|true|en|false
21:00|2100-022|晚上九点|周五晚上九点，暴风雪肆虐，他孤零零地站在极地星餐厅（Polar-Shtern Kafeteria）那片铬合金和瓷砖拼凑而成的荒凉空间里，是锡特卡区最孤独的犹太人。|意第绪语警察工会|Michael Chabon|true|en|false
21:00|2100-023|九点|当晚九点，总统向全国发表了讲话。|《总统班底》|Bernstein & Woodward|true|en|false
21:00|2100-024|九点|然后他穿上一件灰色外套，离开公寓前往阿莱格里亚广场。佩雷拉坚持说，当时已经九点了。|佩雷拉坚持|Antonio Tabucchi|true|en|false
21:00|2100-025|九点|这一次，晚上九点，她戴上自己最好的帽子，打算从城堡出发，沿着长长的车道，然后沿着金合欢树大道向北走去。然而，这想法却让她如临大敌，仿佛她怀疑有人在那里，有人在偷听她的心思。|提图斯·格罗恩|Mervyn Peake|true|en|false
21:00|2100-026|九点|晚上九点，我坐在朋友们中间写作，他们围着我聊天。我渐渐意识到，我表达自己变得越来越容易；我的笔尖飞快地划过，努力跟上我的想法。|《哈希什食客》|Fitz Hugh Ludlow|false|en|false
21:01|2101-000|晚上9:01|他想先给她准备一顿地道的美国大餐：芝士汉堡、薯条、土豆沙拉、可乐。他自己要一份苹果派当甜点。最后再加个冰淇淋，看着她扭动身体、发出尖叫。等她吃完，他要把她从椅子上抱起来，带到卧室，亲吻她的每一寸肌肤。他们会整夜缠绵，而这一次，他不会付钱。<br>他看了看表——晚上9:01|缓刑|James Han Mattson|false|en|false
21:01|2101-001|已经过了九点|已经过了九点。威廉做完了作业，吃完了晚饭。他跟父母和菲利普斯太太道了晚安后，就带着两只虫子、手电筒和放大镜蹑手蹑脚地上了楼，来到了阁楼。他想仔细看看那个信物。|阁楼上的城堡|Elizabeth Winthrop|true|en|false
21:01|2101-002|大约九点钟|在K.三十一岁生日前夜——大约九点钟，街上一片寂静——两位先生来到他的公寓。|审判|Franz Kafka|true|en|false
21:01|2101-003|九点以后|善良的布兰特一家不允许孩子们在夏日的晚上九点以后出去玩；他们那时就被送去睡觉；埃迪很守规矩地留了下来，但乔治通常在十点左右从窗户溜出去，一直玩到午夜。|爱德华·米尔斯和乔治·本顿：一个故事|Mark Twain|true|en|false
21:01|2101-004|晚上九点左右|比利·韦弗乘坐下午的慢车从伦敦一路南下，途中在斯温顿换乘，到达巴斯时已是晚上九点左右，月亮正从晴朗的星空下缓缓升起，照耀着车站对面的房屋。但空气冷得刺骨，风像冰刀一样刮在他的脸颊上。|《女房东》|Roald Dahl|true|en|false
21:02|2102-000|九点零两分|我匆匆穿过广场，看了看表，九点零两分。上次他让我等了很久。|《黄鼠狼来了》|James Patterson|true|en|false
21:03|2103-000|九点零三分|塞巴斯蒂安仍然坐在那里，盯着电话，盼着它响起来。九点零三分，有人听从了他的命令。|小心你的愿望|Jeffrey Archer|true|en|false
21:03|2103-001|九点零三分|时钟显示九点零三分。往返于特恩希尔镇的电动车每隔五分钟就隆隆驶过莫尔夫斯酒吧门口，一直持续到午夜。|时钟为何停止|Arnold Bennett|true|en|false
21:04|2104-000|9点04分|在一盏窄光束灯笼的照耀下，皮尔斯看了看表。9点04分。这意味着他们还有一个小时的时间找到钥匙，然后巴洛就会制造混乱掩护他们逃跑。|《火车大劫案》|Michael Crichton|true|en|false
21:04|2104-001|晚上9:04|晚上9:04<br>“凌晨2点到达，你觉得怎么样？”迪米特里·斯皮罗斯用的是一部未加密的无线电，但他别无选择。“那大概给我们29个小时。足够我们把所有东西都准备好。”|独眼巨人计划|Thomas Hoover|true|en|false
21:04|2104-002|晚上9点04分|晚上9点04分，三叶虫游了出来，紧接着伯吉斯页岩中那些形状优美的生物也出现了。|《万物简史》|Bill Bryson|true|en|false
21:05|2105-000|九点零五分|九点零五分。书房天花板上传来一个声音：“麦克莱伦太太，您今晚想读哪首诗？”屋里一片寂静。声音最后说道：“既然您没有特别的偏好，我就随机选一首吧。”|柔雨将至|Ray Bradbury|true|en|false
21:06|2106-000|九点零六分|《巴黎女人》？她要来这里！<br>“是的，和她父亲一起，明天九点零六分到的火车。”|《墨迹》|René Bazin|true|en|false
21:07|2107-000|九点零七分|他摇上车窗，熄火，然后俯身去打开后备箱。我看了看表，九点零七分。|甚至|Andrew Grant|true|en|false
21:08|2108-000|九点零八分|九点零八分整，断层在之前的震动下已经变得脆弱，现在毫无预兆地剧烈移动，滑落了大约一百英尺，带走了数十亿吨的水。|海神号遇险记|Paul Gallico|true|en|false
21:09|2109-000|9.09|9.09。回头已经太晚了。太晚了，太危险了。|离别之梦|Rupert Thomson|true|en|false
21:10|2110-000|21:10|哈利意识到，如果他想及时赶回机场搭乘21:10飞往希思罗机场的航班，就只有二三十分钟的空闲时间了。但这应该足够了。|比剑更强大|Jeffrey Archer|true|en|false
21:10|2110-001|9点10分|她喜欢在大多数晚上九点新闻结束后去游泳；每个人都知道——至少，所有认识她的人都知道。而星期天的新闻是在9点10分播出。|《装置与欲望》|P.D. James|true|en|false
21:10|2110-002|九点十分|伊沃，星期二晚上你去哪儿了？你以前从没迟到过，总是比我们其他人都早到。但你到的时候已经是九点十分了。|《死亡的滋味》|P.D. James|true|en|false
21:10|2110-003|晚上9:10|晚上9:10 “打开录音机时，您必须调整时钟和日历，以便进行精确的定时录音（别忘了使用快速调整选项切换夏令时和冬令时）。时钟菜单以红色数字6开头。”|BJ单身日记|Helen Fielding|true|en|false
21:11|2111-000|9点11分|这些新锁很容易就被阿加尔打开了。9点11分，他们猛地推开铁栅门，进入了真正的酒窖。他们立即开始寻找钥匙。|火车大劫案|Michael Crichton|true|en|false
21:11|2111-001|9.11|这栋房子每隔几秒钟就变换一次气氛，一会儿阴森恐怖，一会儿又像守法公民的无辜居所，即将遭到我的私人军队的攻击。夜光手表显示9.11。|伊普克雷斯档案|Len Deighton|true|en|false
21:12|2112-000|晚上9点12分|当晚一轮满月高悬，天空澄澈如镜。晚上9点12分，一枚老旧的俄罗斯火箭重返地球大气层，爆炸后化作耀眼的彗星，拖着长长的燃烧尾巴划破夜空。|魔鬼桥下|Loreth Anne White|true|en|false
21:12|2112-001|21:12|苏珊·特罗特（Susan Trott）——黑松鸡小屋（Black Grouse Cottage）的住户——于21:12向我们报案（罗格，她报案的速度简直快得令人难以置信）。据她所述，当时她正在“寻找刺猬，却惊恐地发现邮箱门掉了下来，就那样躺在地上。”|伯利十字路口邮箱失窃案|Nicola Barker|true|en|false
21:13|2113-000|九点十三分|如今奥伯哈默的宅邸已然腐朽：窗户被木板封住，墙壁缠绕着铁链，以免被上方那座荒诞建筑的重压压垮。钟楼永远显示着九点十三分，那是老鼠、蝙蝠、疯子，以及深门平民所构想出的所有食尸鬼和恶魔出没的时间。|疤痕之夜|Alan Campbell|true|en|false
21:14|2114-000|九点过十四分|他隐约意识到自己正试图把戒指戴到米莉的手指上；戒指戴上后远不如在珠宝店里那么合身。埃兹拉咧嘴笑着——露出象牙般的笑容，就像珐琅彩的栅栏——现在是九点过十四分——卡罗尔说过她想把客厅布置成米申|迷雾|William Dudley Pelly|true|en|false
21:15|2115-000|九点一刻|现在回红苹果酒吧还不算晚。拿瓶酒喝。把这些不愉快的事情都抛到脑后。<br>不。他要看书。卢卡斯·达文波特正在办案，他要看书。<br>九点一刻，他合上书，躺到另一间旅馆的床上。我睡不着，他想。风这么大，我睡不着。<br>但他还是睡着了。|睡梦医生|Stephen King|true|en|false
21:15|2115-001|九点一刻|我从家出发，穿过公园，沿着牛津街走到贝克街，那时是九点一刻。|《福尔摩斯探案集》|Sir Arthur Conan Doyle|true|en|false
21:15|2115-002|9.15|9.15. 罗伯茨付你钱了吗？|尤利西斯|James Joyce|true|en|false
21:15|2115-003|九点十五分|我们该怎么办？要不要试着走到克拉珀姆商业街？可是那地方离这儿可远着呢。我瞥了一眼手表，震惊地发现已经九点十五分了。我们磨蹭了一个多小时，连杯酒都没喝。这都是我的错。我连一个简单的晚上都安排不好，总是搞得一团糟。|你能保守秘密吗？|Sophie Kinsella|false|en|false
21:16|2116-000|晚上9点16分|伦纳德看了看表——晚上9点16分。他走到电脑前，登录了他的AOL账户。尽管他被告知不要发邮件，但他还是给约翰写了一条信息。<em>你会给我打电话吗？</em> 他退出了账户。|缓刑|James Han Mattson|true|en|false
21:17|2117-000|21:17|21:17，星期日晚上，Angbyplan。有人看到一名男子在理发店外。他将脸和手贴在玻璃上，看起来醉得很厉害。|生人勿进|John Ajvide Lindqvist|true|en|false
21:18|2118-000|九点十八分|如果她公寓里有人，情况也一样。那样的话，他就会说他路过，认出了她那迷人的房子，就想进去看看。马丁先生拐进第十二街时，是九点十八分。|《猫鸟之位》|James Thurber|true|en|false
21:19|2119-000|九点十九分|门德尔松那该死的协奏曲的第一乐章大约十二分半钟长。那个犹太人九点十九分开始演奏它。|金钱，金钱，金钱|Ed McBain|true|en|false
21:20|2120-000|9点20分|9点20分，他关掉电视，一动不动地坐了几分钟，托盘还放在腿上。他想，自己现在的样子一定像一幅现代画作《托盘上的男人》，一个僵硬的身影，置身于一个看似平凡却又非同寻常，甚至有些诡异的场景中。|《诡计与欲望》|P.D. James|true|en|false
21:20|2120-001|九点二十|格兰特知道动物经常会进行这种交配仪式，而且会持续好几个小时。它们不吃不喝，什么都顾不上……他瞥了一眼手表。九点二十。|侏罗纪公园|Michael Crichton|true|en|false
21:20|2120-002|九点二十分|所有人都吃得很开心。他们对自身和生活都感到满意。时钟指向九点二十分。一片寂静——一种令人感到舒适而满足的寂静。|《无人生还》|Agatha Christie|true|en|false
21:20|2120-003|晚上9:20|晚上9:20 喝果汁吃点零食|深夜小狗神秘事件|Mark Haddon|true|en|false
21:20|2120-004|九点二十分|九点二十分，邓斯特布尔公爵还在房间里等着他的咖啡和利口酒，他之前一直在房间里用托盘用餐。|《春天里的弗雷德叔叔》|P.G. Wodehouse|true|en|false
21:21|2121-000|九点二十一分|这些证人能惊人地准确回忆起一年多前9月23日晚八点十七分到九点二十一分之间发生的每一个细节；但他们怎么也想不起来十分钟前或十分钟后他们在哪里，做了什么，或者上周五晚上九点钟他们在哪里。|《泥巴》|Edgar Rice Burroughs|true|en|false
21:22|2122-000|21:22|十五分钟后（21:22），斯奎尔小姐抵达斯基普顿，并在当地一家民宿预订了房间。这家民宿就在玛丽·卡拉汉的羽毛剪发店对面。|伯利十字路口邮筒失窃案|Nicola Barker|true|en|false
21:22|2122-001|9:22|两天后，即2月2日耶路撒冷时间9:22，统治者对班纳米尔和地球之间的22个世界发动了同步大规模攻击。|《无限之日》|Chris Walley|true|en|false
21:23|2123-000|晚上9点23分|我父亲在车站接我，狗狗跳起来迎接我，结果没抓住，差点摔倒在晚上9点23分开往伯明翰的特快列车前面。|《13岁又四分之三的艾德里安·莫尔的秘密日记》|Sue Townsend|true|en|false
21:24|2124-000|晚上9:24|你如何判定一段婚姻的终结时间？<br>对其他人来说这或许是个难题，但我很幸运，我的婚姻已经有了时间戳。<br>晚上9:24|Bath Haus|P.J. Vernon|true|en|false
21:25|2125-000|九点二十五|他桌上的电话响了，吓了他一跳。是九点二十五。他这才意识到自己刚才一直像着了魔一样坐着。|灯塔|P.D. James|true|en|false
21:25|2125-001|晚上9:25|晚上9:25。啊！电视上突然出现主菜单，显示“按6”。哦，天哪。我意识到我刚才不小心用了电视遥控器。现在新闻开始了。|BJ单身日记|Helen Fielding|true|en|false
21:25|2125-002|九点二十五|如果汤姆·蒂尔将来成为一名建筑师，这就是他要工作的桌子。此刻，桌子是平放的，上面放着一个钟、一盏坏掉的电灯、一根燃烧的蜡烛，还有一台收音机，收音机的塑料外壳里嵌着另一个钟。两个钟都显示九点二十五。|凯恩之书|Alexander Trocchi|true|en|false
21:26|2126-000|九点二十六分|九点二十六分。正如他所料，自从柯里在他麦迪逊大道的住所安装了私人线路以来，每晚都会发生这种情况：线路上城那头的接线员关掉了电话。|窃听者|Arthur Stringer|true|en|false
21:26|2126-001|21:26|他开始说道：“恐怖分子昨晚21:26越过边境。他们向移民官员出示了四本护照盖章。其中三本是瑞典护照，一本是伊拉克护照。”|盗亦有道|Jeffrey Archer|true|en|false
21:27|2127-000|9点27分|“你一定很久没去巴黎购物了吧，”她告诉他。“这点钱差不多够买条牛仔裤和几件T恤了。”克拉茨不情愿地又给了她五千法郎。<br>9点27分，电话响了。|盗亦有道|Jeffrey Archer|true|en|false
21:27|2127-001|晚上九点二十七分|电话是在晚上九点二十七分打来的，那时夜幕已经笼罩了大部分天空。西方的地平线上还有一条狭长的褪色的蓝色，更像是光的记忆，但它很快就会消失。|炼狱岭|William Kent Krueger|true|en|false
21:28|2128-000|晚上9点28分|从那一刻起——1941年6月18日晚上9点28分——一切都变了。|一切都被照亮了|Jonathan Safran Foer|true|en|false
21:28|2128-001|9点28分|电话是在9点28分拨出的。这是又一条重要的证据。它证实了他们从一开始就怀疑的事情：凶手就在圣安瑟伦教堂。|圣职人员之死|P.D. James|true|en|false
21:29|2129-000|9点29分|当时是9点29分，拉斐尔最后一个走进圣器室，只见塞巴斯蒂安神父正在脱下斗篷，准备换上圣袍去主持礼拜。|圣职殉道|P.D. James|true|en|false
21:30|2130-000|九点半|我们有三年的过去要讨论。九点半之前就先讨论这些吧，之后我们再开始讲述空屋奇遇记。|空屋|Sir Arthur Conan Doyle|true|en|false
21:30|2130-001|九点半|格兰特睁开了眼睛。一道耀眼的蓝光透过大门的栏杆照射进大楼。石英灯：电力恢复了！他迷迷糊糊地看了看手表。才九点半。他只睡了几分钟。|侏罗纪公园|Michael Crichton|true|en|false
21:30|2130-002|晚上九点半|男人们晚上九点半来。罗克西那天晚上本该去她表妹家；这事儿安排了好几个星期了，但她因为妈妈没给她从Primark买到合适的连裤袜而顶嘴，所以她妈妈说：“你不许去，你待在家里。”|权力|Naomi Alderman|true|en|false
21:30|2130-003|九点半|然后就在九点半之前，他开始让他们赢，让他们赢回来，赢得如此之快，以至于他们几乎不记得自己输过。他付清了最后几支烟，放下牌，叹了口气向后靠去，把烟帽从眼睛里推出来，游戏结束了。|飞越疯人院|Ken Kesey|true|en|false
21:30|2130-004|九点半|九点半的时候，他坐在床边看着手表。他把手表贴到耳边，然后嘴角露出一丝他特有的、古怪的、狼一般的微笑。他轻声说道：<br>“我想是时候采取行动了。”|《无人生还》|Agatha Christie|true|en|false
21:30|2130-005|晚上9:30|晚上9:30睡觉|深夜小狗神秘事件|Mark Haddon|true|en|false
21:30|2130-006|九点半|四十八岁，周五晚上九点半还在熟睡——这就是现代职业生活。|星期六|Ian McEwan|true|en|false
21:30|2130-007|晚上9:30|已经晚上9:30了。我得去城北见帕维尔了。帕维尔是我的心理医生。他晚上看诊。他是一位捷克犹太人，是特雷津和奥斯维辛集中营的幸存者。我每周见他一次。|《鼠族》|Art Spiegelman|true|en|false
21:30|2130-008|九点半|格林先生厨房的灯在九点半突然熄灭，随后在他平常十点钟的时候，卧室的灯也熄灭了。他家是这条街上第一户停电的。|邻里罪案|Suzanne Berne|true|en|false
21:31|2131-000|9点31分|他的手机在9点31分响了。帕特接起电话，听到电话那头是莱维先生的声音，松了一口气。|你永远不会后悔|Jeffrey Archer|true|en|false
21:31|2131-001|9:31|我从冰箱里拿出一些果汁，坐在厨房的桌子旁。桌子上有一张女朋友留下的纸条：“出去吃饭了。9:30之前回来。”桌上的电子钟显示9:30。我看着它翻到9:31，然后又翻到9:32。|寻羊冒险记|Haruki Murakami|true|en|false
21:32|2132-000|9:32|我从冰箱里拿出一些果汁，坐在厨房的桌子旁。桌子上有一张女朋友留下的纸条：“出去吃饭了。9:30之前回来。”桌上的电子钟显示9:30。我看着它翻到9:31，然后是9:32。|寻羊冒险记|Haruki Murakami|true|en|false
21:32|2132-001|9:32|杰拉尔丁乘坐的巴士将于9:32从位于本萨勒姆镇的疗养院返回。出于自尊心，尽管车程超过半小时，她还是拒绝待到早上。|星期一售出|Kristina McMorris|true|en|false
21:33|2133-000|差27分10点|我到达避暑别墅时大概是差27分10点。拉尔夫正在等我。|罗杰·艾克罗伊德谋杀案|Agatha Christie|true|en|false
21:34|2134-000|晚上9:34|谢谢；我将于26日晚上9:34到达，请等我；三个小时后，我收到回复：“很高兴；请带一个3号Rippingille炉子”——这则指示令人费解，又透着不祥之兆，尽管内容本身并不令人意外，却还是让我不寒而栗。|沙滩之谜|Erskine Childers|true|en|false
21:35|2135-000|九点三十五|上校跑过去，跳上车，迅速驶下皇家花园酒店的坡道，然后左转进入肯辛顿宫花园。亚当看了看表：九点三十五。|荣誉之战|Jeffrey Archer|true|en|false
21:35|2135-001|差25分10点|苔丝看了看表，惊讶地发现才差25分10点。她好像四年前，给弗里茨喂了双倍的口粮就离开了家。也许是五年前吧。她好像听到了引擎靠近的声音，但随即又否定了。|《漆黑一片，没有星星》|Stephen King|true|en|false
21:35|2135-002|晚上9点35分|警官把它记在一张纸上。“这和他自己的说法吻合：晚上9点35分，巴德离开；北边的女士到达。”|钝器|Georgette Heyer|true|en|false
21:36|2136-000|9点36分|当时是9点36分，交通已经顺畅了。他走到负责协调市电影电视办公室拍摄工作的警官身边。|盗亦有道|Jeffrey Archer|true|en|false
21:36|2136-001|9:36|我的背包已经打包好了，其他用品也都准备好了，比如高度计、格兰诺拉麦片棒，还有我在中央公园找到的瑞士军刀，所以没什么其他事可做了。妈妈在9:36给我盖好了被子。|特别响，非常近|Jonathan Safran Foer|true|en|false
21:37|2137-000|21:37|昨晚几点发生的？<br>“我们 21:37 接到了紧急求助电话，”他一边查看笔记一边回答。<br>“她为什么往里看？这是个露台，她是不是路过窗户了？”|离经叛道的种族|Stephen Coill|true|en|false
21:38|2138-000|九点三十八分|九点三十八分，服务员回来给我们加了一份奶酪、萨拉米香肠和沙丁鱼。一直在兑换英镑的吉生先生一脸困惑，说他完全不知道英属洪都拉斯的出口贸易规模如此之大。|猪和胡椒|David Footman|true|en|false
21:39|2139-000|差21分钟十点|弗莱奇看了看表。差21分钟十点。他本能地估算着警察的速度。|坦白吧，弗莱奇|Gregory Mcdonald|true|en|false
21:40|2140-000|9点40分|“吹口哨者”的第四个受害者是他最小的，瓦莱丽·米切尔，年仅十五岁零八个月零四天。她因为错过了从伊斯特黑文开往科布沼泽的9点40分巴士而丧命。|《诡计与欲望》|P.D. James|true|en|false
21:41|2141-000|21:41|“再说一遍，警官，”沃伦问道，尽管他很确定自己第一次就听清楚了。<br>“一辆皇家邮政的邮递车于 21:41 驶过一个交通摄像头，该摄像头位于体育中心西南方向约四分之三英里处。”|无风不起浪|Paul Gitsham|true|en|false
21:42|2142-000|晚上9:42|兰登看了看他的米老鼠手表。晚上9:42|失落的符号|Dan Brown|true|en|false
21:43|2143-000|晚上9:43|晚上9:43<br>“我们会一起工作的，孩子，”多尔·佩雷茨说道。“我们是一个团队。”他向后捋了捋他那灰白相间的头发，然后走到乔治·勒法格旁边。|独眼巨人计划|Thomas Hoover|true|en|false
21:44|2144-000|差十六分十点|1671年1月的那个夜晚，岛屿在差十六分十点陷落，伴随着大量的喊叫声、尖叫声和空包弹射击，劫掠和破坏极少，一些。|石笛|Charles Stough|false|en|false
21:45|2145-000|十点差一刻|哈蒂肯定很快就会回来。只要查尔在房间里，她就不会离开太久。<br>我的舞会在十点差一刻钟响起时结束。|魔法灰姑娘|Gail Carson Levine|true|en|false
21:45|2145-001|晚上9:45|但出于某种难以理解的原因——出生、死亡、宇宙的终结以及人类所能拥有的一切——科迪·门霍夫的店在周四晚上9:45关门了……|裂岩|T.C. Boyle|true|en|false
21:46|2146-000|晚上9:46|晚上9:46<br>“但我还在完成我应该做的轨迹默认分析，”勒法格对多尔·佩雷茨说，希望能拖延一下。“我才完成了一半——”|独眼巨人计划|Thomas Hoover|true|en|false
21:47|2147-000|9点47分|“她死了，”他确认道。“一定是突然发生的，几乎没有痛苦。”他看了看表，时间是9点47分。他用毯子盖住病人，然后叫了救护车。|旧爱|Jeffrey Archer|true|en|false
21:47|2147-001|九点四十七分|没错……九点四十七分和九点四十八分。他们同时死去。<br>“那不是同一时间，哈利。”<br>我不耐烦地挥了挥手。|血祭仪式|Jim Butcher|true|en|false
21:47|2147-002|差十三分十点|对于受过精确计时训练的亨特来说，最后的紧急情况始于差十三分十点。|革命者的挽歌|C.J. Driver|true|en|false
21:48|2148-000|九点四十八分|没错……九点四十七分和九点四十八分。他们同时死去。<br>“那不是同一时间，哈利。”<br>我不耐烦地挥了挥手。|血祭仪式|Jim Butcher|true|en|false
21:48|2148-001|九点四十八分|这是我在10月15日星期五晚上九点四十八分在瓦平无罪步道无罪之家第一次看到的尸体。|原罪|P.D. James|true|en|false
21:49|2149-000|差十一分钟到十点|查看TIMETRV的链接时间。<br>我读了列表。“5月15日，差十一分钟到十点。怎么样？”<br>“现在看看目标文件的创建时间。”吉布的眼睛闪闪发光。|黑客|Malorie Blackman|true|en|false
21:50|2150-000|晚上9:50|他打开小屋的门，进去后便瘫倒在床上，任务完成。他看了看表：晚上9:50。看来还要等很久。|小心你的愿望|Jeffrey Archer|true|en|false
21:50|2150-001|九点五十分|不，他的手表显示九点五十分。他们应该已经穿过灌木丛了。他打开门，走进了黑暗中。没有星星，低垂的云层甚至遮住了月亮。|灯塔|P.D. James|true|en|false
21:50|2150-002|差十分钟到十点|她难得早到一次，在差十分钟到十点时到了“光辉”，用钥匙开门进去，穿上莎妮塔为她们设计的淡紫色和水蓝色工作罩衫，让顾客知道她们自己并不是顾客。|《强盗新娘》|Margaret Atwood|true|en|false
21:50|2150-003|九点五十分|九点五十分，居民们都离开了，机器又开始平稳地运转起来。护士从玻璃柜里看着活动室；眼前的景象再次呈现出那种清晰如蓝钢般的锐利，那种干净利落、井然有序的卡通喜剧般的景象。|飞越疯人院|Ken Kesey|true|en|false
21:50|2150-004|差十分钟|菲利普·隆巴德说：<br>“现在几点？”<br>“差十分钟，先生。”<br>隆巴德扬了扬眉毛，缓缓地点了点头。|无人生还|Agatha Christie|true|en|false
21:50|2150-005|差十分钟|我昏倒在路上，从钟表的灯光下看到，还差十分钟。在我面前是一座大楼，上面写着一个神奇的名字。|都柏林人|James Joyce|true|en|false
21:51|2151-000|9点51分|他们停在为安放《独立宣言》而建造的巨大混凝土块前，就像牧师在祭坛前一样。斯科特看了看表，9点51分。|盗亦有道|Jeffrey Archer|true|en|false
21:51|2151-001|晚上9:51|晚上9:51<br>…你好，苏豪区。蓝鸟需要你帮个忙。你能打开服务器吗？|独眼巨人计划|Thomas Hoover|true|en|false
21:52|2152-000|晚上9:52|晚上9:52<br>“乔治是个天才，”她转过身说，“但这可能根本不可能。以前从来没有人做到过。”|独眼巨人计划|Thomas Hoover|true|en|false
21:53|2153-000|差七分十点|人们不会那样跟她说话。她父亲是律师。当时是差七分十点。|《魔女嘉莉》|Stephen King|true|en|false
21:54|2154-000|9:54|丹尼快步走回酒店，每到一个路口都仔细查看，直到最后看到一块石板上用大字刻着“阿盖尔街”的字样。他拐进街道时看了看表：9:54。|《生而囚徒》|Jeffrey Archer|true|en|false
21:55|2155-000|差五分十点|通往博物馆的车道上的路灯依然亮着，当她转过最后一个弯时，看到每扇窗户都灯火通明，仿佛这里正在准备一场庆祝活动。她看了看表；差五分十点。参观团应该已经到了。|谋杀室|P.D. James|true|en|false
21:55|2155-001|差五分十点|大约差五分十点，玛莎把一锅牛奶放在炉子旁慢慢加热。在马丁格尔，她几乎每天晚上都这样做，这样她就可以早点睡觉。|遮住她的脸|P.D. James|true|en|false
21:56|2156-000|还有四分钟就到十点|他伸手去拿怀表，发现小比利刚才的一抓已把他的大衣扯开了。他划了一根火柴，看清还有四分钟就到十点——他还有四分钟赶到下一个街角。两分钟就能赶到，不过也该动身了。|火山|Norman Springer|true|en|false
21:57|2157-000|晚上9:57|科克在所有记录中唯一注意到的两项是来自奥罗拉市长威尔弗雷德·利平斯基家中的两通电话，一通是晚上9:57，另一通是晚上10:41。如果利平斯基有知道瓦尔哈拉派对的青少年子女，这些电话倒也不足为奇，但利平斯基的孩子们早已长大成人，搬走了，所以科克感到疑惑。|血谷|William Kent Krueger|true|en|false
21:57|2157-001|21:57|倒数第二个，嵌入式时钟从21:57闪烁到21:58。纳皮尔的目光沉了下去，初升的阳光斜照在古老的橡树上，洒在一条消失的河流上。看，乔，苍鹭|云图|David Mitchell|true|en|false
21:57|2157-002|差三分钟到十点|等候的人掏出一块漂亮的怀表，表盖上镶嵌着小钻石。“差三分钟到十点，”他宣布道。|《四百万》|O. Henry|true|en|false
21:57|2157-003|晚上将近十点|有些人到了，我们享用了丰盛的晚餐，晚会的娱乐活动在晚上将近十点开始。|堂吉诃德|Miguel de Cervantes|true|es-ES|false
21:58|2158-000|21:58|倒数第二个，嵌入式时钟从21:57闪烁到21:58。纳皮尔的目光沉了下去，初升的阳光斜照在古老的橡树上，洒在一条隐没的河流上。看，乔，苍鹭|云图|David Mitchell|true|en|false
21:59|2159-000|差一分十点|差一分十点，天空被直升机的旋翼声点亮。和在盛会现场一样，三架直升机带来了几位权贵：福图纳托（这次没有巴比伦谜团的代表），以及卡帕西亚。|刺客|Tim LaHaye and Jerry B. Jenkins|true|en|false
21:59|2159-001|晚上9:59|晚上9:59<br>莫罗从最后一丛柏树中走出来，环顾四周，月光下的山峰巍峨耸立，他心想那个混蛋会躲在哪里。有一个地方很明显——就在那座水泥砖砌成的控制室里。|独眼巨人计划|Thomas Hoover|false|en|false
22:00|2200-000|十点|上海的钟表调快了一个小时，以便“节省日光”，但白家却说：“我们按老钟来。”对他们来说的十点，对其他人来说就是十一点。他们的歌声总是跟不上节奏，跟不上胡琴那凄凉凄凉的琴声。|《倾城之恋》|Eileen Chang|true|en|false
22:00|2200-001|十点|今天十点钟，第一台时间机器开始了它的征程。我最后敲了敲它，又试了一遍所有的螺丝，在石英棒上又滴了一滴油，然后坐了上去。我想，一个拿枪指着自己脑袋的自杀者，对未来会发生什么，和我当时的感觉差不多。|时间机器|H.G. Wells|false|en|false
22:00|2200-002|十点|这是一个流动集市，我们可以想象，在青少年尖叫的喧闹声、过山车的嘎嘎声、旋转木马的隆隆声、小贩的叫卖声以及游乐场音乐的低音轰鸣声中，公共广播系统能起到多么微弱的作用。到了十点，当喧嚣渐渐平息，大部分狂欢者都已散去，消失在夜色中时，仍然没有人站出来认领那个小女孩。|《巧合：一部小说》|J.W. Ironmonger|true|en|false
22:00|2200-003|十点|夜里，一片寂静，仿佛回荡在远方。114号公路上车水马龙，十点左右就完全不见踪影了。十点过后，我栖身的这片天地，只剩下潜鸟和松树间的风声。|1963年11月22日|Stephen King|true|en|false
22:00|2200-004|十点钟|十点钟的时候，他去了新宿，用信用卡买了一台富士通文字处理器。这是最新款，比之前的版本轻便得多。|1Q84，第一卷|Haruki Murakami|true|en|false
22:00|2200-005|十点钟|除了我们稍后会提到的那两三条街道，那里到处都是墙壁和寂静。没有商店，没有车辆，窗户里也只有零星的蜡烛；十点钟的时候，所有的灯都熄灭了。|悲惨世界|Victor Hugo|true|en|false
22:00|2200-006|十点|当时是十点钟。现在他死了，警察要来了，我肯定会被怀疑与此事有关。哦，是的，我肯定会。|《四签名》|Sir Arthur Conan Doyle|true|en|false
22:00|2200-007|十点|星期六晚上，我依然坐在宿舍大厅的同一把椅子上。我知道不会有电话打来，但我不知道还能做什么。我打开电视，假装在看棒球比赛。然后凝视着我和电视机之间那片模糊的空间。我把那空间分成两半，再分成两半。我一遍又一遍地重复着，直到我创造出一个小到可以放在手掌里的空间。<br>十点，我关掉电视，回到房间，睡着了。|盲柳，睡女|Haruki Murakami|true|en|false
22:00|2200-008|十点|总之，当他再次看表时，已经十点了。十点钟的时候，她正躺在沙发上，双手捧着自己的乳房。他就是这样一点一点地给我的。|北回归线|Henry Miller|false|en|false
22:00|2200-009|晚上十点|而现在，有时，就在一切纷扰之中，有时，当我感觉自己彻底摆脱了所有烦恼，突然间，或许是在转过一个街角，就会出现一个小广场，几棵树，一条长椅，一个我们曾经站着争吵、曾经因为嫉妒而互相折磨的荒凉之地。总是一些荒凉的地方，比如埃斯特拉帕德广场，或者清真寺附近那些阴暗、哀伤的街道，或者沿着布勒特伊大道那条如同敞开的坟墓般的街道，晚上十点，那里如此寂静，如此死寂，以至于让人联想到谋杀或自杀，任何可能留下人类戏剧痕迹的事情。|北回归线|Henry Miller|true|en|false
22:00|2200-010|晚上十点|晚上十点，大家都回家了。我拖着沉重的脚步爬上黑暗的楼梯，去收拾我的办公桌。没有一丝悲伤或怀旧，只有厌恶，我本可以睡觉，什么都不想，却把那么多时间浪费在了不必要的劳动上。我真是太傻了，竟然相信工作会给我的生活增添价值。|我的休息与放松之年|Ottessa Moshfegh|true|en|false
22:00|2200-011|十点|D日。十点钟，不死族们都睡下后，我半小时就到了厄尼的房间。“如果你觉得自己不行，这是你最后一次机会退出，”那个狡猾的苏格兰人告诉我。<br>“我这辈子从没退过门，”我含糊其辞地回答道。|云图|David Mitchell|true|en|false
22:00|2200-012|十|“有人正在策划一起重大犯罪。我有充分的理由相信我们能够及时阻止它。但今天是星期六，这让事情变得有些复杂。我今晚需要你的帮助。”<br>“几点？”<br>“十点应该足够早。”<br>“我十点会在贝克街。”|《福尔摩斯探案集》|Sir Arthur Conan Doyle|true|en|false
22:00|2200-013|十点|她不安地动了动膝盖，站了起来。<br>“十点了，”她说道，显然是在看天花板上的时间。“乖乖女该睡觉了。”|《了不起的盖茨比》|F. Scott Fitzgerald|true|en|false
22:00|2200-014|十点钟|大家都在吃东西，我也只是随便吃了几口，丹妮尔说：“威尔，计划是这样的。我们大约十点钟到达地下墓穴入口。我们将走四个小时，然后休息一个小时。之后再走两个小时左右就能到达发现相机的地方。”|地下墓穴|Jeremy Bates|true|en|false
22:00|2200-015|十点|十点钟，她走进双人牢房，和她同住的女人已经睡着了。牢门发出令人安心的哐当声，锁也咔哒一声锁上了。被囚禁在里面反而让她感到安全，因为她知道自己体内还有另一个人，这个人能够做出她以前从未想过的冒险和扭曲行为。|《心之所向》|Margaret Atwood|true|en|false
22:00|2200-016|十点|伊娃独自一人坐在房间里那张小得可怜的儿童书桌前，写完了有史以来最无聊的作业的最后一行。虽然她很想立刻开始今晚真正的任务，但她还是把那盒吉事果放在床底下，关上了。她的父母在工作日的晚上十点就睡觉了。只剩下三个半小时的等待时间了。|美国中西部厨房|J. Ryan Stradal|true|en|false
22:00|2200-017|十点|十点钟的时候，他们身无分文。他们用最后的十一美分饱餐了一顿，然后一边唱歌，一边漫步穿过木板路上的赌场和灯光璀璨的拱门，停下来欣赏所有乐队的演奏。|人间天堂|F. Scott Fitzgerald|true|en|false
22:00|2200-018|十点|与此同时，城中圣徒的鲜血呈现出一系列科学前所未知的特性。一位女士的鲜血每周二的十点准时液化，而圣乔瓦尼的鲜血则在听到圣经经文时欣然沸腾。|婚礼官|Anthony Capella|true|en|false
22:00|2200-019|22:00|他瞥了一眼钟。22:00。快到午夜了。他赶紧穿好衣服。|《安德洛墨达病毒》|Michael Crichton|true|en|false
22:00|2200-020|十点|到了十点，奎尔已经喝醉了。人群熙熙攘攘，拥挤不堪，以至于纳特比姆根本挤不出去，他无法穿过走廊或走到门口，只好对着蓝色桶里剩下的薯片撒尿，树立了一个好榜样。|航运新闻|E. Annie Proulx|false|en|false
22:00|2200-021|今晚十点|我确信这就是黑点；拿起它，我发现背面用非常清晰的笔迹写着这样一条简短的信息：“你今晚十点之前有事。”|金银岛|Robert Louis Stevenson|true|en|false
22:00|2200-022|十点|我回到书房，浑身无力，精疲力竭。几分钟后，电话又响了起来。我什么也没做，任由它响着。我走到马克西姆脚边坐下。电话继续响着，我一动不动。过了一会儿，电话突然停了，仿佛被他恼怒地打断了。壁炉架上的钟敲响了十点。马克西姆搂住我，把我抱了起来。我们开始疯狂地、绝望地亲吻，就像一对从未接吻过的愧疚恋人。|丽贝卡|Daphne du Maurier|true|en|false
22:00|2200-023|十点|十点钟，马奇太太放下最后完成的工作，说道：“来，姑娘们。” 没有人想睡觉。贝丝走到钢琴前，弹奏了父亲最喜欢的赞美诗。|《小妇人》|Louisa May Alcott|true|en|false
22:00|2200-024|十|国事厅里的祖父钟敲了十下。|雅各布·德·佐特的千秋|David Mitchell|true|en|false
22:00|2200-025|十点|格林先生厨房的灯在九点半突然熄灭，随后在他平常的十点钟，卧室的灯也熄灭了。他家是这条街上第一户停电的。|邻里罪案|Suzanne Berne|true|en|false
22:00|2200-026|十点|那时他们独处，理论上可以自由自在地做任何想做的事，但他们还是继续吃着毫无胃口的晚餐。弗洛伦斯放下刀，伸手握住爱德华的手，紧紧地捏了一下。楼下传来无线电的声音，大本钟的钟声响起，那是十点新闻的开始。|切西尔海滩|Ian McEwan|true|en|false
22:00|2200-027|十点|我们把楼上的房间租给了古德斯米特先生，他是个三十多岁的离异男子，那天晚上他似乎无所事事；我们实在不好意思把他赶走；他一直待到十点钟。|安妮·弗兰克：一个年轻女孩的日记|Anne Frank|true|en|false
22:00|2200-028|晚上十点|晚上十点他们还没回来，我就去睡觉了；大约凌晨一点，他们在房间里的脚步声把我吵醒了|七个疯子|Roberto Arlt|true|es-AR|false
22:01|2201-000|十点一分|十点一分，吉尔斯握住了最后一个人的手，他渴望喝上一杯，于是沿着路走到“纳尔逊勋爵号”码头，加入码头工人的行列。|《比剑更强大》|Jeffrey Archer|true|en|false
22:01|2201-001|十点一分|在如今用作村委会的旧校舍里，钟表下方，挂着一幅蒙尘的小马画，钟表指针始终指向十点一分。|《战马》|Michael Morpurgo|true|en|false
22:01|2201-002|大约是10点|第一晚，下士刚把托比叔叔带上楼，大约是10点——沃德曼太太就一头栽进了扶手椅里|《绅士特里斯特拉姆·香迪的生平与见解》|Laurence Sterne|true|en|false
22:02|2202-000|晚上10:02|现在是晚上10:02。他只剩下不到两个小时了。|失落的符号|Dan Brown|true|en|false
22:03|2203-000|晚上10点03分|晚上10点03分，引座员拉开大门，我看到熟悉的画面：观众涌入夜色，显然十分兴奋。|黑暗之湖|Sarah Bailey|true|en|false
22:04|2204-000|10:04|1955年11月12日，星期六，希尔谷法院的钟楼被闪电击中，1.21吉瓦的能量注入了这座建筑。从那天起，钟面上的时间就停留在了10:04。|回到未来：穿越时空|Marc Sumerak|true|en|false
22:05|2205-000|晚上10:05|A-B电梯是我们的电梯，急救人员晚上9:20乘这台电梯上来，晚上10:05他们用这台电梯把约翰（和我）送下楼上了救护车。|《奇想之年》|Joan Didion|true|en|false
22:05|2205-001|十点零五分|如果你不告诉我所有我需要知道的事情——他看了看手腕上的表——“明天晚上十点零五分之前，你就会被处决。你和那三个死刑犯。”|背叛者之中|Margaret Peterson Haddix|true|en|false
22:06|2206-000|已经过了十点很久|当然，在这样的夜晚，他们有充分的理由焦急等待。现在已经过了十点很久，却仍然不见加布里埃尔和他的妻子。此外，他们非常害怕弗雷迪·马林斯会遭遇不测。|死者|James Joyce|true|en|false
22:06|2206-001|十点六分|一听到什么就告诉我。<br>奎尔在冰冷的厨房里瑟瑟发抖。时钟显示十点六分。他听不到海浪声。|航运新闻|E. Annie Proulx|true|en|false
22:06|2206-002|22:06 CET|22:06 CET<br>十点刚过，威廉就躺在了自己的铺位上，但他并没有睡着。一些水手在玩牌，而另一些则在讲述他们从海底打捞上来的奇闻轶事。|无所畏惧|Jeffrey Archer|true|en|false
22:07|2207-000|10:07|“跟着绕行标志走，”他头也不抬地说。<br>她瞥了一眼仪表盘上的钟。是10:07。|盗亦有道|Jeffrey Archer|true|en|false
22:07|2207-001|晚上10:07|晚上10:07<br>她感觉担架上的带子松开了，然后她开始努力睁开眼睛。她想，也希望，那是斯通，但她看不清楚，无法完全确定。她的脑海和视线仍然充斥着时间错乱的可怕噩梦。所有这些怪异的梦意味着什么？|综合症|Thomas Hoover|true|en|false
22:08|2208-000|十点零八分|总警司亚当·达格利什停止检查死者的衣服，他六英尺二英寸的身高尴尬地夹在床尾和衣柜门之间。他看了看表。十点零八分。|夜莺的裹尸布|P.D. James|true|en|false
22:08|2208-001|十点八分|“我的表总是快一点，”我说。“你现在算几点？”<br>“十点八分。”<br>“我的表是十点十八分。你看。”|《安静的美国人》|Graham Greene|true|en|false
22:09|2209-000|十点零九分|现在是十点零九分。我兴奋得牙齿都打颤了。|约拿和他的伙伴们|Dornford Yates|true|en|false
22:10|2210-000|十点十分|那已是过去，而现在我刚刚死在巴黎一家旅馆狭窄的沙发上，我的妻子正蜷缩在地板上，痛哭流涕。我左眼前的白光渐渐暗淡，但我对房间的记忆却清晰无比。左边是一个五斗橱，右边是一个壁炉架，上面放着一个破损的钟，没有摆锤，指针指向十点十分。窗户俯瞰着多芬街，一条又长又暗的街道。整个巴黎似乎都在楼下穿梭，喧嚣震耳欲聋，窗户都跟着摇晃。|奥利维耶·贝卡耶之死|Emile Zola|true|en|false
22:10|2210-001|十分钟后|大约十点钟，第一片细小的雪花飘落下来，落在吉尔的手臂上。十分钟后，雪花纷飞。二十分钟后，地面明显变白了。|银椅|C.S. Lewis|true|en|false
22:11|2211-000|晚上10:11|但当酒店房门被敲响时，他的所有感官都变得异常敏锐。他看了一眼钟：晚上10:11。|万恶之源？|Ray Keating|true|en|false
22:11|2211-001|十点十一分|因此，一位名叫特里福诺夫的士官可能整天或整周都在岗位上，然后在晚上十点十一分离开了。|《敌人》|Lee Child|true|en|false
22:12|2212-000|十点十二分|十点十二分，电话铃响了。他抓起听筒，立刻认出了当地党主席的声音。“晚上好，彼得。”|比剑更强大|Jeffrey Archer|true|en|false
22:12|2212-001|10:12|天吾依然无法入睡，他坐在地板上，低声听着艾灵顿公爵的唱片，这时电话又响了。墙上的钟指针指向10:12。|1Q84|Haruki Murakami|true|en|false
22:12|2212-002|22:12|考虑到她们的体型和行李的体积，这些中国妇女的奔跑速度惊人。当时大约是22:12:30-40，正值先前问题解决期的中间。|《无尽的玩笑》|David Foster Wallace|true|en|false
22:13|2213-000|十点十三分|“十点十三分了，”克兰西宣布道。“再过两分钟——”<br>“起跑时间到了，”我说。|《圣歌短跑运动员》|Ray Bradbury|true|en|false
22:14|2214-000|2214|购物袋看起来很重，气势十足，它们的重量让中国妇女们微微向彼此靠拢。暂且称之为2214:10h。|无尽的玩笑|David Foster Wallace|true|en|false
22:15|2215-000|十点一刻|多米诺骨牌二号让我站在米克先生的房间里，透过门缝监视着。由于他身体虚弱，我们忠诚的锅炉房吉祥物没能参与这场大逃亡，但他的房间就在我的对面，而且他听得懂“嘘！”十点一刻，厄尼去接待处向诺克斯护士宣布了我的死讯。|云图|David Mitchell|true|en|false
22:15|2215-001|10:15|啊！现在是10:15。15分钟后播出《新闻之夜》。|BJ单身日记|Helen Fielding|true|en|false
22:16|2216-000|22:16|然而，根据挪威电信的记录，你22:16给我留言的时候——换句话说，你一进门——显然你非常兴奋，因为你找到了突破口。|红胸知更鸟|Jo Nesbø|true|en|false
22:17|2217-000|十点十七分|那天晚上十点十七分，医生走进了候诊室。<br>查丽蒂站了起来。她一整天都低着头，默默地祈祷。她此刻已泪流满面，她伸出一只胳膊搂住女儿，把莫莉拉到自己身边。|小恩小惠|Jim Butcher|true|en|false
22:17|2217-001|十点十七分|菲尔关上门，熄灭楼梯平台的灯时，已经十点十七分了，但我知道我不能马上离开。|我从未同意|Holly Archer|false|en|false
22:17|2217-002|晚上10:17|晚上10:17 磁带插不进去。|BJ单身日记|Helen Fielding|true|en|false
22:18|2218-000|十点一十八分|“我的表总是快一点，”我说。“你现在算几点？”<br>“十点八分。”<br>“我的表是十点一十八分。你看。”|《安静的美国人》|Graham Greene|true|en|false
22:18|2218-001|晚上10:18|晚上10:18。啊，《末路狂花》也在里面。|BJ单身日记|Helen Fielding|true|en|false
22:19|2219-000|晚上10:19|晚上10:19 塞尔玛和路易丝不会出来。|BJ单身日记|Helen Fielding|true|en|false
22:19|2219-001|22:19 GMT|22:19 GMT<br>杰基觉得这比蹲点还糟糕，因为他们等的是一个根本不存在的人，而不是一个已经存在但最终肯定会出现的人。|《不入虎穴》|Jeffrey Archer|true|en|false
22:20|2220-000|晚上10:20|研究所办公室墙上的钟滴答滴答地指向了晚上10:20。海伦·波默罗伊和埃里克·迈耶牧师隔着她的办公桌互相看了一眼。他们刚刚讨论过今天发生的那些离奇事件。|大教堂|Ray Keating|true|en|false
22:20|2220-001|十点二十|五月的风，像一颗果实般膨胀起来，外皮粗糙，果肉黏滑，里面藏着几十颗种子。果肉在半空中裂开，种子像轻柔的霰弹般射入我裸露的手臂，留下淡淡的疼痛。<br>“几点了？”我的表弟问我。他比我矮了大约八英寸，所以说话时不得不仰着头。<br>我看了看手表。“十点二十。”|盲柳，睡女|Haruki Murakami|true|en|false
22:20|2220-002|10:20|10:20，她提着一个超市购物袋回来了。袋子里装着三把刷子、一盒回形针和一箱冰镇的六罐装啤酒。于是我又喝了一罐啤酒。<br>“是关于羊的，”我说。<br>“我不是跟你说过吗？”她说。|寻羊冒险记|Haruki Murakami|true|en|false
22:20|2220-003|二十分钟后|大约十点钟，第一片细小的雪花飘落下来，落在吉尔的手臂上。十分钟后，雪花开始密集飘落。二十分钟后，地面明显变白了。|银椅|C.S. Lewis|true|en|false
22:21|2221-000|晚上10:21|晚上10:21。疯狂地按下所有按钮。磁带弹出又缩回。|BJ单身日记|Helen Fielding|true|en|false
22:21|2221-001|晚上10点21分|星期六晚上10点21分左右，伦茨发现一只小鸟从巢里掉了出来，光秃秃的，脖子细得像铅笔一样，无力地扑腾着翅膀，停在3号单元的草坪上。|《无尽的玩笑》|David Foster Wallace|true|en|false
22:22|2222-000|十点二十二分|现在刚过十点二十二分。他们离开排还不到半小时，但连队仓库大火熊熊燃烧，两人都清楚地意识到必须立即返回部队。|至暗时刻|James Holland|true|en|false
22:23|2223-000|晚上10:23|面具从黑暗的盒子里狰狞地盯着他。他匆匆赶到下一站，转动钥匙打开一个盒子。盒子显示时间：晚上10:23|遗物|Douglas Preston and Lincoln Child|true|en|false
22:24|2224-000|十点二十四分|然而，我爱她。从我第一眼见到她起，我就爱上了她；那是在梅菲尔的一个晚宴上，1862年12月24日，星期四晚上十点二十四分整。|卡鲁小姐|Amelia B. Edwards|true|en|false
22:24|2224-001|10:24|多亏了大约十分钟的温暖天气，到10:24，地球已被巨大的石炭纪森林覆盖，这些森林的残余物为我们提供了所有的煤炭，第一批带翅膀的昆虫也出现了。|《万物简史》|Bill Bryson|true|en|false
22:25|2225-000|二十五分钟后|布尔蒂塔夫太太总是十点钟烧热牛奶。大约二十五分钟后，我们看到莎莉端着杯子上楼回房间。|遮住她的脸|P.D. James|true|en|false
22:25|2225-001|10点25分|达格利什心想，埃蒂安恐怕想不出比这更有效的威慑访客的办法了，他一时犹豫要不要走那半英里路，也不愿冒着被停学的风险。他瞥了一眼手表，发现是10点25分。他正好能准时到达。|原罪|P.D. James|true|en|false
22:25|2225-002|晚上十点二十五分|“那天晚上十点二十五分，我正听着埃罗尔·加纳的《海边音乐会》，喝着西格拉姆VO威士忌，接到了最后一个电话。这样记日记真方便，不是吗？”|《盲柳，睡女》|Haruki Murakami|true|en|false
22:25|2225-003|晚上10:25|晚上10:25。新磁带到了。好的。翻到“录音”部分。|BJ单身日记|Helen Fielding|true|en|false
22:26|2226-000|晚上十点二十六分|西登斯翻阅了一些文件，才找到他要找的文件。他抬头看着法官说：“先生，我可以确认，死亡证明是在1951年7月26日星期四晚上十点二十六分签署的。”|《保守得最好的秘密》|Jeffrey Archer|true|en|false
22:26|2226-001|十点二十六|意识一如既往地从视野边缘逐渐恢复。最先映入眼帘的是右侧远处的浴室门和左侧远处的一盏灯，我的意识如同湖面的冰块汇聚成湖心一般，逐渐向内漂移。在视野的正中央，闹钟的指针指向十点二十六分。|《奇鸟行状录与世界尽头》|Haruki Murakami|true|en|false
22:27|2227-000|晚上十点二十七分|“你在”——奥利芙瞥了一眼时钟——“晚上十点二十七分还该摄入咖啡因吗？”仔细想想，鉴于他本来就那么活力四射，他根本就不该摄入咖啡因。然而，他们俩每个星期三还是会一起喝咖啡。奥利芙简直就是个纵容者。|爱情假设|Ali Hazelwood|true|en|false
22:27|2227-001|10点27分|哈考特先生在10点27分神秘地突然醒来，巧合的是，就在这时，管家带着两个侍从走了进来，他们端着托盘，上面摆满了威士忌、白兰地、虹吸瓶、酒杯和饼干。|《英格兰，他们的英格兰》|A.G. Macdonell|true|en|false
22:28|2228-000|十点二十八分|周二晚上十点二十八分，美联社宣布市议员奥马利赢得纽约市数十年来竞争最激烈的市长选举。|心碎时狩猎的危险|Mari Passanant|true|en|false
22:28|2228-001|十点二十八分|十点二十八分，弗洛伦斯开始琢磨，那些饼干值不值得被高级控制委员会训斥一顿。|加州万岁！|Mary E. Oliver|true|en|false
22:29|2229-000|十点二十九|即使我想说些什么，却总是说不出合适的话。每次我犹豫，每次我把想说的话咽回去，我的表弟都会带着一丝疑惑的表情看着我。他的左耳微微向我倾斜。<br>“现在几点了？”他问我。<br>“十点二十九，”我回答。|盲柳，睡女|Haruki Murakami|true|en|false
22:30|2230-000|十点半|尽管她无比焦虑，但这已经是她连续第三个晚上在十点半溜出去，来到庄园边缘，亚历山德罗会在那里一个废弃的酒窖附近等她，那里成了他们的秘密会面地点。|《夏日属于我们》|Roxanne Veletzos|true|en|false
22:30|2230-001|十点半|当晚十点半，他们第一次吵了起来。争吵的焦点是谁睡床，谁睡沙发。比利坚持要她睡床，说他睡沙发没问题。<br>“这是性别歧视。”<br>“睡沙发是性别歧视？你在开玩笑吧？”<br>“做个男子汉才是性别歧视。你个子太长了，脚会拖在地上。”|比利·萨默斯|Stephen King|true|en|false
22:30|2230-002|十点半|“你要去拿什么？”他对着面前的空气自言自语，没有回头看她。<br>“你说什么？”<br>“我被派去拿冰，”他说。“你需要什么？”<br>“哦，没什么。我要回家了。”<br>“除夕夜十点半？这要么是我听过最悲哀的事，要么是我听过最明智的事。”|克利奥帕特拉与弗兰肯斯坦|Coco Mellors|true|en|false
22:30|2230-003|十点半|十点半，肯德拉发现自己又坐在沙发上，这次是和克里斯蒂一起。她觉得坐在克里斯蒂旁边很不自在，尤其是在同事们对这位金发女郎恶语相向之后，但克里斯蒂此刻却显得格外平易近人，笑容满面，举止轻松自然。|Reprieve|James Han Mattson|true|en|false
22:30|2230-004|十点半|她看了看钟，十点半了。如果她能尽快搭地铁过去，不到一个小时就能到他家，如果晚点的列车不多的话，也许会稍微久一点。|布鲁克林|Colm Toibin|true|en|false
22:30|2230-005|十点半|时间是十点半，但感觉像是凌晨三点，因为西柏林在其边界上与黑暗一同入睡|史迈利的人们|John le Carré|true|en|false
22:30|2230-006|十点半|由于服药时间过晚，直到十点半才开始出现任何效果。|《大麻食者》|Fitz Hugh Ludlow|false|en|false
22:31|2231-000|晚上10:31|晚上10:31 好的，好的，冷静。佩妮·哈斯班兹-博斯沃思的石棉白血病事件还没开始。|BJ单身日记|Helen Fielding|true|en|false
22:31|2231-001|晚上10点31分|后来，晚上10点31分，我走到阳台上想看看能不能看到星星，但因为云层太厚，加上所谓的光污染——路灯、车灯、泛光灯和建筑物灯光反射到大气中的微小颗粒上，遮挡了星光——所以什么也看不到。于是我又回到了屋里。|《深夜小狗神秘事件》|Mark Haddon|true|en|false
22:32|2232-000|十点三十二分|十点三十二分，公交车终于出现在视野中。<br>来的公交车是新型的，和我以前上高中坐的那辆不一样。|盲柳，睡女|Haruki Murakami|true|en|false
22:33|2233-000|10点33分|他看了看表：10点33分。他记得有人告诉过他，但他记不清是什么时候，也记不清是谁告诉他的，说她习惯在晚上九点刚过就去游泳。|《诡计与欲望》|P.D. James|true|en|false
22:33|2233-001|晚上10:33|晚上10:33 耶！耶！正在录制当前节目。成功了！<br>啊！全乱套了。磁带开始倒带，现在停了下来，然后弹出来了。为什么？糟了！糟了！兴奋过头，我才意识到自己坐到了遥控器上。|BJ单身日记|Helen Fielding|false|en|false
22:34|2234-000|十点半刚过。|请问，夫人，您几点上床睡觉的？<br>“十点半刚过。”|《尼罗河上的惨案》|Agatha Christie|true|en|false
22:35|2235-000|十点三十五分|“音乐会几点结束？”他问遇到的第一个穿制服的官员。<br>“十点三十五分，先生，但您不能把车停在那里。”|《直线飞行》|Jeffrey Archer|true|en|false
22:35|2235-001|差二十五分钟到十一点|差二十五分钟到十一点。可怕的时刻——一个阴森恐怖的时刻，因为这不仅是享乐的时刻结束，更是享乐本身也变得索然无味的时刻。|绳索|Patrick Hamilton|true|en|false
22:35|2235-002|差25分钟11点|如果他14分钟后还没回来，他就会赖着不走了。她看了看钟。差25分钟11点。他可能会和阿拉贝拉一起进客栈，因为他们会在关门前赶到；她可能会拉着他一起<br>喝酒；天知道到时候他会遭遇什么灾祸。|无名的裘德|Thomas Hardy|true|en|false
22:35|2235-003|晚上10:35|晚上10:35。现在急疯了。给Shazzer、Rebecca、Simon、Magda都打过电话了。没人知道怎么设置视频。我认识的人里只有Daniel会。|BJ单身日记|Helen Fielding|true|en|false
22:36|2236-000|22:36|我们的起飞时间是22:36，当我驾驶着这架沉重的飞机冲入星光璀璨的夜空时，我的双手和胃都感觉像冰一样冷。|空中桥梁|Hammond Innes|true|en|false
22:37|2237-000|10点37分|当晚10点37分，一团火球撕裂了“隐秘之地”，杀死了克里普斯，但在此之前，他被人称为“金发姑娘”，并留下了一条关于某物“布满漏洞”的信息。|第四只熊|Jasper Fforde|true|en|false
22:38|2238-000|晚上22:38|电话挂断的声音只有“咔哒”一声。电话是前一天晚上22:38打来的。杰克几乎可以肯定，是有人在确认他是否在家。|杀戮地带|Chris Ryan|true|en|false
22:39|2239-000|晚上10:39|4月5日，星期日<br>晚上10:39<br>“我不知道我是否应该带个保镖，”他一边说着，一边大步走进门，一副宇宙之王的模样，肩上随意地搭着一件皮夹克。|综合症|Thomas Hoover|true|en|false
22:40|2240-000|10点40分|她10点40分爬上床，但每次都睡不着，最多只能睡一个小时。她偶尔会打开电视，看配音成黎巴嫩语的意大利西部片。|盗亦有道|Jeffrey Archer|true|en|false
22:40|2240-001|10:40|届时，10:40，等离子引擎将全速点火，开始直线加速，使其达到每小时一万公里的速度，从而沿着连接各个传送门的正常空间隧道快速滑行。|暗影与黑夜|Chris Walley|true|en|false
22:40|2240-002|晚上十点四十分|“我的朋友，”她语气愉悦地说，她知道他肯定能听出来。她不在乎，她很高兴接到他的电话，即使是晚上十点四十分。“你从哪里打来的？”她问，以为他会说格拉斯哥或柏林。|一切始于蒙特卡洛|Elizabeth Adler|true|en|false
22:40|2240-003|差20分11点|十五分钟过去了，那辆冒牌的公共工程部卡车还没回来，比利心想，他们要么是去了城里的其他地方，也许是去查看常青街的那栋房子，要么是回了那栋豪宅等尼克的进一步指示。他拉上窗帘，挡住外面的景色，看了看表。差20分11点。他心想，快乐的时光总是过得飞快。|比利·萨默斯|Stephen King|true|en|false
22:40|2240-004|差20分11点|车站的钟告诉他时间是：差20分11点。他走到售票处，礼貌地问售票员下一班去巴黎的火车是什么时候。“还有12分钟。”|《看火车经过的人》|Georges Simenon|true|en|false
22:41|2241-000|10点41分|威廉正在收听托尼·布莱尔和迈克尔·赫塞尔廷就三叉戟核潜艇未来问题进行的辩论——两人都被认为是各自政党未来的潜在领导人——这时，萨默斯家的客厅在10点41分停了。他关掉收音机，在笔记本上又写了一行字。|视而不见|Jeffrey Archer|true|en|false
22:41|2241-001|晚上10:41|科克在所有记录中唯一注意到的两项是来自奥罗拉市长威尔弗雷德·利平斯基家中的两通电话，一通是晚上9:57，另一通是晚上10:41。如果利平斯基家有知道瓦尔哈拉派对的青少年，这些电话倒也不足为奇，但利平斯基家的孩子早已长大成人，搬走了，所以科克感到疑惑。|血谷|William Kent Krueger|true|en|false
22:41|2241-002|10:41|他爬进前座，发动了汽车。车子发出欢快而强劲的嗡嗡声，准备出发。“看，这帮混蛋，”朱利安说着，用瓶底砸碎了钟，好让他们知道大概时间。现在是10:41。|萨马拉之约|John O’Hara|false|en|false
22:42|2242-000|差18分钟11点|我们已经确定了詹尼森倒在舞台上的确切时间，当时刀子插在他的脖子上。时间是差18分钟11点。|关岛以西：乔·加尔案全集|Raoul Whitfield|true|en|false
22:43|2243-000|晚上10:43|塞巴斯蒂安看了看表：晚上10:43。“那我们去看看他是不是还醒着。”|小心你的愿望|Jeffrey Archer|true|en|false
22:43|2243-001|晚上10:43|周二晚上10:43<br>迈克尔·万斯、伊娃·博罗金和阿列克谢·诺沃斯蒂比他们自己意识到的要幸运得多。当他们出来时，驻守在伯利入口的日本警卫佐藤二郎被无线电临时叫去斯特兰德街角商议。|代达罗斯计划|Thomas Hoover|true|en|false
22:44|2244-000|大约差一刻十一点|亚历克竖起了耳朵。“什么时候？”<br>“哦，昨天晚上。”<br>“几点？”<br>“大约差一刻十一点。我在打桥牌。”|《死水一潭》|Carola Dunn|true|en|false
22:44|2244-001|十点四十四分|当听到“揭开惠斯尔顿夫人真面目者可获一千英镑”这句话时，时钟显示十点四十四分。|《与布里奇顿先生的浪漫邂逅》|Julia Quinn|true|en|false
22:45|2245-000|11点差一刻|查尔看见了我。他越过同伴的肩膀，用口型说：“等等我。”<br>我扎根了。地震也无法撼动我。时钟敲响了11点差一刻。它敲响了11点。即使世界末日来临，我也会保持原样。|魔法灰姑娘|Gail Carson Levine|true|en|false
22:45|2245-001|晚上10:45|晚上10:45 天哪。我说我不会编程录视频的时候，丹尼尔笑得前仰后合。他说他会帮我弄。不过，至少我已经尽力为妈妈做了。朋友们上电视真是令人兴奋，也具有历史意义。|BJ单身日记|Helen Fielding|true|en|false
22:45|2245-002|11点前十五分钟|懒散广播公司在此向您道别，并传达这样的信息：如果您不感恩生活在一个拥有如此多值得感恩的事物的世界里，而这些事物都是您理所当然拥有的，那么现在距离11点前十五分钟还有五秒钟，而您只不过是一匹老旧的特洛伊木马。|善意|Ogden Nash|true|en|false
22:46|2246-000|晚上10:46|“夜班火车”的安排完全吻合，正如戴维斯估计的那样，小溪的涨潮时间将在25日晚10:30至11:00之间；而时刻表显示，唯一一列抵达诺登的夜班火车是晚上10:46从南方开来的。|沙滩之谜|Erskine Childers|true|en|false
22:46|2246-001|差十四分钟到十一点|奥利弗：[在凯瑟琳身边——看着表座上的手表] 差十四分钟到十一点。<br>凯瑟琳：奥利弗，奥利弗！<br>奥利弗：我只是想看看时间。我怎么也睡不着——你知道，我完全没办法入睡。有胜利了吗？[凯瑟琳摇摇头] 哦！我特别祈祷能在晚报上看到胜利的消息。|暴民|John Galsworthy|true|en|false
22:47|2247-000|晚上10:47|屏幕上，剩下的观众渐渐散去，当时间戳跳到晚上10:47时，已经一个人也没有了。|黑暗之湖|Sarah Bailey|true|en|false
22:48|2248-000|10点48分|“哦！我不太清楚，”萨特斯韦特先生说道，话题渐渐变得热烈起来。“去年夏天我在那儿待了一段时间。我觉得去镇上很方便。当然，火车每小时一班。从滑铁卢站出发，每小时过48分，最晚到10点48分。”|《天空中的标志》|Agatha Christie|true|en|false
22:49|2249-000|已经过了22:45很久了|已经过了22:45很久了。狗绳嘶嘶地滑到荧光线的末端，把狗拦在离大门内侧几步远的地方。伦茨站在那里，身体微微前倾，就像在跟狗说儿语一样。|无尽的玩笑|David Foster Wallace|true|en|false
22:49|2249-001|晚上10:49|晚上10:49<br>萨布里·拉米雷斯站在那里，看着最后一个克里特隆引爆器被固定在环绕着爆炸性奥克托尔球体的密集电线束中。现在，其中一枚炸弹已经启动。他很满意。|独眼巨人计划|Thomas Hoover|false|en|false
22:50|2250-000|晚上10:50|晚上10:50。我想，我写日记的习惯，正是我今天早上写到的那种科学思维习惯的产物。我喜欢在印象还新鲜的时候就记录下来。|《寄生虫》|Sir Arthur Conan Doyle|true|en|false
22:50|2250-001|差十分钟到十一点|星期六晚上。我说：“今年满一百年了，难道没人注意到吗？”杰克问：“什么满一百年了？”我说：“这家酒吧啊，Coach啊。看看钟。”杰克说：“差十分钟到十一点。”|最后点单|Graham Swift|true|en|false
22:50|2250-002|22:50|所以，趁你还醒着，好好珍惜这份幸运，记住那些快乐的船员。想想汉堡的魔幻之夜。22:50，他们干净利落地离开了，一切都按部就班——你不能责怪帕克斯，他总是按部就班。|Day|A.L. Kennedy|true|en|false
22:51|2251-000|十一点差九分|十一点差九分，马路对面的房子门开了。我跪在床上，向窗外望去。是古斯塔夫森太太；她手里拿着一个垃圾袋，正穿过车道走过来。|我的奋斗：第一卷|Karl Ove Knausgaard|true|en|false
22:52|2252-000|差八分钟到十一点|此时，罗利眼中已透着狂热。他脸色苍白得吓人，但他的手却稳稳地、冷静地、几乎漫不经心地投掷着。突然，差八分钟到十一点，他的运气开始好转，分数再次攀升。|北极光|Gilbert Parker|true|en|false
22:53|2253-000|差七分钟到十一点|每次我去那里，都看到你独自一人坐在吧台尽头，弓着身子喝咖啡。每天晚上差七分钟到十一点，你都会把钱扔在吧台上，抓起外套，飞快地冲出门外。|《一切尽在》|Kelly Krieg-Sigman with Dave Isay|true|en|false
22:54|2254-000|10:54|他们登记了拉姆齐·G·奥兹加德在城里的住址。科罗拉多州当时是10:54，但这个时间可能会让电话显得更紧急，因此也更可信。|速度|Dean Koontz|true|en|false
22:55|2255-000|十点五十五分|她只能告诉我，十点五十五分，她听完德沃夏克弦乐四重奏后不久就睡着了——他们睡的是两张单人床——直到她丈夫叫醒她，告诉她发生了谋杀案，她才醒来。|圣诞老人谋杀案|P.D. James|true|en|false
22:55|2255-001|10:55|10:55，他们将进入法尔霍姆之门，仅仅十分半钟后便会从班纳米尔之门出现。四十光年之外。|《暗影与黑夜》|Chris Walley|true|en|false
22:55|2255-002|十一点，差五分钟！|现在是十一点！十一点，差五分钟！<br>“可是哪个十一点呢？”<br>“决定生死的那个十一点！……他临走前告诉我的……他太可怕了……他疯了：他撕掉了面具，黄色的眼睛里喷出火焰！……”|歌剧魅影|Gaston Leroux|true|en|false
22:55|2255-003|差五分钟到十一点|沃格雷夫法官说：<br>“现在是差五分钟到十一点。我认为我们应该传唤布伦特小姐参加我们的秘密会议。”|《无人生还》|Agatha Christie|true|en|false
22:56|2256-000|晚上10:56|手表显示晚上10:56。这意味着我睡了20分钟。20分钟的睡眠。只是打了个盹儿。在这段时间里，我搞砸了一场抢劫，损失了8000美元。|《再见，吾爱》|Raymond Chandler|true|en|false
22:56|2256-001|大约是十一点钟|大约是十一点钟。繁星闪烁。微风轻拂，带来田野里落叶和融雪的气息。|上帝之锤|Bo Giertz|true|en|false
22:57|2257-000|22:57|他们停下引擎，并排躺在水面上几分钟，大约距离渔船队五英里，位于渔船队和杜阿尔内内兹之间。22:57，他们启动主引擎，开始作业。|绝密|Nevil Shute|true|en|false
22:57|2257-001|大约十一点钟|天色渐暗；她本想让他们上床睡觉，但他们可怜兮兮地恳求让她留下来；大约十一点钟的时候，门闩轻轻地打开了，主人走了进来。|呼啸山庄|Emily Brontë|true|en|false
22:58|2258-000|十点五十八分|他们什么时候走？<br>“星期天晚上。我开车送他们去诺里奇赶八点半的火车，十点五十八分到利物浦街站。他们的女儿会来接他们。”|《装置与欲望》|P.D. James|true|en|false
22:59|2259-000|十一点差一分|他们准时在十一点差一分把车停在了洛瑟家门外。人们正陆续离开，并非所有人都乐意自己的夜晚被缩短。但抱怨声很小，即使有，也只是在他们安全走到街上之后才开始。|抱怨|Ian Rankin|true|en|false
22:59|2259-001|晚上10:59|接下来的整个晚上，没有人说话。他们只是喝酒、吃饭，各自坐在小屋的不同角落。莎拉咬着指甲，假装在餐桌旁忙碌。肯德拉蜷缩着身子坐在沙发上，头埋在臂弯里。克里斯蒂站在窗边，看着雨，双臂交叉抱在胸前，脸色阴沉。<br>晚上10:59，肯德拉的对讲机响了。|缓刑|James Han Mattson|true|en|false
22:59|2259-002|差一分钟到十一点|哈利在睡梦中哼了一声，脸顺着窗户滑下去一寸左右，眼镜歪得更厉害了，但他没有醒。几年前哈利修好的闹钟在窗台上滴答作响，显示着差一分钟到十一点。|哈利·波特与混血王子|J.K. Rowling|true|en|false
23:00|2300-000|十一点|十一点钟，狗狗们最后一次亲吻了迪尔利太太的手，然后带着迪尔利先生出去跑了最后一次。佩蒂塔也加入了它们。她晚上和保姆们待在一起，觉得彭哥和太太可能想单独和他们的宠物待一会儿。|《101斑点狗》|Dodie Smith|true|en|false
23:00|2300-001|十一|上海的钟表调快了一个小时，以便“节省日光”，但白家却说：“我们按老钟来。”对他们来说的十点，对其他人来说就是十一点。他们的歌声总是跟不上节奏，跟不上胡琴那凄凉凄凉的琴声。|《倾城之恋》|Eileen Chang|true|en|false
23:00|2300-002|11点|托尼和泽尼亚正在喝咖啡，过去一个月来，自从他们相遇以来，几乎每隔三天他们都会这样做。或者说，不是每隔三天，而是每隔三个晚上：现在是11点，托尼通常的睡觉时间，而她却还醒着。她一点也不困。|《强盗新娘》|Margaret Atwood|true|en|false
23:00|2300-003|十一点|当我们到达夜间冒险的最后阶段时，已近十一点。我们已将大城市的潮湿雾气抛在身后，夜色相当晴朗。一股暖风从西边吹来，厚重的云层缓缓掠过天空，半轮明月偶尔从云缝中探出头来。|《四签名》|Sir Arthur Conan Doyle|true|en|false
23:00|2300-004|晚上11点|没完没了。起初我努力发出各种声音，表示我在听，但很快就放弃了。我放了一张唱片，听完后，我抬起唱针，换了一张。等所有唱片都听完后，我又把第一张放了回去。外面还在下着瓢泼大雨。她的独白没完没了，时间却过得很慢。<br>不过，我一开始并没有在意，直到过了一会儿。突然，我意识到已经晚上11点了，她已经连续说了四个小时了。|盲柳，睡女|Haruki Murakami|true|en|false
23:00|2300-005|十一点|十一点钟，一切都定好了；他们要私奔，去婆罗洲。去他妈的丈夫！反正她从来没爱过他。如果丈夫不是又老又没激情，她根本不会写第一封信。|北回归线|Henry Miller|false|en|false
23:00|2300-006|晚上十一点|我喜欢认为我随机选择了塔特尔医生，认为我们的关系是命中注定的，某种神圣的安排，但事实上，她是唯一一个在周二晚上十一点接我电话的精神科医生。|我的休息与放松之年|Ottessa Moshfegh|true|en|false
23:00|2300-007|十一点|大约十一点钟，门开了。我准备好拒绝道歉，直击要害。一位曾经仪态万方的女士走了进来。七十岁，八十岁，八十五岁，谁知道她什么时候才那么老？一只穿着西装外套的摇摇晃晃的灰狗跟在它的女主人身后。|云图|David Mitchell|true|en|false
23:00|2300-008|十一|我右边传来一阵动静和一声惊呼，透过昏暗的光线，我看到惠特尼脸色苍白，面容憔悴，蓬头垢面地盯着我。<br>“我的天哪！是华生！”他说。他惊慌失措，浑身神经紧绷。“华生，现在几点了？”<br>“快十一点了。”|《福尔摩斯探案集》|Sir Arthur Conan Doyle|true|en|false
23:00|2300-009|11点|于是她离开了自己的房间，来到我的房间，坐了一会儿，聊着她即将到来的婚礼。11点钟的时候，她起身要离开，但在门口停了下来，回头看了看。<br>“告诉我，海伦，”她说，“你有没有在深夜听过有人吹口哨？”<br>“从来没有，”我说。|《福尔摩斯探案集》|Sir Arthur Conan Doyle|true|en|false
23:00|2300-010|十一|两个小时缓缓流逝，突然，就在十一点整，一道明亮的光芒出现在我们面前。|《福尔摩斯探案集》|Sir Arthur Conan Doyle|true|en|false
23:00|2300-011|晚上11点|五个月前，艾什莉晚上11点出现在哈德的Airstream房车前，说：“我和他分手了。我觉得你应该知道我爱你。”|《马里布崛起》|Taylor Jenkins Reid|true|en|false
23:00|2300-012|十一|大约十一点，她和斯坦又吃了个甜甜圈。然后他们满怀希望地走到一家汤店后面的垃圾箱旁，但运气不好，里面的东西已经被翻了个底朝天。|《心之所系》|Margaret Atwood|true|en|false
23:00|2300-013|十一|是伊莱，布莱恩的朋友，两人中个子较高的那一个。杰迪伸手握住他的手。“嗨，”他说。<br>“你要去哪儿？”伊莱问。他穿着粉色polo衫和卡其色短裤，在夜色的映衬下显得格外明亮。他的眼神充满喜悦，无疑是酒精的作用。<br>“我正要回去，”他说。<br>伊莱看了看表。“才十一点。”<br>“我只是累了，”杰迪说。“今天太累了。”|缓刑|James Han Mattson|true|en|false
23:00|2300-014|晚上十一点|“你们那位神父真滑稽。你知道这些神父可以喝酒吗？女人不行，但酒可以喝！”巴哈尔走了进来，挥舞着马奥尼神父的命令。她平时胆小的眼睛闪闪发光——玛尔詹敢奢望吗？——看起来很开心？<br>“他们在这里喝啤酒就像喝水一样。上周六我看到一家人，带着小孩，从隔壁酒吧出来。晚上十一点！”|石榴汤|Marsha Mehran|true|en|false
23:00|2300-015|十一点|但时间流逝，两个小时过去了，那些不太会察言观色的追求者最好还是把他们虚情假意的目光转移到别处，因为到了十一点，伊莎贝尔和阿莫里正坐在楼上阅览室旁小书房的沙发上。她意识到他们是一对俊男靓女，似乎与这片幽静之地格格不入，而楼下则灯火通明，喧闹嘈杂。|人间天堂|F. Scott Fitzgerald|true|en|false
23:00|2300-016|11点|“你今晚11点要被留校。<br>在入口大厅见费尔奇先生。”|哈利·波特与魔法石|J.K. Rowling|true|en|false
23:00|2300-017|十一点|先生，他会准时在十一点到达。<br>酒吧里，一对对裸体情侣开始跳舞。|史迈利的人马|John le Carré|false|en|false
23:00|2300-018|11点|当晚11点，他在一家旅馆找到床位后，一到就立即用电报把地址发给了父亲，然后走上了桑德伯恩的街道。|德伯家的苔丝|Thomas Hardy|true|en|false
23:00|2300-019|十一点|十一点钟，我按响了贝特里奇的门铃，告诉布莱克先生他终于可以准备睡觉了。|《月亮宝石》|Wilkie Collins|true|en|false
23:00|2300-020|十一点|他说：“他们杀了简。快走。”<br>“行李箱？”我问。<br>“再把它拿走。我们现在不想再碰它了。赶十一点的特快列车。”<br>“可是它不在这里停……”<br>“会停的。去六号站台。货运站对面。你只有三分钟时间。”<br>“可是……”<br>“快走，否则我就得逮捕你了。”|如果在冬夜，一个旅人|Italo Calvino|true|en|false
23:00|2300-021|十一|时钟敲响了十一点。我看着阿黛尔，她的头靠在我的肩膀上；她的眼皮越来越沉，于是我把她抱起来，带她去睡觉。直到快一点，先生们和女士们才回房休息。|简·爱|Charlotte Brontë|true|en|false
23:00|2300-022|11点|当晚11点，火车抵达纽约。|《认出》|William Gaddis|true|en|false
23:00|2300-023|晚上11点|他们直到晚上11点才坐下来吃饭。|《无尽的玩笑》|David Foster Wallace|true|en|false
23:00|2300-024|十一点|我们正走向医生的时候，我讲完了我的故事。终于到了那里，我们发现他仍然坐在办公室里，尽管现在已经是十一点了。|《哈希什食客》|Fitz Hugh Ludlow|false|en|false
23:00|2300-025|11点|当他们11点钟到达天文塔顶时，发现今晚是观星的绝佳时机，万里无云，静谧无波。|哈利·波特与凤凰社|J.K. Rowling|true|en|false
23:00|2300-026|晚上十一点|事情办妥后，到了晚上十一点，堂吉诃德在他的房间里发现了一把维乌埃拉琴|堂吉诃德|Miguel de Cervantes|true|es-ES|false
23:00|2300-027|晚上11点|晚上11点我们离开了山洞。|狂犬病玩具|Roberto Arlt|true|es-AR|false
23:01|2301-000|十一点一分|我凝视着他。然后，当我意识到他不是在开玩笑时，我看了看厨房电器上所有的小钟。它们都一致显示：十一点一分。|为百万人而死|Judith Cutler|true|en|false
23:02|2302-000|11:02|“是的。”佩雷纳语气坚定，不容置疑。“爆炸发生在11:07。你是在11:02进入的，所以那时你应该正好在两扇门的中间位置。”|《暗影与黑夜》|Chris Walley|true|en|false
23:02|2302-001|晚上11:02|我挂断了电话。我查看了最近通话记录，确认我确实打过电话。他的号码在那里，时间也是——晚上11:02。我关掉手机，把它放在床头柜上。我关掉床头灯，几乎立刻就睡着了。|如果它流血|Stephen King|true|en|false
23:03|2303-000|十一点零三分|你为什么觉得这是真的？<br>“只是直觉而已。他听起来很真诚。有时候你就是能感觉到一个人，”他笑了笑，“即使你是个无趣的老白人新教徒。”<br>“我觉得这是个圈套。”<br>“为什么？”<br>“我就是这么觉得。政府的人为什么要帮你？”<br>“问得好。看来我得弄清楚了。”<br>她回到厨房。“你几点跟他见面？”她喊道。<br>“十一点零三分，”他说。“这让我觉得他是真的。军方和情报部门的人都会设定精确的预约时间，以避免混淆和歧义。十一点零三分一点歧义都没有。”|小绿人|Christopher Buckley|true|en|false
23:04|2304-000|十一点零四分|他从沉思中回过神来，注意到电子钟上已经十一点零四分了。他开始换台，一边咒骂自己，咒骂自己的软弱，咒骂在这片被诅咒的土地上肆虐的撒旦势力。|狮子游戏|Nelson DeMille|true|en|false
23:05|2305-000|11:05|盖茨瞥了一眼床头柜上的钟。11:05。“特雷和他的朋友们大概已经聊完热带鱼半个小时了。不过他习惯了我晚回家。”她笑了笑。“所以，不用着急。”|杀手街|Ray Keating|true|en|false
23:05|2305-001|十一点五分|十一点五分；距离紫水晶成功或失败不到一刻钟|无限之日|Chris Walley|true|en|false
23:05|2305-002|11点05分|当时是11点05分，比我平时的就寝时间晚了五分钟。我感觉到了。我为自己还没睡而感到内疚，但过去的事不断刺激着我，我知道七月那十九天里发生的一切仍在我的体内翻腾，就像支气管炎发作时痰液松动一样。|《中间人》|L. P. Hartley|true|en|false
23:05|2305-003|十一点零五分|我最后一次记录是在十一点零五分。我记得给手表上弦，记下时间。就这样，我浪费了剩下的短短五个小时。谁能想到会这样？但我感觉精神焕发，准备好迎接我的命运——或者说，我努力说服自己已经准备好了。然而，一个人越健康，生命越辉煌，就越会畏惧死亡。大自然的安排是多么明智，多么仁慈啊！它常常用许多细微而不易察觉的拉力松开他尘世的锚，直到他的意识漂离那不堪一击的尘世港湾，进入更广阔的大海！|毒带|Sir Arthur Conan Doyle|true|en|false
23:05|2305-004|11:05|我的手表显示11:05。但我不知道是上午还是下午。|家虫|Stanley Donwood|true|en|false
23:06|2306-000|十一点零六分|他看了看墙上的大钟，发现当地时间是十一点零六分。一切都如预期。|闪电|Dean Koontz|true|en|false
23:07|2307-000|11:07|“是的。”佩雷纳语气坚定，不容置疑。“爆炸发生在11:07。你是在11:02进入的，所以那时你应该正好在两扇门的中间位置。”|《暗影与黑夜》|Chris Walley|true|en|false
23:07|2307-001|晚上11点07分|晚上11点07分，塞缪尔·“炮手”·威尔逊正以每小时645英里的速度飞越莫哈韦沙漠。在月光下，他看到前方两架领头喷气式飞机，它们的加力燃烧室在夜空中愤怒地闪耀着光芒。|《仙女座病毒》|Michael Crichton|true|en|false
23:08|2308-000|11:08|他抬头瞥了一眼头盔上沿的数据条，看到了时间：11:08:23。十分钟。他们步履蹒跚地继续前行。|无限之日|Chris Walley|true|en|false
23:08|2308-001|11:08|“这是我的第一次飞行，”威尔逊说。“从东向西，时间是11:08。我们现在是从左翼摄像头拍摄的，帧率是每秒96帧。正如你所看到的，我的高度正在迅速下降。”|《仙女座病毒》|Michael Crichton|true|en|false
23:09|2309-000|11:09|鲍威尔对地方检察官办公室的工作人员说，此时时间是11:09。“注意模型上方的时钟。它与慢动作同步。”<br>在全神贯注的沉默中，法律部门仔细观察现场并做笔记，而机器人则重现了致命的博蒙特聚会的场景。|《被摧毁的人》|Alfred Bester|true|en|false
23:10|2310-000|十一点十分|就这样，我从十一点十分左右一直到凌晨两点，就这样度过了圣诞夜：没完没了地玩牌，听着瓦格纳和贝多芬的音乐，听着柴火燃烧的噼啪声和嘶嘶声，看着我的表弟不停地喝着威士忌，直到酒瓶空空如也。|槲寄生谋杀案|P.D. James|true|en|false
23:10|2310-001|十一点十分|她倒车驶出车道，查看交通情况，然后转向高速公路。十一点十分。时间很充裕。<br>当时她是这么想的。|如果它流血|Stephen King|true|en|false
23:10|2310-002|十一点十分|又一个圣诞节即将结束。现在是十一点十分。理查德婉拒了我让他在我书房铺床的提议，开车回剑桥了，所以我可以在自己睡觉前做一些关于今天的事情的笔记。|聋哑句子|David Lodge|true|en|false
23:10|2310-003|十一点十分|他无力自救，十一点十分，世上无人能救他|萨马拉之约|John O’Hara|true|en|false
23:11|2311-000|晚上11点11分|受害者手机上最后一次通话记录是在周日晚上11点11分。自那晚之后，就再也没有人见过她。|朱砂漂流|William Kent Krueger|true|en|false
23:11|2311-001|晚上11:11|人生变化很快。人生瞬息万变。你坐下来吃晚饭，你所熟知的生活就此结束。自怜的问题。这是事发后我写下的第一句话。微软Word文档（“变更备注.doc”）上的电脑日期显示为“2004年5月20日晚上11:11”，但这只是我打开文件后下意识地按了保存键。自从2004年1月写下这些话后，也就是事发后的一两天，我没有对这个文件做任何修改。很长一段时间，我没有写任何其他东西。人生瞬息万变。平凡的瞬间。|奇想之年|Joan Didion|true|en|false
23:12|2312-000|晚上十一点十二分|然后他们在晚上十一点十二分发短信告诉我，他们什么也没找到，要回家过夜了。|致命十字架|James Patterson|true|en|false
23:12|2312-001|23:12|23:12时，便衣警员6475在147街和阿姆斯特丹大道拐角处进行了确认身份。|赤裸奇点|Sergio De La Pava|true|en|false
23:13|2313-000|11:13|维罗笑了。“我……我把这当作是认可。那么让我总结一下。按照目前的轨迹和速度，夜之刃将于2月17日晚耶路撒冷时间11:13至11:22之间从月球后方经过。还有四天。届时它将足够接近月球，以至于月球将在11:18完全遮蔽地球。这一点至关重要。”|《无限之日》|Chris Walley|true|en|false
23:14|2314-000|十一点十四分|他们吃完汉堡后，梅丽莎瞥了一眼手表，那是一块硕大的塑料电子表，看起来像是小孩子的玩意儿。<br>“十一点十四分，”梅丽莎说。“世界末日到来之前，我们还有四十四分钟可以消磨。”|玻璃酒店|Emily St. John Mandel|true|en|false
23:15|2315-000|十一点一刻|小木屋孤零零地矗立在一条死寂山谷的尽头。再往上走，只有水库，水库后面是险峻的冰川。十一点一刻，她断定尼克不可能在这种天气里到处乱逛。|回声|Thomas Olde Heuvelt|true|en|false
23:15|2315-001|11:15|一天早晨，我和妻子正在吃早餐，女佣送来一封电报。电报是夏洛克·福尔摩斯发来的，内容如下：<br>您有几天空闲时间吗？我刚接到英格兰西部的电报，是关于博斯科姆谷惨案的。如果您能和我一起去，我将不胜感激。那里的空气和风景都非常棒。请于11:15从帕丁顿出发。|《夏洛克·福尔摩斯探案集》|Sir Arthur Conan Doyle|true|en|false
23:15|2315-002|晚上11:15|晚上11:15。哼。妈妈刚打电话来。“抱歉，亲爱的。明天不是《新闻之夜》，是《早餐新闻》。你能帮我设置一下，明天早上七点在BBC1频道播出吗？”|BJ单身日记|Helen Fielding|true|en|false
23:15|2315-003|十一点一刻|十一点一刻到家时，我们发现一辆双轮马车已经等了我两个小时，车上还载着一封信。莎拉说她不知道该怎么办，因为我们没有留下我们去过的地址。|《一个无名小卒的日记》|George and Weedon Grossmith|true|en|false
23:15|2315-004|十一点十五分到十六分之间|我突然忍不住又看了一眼。分针停在十一点十五分到十六分之间。手表肯定停了；我把它贴在耳边；不，它还在走。|《哈希什食客》|Fitz Hugh Ludlow|false|en|false
23:16|2316-000|11点16分|最终，在11点16分，他出现了，并在百家乐赌桌旁坐下。斯蒂芬停止啜饮番茄汁，让-皮埃尔走过去，耐心地在桌边等待坐在哈维左边或右边的人离开。|一分钱也不多，一分钱也不少|Jeffrey Archer|true|en|false
23:16|2316-001|晚上11点16分|但我不能马上出门，因为他会看到我，所以我得等到他睡着了。<br>时间是晚上11点16分。<br>我又试着从2开始不断翻倍，但算到2的15次方，也就是32768，就再也算不下去了。所以我呻吟了一声，想让时间过得快点，不想去想。|《深夜小狗神秘事件》|Mark Haddon|true|en|false
23:17|2317-000|11:17|梅拉尔试图挣脱头盔的束缚，瞥了一眼头盔上的时间条。11:17:45。不到一分钟了。他们现在就要发出太阳耀斑警报了。|无限之日|Chris Walley|true|en|false
23:18|2318-000|11:18|维罗笑了。“我……我把这当作是认可。那么让我总结一下。按照目前的轨迹和速度，夜之刃将于2月17日晚耶路撒冷时间11:13至11:22之间从月球后方经过。还有四天。届时它将足够接近月球，以至于在11:18时月球将完全遮蔽地球。这一点至关重要。”|《无限之日》|Chris Walley|true|en|false
23:18|2318-001|11点18分|现在是11点18分。一排平房呈圆形排列，中间有一丛落叶松。|小号|Jackie Kay|true|en|false
23:19|2319-000|11:19|一声尖锐的汽笛声打断了他的话语。彼得跪下来向窗外望去，富勒小姐怒视着他。波莉低头看了看手表：11:19。火车。但站长说过火车总是晚点。|停顿|Connie Willis|true|en|false
23:20|2320-000|十一点二十分|后来发现，就在同一天晚上十一点二十分，他又进行了一次非常古怪且出人意料的拜访。雨还在下。他浑身湿透，走进了未婚妻父母位于瓦西里耶夫斯基岛第三街的小公寓。|罪与罚|Fyodor Dostoyevsky|true|en|false
23:20|2320-001|十一点二十分|他从巴尔博亚岛出发，一路向南开往拉古纳海滩。十一点二十分，他把面包车停在哈德斯顿家对面的街上。|守望者|Dean Koontz|true|en|false
23:20|2320-002|十一点二十分|哈维看了看钟，指针指向十一点二十分。“那我就在这儿睡到三点，然后赶四点的货运列车。他们通常让我们这些舰队的人免费乘车。”|《勇敢的船长》|Rudyard Kipling|true|en|false
23:21|2321-000|晚上11点21分|瑞典警方的表现并不出众。帕尔梅于晚上11点21分遇害，但监视道路的命令直到12点50分才下达，而且即便如此，巡逻车上的警察也不知道他们要寻找什么，机场直到凌晨1点05分才关闭。|既非此地，亦非彼地|Bill Bryson|true|en|false
23:22|2322-000|11:22|维罗笑了。“我……我把这当作是同意。那么让我总结一下。按照目前的轨迹和速度，夜之刃将于2月17日晚耶路撒冷时间11:13至11:22之间从月球后方经过。还有四天。届时它将足够接近月球，以至于月球将在11:18完全遮蔽地球。这一点至关重要。”|《无限之日》|Chris Walley|true|en|false
23:22|2322-001|十一点二十二分|雨又开始下了，她拉开百叶窗坐在那里，盯着玻璃上的雨滴。<br>现在是十一点二十二分。<br>她唯一无比确定的是：她不想活到明天。她站了起来。她找到一支笔和一张纸。<br>她心想，这是个不错的死亡时机。|午夜图书馆|Matt Haig|false|en|false
23:22|2322-002|11点22分|11点22分，他把停车票递给一个打着哈欠的保安，然后走下长长的木台阶，来到停车场。一阵微风吹拂，树叶飘落，他想起了那个金发女孩。他的自行车还停在他离开的地方。|离别之梦|Rupert Thomson|true|en|false
23:23|2323-000|十一点二十三分|当第二个锁也咔哒一声打开时，一切仍然进行得非常顺利。昆汀看了看表：十一点二十三分。|天堂的发现|Harry Mulisch|true|en|false
23:24|2324-000|晚上11:24|晚上11:24<br>威廉·福斯特驾驶着塞斯纳飞机，在爱琴海的夜空中疾驰，航向210度，快速接近安迪基塞拉岛。他将飞机高度保持在500米，空速略低于100节，刚好接近失速。|独眼巨人计划|Thomas Hoover|true|en|false
23:25|2325-000|晚上11:25|好的，Estelle，我周六晚上11:25会在尼斯机场，BA：你能派司机过来吗？|别人的钱|Justin Cartwright|true|en|false
23:25|2325-001|十一点二十五分|为了测试那道他无法确定其性质和原因的光的强度，他拿出手表，看看能否辨认出表盘上的数字。数字清晰可见，指针指向十一点二十五分。就在这时，那神秘的光芒突然爆发，变得异常强烈，几乎令人目眩……|无线电讯息|Ambrose Bierce|true|en|false
23:26|2326-000|晚上11:26|洛杉矶。晚上11:26。在一个暗红色的房间里——墙壁的颜色接近生肝——站着一位身材高挑的女子，她穿着卡通式的紧身丝绸短裤，黄色衬衫系在短裤下，将她的胸部向上挤压。|美国众神|Neil Gaiman|false|en|false
23:27|2327-000|晚上11点27分|晚上11点27分，让-皮埃尔悄悄离开，回到他那间僻静的酒店房间，一直待到第二天上午11点。他没有给任何人打电话，也没有使用客房服务。|一分不多，一分不少|Jeffrey Archer|true|en|false
23:27|2327-001|23:27|他告诉老朋友火车时刻表，他们决定乘坐19:45的火车，23:27到达。“我帮我们预订弗朗西斯·德雷克豪华旅馆。好几个房间都有自来水。你有手机吗？”|别人的钱|Justin Cartwright|true|en|false
23:28|2328-000|晚上11:28|星期一晚上11:28<br>一切都完美无瑕。他们在一家十九世纪的客栈花园里，一个哥特式、爬满常春藤的温室中用餐。侍者忙碌穿梭，领班在一旁照看，侍酒师每次经过他们的餐桌都会谄媚地点头。这次的体验甚至比他们第一次来还要好。|代达罗斯计划|Thomas Hoover|true|en|false
23:29|2329-000|十一点二十九分|她松了口气，庆幸自己没有错过截止日期，十一点二十九分，她钻进被窝，立刻关了灯。|Belle du Seigneur|Albert Cohen|true|en|false
23:30|2330-000|十一点半|他刚过十一点半就进了他们的卧室。他从楼下脱掉了沾满泥巴的鞋子，尽量不发出声音，但他听到黑暗中被褥窸窣作响，知道她醒了。|如果它流血|Stephen King|true|en|false
23:30|2330-001|十一点半|就这样，大约十一点半的时候，我发现自己正坐着第五大道公交车前往格林威治村，口袋里装着霍巴特街和布莱克威尔街的地址，那是巴伯太太放在电话旁的一本印有她名字缩写的记事本上的一页纸。|金翅雀|Donna Tartt|true|en|false
23:30|2330-002|晚上十一点半|“如果他晚上十一点半还没在这儿瞎晃悠，拿着剪刀和纸袋，我就发誓我是个混蛋。”|《飞越疯人院》|Ken Kesey|false|en|false
23:30|2330-003|2330|他装好播放器，打开显示器，蹲下身子把提示音调到2330时，膝盖又发出咔咔的响声。|无尽的玩笑|David Foster Wallace|true|en|false
23:30|2330-004|十一点半|他会搭乘去卡萨布兰卡的夜班车，那班车十一点半从海滩出发。|《午夜弥撒及其他故事（遣散）》|Paul Bowles|true|en|false
23:30|2330-005|十一点半|皮克顿号的船应该在十一点半出发。这是一个美丽的夜晚，温暖而繁星点点。只有当他们走出驾驶室，开始沿着伸入港口的旧码头行走时，一阵微风从水面吹来，拂动着芬妮拉的帽子，她抬起手扶住帽子。|航海|Katherine Mansfield|true|en|false
23:30|2330-006|十一点半|酒吧里的船钟显示十一点半。十一点半是开门时间。五十年来，钟的指针一直停留在十一点半。|《牛奶树下》|Dylan Thomas|true|en|false
23:31|2331-000|午夜前29分钟|现在是午夜前29分钟。纳利卡尔博士的疗养院人手严重不足；许多员工缺勤，他们宁愿去庆祝即将到来的国庆，今晚不会来帮忙接生。|午夜之子|Salman Rushdie|true|en|false
23:32|2332-000|大约28分钟后就是午夜了。|这是傍晚。这是夜晚。今天是除夕夜。大约28分钟后就是午夜了。我还有28分钟。我得整理一下思绪。到12点，我应该就想完了。|夜晚|Gerard Reve|true|en|false
23:32|2332-001|晚上11:32|然后开始下雨，我被淋湿了，开始发抖，因为我冷。<br>然后到了晚上11:32，我听到街上有人在走路的声音。<br>一个声音说：“我不在乎你觉得好不好笑，”那是一个女人的声音。|《深夜小狗神秘事件》|Mark Haddon|true|en|false
23:33|2333-000|晚上11:33|晚上11:33<br>暴风雨几乎完全遮蔽了视线，下面的水坑探测器仍然没有反应。|独眼巨人计划|Thomas Hoover|true|en|false
23:33|2333-001|午夜前二十七分钟|我们现在在科拉巴堤道上，只是片刻，为了揭示午夜前二十七分钟，警方正在追捕一名危险的罪犯。他的名字是：约瑟夫·德科斯塔。这位护理员已经失踪好几天了，他不在疗养院上班，不在屠宰场附近的房间里，也不在心烦意乱的圣母玛利亚的生活中。|午夜之子|Salman Rushdie|false|en|false
23:34|2334-000|十一点三十四分|十一点三十四分。我们站在上东区珍的公寓前的人行道上。她的门卫警惕地看着我们，一种难以名状的恐惧涌上心头，他的目光从大厅直直地盯着我。漫天繁星，绵延数英里，闪烁着光芒，它们的数量之多令我感到渺小，而我很难忍受这种感觉。我说了一些关于焦虑症的话后，她耸耸肩，点点头。仿佛她的大脑难以与她的嘴巴沟通，仿佛她试图理性地分析我是谁，但这当然是不可能的：没有……任何……关键。|美国精神病人|Bret Easton Ellis|true|en|false
23:34|2334-001|十一点三十四分|里奇在十一点三十四分整从酒吧的窗户下取出他的G36手枪，然后沿着公路步行返回，他觉得这样会更快。|《艰难之路》|Lee Child|true|en|false
23:35|2335-000|11:35|他骑着摩托车跟在那辆车后面跑了几英里，看到它开到石头边停了下来。当时大约是星期五11:35。车里只有一个人，司机停车时关掉了车灯。|私人病人|P.D. James|true|en|false
23:35|2335-001|十一点三十五分|十一点三十五分，大厅后门打开，一名警长和三名警员在巴戈特的引荐下走了进来。|哈姆雷特，复仇！|Michael Innes|true|en|false
23:35|2335-002|晚上11:35|芭比打电话报警，哈弗斯托克山警局于晚上11:35派出一辆警车。警车不到三分钟就到达了贝伦森家。|沉默的病人|Alex Michaelides|true|en|false
23:36|2336-000|23:36|然后格林在23:36敲响了前门——盖特利必须记录下确切时间，然后由他决定是否开门。|《无尽的玩笑》|David Foster Wallace|true|en|false
23:37|2337-000|晚上11点37分|与“蒂斯代尔”号的最后一次通讯是在晚上11点37分，距今已近一天半。当时船长向德卢斯海岸警卫队报告说，他正在改变航向，以便在使徒群岛的背风处避风。由于之后再无通讯，人们认为这艘运矿船已安全抵达，正在等待风暴过去。|炼狱岭|William Kent Krueger|true|en|false
23:38|2338-000|11:35至11:40之间|在她去世当晚11:35至11:40之间，有人看到一辆车牌号为W341 UDG的福特福克斯停在房子附近。|《私人病人》|P.D. James|true|en|false
23:38|2338-001|还有22分钟就到午夜|乔恩和兰迪也报告了同样的情况。<br>“还有22分钟就到午夜了，”兰迪补充道。“时间不多了。”<br>他们快步走向那条又长又黑的弧形楼梯，仿佛通往无尽的黑暗深渊。|《巴黎选择》|Robert Ludlum|true|en|false
23:39|2339-000|十一点三十九分|“几点了？”雷斯问道。<br>“十一点三十九分，大人。”保镖报告道。<br>“啊，很好。时间还来得及。”他走到房间角落里的一堆枕头旁，我这才意识到，这些枕头散落在一个略微抬高的石台上。|血祭仪式|Jim Butcher|true|en|false
23:39|2339-001|11点39分|11点39分，火车车厢里传来一阵低语<br>夜班邮车即将出发，有人说：“斯金布尔在哪儿？斯金布尔是不是去找顶针了？我们必须找到他，否则火车就开不起来。”|老负鼠的实用猫经|T.S. Eliot|true|en|false
23:40|2340-000|差二十分钟十二点|大约是差二十分钟十二点。那时我听到了电梯的声音。它就在修女套房的对面——嗯，我想你已经见过了。我只听到门轻轻地“咔哒”一声，然后是电梯下行时发出的嗡嗡声。|私人病人|P.D. James|true|en|false
23:40|2340-001|还有20分钟就到午夜|格兰特看了看时间。“还有20分钟就到午夜了。谁想帮我分发酒杯和倒香槟？”|武僧|Ray Keating|true|en|false
23:40|2340-002|晚上11:40|我去厨房拿另一瓶酒，决定减少第二天的饮酒量来弥补。然后我看到了时钟：晚上11:40。我拿起电话叫了辆出租车。但愿它能在午夜加价开始前到达。|罗西计划|Graeme Simsion|true|en|false
23:40|2340-003|午夜前二十分钟|午夜前二十分钟，在奥利弗结束庆祝活动之前，她一时冲动给儿子发了条短信，提醒他他们之前约定的宵禁时间。|谎言背后|Emilya Naymark|true|en|false
23:40|2340-004|11:40|我们都有各种各样的地图和工具。范海辛教授和我今晚将乘坐11:40的火车前往韦雷什蒂，在那里我们将乘坐马车前往博尔戈山口。我们带了不少现金，因为我们要买马车和马匹。|德古拉|Bram Stoker|true|en|false
23:41|2341-000|11:41|他重新坐回驾驶座后，看了看表：11:41。他觉得几个小时后应该就能到希灵福德了，虽然他知道父亲肯定会在那之前很久就在车道上来回踱步。|《保守得最好的秘密》|Jeffrey Archer|true|en|false
23:41|2341-001|11:41|过了一会儿，他的头脑清醒了些，但头痛、胳膊酸痛、浑身酸痛。手表上磷光闪烁的数字吸引了他的注意。他凝视着它们。时间是11:41。我记得……我记得什么？|贵族之家|James Clavell|true|en|false
23:42|2342-000|11.42|前门开了。她的心怦怦直跳。她看了看屏幕右下角的时间。11.42。|楼下的女人|Elisabeth Carpenter|true|en|false
23:42|2342-001|11点42分|11点42分，信号快到了，乘客们都焦急万分——这时，斯金布尔就会出现，他会慢悠悠地走到车尾：|老负鼠的实用猫经|T.S. Eliot|true|en|false
23:43|2343-000|十一点四十三分|十一点四十三分。大约四分钟后，艾玛就会死去。|血祭仪式|Jim Butcher|true|en|false
23:43|2343-001|十一点四十三分|时钟告诉他现在是十一点四十三分，就在那一刻，灵光一闪，蒙戈明白了莫斯科中心信息末尾的数字是什么意思。|与陌生人交谈|Ruth Rendell|true|en|false
23:44|2344-000|11点44分|昨晚11点44分，有人用菜刀刺伤了这个女孩的脖子，随后立即用同一把刀刺穿了她的头骨，刀刃留在了里面。|名人死亡|Ben Elton|false|en|false
23:45|2345-000|差一刻十二点|礼拜结束时差一刻十二点。主教回到家后，脱下衣服，连祷告都没做就直接上床睡觉了。|主教|Anton Pavlovich Chekhov|true|en|false
23:45|2345-001|午夜前十五分钟|午夜前十五分钟，据西莉亚说，死者们像扔毯子一样掀开了棺材盖。别这样，马特对自己说。|蝎子屋|Nancy Farmer|true|en|false
23:45|2345-002|午夜差一刻|比利的计划持续到午夜差一刻。他穿着内裤看了一部动作片，虽然剧情很简单——大概是一个男人为被杀的狗报仇——但比利已经跟不上剧情了。他决定就此收工。|比利·萨默斯|Stephen King|true|en|false
23:45|2345-003|十一点四十五分|教堂的钟声在十一点四十五分响起，伦敦桥上出现了两个人影。一个是迈着轻快步伐向前走的女子，她急切地环顾四周，似乎在寻找什么；另一个是男子……|雾都孤儿|Charles Dickens|true|en|false
23:45|2345-004|差一刻十二点|我们终于走到了纤道上，这让我们很高兴，因为在此之前我们一直不确定自己是朝着河边走还是远离河边走，当你疲惫不堪，只想睡觉的时候，这种不确定性会让你焦虑不安。我们经过希普莱克岛时，时钟正好敲响了差一刻十二点，然后乔治若有所思地说：“你还记得那是哪个岛吗？”|《三个男人一艘船》|Jerome K. Jerome|true|en|false
23:46|2346-000|晚上11:46|在奇斯梅特酒廊，厄尔利先生突然惊恐地发现时间已是晚上11:46。他在这里待的时间远远超过了计划，而且喝的酒也比计划的多。真丢人！万一在E-Z旅馆，他的小女儿正哭着找他怎么办？|《玩偶：密西西比河的浪漫故事》|Joyce Carol Oates|true|en|false
23:47|2347-000|中午或午夜前十三分钟|因为降临在芝加哥的两起诅咒都是在上午十一点四十七分发生的，昨晚也几乎是这个时间。考虑到时区差异，加州的死亡时间要加上两个小时。诅咒是在同一时间发出的。中午或午夜前十三分钟。|血祭|Jim Butcher|false|en|false
23:47|2347-001|距离午夜还有十三分钟|如果他瞥了一眼手表，就会发现距离午夜还有十三分钟。如果他当时对发生的事情感兴趣，就会听到惊恐万分的男人们的哭喊声。|《死去的士兵不会歌唱》|Rudolf Jašík|true|en|false
23:48|2348-000|已近午夜|已近午夜。<br>托尔维克先修好了娃娃断掉的脚，然后把它从书房的沙发上拿了起来。|《上帝之锤》|Bo Giertz|true|en|false
23:48|2348-001|已近午夜|她离开宫殿时已近午夜，身处一个由两名门房抬着的衣物篮中，篮里铺满了她自己脏兮兮的罩衫和衬裙，据说这些东西正被送到洗衣妇那里去洗。|永远的琥珀|Kathleen Windsor|true|en|false
23:48|2348-002|晚上11:48|利特尔安排了一架私人包机。他告诉飞行员要全速飞行。这架小型双座飞机颠簸摇晃——肯珀简直不敢相信。当时是晚上11:48。距离起飞还有36个小时。|美国小报|James Ellroy|false|en|false
23:49|2349-000|离午夜还有十一分钟|汤姆耸了耸肩。他掖了掖粉色的褶皱袖子，看了看时间，发现离午夜还有十一分钟。汤姆喝完了咖啡。|《跟随雷普利的男孩》|Patricia Highsmith|true|en|false
23:50|2350-000|差十分钟到午夜|墙上的钟显示差十分钟到午夜。科克想拨回指针，一切都要重新来过，让他每次都能出现在正确的时间和地点。他想要重新经历过去的几天，过去的几年。|炼狱岭|William Kent Krueger|true|en|false
23:50|2350-001|距离可怕的午夜只剩十分钟|“哦，麦克利尔先生，”他开玩笑地说，“我很高兴你刚刚侥幸逃脱了违反安息日的惩罚！你真是死里逃生！距离可怕的午夜只剩十分钟，最多也多不了多少！”|《火中之盐》|George MacDonald|true|en|false
23:50|2350-002|晚上11点50分|晚上11点50分，我蹑手蹑脚地起床，从床底下拿出东西，然后一点一点地把门打开，生怕发出任何声音。|特别响，非常近|Jonathan Safran Foer|true|en|false
23:51|2351-000|差九分十二点|弗吉尼亚看了看表：差九分十二点。她信守了约定。她按响门铃，等到看到三楼的灯亮了。|这是一个男人|Jeffrey Archer|true|en|false
23:51|2351-001|十一点五十一分|史密斯气喘吁吁地说：“十一点五十一分到滑铁卢。这样我们还有三十九分钟时间过河到他住的酒店。”|傅满洲博士之谜|Sax Rohmer|true|en|false
23:52|2352-000|晚上11:52|然后录像机坏了。<br>我听到轮子转，然后是呜呜声，然后是刺耳的尖叫声，最后停了。我按了“弹出”键，什么也没发生。我按遍了所有的按钮。我拔掉电源又重新插上。我把它拿起来摇晃。我用手掌根敲打它，然后又用鞋子敲打。什么都没用。外面天黑了。我的手机显示时间是1月6日晚上11:52。|我的休息与放松之年|Ottessa Moshfegh|true|en|false
23:52|2352-001|距离午夜还有八分钟|距离午夜还有八分钟。真是个好时机，我心想。室内一片寂静，漆黑一片。太棒了。我走到吧台，拿了一个玻璃杯、一瓶苏打水和一瓶格兰特威士忌，喝了一小口，吞下一片药，然后在公共餐厅里坐下，等待剩下的两分钟。|绿人|Kingsley Amis|true|en|false
23:53|2353-000|离午夜还有七分钟|“当然是了，亲爱的。我只是去把花瓶还回去。”她又看了看表。“我想你会发现现在离午夜还有七分钟，所以我信守了约定。”|《曾是男人》|Jeffrey Archer|true|en|false
23:53|2353-001|已近午夜|已近午夜。<br>托维克先修好了娃娃断掉的脚，然后把它从书房的沙发上拿了起来。|《上帝之锤》|Bo Giertz|true|en|false
23:53|2353-002|已近午夜|她离开宫殿时已近午夜，被两个门房抬着一个装满她自己脏兮兮的罩衫和衬裙的脏衣篮，据说这些东西要送到洗衣妇那里去洗。|永远的琥珀|Kathleen Windsor|true|en|false
23:53|2353-003|午夜将至|午夜将至，首相独自坐在办公室里，阅读着一份冗长的备忘录，这份备忘录在他脑海中一闪而过，却丝毫没有留下任何意义。|哈利·波特与混血王子|J.K. Rowling|true|en|false
23:53|2353-004|午夜将至|午夜将至，虽然活动高峰已过，但维持生命的基础代谢仍在持续，发出城市低沉的呻吟，一种单调的声音，既不高也不低，却充满了不祥的预感。|夜幕降临|Haruki Murakami|true|en|false
23:54|2354-000|晚上11:54|他的手表显示美国东部标准时间晚上11:54。罗马已经快早上6点了。他离开的这座城市刚刚经历了一个阴冷潮湿的圣诞节，此前还遭受了一场严酷的一月风暴的侵袭。|会议|Greg Tobin|true|en|false
23:55|2355-000|十一点五十五分|乐队开始演奏《友谊地久天长》。<br>“十一点五十五分，”她说着，瞥了一眼吊坠上的金表。“我真的很喜欢《友谊地久天长》。你呢？”|盲柳，睡美人|Haruki Murakami|true|en|false
23:55|2355-001|午夜前五分钟|当内斯抵达联合车站时，巨大的时钟显示距离午夜还有五分钟。这意义非凡，因为人们认为午夜是厄运降临的时刻。午夜是一天中的“三月十五日”！因此，“午夜前五分钟”是一个绝妙的伏笔。毕竟，它几乎直接等同于“距离非常糟糕的事情发生还有五分钟”。|《将我的心定为五分钟：一部小说》|Simon Stephenson|true|en|false
23:55|2355-002|午夜前五分钟|我要把你锁起来了。现在是——他看了看表，“午夜前五分钟。格兰杰小姐，转三圈就够了。祝你好运。”|哈利·波特与阿兹卡班囚徒|J.K. Rowling|true|en|false
23:55|2355-003|差五分钟十二点|差五分钟十二点，鸦片酊开始起效的先兆症状才显现出来。此时，任何不熟悉情况的人都不会察觉到他身上有任何变化。但是，随着清晨时光的流逝，鸦片酊作用迅速而微妙的进展开始变得更加清晰。鸦片带来的陶醉感在他的眼中闪烁；他脸上开始渗出隐隐作痛的汗珠。又过了五分钟，他仍然在和我交谈，但谈话却变得语无伦次了。|《月亮宝石》|Wilkie Collins|false|en|false
23:56|2356-000|午夜前四分钟|人类已走到尽头，末日时钟滴答作响。它在午夜前四分钟停了十年，但指针依然停留在那里。随时都可能再次开始移动。|邪恶女人|Fay Weldon|true|en|false
23:57|2357-000|还有三分钟就到午夜|屏幕上显示还有三分钟就到午夜。以我当时的心情，这似乎并不算太晚。我穿上睡袍，带上口袋手电筒，去了莎莉的房间。|遮住她的脸|P.D. James|true|en|false
23:57|2357-001|十一点五十七分|“十一点五十七分，”他说。威尔斯点点头。“老太太的日历告诉我，我还有三分钟。”|《老无所依》|Cormac McCarthy|true|en|false
23:57|2357-002|午夜前不久|拉扎拉死一般的沉默让他动弹不得。但她在午夜前不久恢复了镇定，并以一个正式的吻送别了他。|十二个朝圣者的故事|Gabriel García Márquez|true|es-CO|false
23:58|2358-000|午夜前两分钟|加德，你得让这世界以它自己的方式走向毁灭，不管是不是午夜前两分钟。|《汤米诺克》|Stephen King|false|en|false
23:58|2358-001|午夜前一分十七秒|人类在午夜前一分十七秒出现。从这个尺度来看，我们全部有记载的历史不过是几秒钟，一个人的一生也只是一瞬间。|《万物简史》|Bill Bryson|true|en|false
23:58|2358-002|午夜前不久|事情就这样办完了，大概在午夜前不久，我们到达了一座巍峨高耸的山脚下，这座山离海边不算太近，所以我们没有地方可以舒服地下船。|堂吉诃德|Miguel de Cervantes|true|es-ES|false
23:59|2359-000|离午夜还有一分钟|离午夜还有一分钟，罗肯顿握着妻子的手，给她留下最后的嘱咐。午夜钟声敲响之际，她感到伴侣的手渐渐消失在自己的手中。|穿墙人|Marcel Aymé|true|en|false
23:59|2359-001|新的一天还有一分钟|奇格尔站起身，从地毯上捡起空弹壳，对着它吹了口气，然后把它放进口袋，看了看表。新的一天还有一分钟。|《老无所依》|Cormac McCarthy|true|en|false
